epoch,cotBeta_mae_metric,loss,slim_rmse_metric,val_cotBeta_mae_metric,val_loss,val_slim_rmse_metric,val_x_mae_metric,val_y_mae_metric,x_mae_metric,y_mae_metric
0,0.20779478549957275,2068.866455078125,0.3488185405731201,0.09818520396947861,525.93798828125,0.19057413935661316,0.143344447016716,0.18003489077091217,0.298297643661499,0.3395500183105469
1,0.08078580349683762,432.3430480957031,0.16884645819664001,0.06868450343608856,343.4772033691406,0.15378735959529877,0.1222609132528305,0.13485528528690338,0.12995190918445587,0.1545753926038742
2,0.06318619847297668,296.18890380859375,0.1394793540239334,0.059875696897506714,241.02679443359375,0.1284746378660202,0.10640076547861099,0.10131223499774933,0.11385641992092133,0.11723094433546066
3,0.05874517187476158,221.88137817382812,0.12052912265062332,0.057344455271959305,197.7292938232422,0.11608321219682693,0.09445333480834961,0.0885898694396019,0.09961403906345367,0.09367509931325912
4,0.05587569996714592,190.75465393066406,0.11159322410821915,0.05440395325422287,176.9424591064453,0.10964790731668472,0.08796326071023941,0.08307253569364548,0.0907660722732544,0.08559160679578781
5,0.05309327691793442,173.52029418945312,0.1063043475151062,0.051757801324129105,163.62185668945312,0.10532175749540329,0.08387307077646255,0.07951367646455765,0.08568660169839859,0.08112585544586182
6,0.050620533525943756,161.6565399169922,0.10249979794025421,0.049436718225479126,153.81149291992188,0.10201757401227951,0.08088695257902145,0.07705803215503693,0.08221167325973511,0.07815778255462646
7,0.04851367697119713,152.6117706298828,0.09949926286935806,0.047474171966314316,146.04551696777344,0.09932202845811844,0.07854143530130386,0.07517427206039429,0.07957075536251068,0.0760190561413765
8,0.046752527356147766,145.3024444580078,0.09700540453195572,0.04582784324884415,139.59506225585938,0.09702352434396744,0.07659711688756943,0.07363194227218628,0.07745455205440521,0.07432059943675995
9,0.045261602848768234,139.13082885742188,0.09484799206256866,0.0444314181804657,134.02703857421875,0.09499169886112213,0.07493602484464645,0.07231128960847855,0.07568126171827316,0.07288751006126404
10,0.04397784546017647,133.73594665527344,0.09292043745517731,0.04322353005409241,129.07083129882812,0.0931420847773552,0.07345940172672272,0.07114030420780182,0.07412860542535782,0.07163441926240921
11,0.042855776846408844,128.89688110351562,0.09115604311227798,0.04216219112277031,124.55840301513672,0.0914226621389389,0.07211178541183472,0.07008854299783707,0.07272308319807053,0.07051154226064682
12,0.041857630014419556,124.47732543945312,0.08951383829116821,0.041203729808330536,120.3880386352539,0.08980124443769455,0.07087148725986481,0.06912112981081009,0.07142914831638336,0.06948631256818771
13,0.04094940796494484,120.39400482177734,0.08796887844800949,0.04031430557370186,116.49404907226562,0.08825778216123581,0.06972012668848038,0.06821055710315704,0.07023564726114273,0.06853273510932922
14,0.040107712149620056,116.58811950683594,0.08650363236665726,0.0394778847694397,112.8418960571289,0.08678269386291504,0.06866534054279327,0.06734694540500641,0.0691356211900711,0.06762782484292984
15,0.03931456804275513,113.00892639160156,0.08510209619998932,0.03869817778468132,109.43690490722656,0.08538240194320679,0.067751444876194,0.06651677191257477,0.06812876462936401,0.06674917042255402
16,0.03855644166469574,109.61050415039062,0.08374927192926407,0.037977490574121475,106.22138977050781,0.08403897285461426,0.06695366650819778,0.0656900554895401,0.06719352304935455,0.06588802486658096
17,0.03783733770251274,106.37935638427734,0.08244205266237259,0.03729698434472084,103.12251281738281,0.08272552490234375,0.06617027521133423,0.06485261768102646,0.06630317866802216,0.06504641473293304
18,0.0371626615524292,103.35525512695312,0.08119919151067734,0.03665446490049362,100.23550415039062,0.08148516714572906,0.06542783975601196,0.06404867023229599,0.0654524639248848,0.06423725187778473
19,0.036534082144498825,100.58116149902344,0.0800420269370079,0.036049794405698776,97.5846176147461,0.08033216744661331,0.0646868571639061,0.06330304592847824,0.06463508307933807,0.06348949670791626
20,0.03595195710659027,98.06592559814453,0.07897819578647614,0.03548727184534073,95.176025390625,0.07927267998456955,0.06392959505319595,0.06263110041618347,0.06383634358644485,0.06281296908855438
21,0.03541511297225952,95.7942886352539,0.07800515741109848,0.03496721759438515,92.99820709228516,0.07830385118722916,0.06315938383340836,0.06203342229127884,0.06305043399333954,0.06220923736691475
22,0.03491915017366409,93.74071502685547,0.07711506634950638,0.03448532149195671,91.03001403808594,0.07741937786340714,0.06239718571305275,0.06149556115269661,0.06227724626660347,0.06166642904281616
23,0.0344589501619339,91.87525177001953,0.07629760354757309,0.034036315977573395,89.2397689819336,0.07660715281963348,0.06164660304784775,0.06100958585739136,0.06152086704969406,0.06117359921336174
24,0.03402772173285484,90.16831970214844,0.0755419209599495,0.03361286595463753,87.60614776611328,0.07585956156253815,0.0609312579035759,0.060554858297109604,0.06078702583909035,0.06072087585926056
25,0.03361933305859566,88.59825134277344,0.0748400017619133,0.033209461718797684,86.1035385131836,0.07516602426767349,0.060250602662563324,0.060124218463897705,0.06008543074131012,0.06029602512717247
26,0.033227454870939255,87.14514923095703,0.07418422400951385,0.0328211709856987,84.7230224609375,0.07452374696731567,0.05961945652961731,0.059711579233407974,0.059422075748443604,0.059891559183597565
27,0.03284803777933121,85.79597473144531,0.07356985658407211,0.0324426032602787,83.44513702392578,0.07392425835132599,0.059034910053014755,0.059316687285900116,0.05880087614059448,0.05950319394469261
28,0.03247837722301483,84.54049682617188,0.07299326360225677,0.03207257017493248,82.26209259033203,0.0733657255768776,0.05850229412317276,0.05893510580062866,0.05822383984923363,0.05912814289331436
29,0.03211658075451851,83.36943054199219,0.07245127111673355,0.03171125426888466,81.1661376953125,0.07284443080425262,0.05802133306860924,0.058566175401210785,0.057691529393196106,0.05876479297876358
30,0.0317612923681736,82.27657318115234,0.07194170355796814,0.031358689069747925,80.14591217041016,0.07235639542341232,0.05758879333734512,0.05820939689874649,0.05720607563853264,0.058411817997694016
31,0.031413041055202484,81.25350952148438,0.07146124541759491,0.031012173742055893,79.20329284667969,0.07190252095460892,0.057210419327020645,0.05786490440368652,0.05676388740539551,0.05806830897927284
32,0.03107188455760479,80.30120849609375,0.07101058214902878,0.03067261539399624,78.32279205322266,0.07147537916898727,0.05687088146805763,0.057531215250492096,0.05636879429221153,0.05773454159498215
33,0.03073795698583126,79.40001678466797,0.07058118283748627,0.03034093789756298,77.51233673095703,0.07108031213283539,0.05658382922410965,0.05720812454819679,0.0560002326965332,0.057409632951021194
34,0.030413102358579636,78.58043670654297,0.0701880007982254,0.030017340555787086,76.72206115722656,0.07069282233715057,0.056290578097105026,0.05689442530274391,0.05569690465927124,0.057098425924777985
35,0.03009403683245182,77.72151184082031,0.06977453082799911,0.029698645696043968,76.05094146728516,0.07036244869232178,0.05611282214522362,0.05659577250480652,0.05532139539718628,0.05678890272974968
36,0.029792815446853638,77.19499969482422,0.06951683014631271,0.029392072930932045,75.08818054199219,0.06988388299942017,0.05553334578871727,0.05629624053835869,0.05530644580721855,0.05651801452040672
37,0.029479246586561203,76.01229095458984,0.06894459575414658,0.029091155156493187,74.19972229003906,0.06943808495998383,0.05479884520173073,0.05615994334220886,0.054509129375219345,0.05617237091064453
38,0.029250746592879295,75.95984649658203,0.06891389191150665,0.028864258900284767,73.62337493896484,0.06914238631725311,0.05425858125090599,0.056212276220321655,0.0548819974064827,0.05607760325074196
39,0.0289139524102211,74.81744384765625,0.06835613399744034,0.028553875163197517,72.8654556274414,0.06876365840435028,0.054033420979976654,0.05579977110028267,0.05425678566098213,0.055581968277692795
40,0.028671592473983765,74.53875732421875,0.06821601092815399,0.02833463065326214,72.51072692871094,0.06858249753713608,0.053821537643671036,0.055829763412475586,0.054388754069805145,0.05541834235191345
41,0.028407886624336243,73.76055145263672,0.06783176958560944,0.02808246947824955,71.99432373046875,0.06832240521907806,0.05365092307329178,0.05563133582472801,0.053985513746738434,0.05513406917452812
42,0.028154175728559494,73.32495880126953,0.06761400401592255,0.027840597555041313,71.48600006103516,0.06806357204914093,0.05348384752869606,0.055429697036743164,0.053992435336112976,0.05487389862537384
43,0.027916092425584793,72.7059326171875,0.06730540841817856,0.02765056863427162,71.22579956054688,0.06793161481618881,0.05333855375647545,0.05550262704491615,0.053713370114564896,0.05464690923690796
44,0.02768401801586151,72.24334716796875,0.06707295030355453,0.02740470878779888,70.65779876708984,0.06764152646064758,0.05320274084806442,0.05518292263150215,0.053643908351659775,0.054403942078351974
45,0.027424896135926247,71.61503601074219,0.06675665080547333,0.027090558782219887,69.64188385009766,0.06711681932210922,0.053065162152051926,0.05431143194437027,0.05346816033124924,0.05404631048440933
46,0.02727687731385231,71.55469512939453,0.06672243028879166,0.026885034516453743,68.8211898803711,0.06669224798679352,0.05293673649430275,0.05371800437569618,0.05343134328722954,0.05427895858883858
47,0.027038274332880974,70.59284973144531,0.06623890995979309,0.026690946891903877,68.9061508178711,0.06673440337181091,0.052941713482141495,0.05396783724427223,0.05295083671808243,0.053721558302640915
48,0.02686760015785694,70.64981079101562,0.0662643164396286,0.026473086327314377,68.26571655273438,0.06640341877937317,0.05269234627485275,0.05360918492078781,0.0533856526017189,0.05361199378967285
49,0.026632560417056084,69.72039794921875,0.06579406559467316,0.026327231898903847,68.1214370727539,0.06632982939481735,0.05258142948150635,0.05373654514551163,0.052775464951992035,0.05324935168027878
50,0.026493506506085396,69.76455688476562,0.06581400334835052,0.026174740865826607,67.8699951171875,0.066199392080307,0.05247550457715988,0.053720228374004364,0.05305968597531319,0.05326155573129654
51,0.026261691004037857,68.93244934082031,0.06538978964090347,0.025962740182876587,67.30902862548828,0.06590575724840164,0.052372533828020096,0.05330567806959152,0.05260656028985977,0.052843254059553146
52,0.02607647329568863,68.79302978515625,0.06531599164009094,0.025820132344961166,67.08265686035156,0.0657864585518837,0.05228466913104057,0.053292762488126755,0.05285867303609848,0.052630290389060974
53,0.026072794571518898,68.8160400390625,0.06532527506351471,0.02556610479950905,66.32237243652344,0.06538683921098709,0.052325181663036346,0.05247402563691139,0.05255066230893135,0.05316834896802902
54,0.02574281394481659,67.77959442138672,0.06479339301586151,0.025405647233128548,65.86444091796875,0.0651392936706543,0.05222850292921066,0.05218581482768059,0.05230150744318962,0.052235111594200134
55,0.025615444406867027,67.83452606201172,0.06481806188821793,0.02525946870446205,65.5442123413086,0.06497179716825485,0.052003201097249985,0.05212383717298508,0.05261452868580818,0.052186839282512665
56,0.025489555671811104,67.3160400390625,0.06455174833536148,0.02535167708992958,66.50991821289062,0.06548608094453812,0.052147455513477325,0.05342702940106392,0.052155617624521255,0.05215001478791237
57,0.025369349867105484,67.3143081665039,0.06454890966415405,0.025004519149661064,65.14468383789062,0.06476189196109772,0.0518638901412487,0.052048444747924805,0.05243821069598198,0.052046988159418106
58,0.02515069954097271,66.52952575683594,0.06414076685905457,0.024832960218191147,64.52388000488281,0.06442613899707794,0.05179953947663307,0.051523271948099136,0.0519757941365242,0.05164415389299393
59,0.025092441588640213,66.67912292480469,0.06421437859535217,0.024690108373761177,64.26179504394531,0.0642876997590065,0.05167928338050842,0.0514131560921669,0.05212985724210739,0.05184372514486313
60,0.024968022480607033,66.43954467773438,0.06409135460853577,0.024644484743475914,64.66561889648438,0.06450410932302475,0.05192921683192253,0.05184786766767502,0.05211242288351059,0.05170852318406105
61,0.02477320097386837,65.79337310791016,0.06375415623188019,0.02446022629737854,63.88886260986328,0.06408940255641937,0.051540594547986984,0.05131887272000313,0.05187348648905754,0.051231417804956436
62,0.024642622098326683,65.57463836669922,0.06363823264837265,0.024372821673750877,63.86326599121094,0.06407494097948074,0.0515676811337471,0.05140748992562294,0.05183090269565582,0.051139045506715775
63,0.024658506736159325,65.8554458618164,0.06378337740898132,0.024284301325678825,63.627174377441406,0.06394925713539124,0.05139117315411568,0.0513761043548584,0.05195223540067673,0.05153385549783707
64,0.024399977177381516,64.8822021484375,0.06327315419912338,0.02409098669886589,63.03961181640625,0.06363070756196976,0.0513213612139225,0.05082514137029648,0.05149638652801514,0.050821464508771896
65,0.02431645058095455,65.04696655273438,0.06335769593715668,0.024007562547922134,62.94868087768555,0.06358162313699722,0.05128281190991402,0.05085808038711548,0.051820069551467896,0.05085239186882973
66,0.024300113320350647,64.92875671386719,0.06329596042633057,0.0241848174482584,63.85051727294922,0.06407441943883896,0.05135789141058922,0.05212956666946411,0.05156290531158447,0.05107823759317398
67,0.024089962244033813,64.39836120605469,0.06301543861627579,0.023777928203344345,62.392250061035156,0.06328075379133224,0.05114953964948654,0.05049058049917221,0.05152953788638115,0.05052687227725983
68,0.02399182692170143,64.23055267333984,0.06292440742254257,0.023674413561820984,62.0733642578125,0.06310399621725082,0.05107676610350609,0.05029493197798729,0.05144793540239334,0.05050493776798248
69,0.023927822709083557,64.04060363769531,0.06282211095094681,0.023573623970150948,61.890926361083984,0.0630054697394371,0.05100478604435921,0.050207022577524185,0.051293469965457916,0.05051011964678764
70,0.02388042025268078,64.35382843017578,0.06298599392175674,0.023542258888483047,62.07451248168945,0.06310538202524185,0.05109148472547531,0.050457485020160675,0.05172468349337578,0.050620727241039276
71,0.02369404211640358,63.3996696472168,0.0624803863465786,0.023399880155920982,61.5948486328125,0.06284511089324951,0.0509476400911808,0.05005544424057007,0.051094528287649155,0.05005868896842003
72,0.02361973747611046,63.367034912109375,0.06246098130941391,0.023307442665100098,61.37392807006836,0.06271948665380478,0.0509570837020874,0.04989728704094887,0.05111211538314819,0.05010971054434776
73,0.02365046739578247,63.736175537109375,0.06265653669834137,0.023435089737176895,62.32868576049805,0.06324780732393265,0.051260899752378464,0.05098610371351242,0.05142077058553696,0.05038688704371452
74,0.023458996787667274,63.04427719116211,0.062287408858537674,0.023140637204051018,61.0129508972168,0.06252358853816986,0.050757281482219696,0.049757443368434906,0.05111870542168617,0.049855511635541916
75,0.023350100964307785,62.704349517822266,0.0621032640337944,0.023055003955960274,60.78120422363281,0.06239313632249832,0.050698574632406235,0.04962150380015373,0.05086496099829674,0.049746643751859665
76,0.023359645158052444,63.063934326171875,0.06229410320520401,0.023154063150286674,61.638736724853516,0.06286904960870743,0.05103674158453941,0.05055249109864235,0.05122222751379013,0.0499577634036541
77,0.02327919192612171,62.79002380371094,0.06214726343750954,0.022902559489011765,60.50617218017578,0.062241703271865845,0.05059542506933212,0.049496740102767944,0.05107875540852547,0.04982266575098038
78,0.02310926653444767,62.15789031982422,0.06180574372410774,0.02282203547656536,60.294864654541016,0.0621243380010128,0.05056128278374672,0.04935569316148758,0.05068141967058182,0.04945291578769684
79,0.023104019463062286,62.49790954589844,0.06198660284280777,0.02278820239007473,60.54276657104492,0.06226050853729248,0.050753213465213776,0.04958781972527504,0.051044121384620667,0.049630820751190186
80,0.02304212376475334,62.275962829589844,0.061866819858551025,0.02269814908504486,60.098602294921875,0.062014345079660416,0.05043622478842735,0.0493403859436512,0.050914015620946884,0.0495418906211853
81,0.022888977080583572,61.71265411376953,0.06156166270375252,0.022604497149586678,59.848175048828125,0.061874378472566605,0.05038829520344734,0.04914034530520439,0.050595443695783615,0.04917318373918533
82,0.02287258580327034,61.86763381958008,0.06164318323135376,0.022548820823431015,59.82582092285156,0.06186090037226677,0.050410814583301544,0.04916946962475777,0.05075181648135185,0.049302637577056885
83,0.022900057956576347,62.27495574951172,0.06186043843626976,0.022471245378255844,59.5751953125,0.061719395220279694,0.05030100792646408,0.0489971861243248,0.05103787034749985,0.04965643212199211
84,0.02268960140645504,61.2620964050293,0.061314284801483154,0.022401010617613792,59.609683990478516,0.06174345687031746,0.05055888742208481,0.04888429865241051,0.050440508872270584,0.04894069582223892
85,0.02266174741089344,61.1833381652832,0.06127031892538071,0.022354567423462868,59.285160064697266,0.06155846640467644,0.05024365708231926,0.04883667454123497,0.050278931856155396,0.04907723888754845
86,0.02264902926981449,61.8156852722168,0.06161053106188774,0.02228078432381153,59.158199310302734,0.06148582696914673,0.05017413944005966,0.048769187182188034,0.051154863089323044,0.04911712929606438
87,0.022506896406412125,60.89067077636719,0.06110948324203491,0.02224518358707428,59.37776565551758,0.06161397695541382,0.05059102922677994,0.04878232255578041,0.05034305900335312,0.048753246665000916
88,0.02253362163901329,61.500877380371094,0.06143730506300926,0.022160010412335396,59.22488021850586,0.061527661979198456,0.050578296184539795,0.04859533533453941,0.05088166147470474,0.049137867987155914
89,0.02239401824772358,60.58158874511719,0.06093908101320267,0.022100863978266716,58.90144348144531,0.06134512647986412,0.050272613763809204,0.048525985330343246,0.050161078572273254,0.048641592264175415
90,0.02237299084663391,60.57775115966797,0.060936033725738525,0.022067418321967125,58.7746696472168,0.061273299157619476,0.050199687480926514,0.04850928112864494,0.05012008547782898,0.04874609783291817
91,0.022341912612318993,60.95643615722656,0.06114056333899498,0.0219948161393404,58.61457824707031,0.061179421842098236,0.050060056149959564,0.04846721887588501,0.0507468581199646,0.048690248280763626
92,0.02222520299255848,60.245811462402344,0.06075335666537285,0.02193836309015751,58.52594757080078,0.06113306060433388,0.05014314129948616,0.04832874611020088,0.05016113817691803,0.04836234450340271
93,0.02228401228785515,61.06327819824219,0.06119612604379654,0.021883759647607803,58.42420196533203,0.06107361987233162,0.050109367817640305,0.04825674369931221,0.0507967583835125,0.04895060136914253
94,0.022120889276266098,59.9525260925293,0.06059078127145767,0.021830102428793907,58.27260208129883,0.06098904460668564,0.05003766342997551,0.048191387206315994,0.049969714134931564,0.048276182264089584
95,0.022099817171692848,59.96759796142578,0.06059848889708519,0.021808236837387085,58.33884048461914,0.061028219759464264,0.05020961910486221,0.048199091106653214,0.04996143653988838,0.04837390407919884
96,0.02208499237895012,60.173492431640625,0.06071123480796814,0.0217323899269104,58.875091552734375,0.06132492050528526,0.051073092967271805,0.0482105053961277,0.050269752740859985,0.0483974814414978
97,0.022019673138856888,60.099849700927734,0.06067010015249252,0.021676912903785706,57.85451889038086,0.06075001880526543,0.04979090020060539,0.04801866039633751,0.050457097589969635,0.048143498599529266
98,0.021971000358462334,60.02349853515625,0.060625359416007996,0.021729914471507072,58.48347854614258,0.061111170798540115,0.0505644716322422,0.0482586994767189,0.050231706351041794,0.048389121890068054
99,0.021913455799221992,59.566375732421875,0.06037587672472,0.021579831838607788,58.02482604980469,0.060851894319057465,0.05029532313346863,0.04787407070398331,0.0498795323073864,0.0481300912797451
100,0.02184617705643177,59.33481216430664,0.06024739518761635,0.021566590294241905,57.72909164428711,0.060681071132421494,0.04995303973555565,0.04787161946296692,0.049728333950042725,0.04801806062459946
101,0.02185092493891716,60.03521728515625,0.06063045561313629,0.021491458639502525,57.41096115112305,0.06049532815814018,0.049642164260149,0.047764960676431656,0.050664398819208145,0.048088692128658295
102,0.02174442447721958,59.20107650756836,0.06017210707068443,0.021506818011403084,57.777130126953125,0.06070932000875473,0.050160784274339676,0.04785566404461861,0.04984654113650322,0.04782358556985855
103,0.021774303168058395,59.60741424560547,0.06039446219801903,0.021408794447779655,57.999088287353516,0.06083911284804344,0.050714075565338135,0.04764816164970398,0.05020337179303169,0.04809552803635597
104,0.021659526973962784,58.9954719543457,0.06005764752626419,0.021367816254496574,57.5598258972168,0.060586899518966675,0.05019628256559372,0.04758458212018013,0.04976259544491768,0.04773024842143059
105,0.021650712937116623,58.9205207824707,0.06001561880111694,0.021352505311369896,57.4420051574707,0.06051883101463318,0.050099778920412064,0.04757510870695114,0.04962042719125748,0.047819606959819794
106,0.0216259453445673,59.446475982666016,0.06030285730957985,0.021281955763697624,56.989540100097656,0.06025286391377449,0.049584921449422836,0.04747987538576126,0.050461653620004654,0.04773746430873871
107,0.021532703191041946,58.708534240722656,0.059896934777498245,0.0213488582521677,57.36383056640625,0.060472674667835236,0.05001359060406685,0.047670844942331314,0.04973827302455902,0.047499511390924454
108,0.02159944362938404,59.17474365234375,0.06015349179506302,0.02120962180197239,57.33438491821289,0.06045791506767273,0.050298988819122314,0.04735222086310387,0.050058674067258835,0.04789043217897415
109,0.021455315873026848,58.49665451049805,0.0597783625125885,0.021179091185331345,57.12511444091797,0.06033811345696449,0.05010136589407921,0.04730250686407089,0.049632202833890915,0.047411274164915085
110,0.021451326087117195,58.598026275634766,0.0598348006606102,0.021149564534425735,57.85625457763672,0.060761816799640656,0.05124785751104355,0.04727703705430031,0.049721330404281616,0.04752174764871597
111,0.021412208676338196,58.92089080810547,0.06001175567507744,0.021095599979162216,56.84734344482422,0.060177236795425415,0.04984680190682411,0.04721754789352417,0.05032837763428688,0.04740403592586517
112,0.02134799398481846,58.16791915893555,0.05959343910217285,0.021112529560923576,56.583797454833984,0.060023047029972076,0.049584247171878815,0.047177888453006744,0.04945143312215805,0.04727602377533913
113,0.021398287266492844,58.317073822021484,0.05967576429247856,0.021049557253718376,56.46999740600586,0.05995754152536392,0.04956624656915665,0.04707135632634163,0.04948294535279274,0.047484684735536575
114,0.021306680515408516,58.43977355957031,0.05974322929978371,0.020992610603570938,56.277557373046875,0.059842247515916824,0.04937855526804924,0.04701855033636093,0.0499899759888649,0.04718373343348503
115,0.021248647943139076,57.992454528808594,0.059494663029909134,0.021067071706056595,56.65646743774414,0.06006589159369469,0.04984259232878685,0.0471687950193882,0.04955776780843735,0.04704303666949272
116,0.021356891840696335,58.71065139770508,0.059892989695072174,0.020932642742991447,56.320655822753906,0.05987051874399185,0.04963815212249756,0.04688755422830582,0.05009530112147331,0.04757378250360489
117,0.021170038729906082,57.71530532836914,0.05933834984898567,0.020919205620884895,56.306156158447266,0.05986322835087776,0.04970620200037956,0.0468527190387249,0.049393124878406525,0.046911973506212234
118,0.021181978285312653,57.802391052246094,0.0593874529004097,0.020923325791954994,56.88753128051758,0.060203492641448975,0.05057895928621292,0.0468817837536335,0.049419816583395004,0.047062743455171585
119,0.02116783894598484,58.346492767333984,0.059690263122320175,0.020836273208260536,55.988731384277344,0.05967741087079048,0.04942050576210022,0.04673599451780319,0.05024762824177742,0.047035858035087585
120,0.021088967099785805,57.479820251464844,0.05920486897230148,0.02085896022617817,55.95903396606445,0.0596599206328392,0.0494551882147789,0.04671890661120415,0.04929058626294136,0.046815477311611176
121,0.021129949018359184,57.58514404296875,0.05926346033811569,0.020830335095524788,55.867286682128906,0.05960628762841225,0.04941800609230995,0.046662770211696625,0.04928242042660713,0.04701019451022148
122,0.02107258513569832,57.873023986816406,0.0594232976436615,0.020755348727107048,55.62325668334961,0.05946045368909836,0.04918638989329338,0.04657220467925072,0.049923770129680634,0.0467996709048748
123,0.021012645214796066,57.36503219604492,0.059139955788850784,0.020919976755976677,56.375343322753906,0.05990287661552429,0.04998594895005226,0.0469343326985836,0.04940133914351463,0.04666520282626152
124,0.021100766956806183,57.94209671020508,0.05946183204650879,0.02070579119026661,55.912227630615234,0.05963343009352684,0.04977523162961006,0.04645784571766853,0.049877118319272995,0.04705203324556351
125,0.020939111709594727,57.07239532470703,0.058974239975214005,0.020704835653305054,55.73548889160156,0.05953017249703407,0.04959547147154808,0.046426672488451004,0.049236949533224106,0.04649810120463371
126,0.020963948220014572,57.103939056396484,0.05899197235703468,0.02072400413453579,55.77077865600586,0.05955078452825546,0.049666840583086014,0.046450186520814896,0.0491604320704937,0.046665821224451065
127,0.020954744890332222,57.63290023803711,0.059286728501319885,0.020626533776521683,55.433074951171875,0.05934663861989975,0.0493423268198967,0.04632630571722984,0.049969382584095,0.04661662131547928
128,0.02086389996111393,56.88700485229492,0.05886918678879738,0.02069556526839733,55.5615119934082,0.059426575899124146,0.0494810976088047,0.046402763575315475,0.04929112270474434,0.04628981277346611
129,0.020970212295651436,57.540706634521484,0.05923532694578171,0.020599504932761192,55.5241584777832,0.05940541997551918,0.04962914064526558,0.046210695058107376,0.049740780144929886,0.04682864248752594
130,0.020818715915083885,56.711090087890625,0.05876892805099487,0.02059093676507473,55.420806884765625,0.059345271438360214,0.049553271383047104,0.04617638140916824,0.04915710166096687,0.046263087540864944
131,0.02083924598991871,56.775577545166016,0.05880569666624069,0.02059921808540821,55.89412307739258,0.05962414667010307,0.05026944354176521,0.0461919903755188,0.049151092767715454,0.04640798270702362
132,0.020823577418923378,57.35703659057617,0.059132467955350876,0.02050739899277687,55.01154708862305,0.05910217761993408,0.049131181091070175,0.04605137184262276,0.05006944015622139,0.04633896052837372
133,0.02075257897377014,56.47292709350586,0.058632638305425644,0.02056298591196537,55.050575256347656,0.05912511795759201,0.04921739175915718,0.046066224575042725,0.04905463010072708,0.046142421662807465
134,0.02080821618437767,56.600582122802734,0.05870448425412178,0.020526472479104996,54.96442794799805,0.05907410383224487,0.04919489473104477,0.045991916209459305,0.049046263098716736,0.04636643826961517
135,0.020744688808918,56.89089584350586,0.058867305517196655,0.020451759919524193,54.705116271972656,0.058917682617902756,0.04895671457052231,0.04588752239942551,0.04971414804458618,0.046129629015922546
136,0.020700102671980858,56.40842819213867,0.05859588459134102,0.020642174407839775,55.55867004394531,0.0594235435128212,0.049847476184368134,0.04629287123680115,0.04918178170919418,0.046032391488552094
137,0.02077207900583744,56.92475509643555,0.05888649448752403,0.020407896488904953,55.10154724121094,0.05915568023920059,0.04966490715742111,0.045792579650878906,0.0496569462120533,0.0463314950466156
138,0.020628701895475388,56.1065788269043,0.05842350795865059,0.020418768748641014,54.86223220825195,0.05901370197534561,0.049376051872968674,0.04576776549220085,0.04901643097400665,0.04584087058901787
139,0.020667236298322678,56.143890380859375,0.05844417214393616,0.020458733662962914,54.61484146118164,0.05886458605527878,0.049015726894140244,0.04580390453338623,0.048908960074186325,0.046039700508117676
140,0.020660817623138428,56.68689727783203,0.05875101685523987,0.02034870721399784,54.3788948059082,0.05872335657477379,0.04886110872030258,0.045641470700502396,0.04975900053977966,0.04597373679280281
141,0.020580444484949112,56.00951385498047,0.05836742743849754,0.02046252228319645,55.14691162109375,0.05918005108833313,0.049800265580415726,0.0458642914891243,0.04906563460826874,0.04575814679265022
142,0.020635800436139107,56.59417724609375,0.058697409927845,0.020300744101405144,54.684349060058594,0.05890689417719841,0.049428291618824005,0.04555200785398483,0.04968259856104851,0.04601318761706352
143,0.02052106335759163,55.74912643432617,0.05821780860424042,0.020323555916547775,54.45340347290039,0.05876882001757622,0.04914526268839836,0.04553366079926491,0.048908308148384094,0.04561356455087662
144,0.02057047002017498,55.84846878051758,0.05827375873923302,0.020350946113467216,54.288658142089844,0.0586685910820961,0.04891723394393921,0.045555174350738525,0.048858001828193665,0.04584162309765816
145,0.020545821636915207,56.27018356323242,0.058512844145298004,0.02024627849459648,54.072654724121094,0.058538712561130524,0.04877795651555061,0.04540596157312393,0.04959902539849281,0.045714590698480606
146,0.020476799458265305,55.68518829345703,0.05818058177828789,0.02038823626935482,54.91660690307617,0.059041716158390045,0.04977371171116829,0.04568269103765488,0.04899623990058899,0.04553433135151863
147,0.020542267709970474,56.29777908325195,0.05852796509861946,0.020200401544570923,54.2840576171875,0.05866626277565956,0.04919895529747009,0.04532162472605705,0.04962824285030365,0.045814692974090576
148,0.020413698628544807,55.41663360595703,0.05802565813064575,0.0202245581895113,54.18276596069336,0.058605603873729706,0.049101572483778,0.04530486464500427,0.04883858934044838,0.04537258669734001
149,0.02046225592494011,55.50475311279297,0.05807550996541977,0.020261000841856003,54.035709381103516,0.05851577967405319,0.04888095706701279,0.04534188657999039,0.04876892641186714,0.04560612887144089
150,0.020444756373763084,55.99949264526367,0.05835679918527603,0.020151037722826004,53.7868537902832,0.05836528167128563,0.04870162531733513,0.04518270492553711,0.04958358779549599,0.04550778493285179
151,0.020371465012431145,55.36110305786133,0.057992998510599136,0.02027691714465618,54.578609466552734,0.05883892998099327,0.04965944215655327,0.045412030071020126,0.048922568559646606,0.04530561342835426
152,0.02043030597269535,55.95396041870117,0.0583297498524189,0.020105082541704178,54.060142517089844,0.058530546724796295,0.049207620322704315,0.04510324075818062,0.0495484359562397,0.04556327313184738
153,0.020312750712037086,55.105018615722656,0.05784466490149498,0.020130669698119164,53.89277267456055,0.05842979624867439,0.04900961369276047,0.04508882015943527,0.04876276105642319,0.04515951871871948
154,0.020364606752991676,55.205318450927734,0.05790155008435249,0.020167602226138115,53.75798416137695,0.05834708735346794,0.04880351200699806,0.04512573033571243,0.04869821295142174,0.04540489241480827
155,0.020342668518424034,55.68329620361328,0.05817417800426483,0.020056938752532005,53.51466751098633,0.05819954723119736,0.0486297607421875,0.044969331473112106,0.0495038703083992,0.0452905111014843
156,0.020270587876439095,55.057132720947266,0.05781623348593712,0.02018168568611145,54.32162857055664,0.058683544397354126,0.04961642622947693,0.04518675431609154,0.04885329306125641,0.0450921393930912
157,0.020330006256699562,55.65849304199219,0.05815907567739487,0.020009541884064674,53.753238677978516,0.05834447965025902,0.049078553915023804,0.044895973056554794,0.049494873732328415,0.045346178114414215
158,0.020212259143590927,54.80522537231445,0.05766985937952995,0.020037978887557983,53.63216781616211,0.058271314948797226,0.04894690588116646,0.04487968608736992,0.0486944317817688,0.044947829097509384
159,0.02026607282459736,54.909454345703125,0.05772916600108147,0.020078182220458984,53.51842498779297,0.05820094794034958,0.04876246675848961,0.04492335394024849,0.04862617328763008,0.04520329460501671
160,0.020244043320417404,55.40814208984375,0.058014385402202606,0.019966213032603264,53.256126403808594,0.0580415353178978,0.048559997230768204,0.044766612350940704,0.04945922642946243,0.04508966952562332
161,0.020172303542494774,54.76611328125,0.05764628201723099,0.020083606243133545,54.03884506225586,0.05851283296942711,0.04953407496213913,0.04495770484209061,0.04878781735897064,0.04488608241081238
162,0.02022906206548214,55.358516693115234,0.057984765619039536,0.019918296486139297,53.52096939086914,0.05820310115814209,0.04904309660196304,0.04469861462712288,0.04942790046334267,0.04512886703014374
163,0.020116539672017097,54.522300720214844,0.05750415846705437,0.01994871161878109,53.38176727294922,0.05811843276023865,0.048883359879255295,0.044680703431367874,0.04862897843122482,0.04475051164627075
164,0.020171884447336197,54.63075637817383,0.05756612867116928,0.01999245397746563,53.29692077636719,0.05806553736329079,0.04873505234718323,0.044728852808475494,0.048558562994003296,0.0450151264667511
165,0.020147500559687614,55.14754867553711,0.057862360030412674,0.01987948641180992,53.009544372558594,0.057890117168426514,0.0484931580722332,0.044573016464710236,0.04942174255847931,0.04489562660455704
166,0.02007737010717392,54.4904899597168,0.05748473107814789,0.019992206245660782,53.76112747192383,0.05834415182471275,0.04943712800741196,0.04474537447094917,0.04872538149356842,0.044692087918519974
167,0.02013089321553707,55.06081008911133,0.05781131982803345,0.019831348210573196,53.32905578613281,0.05808522179722786,0.04905012249946594,0.04451023414731026,0.04934604838490486,0.04492264986038208
168,0.020023703575134277,54.255035400390625,0.057347122579813004,0.01986123062670231,53.15386199951172,0.057978905737400055,0.048838164657354355,0.044490065425634384,0.048568498343229294,0.04456418752670288
169,0.02008015289902687,54.361087799072266,0.05740781128406525,0.019910266622900963,53.0677604675293,0.05792486295104027,0.04868117347359657,0.04454231634736061,0.048488862812519073,0.04483522102236748
170,0.02005574107170105,54.89762878417969,0.05771617591381073,0.019795533269643784,52.77349853515625,0.05774485319852829,0.04842666536569595,0.04438835009932518,0.04938000813126564,0.04471272975206375
171,0.019985707476735115,54.226097106933594,0.05732916668057442,0.019900169223546982,53.5201530456543,0.058197569102048874,0.04938438534736633,0.04453970864415169,0.04866375774145126,0.04450632259249687
172,0.020036570727825165,54.78630447387695,0.057650744915008545,0.019746432080864906,53.107177734375,0.05794911831617355,0.04899951070547104,0.044332798570394516,0.04928234964609146,0.04472353309392929
173,0.01993473805487156,53.9976692199707,0.057195283472537994,0.019778763875365257,52.93277359008789,0.05784324184060097,0.048788540065288544,0.04431048035621643,0.048507124185562134,0.04438517987728119
174,0.01999385468661785,54.107032775878906,0.05725806578993797,0.019828829914331436,52.85793685913086,0.05779574066400528,0.04864627867937088,0.04436171054840088,0.04842230677604675,0.044667553156614304
175,0.01996641792356968,54.6601448059082,0.05757661908864975,0.019716227427124977,52.54698944091797,0.057604942470788956,0.04836132377386093,0.04421428218483925,0.04934513568878174,0.04453442990779877
176,0.01989849843084812,53.972782135009766,0.05717958137392998,0.019814621657133102,53.263919830322266,0.05804089829325676,0.049293335527181625,0.04434654116630554,0.048601746559143066,0.044330645352602005
177,0.019946260377764702,54.51252746582031,0.05749007314443588,0.019666429609060287,52.93067169189453,0.05784033611416817,0.04900236800312996,0.04416496306657791,0.04920268431305885,0.044535309076309204
178,0.019850095734000206,53.75518798828125,0.05705169215798378,0.019698765128850937,52.72983169555664,0.057717833667993546,0.04875343665480614,0.04413975402712822,0.04845106229186058,0.04421650245785713
179,0.019910091534256935,53.86017608642578,0.057111985981464386,0.01975293830037117,52.661869049072266,0.05767439678311348,0.048617441207170486,0.04419280216097832,0.04835563525557518,0.044504038989543915
180,0.01988179050385952,54.43837356567383,0.057445552200078964,0.019641125574707985,52.32991409301758,0.05747004970908165,0.04829735308885574,0.04405112937092781,0.04931424930691719,0.044368211179971695
181,0.019815269857645035,53.72779846191406,0.05703418329358101,0.0197299811989069,53.00923538208008,0.05788416415452957,0.04919355362653732,0.044160254299640656,0.04853852838277817,0.0441618375480175
182,0.019859829917550087,54.25004959106445,0.057335253804922104,0.019589511677622795,52.76318359375,0.05773602053523064,0.04900696128606796,0.04400479048490524,0.04912446066737175,0.044355638325214386
183,0.019769147038459778,53.5237922668457,0.05691394954919815,0.019621124491095543,52.535484313964844,0.057597044855356216,0.0487191416323185,0.04397757723927498,0.048396505415439606,0.04405657574534416
184,0.01983056403696537,53.623329162597656,0.05697128549218178,0.019679388031363487,52.44977951049805,0.0575430803000927,0.04855470731854439,0.0440322645008564,0.048288263380527496,0.04435025155544281
185,0.01980101875960827,54.21161651611328,0.057311657816171646,0.01956694759428501,52.118896484375,0.05733895301818848,0.048234958201646805,0.04389411211013794,0.04926546290516853,0.04420819506049156
186,0.01973531022667885,53.49626159667969,0.05689644068479538,0.019648028537631035,52.80946350097656,0.057761307805776596,0.04916141554713249,0.04398727789521217,0.048481881618499756,0.044001661241054535
187,0.01977747119963169,54.01259231567383,0.05719483271241188,0.019512614235281944,52.55358123779297,0.05760660767555237,0.04893876239657402,0.0438566692173481,0.04907113313674927,0.044182974845170975
188,0.019690657034516335,53.292625427246094,0.05677621439099312,0.01955057866871357,52.33417892456055,0.057472702115774155,0.04866398125886917,0.043825238943099976,0.04833566024899483,0.04389916732907295
189,0.019757645204663277,53.40021514892578,0.056838423013687134,0.019605020061135292,52.2183723449707,0.05739995092153549,0.04846116155385971,0.04387263208627701,0.048222433775663376,0.04421039670705795
190,0.01972278207540512,53.976802825927734,0.05717306584119797,0.01949508674442768,51.915008544921875,0.057212378829717636,0.04817406088113785,0.04374438151717186,0.04920242726802826,0.04404672980308533
191,0.019660526886582375,53.28125,0.05676832050085068,0.019575627520680428,52.66072463989258,0.05766948685050011,0.049184564501047134,0.04383343458175659,0.048434410244226456,0.0438530333340168
192,0.01970125362277031,53.78398513793945,0.05705965682864189,0.019437521696090698,52.338775634765625,0.05747392028570175,0.04885091260075569,0.043721769005060196,0.04901657998561859,0.04402167722582817
193,0.01961582340300083,53.06815719604492,0.05664234608411789,0.01948375441133976,52.147804260253906,0.05735698714852333,0.04861913248896599,0.043681446462869644,0.048277657479047775,0.04374602437019348
194,0.019688980653882027,53.18472671508789,0.05670994520187378,0.01953219063580036,52.010955810546875,0.057271331548690796,0.04839395359158516,0.04372149333357811,0.04815763235092163,0.04407831281423569
195,0.019648009911179543,53.761131286621094,0.05704527348279953,0.01942746713757515,51.718746185302734,0.05709010362625122,0.0481145940721035,0.043602343648672104,0.04915688559412956,0.04389306902885437
196,0.01958986558020115,53.067138671875,0.05664054676890373,0.01950526051223278,52.473201751708984,0.05755358189344406,0.049142785370349884,0.043685220181941986,0.04837959632277489,0.04371098428964615
197,0.01962902396917343,53.55765151977539,0.05692550912499428,0.019369402900338173,52.162086486816406,0.05736466124653816,0.04881105571985245,0.0435909628868103,0.04895367845892906,0.04386952519416809
198,0.019546056166291237,52.85365676879883,0.056514184921979904,0.01941925659775734,51.9700813293457,0.05724665895104408,0.04857911542057991,0.04354524239897728,0.04822131618857384,0.043603137135505676
199,0.019624212756752968,52.97199630737305,0.056582946330308914,0.019466843456029892,51.78761291503906,0.057132549583911896,0.048291467130184174,0.04358138516545296,0.048089947551488876,0.04394982010126114
200,0.019579844549298286,53.54240036010742,0.05691574141383171,0.019361242651939392,51.52985763549805,0.056972622871398926,0.04805717617273331,0.043468307703733444,0.04909416288137436,0.043747007846832275
201,0.019523680210113525,52.86760711669922,0.0565212219953537,0.019440675154328346,52.35393142700195,0.057479340583086014,0.04918849095702171,0.04354887828230858,0.048335738480091095,0.04357565939426422
202,0.019562263041734695,53.34019470214844,0.05679652467370033,0.019303206354379654,51.96564483642578,0.057242702692747116,0.04872928187251091,0.04347188025712967,0.04889344051480293,0.04372328147292137
203,0.019480472430586815,52.64512634277344,0.05638928711414337,0.019362395629286766,51.80379867553711,0.05714293569326401,0.04854551702737808,0.043417178094387054,0.048165541142225266,0.043464165180921555
204,0.019565509632229805,52.771087646484375,0.05646266043186188,0.01939883641898632,51.5865592956543,0.05700730159878731,0.04821879044175148,0.0434420071542263,0.048025112599134445,0.043832018971443176
205,0.01951410062611103,53.33848571777344,0.0567944161593914,0.01930190436542034,51.34635925292969,0.05685782805085182,0.04799988865852356,0.043339408934116364,0.049047186970710754,0.04360368847846985
206,0.019462348893284798,52.671295166015625,0.05640352889895439,0.01938115991652012,52.18528366088867,0.05737459659576416,0.049155186861753464,0.04341635853052139,0.04828547313809395,0.04344705119729042
207,0.01949945092201233,53.12091064453125,0.056666046380996704,0.01924336887896061,51.81325149536133,0.057147491723299026,0.04870757460594177,0.043353352695703506,0.04881991073489189,0.043584343045949936
208,0.01941973716020584,52.44797897338867,0.056270863860845566,0.019305339083075523,51.64977264404297,0.05704653263092041,0.048524465411901474,0.043292175978422165,0.04811486229300499,0.04333263635635376
209,0.019509021192789078,52.570533752441406,0.056342318654060364,0.019342591986060143,51.39128494262695,0.05688517913222313,0.048139214515686035,0.043314509093761444,0.04795943573117256,0.04371083900332451
210,0.019455041736364365,53.1417121887207,0.05667692422866821,0.01924634538590908,51.17111587524414,0.05674789473414421,0.04794425144791603,0.043216053396463394,0.04899502918124199,0.04347081482410431
211,0.019405074417591095,52.48283004760742,0.056290071457624435,0.019323216751217842,52.04710388183594,0.05728835612535477,0.04915957525372505,0.043289121240377426,0.04824036359786987,0.0433199517428875
212,0.01944086141884327,52.90797805786133,0.05653894320130348,0.01918904483318329,51.65560531616211,0.057049162685871124,0.04866839200258255,0.04324384778738022,0.048749420791864395,0.043446481227874756
213,0.019364207983016968,52.25740051269531,0.05615594610571861,0.019256627187132835,51.50463104248047,0.05695541948080063,0.0485067181289196,0.043174825608730316,0.04806383699178696,0.04320706054568291
214,0.019458990544080734,52.37735366821289,0.05622592568397522,0.019290868192911148,51.18414306640625,0.056755151599645615,0.04803440719842911,0.04319334775209427,0.047892890870571136,0.043597303330898285
215,0.019401878118515015,52.94171905517578,0.0565573014318943,0.019194746389985085,51.003719329833984,0.056642450392246246,0.04789208993315697,0.04309822991490364,0.048931460827589035,0.04334062337875366
216,0.019353283569216728,52.312320709228516,0.0561869852244854,0.01927328109741211,51.9574089050293,0.05723137408494949,0.049223143607378006,0.043171681463718414,0.04821040853857994,0.04320133477449417
217,0.01938701421022415,52.685672760009766,0.05640611797571182,0.019139153882861137,51.524192810058594,0.056966450065374374,0.04865923896431923,0.04314092919230461,0.04865773767232895,0.043313730508089066
218,0.0193124208599329,52.0806770324707,0.05604896694421768,0.019207121804356575,51.393470764160156,0.056884873658418655,0.04853404685854912,0.04306074604392052,0.0480252206325531,0.043086208403110504
219,0.019411657005548477,52.188331604003906,0.056111741811037064,0.019246313720941544,50.98429870605469,0.05662912875413895,0.04792770370841026,0.043082576245069504,0.04782463610172272,0.043488383293151855
220,0.019353533163666725,52.74909591674805,0.05644157901406288,0.019146054983139038,50.84561538696289,0.05654269456863403,0.04784614220261574,0.04298766329884529,0.048865292221307755,0.043220262974500656
221,0.019303612411022186,52.15614318847656,0.05609193444252014,0.0192241407930851,51.88747024536133,0.05718657746911049,0.049313124269247055,0.04305827245116234,0.0481950119137764,0.04308529198169708
222,0.01933392882347107,52.44990539550781,0.056264910846948624,0.01909310556948185,51.422149658203125,0.05690142884850502,0.04869086295366287,0.043038271367549896,0.048543576151132584,0.0431806780397892
223,0.019264064729213715,51.9244270324707,0.055953722447156906,0.01915544457733631,51.326114654541016,0.05684131011366844,0.04862474277615547,0.04294854402542114,0.04800643026828766,0.04297268018126488
224,0.019365569576621056,52.0016975402832,0.0559985525906086,0.019210785627365112,50.811031341552734,0.05651914328336716,0.047845508903265,0.04298540577292442,0.04775827005505562,0.04337848350405693
225,0.01931043155491352,52.5688591003418,0.05633259937167168,0.01910215988755226,50.69224548339844,0.05644528195261955,0.04780067130923271,0.04288148507475853,0.048801764845848083,0.043113600462675095
226,0.019256548956036568,51.9967041015625,0.05599464103579521,0.019172394648194313,51.78076171875,0.05711853504180908,0.049347974359989166,0.04294223338365555,0.048172373324632645,0.04296792671084404
227,0.019283631816506386,52.22165298461914,0.05612761154770851,0.019051840528845787,51.31122589111328,0.05683104321360588,0.04870832338929176,0.04293443635106087,0.04843422397971153,0.043050508946180344
228,0.01922028511762619,51.77555847167969,0.055862683802843094,0.019107339903712273,51.25306701660156,0.05679425969719887,0.048702217638492584,0.04284051060676575,0.04798746854066849,0.042867742478847504
229,0.019322752952575684,51.82020950317383,0.05588822811841965,0.019187483936548233,50.63393783569336,0.056406110525131226,0.047741979360580444,0.04290220886468887,0.04769483208656311,0.04326983541250229
230,0.019272755831480026,52.37699508666992,0.056216467171907425,0.0190619807690382,50.548866271972656,0.05635413900017738,0.04776490107178688,0.04277758672833443,0.048714786767959595,0.04301123693585396
231,0.019212758168578148,51.87385177612305,0.05591868609189987,0.01912750117480755,51.70655822753906,0.05707060918211937,0.049423761665821075,0.042830321937799454,0.04819478467106819,0.042854733765125275
232,0.019232889637351036,51.93661880493164,0.055956531316041946,0.01901446096599102,51.22566223144531,0.056776098906993866,0.04877737537026405,0.042811792343854904,0.04824361577630043,0.04291659593582153
233,0.019180888310074806,51.71107864379883,0.055821605026721954,0.01903071440756321,51.33549880981445,0.056843675673007965,0.049012672156095505,0.04273884370923042,0.0480777882039547,0.04277230426669121
234,0.01926209032535553,51.62916946411133,0.05577239394187927,0.019160712137818336,50.69073486328125,0.056440722197294235,0.04797329381108284,0.04281933233141899,0.047673068940639496,0.043104398995637894
235,0.019243452697992325,52.2153205871582,0.056118790060281754,0.019032012671232224,50.35983657836914,0.056232936680316925,0.047659069299697876,0.042674820870161057,0.04860852286219597,0.04298681765794754
236,0.019166266545653343,51.554656982421875,0.0557268001139164,0.0190484207123518,51.36823272705078,0.056860633194446564,0.04914490506052971,0.042689234018325806,0.0479569137096405,0.04271143674850464
237,0.01919826865196228,51.99776840209961,0.05598929896950722,0.01897420920431614,50.72645568847656,0.056463904678821564,0.04815768450498581,0.042771585285663605,0.048528652638196945,0.042796432971954346
238,0.01914614625275135,51.35576629638672,0.05560670047998428,0.019137607887387276,50.73507308959961,0.05646687000989914,0.04815779998898506,0.04275329038500786,0.047740112990140915,0.04268321767449379
239,0.019264090806245804,51.56354904174805,0.055729493498802185,0.019053703173995018,50.28908157348633,0.05618411675095558,0.04766896739602089,0.04262729361653328,0.04766726493835449,0.04308823123574257
240,0.01916639879345894,51.85472106933594,0.0559019073843956,0.018988126888871193,50.27360534667969,0.05617859587073326,0.04769820347428322,0.042578816413879395,0.04845057800412178,0.04269019514322281
241,0.01915150322020054,51.85966491699219,0.05590153858065605,0.01902751810848713,50.924476623535156,0.056583303958177567,0.04863666743040085,0.0425935760140419,0.04846988990902901,0.042731814086437225
242,0.01912866346538067,51.24080276489258,0.05553630366921425,0.018970806151628494,50.455135345458984,0.05629277601838112,0.04802929237484932,0.04254378750920296,0.04768470302224159,0.042632777243852615
243,0.019168326631188393,51.26981735229492,0.05555300414562225,0.019074048846960068,50.646915435791016,0.05641060322523117,0.048228830099105835,0.04262927919626236,0.0475844144821167,0.042813993990421295
244,0.019182715564966202,52.45164108276367,0.05624355375766754,0.018928024917840958,50.17060470581055,0.056109581142663956,0.047569599002599716,0.04262217506766319,0.049302149564027786,0.04274900630116463
245,0.019066061824560165,50.96308898925781,0.05536723881959915,0.018981726840138435,50.07829284667969,0.05605350062251091,0.04755966737866402,0.04249696061015129,0.04753595590591431,0.04241238906979561
246,0.019158732146024704,51.254127502441406,0.05554147809743881,0.019008096307516098,50.4429931640625,0.05628252401947975,0.04808560386300087,0.04251101240515709,0.04764539748430252,0.042780373245477676
247,0.0191205944865942,51.584205627441406,0.05573659390211105,0.018919160589575768,51.51786422729492,0.05694937705993652,0.049731310456991196,0.042507488280534744,0.048263635486364365,0.042637672275304794
248,0.0190581101924181,51.11074447631836,0.05545556917786598,0.01890341006219387,50.5844612121582,0.05637187883257866,0.04838504642248154,0.04247986525297165,0.04781903326511383,0.042401961982250214
249,0.01917259953916073,51.15072250366211,0.055477891117334366,0.019107626751065254,50.143646240234375,0.0560910589993,0.04758313670754433,0.04261064901947975,0.04745480418205261,0.042890168726444244
250,0.019114801660180092,51.69487762451172,0.05580143630504608,0.01891922578215599,49.92561340332031,0.055955611169338226,0.04751420021057129,0.04238444194197655,0.048476871103048325,0.04260393604636192
251,0.019050221890211105,51.12434768676758,0.05546088516712189,0.018948839977383614,51.11981964111328,0.05670071020722389,0.04927708953619003,0.042401574552059174,0.04789038375020027,0.04240259900689125
252,0.019077017903327942,51.37455749511719,0.055610187351703644,0.01887616328895092,50.49827194213867,0.05631585791707039,0.04831773415207863,0.04248481243848801,0.04820024222135544,0.042472515255212784
253,0.01903625577688217,50.91509246826172,0.05533435568213463,0.01900080218911171,50.45516586303711,0.05628679320216179,0.04827532917261124,0.042430195957422256,0.04763879254460335,0.04239516705274582
254,0.01915867254137993,51.17223358154297,0.055487457662820816,0.018999189138412476,50.11073684692383,0.05606144666671753,0.04786578565835953,0.042397964745759964,0.047630734741687775,0.04281128570437431
255,0.019051549956202507,51.207542419433594,0.05550745502114296,0.018896961584687233,49.919395446777344,0.05595054477453232,0.04764760658144951,0.04230325669050217,0.04807636886835098,0.0423770546913147
256,0.01904389262199402,51.51617431640625,0.0556887611746788,0.01887543685734272,49.96311569213867,0.05597664788365364,0.04773573949933052,0.04227624461054802,0.04850572347640991,0.042434725910425186
257,0.019006524235010147,50.686798095703125,0.055194299668073654,0.018895315006375313,49.92564010620117,0.05595416948199272,0.04771128669381142,0.042273424565792084,0.04746216535568237,0.04228933900594711
258,0.0190769974142313,50.81569290161133,0.055271368473768234,0.018941445276141167,50.17137908935547,0.056107159703969955,0.04804203286767006,0.04231324419379234,0.047420062124729156,0.042561549693346024
259,0.01905226707458496,51.674041748046875,0.055781178176403046,0.018826493993401527,49.69871139526367,0.05580900236964226,0.04740938916802406,0.04228198900818825,0.048819780349731445,0.04237671568989754
260,0.018971551209688187,50.55120086669922,0.05511042848229408,0.018922341987490654,49.8113899230957,0.05587991699576378,0.047584738582372665,0.04226410761475563,0.04741397127509117,0.042186032980680466
261,0.019074009731411934,50.81121063232422,0.055266864597797394,0.01888124644756317,50.37654113769531,0.05623486265540123,0.0484941303730011,0.042212773114442825,0.0474669449031353,0.042557988315820694
262,0.019013669341802597,51.305381774902344,0.05556232109665871,0.01880921982228756,49.66435623168945,0.055787619203329086,0.04746878147125244,0.0422111377120018,0.048454031348228455,0.042264800518751144
263,0.018972503021359444,50.565147399902344,0.05511723458766937,0.01896054670214653,50.06928634643555,0.05604032427072525,0.04797831550240517,0.042282916605472565,0.047455187886953354,0.0422259122133255
264,0.019042428582906723,50.75199890136719,0.05523031949996948,0.01882733590900898,50.972129821777344,0.05660419911146164,0.049507346004247665,0.042146869003772736,0.04751802980899811,0.04246580973267555
265,0.01900710165500641,51.19905090332031,0.05549762025475502,0.018787842243909836,49.56273651123047,0.05572209134697914,0.04741700366139412,0.042154282331466675,0.04839535802602768,0.0422157421708107
266,0.018947461619973183,50.50269317626953,0.0550776869058609,0.01892619952559471,50.16551971435547,0.05609927698969841,0.0482323132455349,0.04221248999238014,0.04746968299150467,0.042168259620666504
267,0.019006509333848953,51.03817367553711,0.055397599935531616,0.018791738897562027,51.12834930419922,0.05669920891523361,0.04970462992787361,0.04224872961640358,0.04807566851377487,0.0423542782664299
268,0.018908308818936348,50.476036071777344,0.05506099760532379,0.018771838396787643,50.07598876953125,0.05604508891701698,0.04817831888794899,0.04221396893262863,0.04763426259160042,0.04197022318840027
269,0.019037244841456413,50.57341766357422,0.05511820688843727,0.018937310203909874,49.75258255004883,0.05583740025758743,0.047665320336818695,0.04220223426818848,0.04727987200021744,0.04254838824272156
270,0.018968850374221802,51.1071891784668,0.055436745285987854,0.01880772039294243,49.34077835083008,0.05557606369256973,0.047252487391233444,0.04203299805521965,0.04830501228570938,0.04224751144647598
271,0.018902279436588287,50.38085174560547,0.05500073730945587,0.018798764795064926,50.14410400390625,0.05608405917882919,0.048461947590112686,0.042027026414871216,0.047517627477645874,0.0420023575425148
272,0.018931081518530846,50.84245300292969,0.05527734011411667,0.018743665888905525,49.7841796875,0.05585852637887001,0.047897402197122574,0.04209117218852043,0.048123158514499664,0.04208148270845413
273,0.018903415650129318,50.24882888793945,0.05491938441991806,0.018912458792328835,49.7370491027832,0.055826153606176376,0.04774435982108116,0.04215211048722267,0.04732227325439453,0.04205257073044777
274,0.01901198923587799,50.53213882446289,0.05508943647146225,0.01883622631430626,49.46490478515625,0.055647220462560654,0.047540366649627686,0.042018014937639236,0.047413721680641174,0.04240083694458008
275,0.018903357908129692,50.57243347167969,0.05511285737156868,0.018759341910481453,49.317588806152344,0.05556163191795349,0.04736321046948433,0.041947949677705765,0.04784969985485077,0.041990794241428375
276,0.018906841054558754,50.93822479248047,0.055329568684101105,0.018734658136963844,49.396114349365234,0.055610086768865585,0.04750492796301842,0.04191974177956581,0.048315033316612244,0.04209451749920845
277,0.018859844654798508,50.062503814697266,0.05480372533202171,0.01876005344092846,49.38542175292969,0.0556042306125164,0.0475100539624691,0.04192499443888664,0.04723399132490158,0.04191291332244873
278,0.01893763057887554,50.20008087158203,0.0548865869641304,0.018800441175699234,49.6410026550293,0.05576464533805847,0.04786207526922226,0.041962672024965286,0.04719053581357002,0.04220084846019745
279,0.018909666687250137,51.01188659667969,0.055372271686792374,0.018692482262849808,49.13481140136719,0.05544384941458702,0.04719804972410202,0.041901376098394394,0.04853926971554756,0.04200250655412674
280,0.018835697323083878,49.9792594909668,0.05475105345249176,0.018802866339683533,49.37916946411133,0.055598195642232895,0.04751143977046013,0.04194588586688042,0.04721233621239662,0.04186292365193367
281,0.018923655152320862,50.216819763183594,0.05489525943994522,0.01872497797012329,50.2193489074707,0.05612736567854881,0.04888927936553955,0.04185377433896065,0.047292355448007584,0.0421694740653038
282,0.018880091607570648,50.68039321899414,0.055174220353364944,0.018669620156288147,49.11837387084961,0.05543345957994461,0.047259893268346786,0.04185950383543968,0.04820479452610016,0.041906412690877914
283,0.01882796920835972,49.99641036987305,0.054759688675403595,0.01880802772939205,49.68708801269531,0.05579104647040367,0.0480242483317852,0.0419282428920269,0.04727405309677124,0.04188242927193642
284,0.0188820268958807,50.50795364379883,0.05506718531250954,0.0186786912381649,50.76140594482422,0.05646296963095665,0.04966684430837631,0.04195680096745491,0.04787074774503708,0.04204173386096954
285,0.018787657842040062,50.00102233886719,0.054761964827775955,0.018664101138710976,49.67677307128906,0.0557866096496582,0.04804503545165062,0.041977159678936005,0.04749206081032753,0.04167226701974869
286,0.018919071182608604,50.08952713012695,0.05481400340795517,0.018807927146553993,49.32294464111328,0.05555880814790726,0.047540657222270966,0.04190271347761154,0.04712310805916786,0.04225379601120949
287,0.018856173381209373,50.59469223022461,0.0551161952316761,0.0186986792832613,48.88851547241211,0.055281128734350204,0.047068674117326736,0.04175065830349922,0.04808593913912773,0.041981082409620285
288,0.0187735166400671,49.87784957885742,0.05468429625034332,0.01867694966495037,49.70296859741211,0.055799491703510284,0.04830934852361679,0.04173693805932999,0.04734193906188011,0.04169515147805214
289,0.01879994198679924,50.29816436767578,0.05493791773915291,0.018623987212777138,49.35921096801758,0.05558298900723457,0.04778478294610977,0.04177923873066902,0.04789646714925766,0.041766274720430374
290,0.01878451183438301,49.77102279663086,0.05461800470948219,0.018782492727041245,49.334754943847656,0.0555649995803833,0.047656331211328506,0.041856370866298676,0.047147300094366074,0.04178350418806076
291,0.018888134509325027,50.0756721496582,0.0548020638525486,0.018747057765722275,49.150569915771484,0.05543864518404007,0.047535330057144165,0.041770607233047485,0.04729948192834854,0.042103346437215805
292,0.01877637766301632,50.00831985473633,0.05476034805178642,0.018650127574801445,48.94534683227539,0.05531849339604378,0.04728539660573006,0.04167594388127327,0.04757433384656906,0.04170035198330879
293,0.018780890852212906,50.40512466430664,0.05499924719333649,0.01861034333705902,48.89292907714844,0.05528423935174942,0.04725241661071777,0.04163416102528572,0.048090871423482895,0.04179483652114868
294,0.018737532198429108,49.602787017822266,0.054512783885002136,0.01865178905427456,49.109352111816406,0.05542236194014549,0.04757427051663399,0.0416564978659153,0.047083932906389236,0.041645023971796036
295,0.018796544522047043,49.9023551940918,0.05469537526369095,0.018598834052681923,50.61740493774414,0.056368593126535416,0.04990116506814957,0.04161716252565384,0.04734038561582565,0.041862182319164276
296,0.018801596015691757,50.19341278076172,0.0548718236386776,0.01858130283653736,48.9521369934082,0.05532246455550194,0.047290902584791183,0.0417700931429863,0.04791530221700668,0.04169503599405289
297,0.018715227022767067,49.60818099975586,0.05451377108693123,0.018752919510006905,49.416099548339844,0.055613186210393906,0.04793696478009224,0.041787195950746536,0.04716566950082779,0.04162672907114029
298,0.018798016011714935,49.63468551635742,0.05452970042824745,0.018608829006552696,49.007568359375,0.055356431752443314,0.04755352810025215,0.04157422110438347,0.04695148020982742,0.041907548904418945
299,0.018775299191474915,50.8164176940918,0.05523146316409111,0.018560847267508507,48.67632293701172,0.05514019727706909,0.04696780815720558,0.041689228266477585,0.04879609867930412,0.04171985760331154
300,0.0186587143689394,49.2943000793457,0.05431923270225525,0.018636243417859077,48.630149841308594,0.05511247739195824,0.04698669910430908,0.04159867763519287,0.04691745713353157,0.041430920362472534
301,0.0187663733959198,49.59177780151367,0.05450080707669258,0.01860036514699459,48.99660873413086,0.05534721165895462,0.04759874567389488,0.041544269770383835,0.04701164737343788,0.041825566440820694
302,0.018708879128098488,50.11359786987305,0.05481318011879921,0.0185400377959013,49.22144317626953,0.05548882856965065,0.04786550626158714,0.04165502265095711,0.04796880856156349,0.04160648211836815
303,0.018660515546798706,49.306732177734375,0.054325368255376816,0.018718859180808067,48.82490921020508,0.05523482710123062,0.0471956692636013,0.041715700179338455,0.04694397747516632,0.041480205953121185
304,0.018800275400280952,49.5953483581543,0.0545000322163105,0.018593456596136093,48.47026443481445,0.05500724911689758,0.046887513250112534,0.041512321680784225,0.046945784240961075,0.04194166138768196
305,0.01867668144404888,49.88430404663086,0.05467565730214119,0.018551260232925415,48.467979431152344,0.055007096379995346,0.046933356672525406,0.04146483913064003,0.04775363206863403,0.0415213443338871
306,0.018673323094844818,49.85859680175781,0.05465705320239067,0.018535001203417778,49.22628402709961,0.05548932030797005,0.04810070991516113,0.04143588989973068,0.04769714176654816,0.04157736524939537
307,0.018637146800756454,49.28579330444336,0.0543103851377964,0.018518922850489616,48.8508415222168,0.05525253340601921,0.0475786067545414,0.0414215549826622,0.04699902608990669,0.041447922587394714
308,0.018684636801481247,49.52233123779297,0.054454829543828964,0.018492698669433594,50.28522491455078,0.05615483596920967,0.049764733761548996,0.04140636324882507,0.047187440097332,0.04164233058691025
309,0.018729474395513535,49.89269256591797,0.05467989668250084,0.01847132109105587,48.54851150512695,0.055059097707271576,0.04708252474665642,0.041513118892908096,0.047808513045310974,0.041546132415533066
310,0.01860509254038334,49.2349967956543,0.05427663400769234,0.01860854960978031,49.05024337768555,0.055376093834638596,0.04780232533812523,0.04152889922261238,0.047011733055114746,0.041412558406591415
311,0.01867503859102726,49.41312789916992,0.05438651889562607,0.018463101238012314,50.02100372314453,0.05598875880241394,0.049442876130342484,0.041369836777448654,0.047062698751688004,0.04165073484182358
312,0.01868048496544361,49.8478889465332,0.05465015023946762,0.018439216539263725,48.368656158447266,0.05494263395667076,0.046965885907411575,0.04137691110372543,0.04786430671811104,0.041464220732450485
313,0.01859136112034321,49.170433044433594,0.05423522740602493,0.018564274534583092,48.964962005615234,0.05532082915306091,0.04778613895177841,0.041449833661317825,0.04695304110646248,0.04142243042588234
314,0.018633441999554634,49.70832443237305,0.054561007767915726,0.018468422815203667,50.013370513916016,0.05598157271742821,0.04930008202791214,0.04156758263707161,0.0476362369954586,0.04153098911046982
315,0.01853635348379612,49.07875442504883,0.05417850241065025,0.018418526276946068,48.79069519042969,0.05521208047866821,0.04765000194311142,0.04137381538748741,0.047075055539608,0.04116145521402359
316,0.01873173750936985,49.34656524658203,0.054340265691280365,0.018587712198495865,48.31828308105469,0.054900798946619034,0.04685648903250694,0.04147089645266533,0.04677248001098633,0.04194748401641846
317,0.01857580989599228,49.49205017089844,0.054428279399871826,0.018445849418640137,48.24674987792969,0.05486117675900459,0.046921197324991226,0.04127990081906319,0.04752836376428604,0.04133472219109535
318,0.018554717302322388,49.66228485107422,0.054527830332517624,0.018405934795737267,48.58867645263672,0.05507899075746536,0.047469887882471085,0.04124196246266365,0.04781108722090721,0.04132247343659401
319,0.01853669248521328,48.90142822265625,0.05406593158841133,0.018479520455002785,48.378631591796875,0.05494467541575432,0.047106318175792694,0.041317664086818695,0.04677172750234604,0.041274406015872955
320,0.018634893000125885,49.04610824584961,0.054153621196746826,0.01851188950240612,48.142539978027344,0.05479072406888008,0.04673011228442192,0.04135958105325699,0.04669651761651039,0.04160206392407417
321,0.01857324317097664,49.62990951538086,0.05450922250747681,0.018412532284855843,48.110591888427734,0.054771650582551956,0.04681555554270744,0.04122599959373474,0.047761835157871246,0.04135492071509361
322,0.018528103828430176,49.29765319824219,0.0543053038418293,0.018397187814116478,48.87599563598633,0.05526021867990494,0.04799662157893181,0.041200436651706696,0.04736703634262085,0.04130131006240845
323,0.018507707864046097,48.94755935668945,0.054092079401016235,0.01836862973868847,48.72065734863281,0.05516261234879494,0.047810863703489304,0.041176971048116684,0.046937502920627594,0.04122967645525932
324,0.01853117160499096,49.36826705932617,0.054347168654203415,0.018416259437799454,49.50363540649414,0.0556575283408165,0.04871712252497673,0.04150710627436638,0.04748794063925743,0.04131058603525162
325,0.018475115299224854,48.883174896240234,0.054051101207733154,0.018435919657349586,48.97133255004883,0.05532136186957359,0.04780321195721626,0.041662007570266724,0.04703330248594284,0.04104580730199814
326,0.018738556653261185,49.2689323425293,0.05428268387913704,0.018437370657920837,47.967716217041016,0.0546727292239666,0.04666975513100624,0.04122372344136238,0.04669502004981041,0.04204535856842995
327,0.01846325956285,49.10868835449219,0.054186563938856125,0.018364641815423965,47.91783142089844,0.054643962532281876,0.046677593141794205,0.0411410816013813,0.04730743542313576,0.04112103953957558
328,0.018463443964719772,48.673744201660156,0.05391927808523178,0.018395954743027687,48.521507263183594,0.05503175035119057,0.047539759427309036,0.04120754450559616,0.046679507941007614,0.04114584997296333
329,0.01852973736822605,49.716697692871094,0.054553013294935226,0.01831468939781189,47.87080001831055,0.05461365729570389,0.046678148210048676,0.041090209037065506,0.048095908015966415,0.04124175384640694
330,0.01844770833849907,48.66435623168945,0.05391174927353859,0.01838054321706295,48.27878189086914,0.05487534776329994,0.04723048582673073,0.0411677323281765,0.04669398441910744,0.041149914264678955
331,0.018493302166461945,49.10602951049805,0.054182425141334534,0.018299803137779236,49.84825897216797,0.05586903542280197,0.049642693251371384,0.041124701499938965,0.04721183702349663,0.04130219295620918
332,0.01844850741326809,48.96357345581055,0.05409543588757515,0.01837235502898693,48.727046966552734,0.055161528289318085,0.047614287585020065,0.04154990240931511,0.04725826159119606,0.04102839156985283
333,0.018516305834054947,48.820030212402344,0.054004818201065063,0.018565958365797997,48.325584411621094,0.0548999048769474,0.0470208004117012,0.04150470718741417,0.04671059921383858,0.04143641144037247
334,0.01851305365562439,49.12984848022461,0.05419376865029335,0.018336456269025803,47.762542724609375,0.05453784391283989,0.04658487066626549,0.041079018265008926,0.04718626290559769,0.04139966890215874
335,0.018398769199848175,48.6616325378418,0.05390693619847298,0.018293004482984543,49.26088333129883,0.05549626797437668,0.048880331218242645,0.0410398505628109,0.046859193593263626,0.04103187099099159
336,0.018428033217787743,49.11030960083008,0.0541829988360405,0.01824226602911949,47.9902458190918,0.054688356816768646,0.046973321586847305,0.04105402156710625,0.04752115160226822,0.04103344678878784
337,0.018424933776259422,48.6146354675293,0.05387570708990097,0.018359363079071045,48.39731979370117,0.054946307092905045,0.04752027988433838,0.04112720862030983,0.04666079208254814,0.0412152074277401
338,0.018433639779686928,49.17380905151367,0.05421481281518936,0.018327053636312485,50.02640151977539,0.05597584322094917,0.04976301267743111,0.04138987138867378,0.047507498413324356,0.041172321885824203
339,0.018342668190598488,48.45343780517578,0.05377544090151787,0.01821799948811531,48.119361877441406,0.05476970225572586,0.047234486788511276,0.04102124646306038,0.046795353293418884,0.0408167727291584
340,0.018543576821684837,48.788387298583984,0.05397932976484299,0.018358584493398666,47.73140335083008,0.05451156571507454,0.0465802326798439,0.04111780598759651,0.046548742800951004,0.041656266897916794
341,0.018375666812062263,48.84275817871094,0.054012373089790344,0.018250856548547745,47.679840087890625,0.054482899606227875,0.04662962630391121,0.040971752256155014,0.047211308032274246,0.04100033640861511
342,0.018367573618888855,49.13897705078125,0.05418948829174042,0.018200591206550598,47.9988899230957,0.05468764528632164,0.04714968428015709,0.04091719910502434,0.04761900007724762,0.04104598984122276
343,0.01833506114780903,48.30674743652344,0.053680408746004105,0.01828065700829029,47.85371017456055,0.054593775421381,0.04687204584479332,0.04101698845624924,0.04651252180337906,0.04095112904906273
344,0.018437881022691727,48.46086883544922,0.05377458408474922,0.0183065477758646,47.635066986083984,0.05445050820708275,0.046521104872226715,0.041056957095861435,0.04643772169947624,0.04129401594400406
345,0.018380623310804367,49.08598327636719,0.054157670587301254,0.018216261640191078,47.587982177734375,0.05442054942250252,0.04657614231109619,0.04092325642704964,0.04755758121609688,0.04105423763394356
346,0.018329160287976265,48.67186737060547,0.05390258505940437,0.018190473318099976,48.385292053222656,0.05493275448679924,0.047816384583711624,0.040884826332330704,0.04705061763525009,0.04098767042160034
347,0.01830802857875824,48.422401428222656,0.05374952778220177,0.018161633983254433,48.33858108520508,0.054903388023376465,0.047786153852939606,0.04086030274629593,0.04676467552781105,0.04091547429561615
348,0.01831955835223198,48.70869064331055,0.053924549371004105,0.018224680796265602,49.02054214477539,0.055336110293865204,0.04854901507496834,0.04117518290877342,0.04715023189783096,0.04096647724509239
349,0.01840033382177353,48.6365966796875,0.053878650069236755,0.018638702109456062,49.16613006591797,0.05542571097612381,0.047525014728307724,0.04260048270225525,0.04701536148786545,0.04098937287926674
350,0.018380027264356613,48.380516052246094,0.05372076854109764,0.01817256212234497,48.15119934082031,0.05478190630674362,0.04730493575334549,0.041131265461444855,0.04672551155090332,0.04091358929872513
351,0.018349450081586838,48.65422058105469,0.0538887195289135,0.01815641112625599,47.87841033935547,0.05460479483008385,0.047166019678115845,0.04081534594297409,0.04682068154215813,0.041302669793367386
352,0.01825564354658127,48.51845169067383,0.05380325764417648,0.01815512403845787,49.38594436645508,0.05556410178542137,0.0492585226893425,0.04104258492588997,0.04705106094479561,0.040819160640239716
353,0.01827363297343254,48.41525650024414,0.053740546107292175,0.018272992223501205,48.53871154785156,0.05502696707844734,0.04753050208091736,0.04158492013812065,0.04696432128548622,0.04075641930103302
354,0.018351031467318535,48.43436813354492,0.05374956876039505,0.01864028163254261,48.189720153808594,0.0547947883605957,0.04672325775027275,0.04188812896609306,0.04662410169839859,0.041204847395420074
355,0.018346423283219337,48.52263259887695,0.053804051131010056,0.018145699054002762,47.311431884765625,0.054233260452747345,0.046370651572942734,0.040813785046339035,0.046716172248125076,0.04122835770249367
356,0.018245477229356766,48.325828552246094,0.05368112772703171,0.018167054280638695,47.346168518066406,0.05425281077623367,0.046416882425546646,0.04084626957774162,0.04678034409880638,0.040856774896383286
357,0.018245577812194824,48.26628112792969,0.0536438412964344,0.018123582005500793,47.277496337890625,0.054208904504776,0.04637202247977257,0.040789585560560226,0.046729471534490585,0.04082601144909859
358,0.01825759746134281,48.48394775390625,0.053777601569890976,0.018052637577056885,47.498966217041016,0.05434930697083473,0.04672190546989441,0.04083142429590225,0.04703640565276146,0.040855035185813904
359,0.0182929877191782,48.7296257019043,0.05392514541745186,0.018299201503396034,48.92436599731445,0.05526095628738403,0.048430390655994415,0.041278187185525894,0.04714092239737511,0.041175223886966705
360,0.018204377964138985,48.137603759765625,0.05356332287192345,0.018051212653517723,47.99656677246094,0.054674942046403885,0.04752065986394882,0.04072733595967293,0.04665461182594299,0.040733546018600464
361,0.018189257010817528,48.4036979675293,0.053725581616163254,0.018089203163981438,48.018157958984375,0.05468815192580223,0.04737299680709839,0.04094192758202553,0.04712893068790436,0.040658023208379745
362,0.01827791891992092,48.114410400390625,0.05354557931423187,0.01823807694017887,47.4760856628418,0.05433344468474388,0.046496059745550156,0.04102712124586105,0.04628974199295044,0.041149284690618515
363,0.018255334347486496,48.41905212402344,0.053732842206954956,0.01809815689921379,47.177268981933594,0.054138969630002975,0.04631073400378227,0.04075232893228531,0.04689155891537666,0.040967635810375214
364,0.018170727416872978,48.24610137939453,0.05362600460648537,0.01805194281041622,49.14857482910156,0.05540313199162483,0.04931175336241722,0.04071250185370445,0.04686610400676727,0.0407373420894146
365,0.018157536163926125,48.20637130737305,0.0536026693880558,0.01800970360636711,47.84107971191406,0.05457165092229843,0.04736286401748657,0.040696896612644196,0.04689015448093414,0.04065759852528572
366,0.018175991252064705,48.03572082519531,0.05349509045481682,0.018052738159894943,47.95323944091797,0.05464162677526474,0.04754501208662987,0.0406947135925293,0.04646269604563713,0.040884848684072495
367,0.018249966204166412,48.83405303955078,0.053976815193891525,0.018256664276123047,48.4982795715332,0.054986655712127686,0.047579698264598846,0.04159259423613548,0.04756737872958183,0.04091748967766762
368,0.01809932105243206,47.68204116821289,0.05327259749174118,0.018106792122125626,47.2925910949707,0.054212722927331924,0.0464668944478035,0.040819358080625534,0.0462660938501358,0.04053298756480217
369,0.01825585961341858,48.023170471191406,0.053484056144952774,0.018018240109086037,47.42525100708008,0.054299596697092056,0.04681132361292839,0.04066287726163864,0.046233952045440674,0.04113561287522316
370,0.018158409744501114,48.674102783203125,0.05388397350907326,0.017971953377127647,47.21943664550781,0.05416574701666832,0.0464404821395874,0.04072882607579231,0.04759209230542183,0.04068482294678688
371,0.01810935139656067,47.73294448852539,0.05330207198858261,0.018149521201848984,47.35794448852539,0.05425229296088219,0.04651549831032753,0.04090919718146324,0.04620865732431412,0.04072924330830574
372,0.01818881928920746,47.874229431152344,0.05338948965072632,0.01804913952946663,47.05824279785156,0.05405738204717636,0.04624199867248535,0.040729694068431854,0.04618985205888748,0.04098254442214966
373,0.018134571611881256,48.44379425048828,0.05374133214354515,0.01798848994076252,47.06549072265625,0.05406246706843376,0.04633178189396858,0.04063796252012253,0.04724074900150299,0.04073682427406311
374,0.018098264932632446,48.13764953613281,0.05355120450258255,0.01794905960559845,47.76634979248047,0.05451589822769165,0.04744701832532883,0.040565941482782364,0.04684525728225708,0.0407111681997776
375,0.018067602068185806,47.782135009765625,0.05333123356103897,0.017942417412996292,47.744144439697266,0.05450204759836197,0.0474361777305603,0.0405627079308033,0.0464288629591465,0.04061095416545868
376,0.018101809546351433,48.22065353393555,0.05360157787799835,0.018039334565401077,48.70414352416992,0.05511518567800522,0.04848432168364525,0.041026465594768524,0.04699108377099037,0.040708642452955246
377,0.01815214939415455,47.9210319519043,0.053416118025779724,0.018214737996459007,48.28618240356445,0.05484728887677193,0.04721342772245407,0.04177958145737648,0.04663895443081856,0.040603507310152054
378,0.018128348514437675,47.88987731933594,0.053395576775074005,0.018039047718048096,47.93839645385742,0.05462469905614853,0.04710943251848221,0.041319407522678375,0.04663673788309097,0.04057600721716881
379,0.0182010717689991,48.16364669799805,0.05356203019618988,0.017928486689925194,47.177703857421875,0.05413192883133888,0.046650324016809464,0.040522608906030655,0.04636801406741142,0.04136127606034279
380,0.01802273467183113,48.1732177734375,0.05356501042842865,0.017895963042974472,47.731285095214844,0.054489560425281525,0.04737510159611702,0.040648698806762695,0.047175344079732895,0.040458038449287415
381,0.01798933558166027,47.4849739074707,0.05314114689826965,0.018003201112151146,47.20005416870117,0.05414486303925514,0.04656774550676346,0.04069025442004204,0.04617580771446228,0.04048224538564682
382,0.018111811950802803,47.747352600097656,0.053303927183151245,0.018003344535827637,46.91826248168945,0.053957171738147736,0.0461583137512207,0.040716562420129776,0.0461370125412941,0.04097191244363785
383,0.018045699223876,48.11844253540039,0.05353359133005142,0.01790706254541874,46.9923210144043,0.054009031504392624,0.04639054089784622,0.04055927321314812,0.046985335648059845,0.04061756655573845
384,0.01801985315978527,48.10403060913086,0.05352414771914482,0.017858058214187622,47.25534439086914,0.05418014898896217,0.04685555770993233,0.0404658280313015,0.046987712383270264,0.04062042012810707
385,0.017986660823225975,47.51028060913086,0.05315473675727844,0.017914969474077225,47.36322021484375,0.054248832166194916,0.046972163021564484,0.04054761677980423,0.046190425753593445,0.04055704548954964
386,0.018034648150205612,47.91395568847656,0.05340627580881119,0.017878124490380287,49.5198860168457,0.05562339350581169,0.05017620697617531,0.040601830929517746,0.0466558113694191,0.04070989042520523
387,0.018091753125190735,47.95176315307617,0.05343050882220268,0.017880389466881752,47.326595306396484,0.05422496050596237,0.04671291634440422,0.040795546025037766,0.04686819761991501,0.04052102565765381
388,0.017991695553064346,47.59634017944336,0.05320590361952782,0.01798907481133938,47.31157684326172,0.05421198159456253,0.04679793864488602,0.040683310478925705,0.046186286956071854,0.04075770080089569
389,0.01803770661354065,47.87165069580078,0.053376685827970505,0.018009008839726448,47.30086135864258,0.05419350042939186,0.04684234410524368,0.040723271667957306,0.04651838541030884,0.04084312915802002
390,0.017969852313399315,47.65254592895508,0.05324092134833336,0.01785474829375744,47.62799072265625,0.05441629886627197,0.047456275671720505,0.04051149636507034,0.04648970812559128,0.040504321455955505
391,0.017968084663152695,47.954490661621094,0.053428974002599716,0.01779722049832344,46.966407775878906,0.05398879200220108,0.04653790593147278,0.040413517504930496,0.04699194058775902,0.04045180231332779
392,0.017954790964722633,47.467933654785156,0.05312398076057434,0.017869260162115097,47.39723205566406,0.05426624044775963,0.047139402478933334,0.04048554226756096,0.04612671583890915,0.04065028205513954
393,0.018034499138593674,48.243160247802734,0.05360298603773117,0.01785431243479252,47.187660217285156,0.05412939563393593,0.04652433842420578,0.04082342982292175,0.047279439866542816,0.04060665890574455
394,0.017897576093673706,47.25577926635742,0.052989162504673004,0.01798224076628685,47.002403259277344,0.05400718003511429,0.04635139927268028,0.04073456674814224,0.04602131247520447,0.04043682664632797
395,0.01800207793712616,47.44838333129883,0.05310953035950661,0.01783527061343193,46.7840690612793,0.05386608839035034,0.046257708221673965,0.0404803529381752,0.04596948251128197,0.040815070271492004
396,0.01797129586338997,48.221832275390625,0.05358270928263664,0.01780509389936924,46.598079681396484,0.053742680698633194,0.04602598398923874,0.04042620584368706,0.04728123918175697,0.0406138151884079
397,0.017898425459861755,47.43612289428711,0.053100548684597015,0.017812591046094894,47.290164947509766,0.05419329181313515,0.04703756421804428,0.040472447872161865,0.04628537595272064,0.04046434164047241
398,0.017910495400428772,47.60222244262695,0.05320454761385918,0.017747079953551292,47.483585357666016,0.054319385439157486,0.04743421822786331,0.04034935310482979,0.04655744135379791,0.04044153913855553
399,0.01787206344306469,47.384727478027344,0.05306847393512726,0.01776604913175106,47.45022201538086,0.054297707974910736,0.04740230366587639,0.040346018970012665,0.046271782368421555,0.04043067619204521
400,0.01790320873260498,47.452880859375,0.05311145260930061,0.017739560455083847,48.29077911376953,0.05483699589967728,0.04867509379982948,0.040358077734708786,0.04625639691948891,0.04057362675666809
401,0.01808583363890648,48.08525085449219,0.05350199341773987,0.01771722547709942,46.57523727416992,0.053727664053440094,0.04612194374203682,0.040319543331861496,0.04708476364612579,0.040648214519023895
402,0.017832141369581223,47.20022964477539,0.05295030027627945,0.01777917519211769,47.092445373535156,0.054063621908426285,0.04685138538479805,0.040388405323028564,0.046029362827539444,0.04043380916118622
403,0.01788877323269844,47.90331268310547,0.05338536202907562,0.0177601370960474,47.82131576538086,0.05453379079699516,0.04763694480061531,0.04075819253921509,0.04699808359146118,0.04049829766154289
404,0.017819330096244812,47.09910583496094,0.052885789424180984,0.017939498648047447,46.867835998535156,0.053913481533527374,0.04624161869287491,0.04072786495089531,0.045974016189575195,0.04035018011927605
405,0.017966587096452713,47.56793212890625,0.05317799001932144,0.017747728154063225,46.446922302246094,0.05363786965608597,0.045931193977594376,0.040383581072092056,0.04618264362215996,0.04088888689875603
406,0.01784634217619896,47.409908294677734,0.05307851359248161,0.01773027516901493,46.439815521240234,0.053631942719221115,0.04596151039004326,0.04035210981965065,0.04640531167387962,0.04038781300187111
407,0.017858272418379784,47.35133361816406,0.05304340645670891,0.01778058521449566,48.88544845581055,0.055207591503858566,0.04938029125332832,0.04071500152349472,0.04623319208621979,0.04050356149673462
408,0.01787719689309597,47.763145446777344,0.0533008798956871,0.01766556315124035,46.678672790527344,0.05379148945212364,0.04638180881738663,0.040264423936605453,0.046967558562755585,0.04035576432943344
409,0.01779131218791008,47.22963333129883,0.05296524614095688,0.017675643786787987,47.617027282714844,0.054399389773607254,0.04782741516828537,0.04025176912546158,0.0461660660803318,0.040411245077848434
410,0.01793050393462181,47.76363754272461,0.05329819396138191,0.017765622586011887,47.20042037963867,0.05412841960787773,0.0465569831430912,0.040992312133312225,0.04691706970334053,0.040418919175863266
411,0.017776962369680405,47.06790542602539,0.052861735224723816,0.01790599897503853,46.91851806640625,0.053942643105983734,0.04636896401643753,0.040740303695201874,0.045933760702610016,0.04043522849678993
412,0.017857549712061882,47.27544021606445,0.05299178138375282,0.017738450318574905,46.496158599853516,0.05366302654147148,0.046048734337091446,0.0404365137219429,0.04599568992853165,0.04070838540792465
413,0.017806952819228172,47.4549674987793,0.05310338735580444,0.017653727903962135,46.61752700805664,0.05374789237976074,0.046303607523441315,0.04032186046242714,0.04657134413719177,0.04033968225121498
414,0.01779896393418312,47.61085891723633,0.05320078134536743,0.017626142129302025,46.6400260925293,0.05376362055540085,0.04640405625104904,0.04022115841507912,0.04681069031357765,0.04035046696662903
415,0.017754508182406425,47.01054000854492,0.05282416567206383,0.01768239587545395,46.94035339355469,0.05395805090665817,0.046814434230327606,0.04030168429017067,0.04592033475637436,0.04038792848587036
416,0.017854340374469757,47.854736328125,0.05334601178765297,0.01768912747502327,47.27257537841797,0.054171692579984665,0.04686761647462845,0.04081018641591072,0.04708447307348251,0.04044489189982414
417,0.017717350274324417,46.85025405883789,0.052721645683050156,0.017786044627428055,46.59718322753906,0.05373084172606468,0.04610743373632431,0.040548019111156464,0.04583144560456276,0.04023876041173935
418,0.01783873327076435,47.117637634277344,0.05288928747177124,0.017643507570028305,46.30552673339844,0.05353999137878418,0.04588612914085388,0.040316369384527206,0.04581581428647041,0.04070277139544487
419,0.01777658611536026,47.59346008300781,0.053185392171144485,0.01760924607515335,46.28428649902344,0.053526025265455246,0.045900411903858185,0.040260639041662216,0.046817559748888016,0.04036125913262367
420,0.0177470576018095,47.31298828125,0.05301036313176155,0.01759212650358677,46.98664855957031,0.05398538336157799,0.04702248424291611,0.040172867476940155,0.04644622653722763,0.040332842618227005
421,0.01771802082657814,46.972206115722656,0.05279747024178505,0.017587529495358467,47.063106536865234,0.054035402834415436,0.04716077446937561,0.04016847163438797,0.04605184122920036,0.040227342396974564
422,0.017762785777449608,47.41965103149414,0.0530766062438488,0.017643680796027184,47.74372482299805,0.05447445437312126,0.04766103997826576,0.040797144174575806,0.04666958004236221,0.04027365893125534
423,0.017720500007271767,46.85581970214844,0.05272338539361954,0.01756107248365879,46.928916931152344,0.05394871160387993,0.0468999408185482,0.04024755209684372,0.04609040915966034,0.03999238461256027
424,0.017832258716225624,47.46098709106445,0.05310051143169403,0.01758582517504692,46.151851654052734,0.05343496426939964,0.045777831226587296,0.04023050516843796,0.04598198086023331,0.041194669902324677
425,0.017687659710645676,46.85648727416992,0.05272125452756882,0.01757575199007988,46.17997360229492,0.05345170944929123,0.04582490399479866,0.04025877267122269,0.04595163092017174,0.04018344357609749
426,0.017735948786139488,47.33233642578125,0.05302002280950546,0.017543097957968712,46.349666595458984,0.0535660982131958,0.046078793704509735,0.04024774581193924,0.04663317650556564,0.040195681154727936
427,0.01773008517920971,47.38829803466797,0.05305509269237518,0.017534028738737106,46.55360412597656,0.05370047688484192,0.04646708443760872,0.040118392556905746,0.04658203572034836,0.0403800830245018
428,0.017659788951277733,46.82536697387695,0.05270105227828026,0.017549224197864532,46.95390319824219,0.05396094545722008,0.04708040505647659,0.04014306515455246,0.04591900110244751,0.04021264612674713
429,0.017759734764695168,47.48851013183594,0.05311466008424759,0.017604520544409752,47.318702697753906,0.0541963055729866,0.04693208262324333,0.04096640273928642,0.04681655764579773,0.04028400033712387
430,0.01763554848730564,46.706729888916016,0.05262467637658119,0.01777910627424717,46.60687255859375,0.05372941493988037,0.046061910688877106,0.040759529918432236,0.04576396197080612,0.0402245856821537
431,0.017769040539860725,47.11996078491211,0.0528838112950325,0.01752304658293724,46.05747985839844,0.053369421511888504,0.04572362080216408,0.040202587842941284,0.045934807509183884,0.0407109409570694
432,0.01766180619597435,47.058815002441406,0.052844345569610596,0.0175060722976923,46.02909469604492,0.053350891917943954,0.04571330174803734,0.04016602039337158,0.04630020260810852,0.04019936919212341
433,0.017680078744888306,47.541786193847656,0.053141672164201736,0.017495285719633102,46.51713943481445,0.05367286875844002,0.04648672789335251,0.040065277367830276,0.046892132610082626,0.04032702371478081
434,0.017620770260691643,46.59502410888672,0.052551787346601486,0.01749732904136181,46.345550537109375,0.05356033891439438,0.04621220380067825,0.04014433175325394,0.045725222676992416,0.04008905962109566
435,0.01766812987625599,46.87763595581055,0.05273095518350601,0.017490487545728683,47.74105453491211,0.054466038942337036,0.04839899763464928,0.04005816578865051,0.04590137302875519,0.04038991779088974
436,0.017757520079612732,47.293182373046875,0.052992165088653564,0.017475079745054245,46.269535064697266,0.05351090058684349,0.04607008770108223,0.04015975818037987,0.04675668850541115,0.04008125141263008
437,0.017601890489459038,46.76683807373047,0.05265798047184944,0.017525598406791687,46.36429977416992,0.0535702109336853,0.04621469974517822,0.04019827023148537,0.045656803995370865,0.04053080826997757
438,0.0176677405834198,47.601924896240234,0.053172241896390915,0.017465922981500626,46.58635330200195,0.053715288639068604,0.04637400433421135,0.04036923125386238,0.04711097851395607,0.040211159735918045
439,0.017569156363606453,46.490745544433594,0.052482545375823975,0.017503025010228157,46.15864562988281,0.05343358963727951,0.045886099338531494,0.0402551107108593,0.04563472047448158,0.040073543787002563
440,0.017648527398705482,46.704681396484375,0.052618276327848434,0.017451053485274315,46.4361572265625,0.053617238998413086,0.046433620154857635,0.04010147601366043,0.04562920704483986,0.04045533388853073
441,0.017665110528469086,47.3425407409668,0.05301686376333237,0.017442939803004265,46.10734558105469,0.05340207740664482,0.04590591415762901,0.04010289907455444,0.046909332275390625,0.040048882365226746
442,0.017567705363035202,46.644508361816406,0.052578166127204895,0.01749274507164955,46.2196044921875,0.05347273126244545,0.04602786898612976,0.04021470621228218,0.04559871181845665,0.040432583540678024
443,0.01763024926185608,46.80913162231445,0.05268377438187599,0.017449375241994858,49.00954055786133,0.055270966142416,0.050381164997816086,0.040045659989118576,0.04601617529988289,0.04020313918590546
444,0.017675191164016724,47.04683303833008,0.05283442884683609,0.017426075413823128,46.26704406738281,0.05350612848997116,0.04618235304951668,0.0400901660323143,0.04659852385520935,0.03991967439651489
445,0.017566043883562088,46.74122619628906,0.05263717845082283,0.01743903011083603,45.982688903808594,0.05331500619649887,0.045742783695459366,0.040165577083826065,0.045559678226709366,0.040683384984731674
446,0.017591388896107674,47.15267562866211,0.052892908453941345,0.017402973026037216,45.85252380371094,0.05322900041937828,0.045622728765010834,0.04007160663604736,0.04656444862484932,0.04019014909863472
447,0.01757996343076229,46.83963394165039,0.05269855260848999,0.017402881756424904,46.7448844909668,0.053815748542547226,0.04702632501721382,0.03999212011694908,0.04620499908924103,0.04006971791386604
448,0.01755543239414692,46.579185485839844,0.05253560468554497,0.017398852854967117,46.66181945800781,0.053761545568704605,0.04691571369767189,0.03999045118689537,0.04584496095776558,0.04006404057145119
449,0.017589474096894264,47.01806640625,0.052810732275247574,0.01741766184568405,47.359764099121094,0.054215047508478165,0.04742521420121193,0.040653031319379807,0.04648865386843681,0.04006925970315933
450,0.017546271905303,46.4228401184082,0.05243561416864395,0.01740872673690319,46.34093475341797,0.05355009809136391,0.046304430812597275,0.04018862918019295,0.04579330235719681,0.039871953427791595
451,0.017642119899392128,47.075321197509766,0.05284491926431656,0.01737162284553051,45.80549240112305,0.053196556866168976,0.04563256725668907,0.04001042991876602,0.04585297405719757,0.0409509614109993
452,0.017548996955156326,46.92998123168945,0.052750300616025925,0.01738857291638851,48.3092041015625,0.0548219159245491,0.049437034875154495,0.03997454792261124,0.04644593968987465,0.03998435661196709
453,0.017516715452075005,46.45527267456055,0.052455104887485504,0.017370769754052162,46.17057800292969,0.05343722552061081,0.04617496207356453,0.04004016891121864,0.04579908028244972,0.03994609788060188
454,0.017544511705636978,46.76844024658203,0.052650775760412216,0.017370039597153664,46.01406478881836,0.053325384855270386,0.045885033905506134,0.04020339623093605,0.04576510190963745,0.04057548567652702
455,0.017552649602293968,46.662391662597656,0.05258435755968094,0.017367307096719742,46.17978286743164,0.05344212427735329,0.04620370268821716,0.04004060849547386,0.04605226591229439,0.0400124229490757
456,0.017546648159623146,46.99805450439453,0.05279535800218582,0.01734713278710842,45.962181091308594,0.053300220519304276,0.04593833535909653,0.039938218891620636,0.046585772186517715,0.039986614137887955
457,0.01748913712799549,46.42829513549805,0.052434828132390976,0.01734698936343193,46.214542388916016,0.053464461117982864,0.04627958685159683,0.040039461106061935,0.04551946371793747,0.040287163108587265
458,0.017577309161424637,47.186031341552734,0.052910659462213516,0.017365414649248123,46.189247131347656,0.053447969257831573,0.04598240926861763,0.04028872027993202,0.04681844264268875,0.040046416223049164
459,0.01746384985744953,46.30914306640625,0.052357614040374756,0.017347460612654686,45.986236572265625,0.05331181734800339,0.045815352350473404,0.04022349789738655,0.04547900706529617,0.04014402627944946
460,0.017525561153888702,46.399757385253906,0.05241524055600166,0.017321115359663963,45.71981430053711,0.053134627640247345,0.04550948739051819,0.04011845961213112,0.045458368957042694,0.04031771421432495
461,0.017507951706647873,47.03956604003906,0.052817363291978836,0.017334746196866035,45.862274169921875,0.05323019251227379,0.04578971862792969,0.03999987244606018,0.046604737639427185,0.04007399454712868
462,0.017503945156931877,46.67325210571289,0.052587103098630905,0.01732022874057293,46.45891571044922,0.053623560816049576,0.046774379909038544,0.039892490953207016,0.046095266938209534,0.04005354642868042
463,0.017469050362706184,46.363075256347656,0.0523914210498333,0.017308447510004044,46.47489547729492,0.053633686155080795,0.046808723360300064,0.039913516491651535,0.045697715133428574,0.04000307619571686
464,0.017533153295516968,46.99187469482422,0.052785664796829224,0.017355846241116524,47.04092025756836,0.0540010966360569,0.04672805219888687,0.0410383939743042,0.0465797521173954,0.04005024954676628
465,0.017453284934163094,46.230735778808594,0.05230573192238808,0.017323339357972145,46.0843620300293,0.053371626883745193,0.04572315886616707,0.04061940684914589,0.04548869654536247,0.040048886090517044
466,0.01752590574324131,46.6175651550293,0.0525500662624836,0.017292190343141556,45.595314025878906,0.053050242364406586,0.0454549714922905,0.03998110070824623,0.04566504433751106,0.04050985723733902
467,0.017445553094148636,46.56278991699219,0.05251375958323479,0.01727483980357647,45.59423828125,0.05304780602455139,0.04549437761306763,0.03995158523321152,0.046030428260564804,0.04000011086463928
468,0.01748444326221943,47.046783447265625,0.05281247943639755,0.01727958396077156,46.36798858642578,0.05356074497103691,0.0466984324157238,0.039849162101745605,0.04661034047603607,0.04013338312506676
469,0.017441613599658012,46.123695373535156,0.05223570019006729,0.017272088676691055,45.89917755126953,0.0532524548470974,0.04596671089529991,0.039927415549755096,0.04547721892595291,0.03987785056233406
470,0.017447426915168762,46.46041488647461,0.05244995653629303,0.01727936789393425,47.49155044555664,0.05429115518927574,0.04843883961439133,0.039858222007751465,0.045784030109643936,0.04013843461871147
471,0.017540698871016502,46.675682067871094,0.05258692800998688,0.017310600727796555,46.138736724853516,0.05341097712516785,0.04608500376343727,0.04018011689186096,0.04634988307952881,0.039815548807382584
472,0.01741114631295204,46.392967224121094,0.052402839064598083,0.017255257815122604,45.72279357910156,0.053133200854063034,0.04567429795861244,0.039997540414333344,0.04537862911820412,0.04053383320569992
473,0.017462199553847313,46.05583190917969,0.0521903857588768,0.017290322110056877,45.572410583496094,0.05303168296813965,0.045403774827718735,0.0400664247572422,0.04532066732645035,0.03997103124856949
474,0.017429914325475693,47.18882751464844,0.0528985857963562,0.017258575186133385,45.66097640991211,0.053091853857040405,0.045630376785993576,0.03992429003119469,0.04694654792547226,0.04002229496836662
475,0.01741299033164978,46.31231689453125,0.05235252156853676,0.017246203497052193,46.27256774902344,0.05349559336900711,0.046615008264780045,0.0398717038333416,0.0457012765109539,0.04000989347696304
476,0.017416229471564293,46.38032150268555,0.05239596217870712,0.01724490337073803,46.610435485839844,0.05371720343828201,0.04713817313313484,0.03984212130308151,0.0459107980132103,0.039885081350803375
477,0.017385907471179962,46.23073959350586,0.05230080708861351,0.017225656658411026,46.17886734008789,0.053433723747730255,0.04649137705564499,0.03987416625022888,0.04567338153719902,0.039929650723934174
478,0.017437493428587914,46.976558685302734,0.052762579172849655,0.017219161614775658,45.43970489501953,0.05294150486588478,0.04536169767379761,0.03988922759890556,0.0461333766579628,0.04071493446826935
479,0.017459601163864136,46.22181701660156,0.052292224019765854,0.0172444935888052,46.5797233581543,0.0536949597299099,0.047152079641819,0.039790909737348557,0.04581531509757042,0.03970335051417351
480,0.017370816320180893,46.23924255371094,0.05230453610420227,0.0172134842723608,46.332252502441406,0.05353393405675888,0.046792369335889816,0.03979102894663811,0.045825324952602386,0.039775051176548004
481,0.017386604100465775,46.193172454833984,0.052274808287620544,0.01720445603132248,46.169620513916016,0.0534258596599102,0.04653318598866463,0.0398358590900898,0.04552992433309555,0.040063485503196716
482,0.01745089888572693,47.0195198059082,0.052793990820646286,0.017259161919355392,45.72531509399414,0.053131576627492905,0.04559122771024704,0.04008292779326439,0.0466872975230217,0.04014969989657402
483,0.017368897795677185,45.96859359741211,0.05212901532649994,0.017191745340824127,45.709312438964844,0.053120207041502,0.04572711139917374,0.040002018213272095,0.04531795158982277,0.03991903364658356
484,0.017376093193888664,46.10655212402344,0.05221820995211601,0.017207497730851173,46.46099090576172,0.05361572280526161,0.047016970813274384,0.03980516269803047,0.04536613076925278,0.040125392377376556
485,0.0174108874052763,46.705650329589844,0.05259693041443825,0.01720769889652729,45.543487548828125,0.05301201343536377,0.04559415206313133,0.03979990631341934,0.046562373638153076,0.03975195065140724
486,0.017340900376439095,46.139896392822266,0.05223648622632027,0.01717899553477764,45.64424133300781,0.053076379001140594,0.04572635143995285,0.03988906368613243,0.04525606706738472,0.0403437539935112
487,0.01735645718872547,46.81233215332031,0.052656661719083786,0.017179563641548157,45.91521072387695,0.053256090730428696,0.04596882686018944,0.04002879187464714,0.046663425862789154,0.039827801287174225
488,0.01734752766788006,45.9160041809082,0.052092961966991425,0.017169209197163582,45.57182693481445,0.05302628129720688,0.045533496886491776,0.04002929478883743,0.045253146439790726,0.039942897856235504
489,0.017356522381305695,46.007442474365234,0.052151694893836975,0.01721067540347576,45.56175994873047,0.053020179271698,0.045593202114105225,0.039911676198244095,0.0452238991856575,0.040157925337553024
490,0.017343422397971153,47.19314193725586,0.05288545787334442,0.017160693183541298,45.55922317504883,0.05301776900887489,0.04553737863898277,0.03989589959383011,0.047112464904785156,0.0399605818092823
491,0.01733868569135666,45.785343170166016,0.052007876336574554,0.01717240735888481,45.441917419433594,0.05293918028473854,0.04542151093482971,0.039924800395965576,0.04521721601486206,0.03976067900657654
492,0.01732867769896984,45.99271011352539,0.052140962332487106,0.017186010256409645,45.75489044189453,0.05314766615629196,0.04596298933029175,0.03983306884765625,0.045237477868795395,0.04014645889401436
493,0.01734510064125061,46.65233612060547,0.05255735293030739,0.01718422956764698,45.885765075683594,0.053234510123729706,0.04587330296635628,0.04013218358159065,0.04650245979428291,0.03979850932955742
494,0.017327334731817245,45.944297790527344,0.05210764333605766,0.017136987298727036,45.526878356933594,0.05299390107393265,0.045490290969610214,0.040050309151411057,0.04520035907626152,0.040112800896167755
495,0.017339125275611877,45.892967224121094,0.05207560211420059,0.017220670357346535,45.36167907714844,0.05288359895348549,0.04529121145606041,0.03994841128587723,0.0451764315366745,0.040049634873867035
496,0.017312029376626015,46.692134857177734,0.052579522132873535,0.01717393845319748,45.42626190185547,0.05292738601565361,0.04547653719782829,0.03983461484313011,0.046471208333969116,0.0399257056415081
497,0.017335394397377968,46.1348991394043,0.05222836881875992,0.01716385968029499,46.11109924316406,0.05338076874613762,0.046612050384283066,0.03972262516617775,0.04568640887737274,0.039876341819763184
498,0.017292549833655357,45.99199676513672,0.05213803052902222,0.01712805964052677,46.22889709472656,0.05345826596021652,0.04682433605194092,0.039705630391836166,0.045550376176834106,0.03980804979801178
499,0.017311370000243187,46.33863067626953,0.05235718563199043,0.01715538091957569,46.802555084228516,0.05383312329649925,0.04683437570929527,0.040756743401288986,0.046150319278240204,0.03970694541931152
500,0.017404207959771156,46.08310317993164,0.05219459906220436,0.017187949270009995,46.49311065673828,0.05362965911626816,0.046166449785232544,0.04098573699593544,0.04561599716544151,0.039875328540802
501,0.01728345826268196,46.13754653930664,0.0522269606590271,0.01709476299583912,45.9938850402832,0.053296126425266266,0.04568394646048546,0.04081344231963158,0.04547668993473053,0.04022052884101868
502,0.017346929758787155,46.09524154663086,0.05220084264874458,0.01712157018482685,45.19426727294922,0.052768342196941376,0.0451836958527565,0.03983079269528389,0.04538494348526001,0.04020698368549347
503,0.0172575730830431,46.03810501098633,0.052163220942020416,0.01710156537592411,45.16874694824219,0.052752334624528885,0.045173197984695435,0.03980160504579544,0.04563344269990921,0.03983690217137337
504,0.01728411763906479,46.722530364990234,0.05258803814649582,0.017084084451198578,45.547584533691406,0.053006477653980255,0.04580876603722572,0.03966391459107399,0.04655646160244942,0.03991091623902321
505,0.01725965179502964,45.65372848510742,0.05191696435213089,0.0170944482088089,45.38835144042969,0.05289926752448082,0.045521996915340424,0.03979402408003807,0.04514583572745323,0.039723388850688934
506,0.01726645790040493,45.81864547729492,0.05202275887131691,0.017114343121647835,45.74297332763672,0.053134046494960785,0.046092309057712555,0.03975716978311539,0.04512253776192665,0.04007480666041374
507,0.01727488450706005,46.49479293823242,0.05245008319616318,0.017109980806708336,45.26543045043945,0.05281873792409897,0.04538508132100105,0.03969013690948486,0.04648778215050697,0.03964507207274437
508,0.01725229248404503,45.86029815673828,0.052046999335289,0.017081620171666145,45.427955627441406,0.05292433872818947,0.045613281428813934,0.039775483310222626,0.04509643465280533,0.04019270837306976
509,0.017243707552552223,46.45521926879883,0.0524204857647419,0.017074909061193466,45.88784408569336,0.053230129182338715,0.04609591141343117,0.03999166563153267,0.046382080763578415,0.03970102220773697
510,0.017274703830480576,45.70663833618164,0.05194775015115738,0.017090147361159325,45.33259201049805,0.05285836383700371,0.04535243660211563,0.03994842618703842,0.0450887493789196,0.039921119809150696
511,0.017253249883651733,45.75297927856445,0.05197766423225403,0.017124058678746223,45.16935729980469,0.05274936184287071,0.04515950754284859,0.039864230901002884,0.045074354857206345,0.040045976638793945
512,0.017239537090063095,46.39892578125,0.05238659679889679,0.01708315685391426,45.22518539428711,0.05278749018907547,0.045322567224502563,0.0397632010281086,0.04620965197682381,0.039842814207077026
513,0.017256956547498703,46.03062057495117,0.05215318873524666,0.017070544883608818,45.8775520324707,0.0532207265496254,0.04642096534371376,0.03963101655244827,0.04568257927894592,0.0398087240755558
514,0.017222048714756966,45.7422981262207,0.05196990445256233,0.017054883763194084,45.89797592163086,0.053233738988637924,0.04645779728889465,0.03965291380882263,0.04531024768948555,0.03975951299071312
515,0.017218250781297684,46.29334259033203,0.05231880769133568,0.017063161358237267,46.349578857421875,0.053529947996139526,0.04631134122610092,0.04065743088722229,0.046190597116947174,0.03970082476735115
516,0.01728810928761959,45.72555160522461,0.051957014948129654,0.017048323526978493,45.47402572631836,0.05294673889875412,0.04523829370737076,0.040456030517816544,0.04508053883910179,0.04001125693321228
517,0.017216995358467102,45.933048248291016,0.05208931490778923,0.017064860090613365,45.02730178833008,0.05265229940414429,0.045069899410009384,0.03974085673689842,0.045302681624889374,0.04014672711491585
518,0.01719488948583603,45.84268569946289,0.05203042924404144,0.017039047554135323,45.16832733154297,0.05274132639169693,0.04533257335424423,0.03974021598696709,0.04547198861837387,0.0397905670106411
519,0.017195705324411392,45.81617736816406,0.052014611661434174,0.01710357330739498,45.63087844848633,0.05305225029587746,0.04576311260461807,0.04007161408662796,0.045524418354034424,0.039680782705545425
520,0.017258742824196815,46.341064453125,0.052348148077726364,0.01704983413219452,45.24860382080078,0.05280192941427231,0.045504990965127945,0.039609394967556,0.04611074924468994,0.03990086168050766
521,0.01720135286450386,45.66554260253906,0.051916588097810745,0.017023252323269844,45.90594482421875,0.053236037492752075,0.04653032869100571,0.03963208571076393,0.04515114799141884,0.039858296513557434
522,0.017202898859977722,46.16020965576172,0.05223267152905464,0.017054857686161995,45.570560455322266,0.053015466779470444,0.04569431021809578,0.039969298988580704,0.046141188591718674,0.03956841677427292
523,0.017234591767191887,45.798316955566406,0.05199722200632095,0.017022060230374336,45.17026138305664,0.05274602398276329,0.04533419758081436,0.039725739508867264,0.044986192137002945,0.040290724486112595
524,0.017173845320940018,46.257972717285156,0.052284058183431625,0.01701541431248188,45.91980743408203,0.05324437469244003,0.04635913297533989,0.039826925843954086,0.046254511922597885,0.0395909883081913
525,0.01720886304974556,45.505775451660156,0.0518110916018486,0.017030011862516403,45.18011474609375,0.052751339972019196,0.04526745527982712,0.039855681359767914,0.04499213770031929,0.03976914659142494
526,0.017192762345075607,45.601871490478516,0.05187269672751427,0.017051149159669876,45.03528594970703,0.052654195576906204,0.04509652033448219,0.03977936506271362,0.044951148331165314,0.04002198576927185
527,0.01718239113688469,46.25876235961914,0.052286602556705475,0.017004800960421562,44.985260009765625,0.052621327340602875,0.04509646072983742,0.03968387469649315,0.04611390456557274,0.03980875760316849
528,0.01717636175453663,45.82644271850586,0.05201435089111328,0.01698821224272251,45.68514633178711,0.05308717489242554,0.04625449329614639,0.039583899080753326,0.045516423881053925,0.039743054658174515
529,0.017160817980766296,45.59968566894531,0.05187024548649788,0.0169858206063509,45.81328201293945,0.05317175015807152,0.04647481068968773,0.039568789303302765,0.045242924243211746,0.03967639431357384
530,0.017138592898845673,45.940494537353516,0.05208703503012657,0.016984017565846443,46.227508544921875,0.053444717079401016,0.04664207249879837,0.04013054817914963,0.045878294855356216,0.03953767940402031
531,0.01719980686903,45.49141311645508,0.05179990082979202,0.01707075536251068,45.55227279663086,0.052999723702669144,0.04601716995239258,0.039600271731615067,0.04532884433865547,0.0393681600689888
532,0.017199944704771042,46.141666412353516,0.05221181362867355,0.016975196078419685,45.03487014770508,0.052653927356004715,0.045288510620594025,0.03955593332648277,0.04512288048863411,0.04083175212144852
533,0.01712675578892231,46.0120964050293,0.052127204835414886,0.016951875761151314,45.4455451965332,0.052927739918231964,0.04583080857992172,0.039646562188863754,0.046061452478170395,0.039447978138923645
534,0.017154553905129433,45.43989562988281,0.051763635128736496,0.0169836338609457,45.12411880493164,0.052710987627506256,0.04529869556427002,0.03976162150502205,0.04490983858704567,0.03981426730751991
535,0.017158519476652145,45.48991775512695,0.05179576575756073,0.01703333668410778,44.916744232177734,0.05256865173578262,0.04491826891899109,0.039844054728746414,0.04488039016723633,0.03995920717716217
536,0.01713290810585022,46.13157272338867,0.052204471081495285,0.017035584896802902,45.15605545043945,0.05273189768195152,0.04540836066007614,0.03965765982866287,0.046050410717725754,0.03970614820718765
537,0.017149973660707474,45.772560119628906,0.05197543278336525,0.016960518434643745,45.66044616699219,0.05306762084364891,0.04630519077181816,0.0395168773829937,0.04551903158426285,0.039694156497716904
538,0.017122512683272362,45.4690055847168,0.05178128927946091,0.016955826431512833,45.52756118774414,0.05297888442873955,0.04607547074556351,0.0395812951028347,0.04506399482488632,0.03971237689256668
539,0.01711275242269039,46.18604278564453,0.05223561078310013,0.016952617093920708,45.80387496948242,0.05316026881337166,0.04570209980010986,0.04052454233169556,0.04615582525730133,0.03970394656062126
540,0.017202431336045265,45.42637252807617,0.051751166582107544,0.016978329047560692,45.064640045166016,0.05266735702753067,0.04513337090611458,0.039895735681056976,0.04485789313912392,0.03986553102731705
541,0.017108922824263573,45.39168930053711,0.05172966048121452,0.016965871676802635,45.00700759887695,0.05263052135705948,0.045215751975774765,0.03967227786779404,0.04481680691242218,0.03989866003394127
542,0.017123879864811897,46.36949920654297,0.05234646424651146,0.016940748319029808,44.970462799072266,0.05260736495256424,0.04510381445288658,0.0396777018904686,0.04651826620101929,0.03958795964717865
543,0.017134977504611015,45.349571228027344,0.051700036972761154,0.01695197820663452,44.96588134765625,0.05260142311453819,0.04512612894177437,0.039723604917526245,0.04480768367648125,0.03981902450323105
544,0.017107879742980003,45.34474563598633,0.05169820040464401,0.016969893127679825,45.385169982910156,0.052881691604852676,0.045869529247283936,0.039591364562511444,0.044825103133916855,0.03981433063745499
545,0.01710297167301178,46.032535552978516,0.05213665962219238,0.01693432778120041,44.93241500854492,0.052581753581762314,0.04517413303256035,0.03955921530723572,0.04614179581403732,0.03947887569665909
546,0.017112957313656807,45.49956130981445,0.05179446563124657,0.016922589391469955,45.002098083496094,0.05262536182999611,0.045292723923921585,0.03959839791059494,0.04479362443089485,0.04013419151306152
547,0.017070898786187172,45.9806022644043,0.05209841579198837,0.01690099947154522,45.39566421508789,0.052888695150613785,0.045730285346508026,0.039756856858730316,0.046063102781772614,0.039473168551921844
548,0.01714632846415043,45.33173370361328,0.051685869693756104,0.016941146925091743,44.93335723876953,0.052577435970306396,0.045079685747623444,0.03974919393658638,0.04478038474917412,0.039836812764406204
549,0.017091648653149605,45.273284912109375,0.05164908245205879,0.016941212117671967,44.952369689941406,0.05259063467383385,0.04517950862646103,0.03966068476438522,0.044740673154592514,0.039813753217458725
550,0.01709592342376709,46.23234176635742,0.05225583165884018,0.01690901629626751,44.851295471191406,0.05252484604716301,0.04502803087234497,0.0395982451736927,0.04642097279429436,0.0395093597471714
551,0.017093461006879807,45.32891082763672,0.051682062447071075,0.016912689432501793,44.904869079589844,0.05255793780088425,0.04512696713209152,0.039651691913604736,0.04474478214979172,0.039906155318021774
552,0.017086105421185493,45.34010314941406,0.0516912117600441,0.016917826607823372,46.41270065307617,0.05355587974190712,0.047601114958524704,0.039465926587581635,0.04499189928174019,0.03963916748762131
553,0.017073918133974075,45.759586334228516,0.05196107178926468,0.01691899076104164,45.120784759521484,0.05270432308316231,0.045431949198246,0.039636578410863876,0.045829229056835175,0.03940299153327942
554,0.017101628705859184,45.54616165161133,0.05181851610541344,0.016884516924619675,44.82703399658203,0.05250486359000206,0.045095883309841156,0.03954959660768509,0.044744424521923065,0.040312692523002625
555,0.017037002369761467,45.929569244384766,0.05206030234694481,0.016860391944646835,45.081695556640625,0.05267665907740593,0.04542145878076553,0.039585478603839874,0.04608405381441116,0.03939332440495491
556,0.01710692048072815,45.20093536376953,0.05159720405936241,0.016899697482585907,44.870113372802734,0.052532099187374115,0.0450669601559639,0.03969147428870201,0.044714730232954025,0.03971980884671211
557,0.01706063374876976,45.20738220214844,0.051602065563201904,0.016891852021217346,45.01963424682617,0.05263260379433632,0.04537343233823776,0.039597924798727036,0.04468325152993202,0.039805468171834946
558,0.017044110223650932,45.97306823730469,0.052089013159275055,0.016862807795405388,44.73530197143555,0.052444327622652054,0.04500044137239456,0.03947919234633446,0.04615376517176628,0.039422355592250824
559,0.01705794595181942,45.330711364746094,0.05167863145470619,0.01687154918909073,44.89118957519531,0.052545852959156036,0.04521878436207771,0.03955141827464104,0.04468681663274765,0.04002483934164047
560,0.017019758000969887,45.77540588378906,0.05195935070514679,0.016858158633112907,45.622833251953125,0.053033772855997086,0.046153608709573746,0.039748530834913254,0.04583800584077835,0.03943880647420883
561,0.017096374183893204,45.21806335449219,0.051605045795440674,0.0168890580534935,44.79872131347656,0.05248128995299339,0.044932667165994644,0.03975187987089157,0.04468268156051636,0.03981459140777588
562,0.01704118214547634,45.23881149291992,0.05161859840154648,0.0168897844851017,44.61721420288086,0.0523570254445076,0.044697780162096024,0.03970140218734741,0.04473734647035599,0.03982740640640259
563,0.01702062599360943,45.66938018798828,0.05189494416117668,0.016888096928596497,44.85968017578125,0.0525224432349205,0.045151833444833755,0.039585571736097336,0.045596469193696976,0.0395820327103138
564,0.017036061733961105,45.60993957519531,0.051855675876140594,0.016828754916787148,45.233009338378906,0.05277327075600624,0.04586247354745865,0.03940960392355919,0.04547420144081116,0.03960229083895683
565,0.0170399472117424,45.15381622314453,0.051562223583459854,0.016860345378518105,45.042686462402344,0.05264418572187424,0.045478206127882004,0.03955145925283432,0.04471658542752266,0.03969018533825874
566,0.016989300027489662,45.94721221923828,0.05206485837697983,0.01684175245463848,45.366859436035156,0.05286011844873428,0.045485738664865494,0.040107179433107376,0.04602538049221039,0.0395645871758461
567,0.01709834486246109,45.12259292602539,0.051539525389671326,0.016883494332432747,44.745452880859375,0.052442703396081924,0.04487800970673561,0.03974131867289543,0.04461229592561722,0.03974105045199394
568,0.01700744591653347,45.099937438964844,0.05152587220072746,0.016851237043738365,44.82538604736328,0.05249772220849991,0.0451601967215538,0.03954312577843666,0.04459364339709282,0.03977396711707115
569,0.017009573057293892,45.858428955078125,0.052009452134370804,0.016827678307890892,44.7172737121582,0.052427027374506,0.04496856406331062,0.039527811110019684,0.0460570752620697,0.039380524307489395
570,0.01703377440571785,45.21864318847656,0.0515989251434803,0.01683681644499302,44.73332595825195,0.05243493244051933,0.045039769262075424,0.03952435776591301,0.04458395391702652,0.03998440504074097
571,0.016991395503282547,45.53138732910156,0.05179716274142265,0.01681482046842575,46.13059997558594,0.0533633828163147,0.04710041731595993,0.03963320702314377,0.045534756034612656,0.03941143676638603
572,0.017041262239217758,45.09947967529297,0.05152260139584541,0.016850285232067108,44.7658576965332,0.052453603595495224,0.04486793279647827,0.03983965888619423,0.04466124624013901,0.03968127444386482
573,0.016997510567307472,45.44961929321289,0.051745932549238205,0.01682158000767231,44.44411087036133,0.05223758891224861,0.04460986703634262,0.039507556706666946,0.04500792175531387,0.03994443640112877
574,0.016985313966870308,45.66878128051758,0.051879070699214935,0.016784939914941788,45.54356002807617,0.05297428369522095,0.046410996466875076,0.039370179176330566,0.045723091810941696,0.03943494334816933
575,0.01699421927332878,44.990638732910156,0.05145019292831421,0.0168213602155447,44.721378326416016,0.05242422968149185,0.04501974210143089,0.03955867886543274,0.04460803419351578,0.039560139179229736
576,0.017010778188705444,45.055702209472656,0.05149177461862564,0.016854101791977882,44.55390548706055,0.0523105226457119,0.044727623462677,0.03959119692444801,0.04449838027358055,0.03983112424612045
577,0.016992423683404922,45.81322479248047,0.05197233334183693,0.016801457852125168,44.49508285522461,0.05227139592170715,0.04472757503390312,0.03947780281305313,0.045812081545591354,0.03963392972946167
578,0.01698443666100502,45.218170166015625,0.051594410091638565,0.016787683591246605,45.194236755371094,0.05273943021893501,0.045888155698776245,0.039392273873090744,0.04499305039644241,0.039524514228105545
579,0.01696373149752617,45.11054992675781,0.05152580142021179,0.016774851828813553,45.3638916015625,0.052852731198072433,0.04618990421295166,0.039356257766485214,0.044851891696453094,0.03951312229037285
580,0.01693618856370449,45.34529495239258,0.05167597904801369,0.01678260788321495,45.62301254272461,0.053025417029857635,0.04625680670142174,0.03974933549761772,0.045394908636808395,0.03929551690816879
581,0.016950706019997597,45.31919860839844,0.051657214760780334,0.016849471256136894,46.48614501953125,0.05358829349279404,0.045763324946165085,0.042021363973617554,0.04513287916779518,0.039577655494213104
582,0.017067860811948776,45.076053619384766,0.051502056419849396,0.016982248052954674,45.27605438232422,0.05278877541422844,0.04548153653740883,0.04008011892437935,0.044789426028728485,0.039513953030109406
583,0.01697358302772045,45.26782989501953,0.05162534862756729,0.01676367036998272,45.08235549926758,0.05266387388110161,0.04577668383717537,0.03933947533369064,0.04455357789993286,0.040194522589445114
584,0.016932813450694084,45.4198112487793,0.05172237753868103,0.016758088022470474,44.70463180541992,0.05241212993860245,0.045127443969249725,0.039398353546857834,0.0456053651869297,0.039199575781822205
585,0.01701599732041359,45.19973373413086,0.05157692730426788,0.0167709793895483,44.52293014526367,0.05228699371218681,0.044859230518341064,0.03941159322857857,0.04446054622530937,0.04015141725540161
586,0.016917165368795395,45.58441925048828,0.05181900039315224,0.01674800179898739,44.84632110595703,0.05250512436032295,0.045257627964019775,0.03949712589383125,0.04576963558793068,0.03928382322192192
587,0.017012204974889755,44.914581298828125,0.05139227211475372,0.01679103635251522,44.52592086791992,0.05228680744767189,0.04476075991988182,0.039560381323099136,0.04442714527249336,0.03966747596859932
588,0.016949480399489403,44.87881088256836,0.051369983702898026,0.016775229945778847,44.69951248168945,0.05240418389439583,0.0451086163520813,0.03946764022111893,0.044404275715351105,0.03967202827334404
589,0.01693170890212059,45.627655029296875,0.051848966628313065,0.016746649518609047,44.43478775024414,0.05222773551940918,0.04474744200706482,0.03937041386961937,0.04586149752140045,0.03928564861416817
590,0.016960078850388527,45.0449104309082,0.051474202424287796,0.01676040142774582,44.57291030883789,0.052318114787340164,0.04495968297123909,0.03940954431891441,0.0444050058722496,0.039965301752090454
591,0.016905825585126877,45.414398193359375,0.05170778930187225,0.016744272783398628,45.32229995727539,0.052820224314928055,0.04595392569899559,0.03958622366189957,0.04551924392580986,0.03929927945137024
592,0.017001455649733543,44.922203063964844,0.0513937808573246,0.016778506338596344,44.47157287597656,0.05224732682108879,0.044659197330474854,0.03960975259542465,0.04439442604780197,0.039741285145282745
593,0.016930939629673958,44.91688919067383,0.05139061063528061,0.016776353120803833,44.30022048950195,0.05212903767824173,0.04441147297620773,0.039589788764715195,0.04445694759488106,0.03970352187752724
594,0.016913026571273804,45.33432388305664,0.051659923046827316,0.016779014840722084,44.570770263671875,0.052314043045043945,0.04491740092635155,0.039475519210100174,0.04529416561126709,0.039470069110393524
595,0.01692456752061844,45.30863952636719,0.05164172127842903,0.01671414263546467,44.90227508544922,0.0525381863117218,0.045574937015771866,0.03928970545530319,0.045212939381599426,0.0394948348402977
596,0.016941679641604424,44.84199142456055,0.05134030058979988,0.01675219088792801,44.687191009521484,0.05239202454686165,0.04514381289482117,0.039437342435121536,0.0444084033370018,0.039608702063560486
597,0.016870329156517982,45.61174392700195,0.05182802304625511,0.016758060082793236,45.135597229003906,0.052691493183374405,0.04537663608789444,0.03994933143258095,0.04573310166597366,0.03942839056253433
598,0.01700570061802864,44.81211853027344,0.0513184554874897,0.016782762482762337,44.41325378417969,0.05220460519194603,0.04455846920609474,0.03964633122086525,0.04431449994444847,0.0396457314491272
599,0.016899865120649338,44.797584533691406,0.05130995437502861,0.016736693680286407,44.44198989868164,0.05222570151090622,0.04478000849485397,0.03942873328924179,0.044311463832855225,0.03968089818954468
600,0.016893185675144196,45.651611328125,0.05185443535447121,0.01670716144144535,44.453346252441406,0.052233994007110596,0.04468568041920662,0.03951353207230568,0.045879513025283813,0.03933101147413254
601,0.016957901418209076,44.816741943359375,0.05131911113858223,0.0167430117726326,44.370487213134766,0.05217574164271355,0.04463578015565872,0.0394771434366703,0.04427732527256012,0.03972114622592926
602,0.016896970570087433,44.73135757446289,0.05126560106873512,0.01672930084168911,45.0740966796875,0.05264824256300926,0.04585680738091469,0.039324481040239334,0.044342704117298126,0.039520226418972015
603,0.016868431121110916,45.34469985961914,0.0516616553068161,0.016711954027414322,44.441104888916016,0.05222537741065025,0.044798485934734344,0.03938189521431923,0.04553816467523575,0.03922693431377411
604,0.016938593238592148,44.993099212646484,0.05143081024289131,0.01670772023499012,44.413909912109375,0.05220463126897812,0.04482036083936691,0.03933976963162422,0.04427037015557289,0.040070027112960815
605,0.01685238443315029,45.317893981933594,0.0516369566321373,0.016686391085386276,44.702396392822266,0.05239924043416977,0.0451555959880352,0.039443276822566986,0.04550649970769882,0.039189279079437256
606,0.016962703317403793,44.77335739135742,0.05128788575530052,0.016723645851016045,44.334739685058594,0.05214918032288551,0.04460183531045914,0.03947625309228897,0.04423746466636658,0.03969811275601387
607,0.01688174530863762,44.65691375732422,0.051213737577199936,0.016704559326171875,44.7408561706543,0.05242316797375679,0.045328326523303986,0.03936750814318657,0.04423275962471962,0.039533115923404694
608,0.016851095482707024,45.39448547363281,0.051688287407159805,0.01669011451303959,44.23580551147461,0.052084095776081085,0.04458387941122055,0.03928112983703613,0.04563366249203682,0.03921438381075859
609,0.016909046098589897,44.88663101196289,0.051359523087739944,0.016693968325853348,44.40712356567383,0.052197523415088654,0.044842373579740524,0.039321426302194595,0.044218458235263824,0.03996073082089424
610,0.016835419461131096,45.255245208740234,0.05159319192171097,0.016676777973771095,44.78593826293945,0.05245274677872658,0.045267462730407715,0.039487630128860474,0.04541923105716705,0.03919675573706627
611,0.016957899555563927,44.75480270385742,0.05127203091979027,0.01671198196709156,44.257999420166016,0.05209488421678543,0.04450944811105728,0.03945935145020485,0.04418233782052994,0.03974083065986633
612,0.016864508390426636,44.58521270751953,0.05116354674100876,0.016696620732545853,44.55179214477539,0.05229351297020912,0.04504602402448654,0.03937184810638428,0.04416464641690254,0.03949714079499245
613,0.01684151589870453,45.37733840942383,0.051672738045454025,0.016673443838953972,44.16453170776367,0.0520334355533123,0.04450013488531113,0.039266280829906464,0.04562683403491974,0.039201878011226654
614,0.01688893884420395,44.824405670166016,0.051315613090991974,0.01668134704232216,44.3544921875,0.05215948447585106,0.044788893312215805,0.03930576518177986,0.044165339320898056,0.03992389515042305
615,0.016820650547742844,45.17570114135742,0.05153791606426239,0.01666576787829399,44.8972282409668,0.05252472683787346,0.04547097533941269,0.03947479650378227,0.04531429708003998,0.03919054567813873
616,0.016945499926805496,44.70363998413086,0.05123533308506012,0.016701621934771538,44.200469970703125,0.05205264315009117,0.04443084076046944,0.039463382214307785,0.04413308948278427,0.0397191159427166
617,0.01685347594320774,44.55631637573242,0.0511406734585762,0.016701500862836838,44.11971664428711,0.05199745297431946,0.04431145265698433,0.03945967182517052,0.04410254955291748,0.03953331336379051
618,0.016852423548698425,45.34679412841797,0.051647163927555084,0.01667163521051407,44.108795166015625,0.0519900918006897,0.044379688799381256,0.03934871405363083,0.045340582728385925,0.039505016058683395
619,0.016849614679813385,44.846248626708984,0.051326099783182144,0.016644420102238655,44.80371856689453,0.052458617836236954,0.0455705001950264,0.0392325259745121,0.04463536664843559,0.03941177576780319
620,0.016838092356920242,44.65320587158203,0.05120183154940605,0.016643721610307693,44.838985443115234,0.0524815134704113,0.045633893460035324,0.039234090596437454,0.04435005038976669,0.0394110232591629
621,0.01679433323442936,45.04482650756836,0.05145302414894104,0.016678186133503914,45.139381408691406,0.0526825413107872,0.045579198747873306,0.03983701020479202,0.04515805467963219,0.03917194902896881
622,0.016964154317975044,44.62663650512695,0.051182378083467484,0.016834408044815063,44.83900833129883,0.05247058719396591,0.04427943378686905,0.040966808795928955,0.044170599430799484,0.039561547338962555
623,0.01680660806596279,44.95158004760742,0.05139356479048729,0.016628196462988853,44.19477081298828,0.052047375589609146,0.04464729502797127,0.03919927403330803,0.044405218213796616,0.03993909806013107
624,0.016789907589554787,45.08615493774414,0.05147507041692734,0.016626963391900063,44.52212905883789,0.05226826295256615,0.04497974365949631,0.03939662501215935,0.04524849355220795,0.03913351520895958
625,0.016902422532439232,44.63401794433594,0.05118294805288315,0.016670046374201775,44.08328628540039,0.051968932151794434,0.04435848444700241,0.039352696388959885,0.04401641711592674,0.03975510597229004
626,0.016826778650283813,44.42878723144531,0.051051557064056396,0.016659025102853775,44.600582122802734,0.052318282425403595,0.04524451866745949,0.039269495755434036,0.044025275856256485,0.039405155926942825
627,0.016789119690656662,45.205142974853516,0.05155238136649132,0.016640901565551758,44.006004333496094,0.05191780999302864,0.044346023350954056,0.039204951375722885,0.045455362647771835,0.03913521021604538
628,0.016859745606780052,44.70450210571289,0.051227740943431854,0.016635846346616745,44.214927673339844,0.052057620137929916,0.04467272758483887,0.03923189640045166,0.04401099309325218,0.03991898149251938
629,0.01677745021879673,45.041316986083984,0.05144105851650238,0.01661691442131996,44.56925582885742,0.05229656770825386,0.0450565442442894,0.03940897062420845,0.04519704729318619,0.039121873676776886
630,0.01691034808754921,44.57024002075195,0.05113789811730385,0.016655130311846733,44.035770416259766,0.051933664828538895,0.04429030418395996,0.0393654890358448,0.04396272078156471,0.03970697149634361
631,0.01680794358253479,44.378116607666016,0.05101452022790909,0.016642777249217033,44.29109191894531,0.05210684984922409,0.04474508762359619,0.039309315383434296,0.04394368454813957,0.039424363523721695
632,0.016789883375167847,45.17851257324219,0.05153029039502144,0.01661643758416176,43.95642852783203,0.05188141390681267,0.04427891969680786,0.03920435160398483,0.04542616754770279,0.039126764982938766
633,0.016833534464240074,44.63496017456055,0.051178254187107086,0.016624437645077705,44.1392822265625,0.05200309678912163,0.04456762224435806,0.03923148661851883,0.043947137892246246,0.03987953066825867
634,0.016765685752034187,44.92930221557617,0.051364216953516006,0.016608359292149544,44.84794235229492,0.052480101585388184,0.04554716870188713,0.03937241807579994,0.04502983018755913,0.03912769630551338
635,0.01688847877085209,44.505157470703125,0.05109211429953575,0.01664591394364834,43.99079895019531,0.05189971998333931,0.044199515134096146,0.03941052034497261,0.04391758516430855,0.039658017456531525
636,0.01679893583059311,44.444644927978516,0.05105321481823921,0.016649723052978516,43.83503341674805,0.05179103836417198,0.04393824562430382,0.03942904248833656,0.04397827386856079,0.03952218219637871
637,0.016785312443971634,44.882896423339844,0.051337830722332,0.01664694771170616,44.13135528564453,0.05199430137872696,0.0444832481443882,0.03933355584740639,0.044824231415987015,0.03933006525039673
638,0.016788676381111145,44.86720657348633,0.05132507160305977,0.016580676659941673,44.46827697753906,0.052222706377506256,0.045175518840551376,0.03913009539246559,0.0447407066822052,0.039372969418764114
639,0.016815952956676483,44.39247512817383,0.051016915589571,0.016621174290776253,44.192100524902344,0.052034832537174225,0.04462799057364464,0.03928771987557411,0.043917927891016006,0.03948015347123146
640,0.01673552580177784,45.010101318359375,0.0514100007712841,0.01667097769677639,45.53913879394531,0.05293574556708336,0.04645586386322975,0.03960872069001198,0.045038189738988876,0.03928625211119652
641,0.016873877495527267,44.35184860229492,0.05098886787891388,0.016686806455254555,44.043296813964844,0.05192956700921059,0.04405888542532921,0.03971359506249428,0.043897274881601334,0.03941359370946884
642,0.016767727211117744,44.604652404785156,0.051153019070625305,0.016590604558587074,43.81391906738281,0.051776546984910965,0.04408848658204079,0.03922060877084732,0.04407734423875809,0.039727989584207535
643,0.016740459948778152,45.094322204589844,0.05145636945962906,0.016576513648033142,44.43929672241211,0.052199941128492355,0.04504559561610222,0.03921778127551079,0.045216165482997894,0.03920353204011917
644,0.01682199537754059,44.28029251098633,0.0509389266371727,0.01663029007613659,43.87981033325195,0.05181887373328209,0.04408184811472893,0.03936506062746048,0.04379463568329811,0.03941365331411362
645,0.016780002042651176,44.335594177246094,0.05097537487745285,0.01660137064754963,43.94301223754883,0.05186242237687111,0.04427000507712364,0.039261121302843094,0.04378544166684151,0.0395628958940506
646,0.01674663834273815,45.19756317138672,0.05152556672692299,0.016562165692448616,43.92618942260742,0.051851216703653336,0.04414374753832817,0.03933463618159294,0.045406389981508255,0.03918270766735077
647,0.01684335246682167,44.3072624206543,0.05095342546701431,0.01661580614745617,43.82929611206055,0.05178268626332283,0.04403580352663994,0.03933043032884598,0.04373127967119217,0.03953570872545242
648,0.016756108030676842,44.242130279541016,0.05091231316328049,0.016590697690844536,44.22392654418945,0.05205113813281059,0.04477081447839737,0.039202529937028885,0.04376361146569252,0.039420921355485916
649,0.016734354197978973,44.89962387084961,0.05133850872516632,0.016568386927247047,44.04871368408203,0.05193284526467323,0.04427304491400719,0.03942747041583061,0.04507076367735863,0.03908056765794754
650,0.01682405360043049,44.482120513916016,0.05106299743056297,0.016577649861574173,43.85874557495117,0.05180198699235916,0.04419049993157387,0.0392039529979229,0.043712373822927475,0.03988770395517349
651,0.016717413440346718,44.58116149902344,0.0511261411011219,0.016553109511733055,45.29048156738281,0.052764084190130234,0.04646419733762741,0.03920501470565796,0.04457349702715874,0.039071790874004364
652,0.01681365631520748,44.29353713989258,0.050941646099090576,0.016602111980319023,43.8999137878418,0.05182669684290886,0.04404289275407791,0.039486877620220184,0.043782446533441544,0.03947383165359497
653,0.01673847995698452,44.59825897216797,0.051137775182724,0.01656445860862732,43.599609375,0.051622144877910614,0.04377221688628197,0.03921585530042648,0.04416278749704361,0.03963165730237961
654,0.016718722879886627,44.75926208496094,0.05123519524931908,0.01653118059039116,44.770450592041016,0.052414536476135254,0.045769065618515015,0.039055682718753815,0.04476452246308327,0.039165008813142776
655,0.016759421676397324,44.18141174316406,0.0508657805621624,0.016577493399381638,43.865814208984375,0.05180289223790169,0.044159263372421265,0.03927735239267349,0.04371703788638115,0.03935318812727928
656,0.016769884154200554,44.266910552978516,0.050920672714710236,0.016607431694865227,43.60501480102539,0.05162188783288002,0.043683893978595734,0.03934697061777115,0.04366090148687363,0.039596378803253174
657,0.016732603311538696,44.68010330200195,0.05118948593735695,0.016589300706982613,43.868247985839844,0.051802851259708405,0.044176507741212845,0.03925396874547005,0.0446181520819664,0.03923792019486427
658,0.016731884330511093,44.619598388671875,0.0511472187936306,0.016525670886039734,44.26797103881836,0.05207471176981926,0.0449804849922657,0.039052050560712814,0.04442593827843666,0.03932682424783707
659,0.01675513945519924,44.16128921508789,0.05084918811917305,0.0165632963180542,43.983909606933594,0.05188087746500969,0.04441184923052788,0.039206694811582565,0.04366043582558632,0.039390988647937775
660,0.016686830669641495,44.647056579589844,0.05116121843457222,0.016588741913437843,45.89057922363281,0.053153786808252335,0.04729694128036499,0.03936406597495079,0.04454537481069565,0.03925019130110741
661,0.016764217987656593,44.099552154541016,0.05080835521221161,0.01664179190993309,43.94214630126953,0.05184922739863396,0.04414268583059311,0.03945174813270569,0.04386364668607712,0.03903195634484291
662,0.016747213900089264,44.61298751831055,0.05114172026515007,0.016520747914910316,43.6865234375,0.05167729780077934,0.04404178634285927,0.03907206282019615,0.04388602823019028,0.03999872878193855
663,0.016678689047694206,44.628726959228516,0.05114428699016571,0.016511430963873863,44.13275146484375,0.051980216056108475,0.04467738792300224,0.039150070399045944,0.04469588026404381,0.03902171179652214
664,0.016783826053142548,44.15290451049805,0.050837837159633636,0.016563814133405685,43.64188003540039,0.05164379999041557,0.0438404381275177,0.0392410084605217,0.04350204020738602,0.039550576359033585
665,0.016724376007914543,44.05961227416992,0.0507773756980896,0.016580838710069656,43.5252685546875,0.05156220868229866,0.04360237717628479,0.03931216523051262,0.04350389167666435,0.03941258415579796
666,0.016715819016098976,44.661582946777344,0.05116854980587959,0.0165660809725523,43.686763763427734,0.05167275667190552,0.04393548145890236,0.0392114520072937,0.04456678777933121,0.03927446901798248
667,0.01671735569834709,44.448917388916016,0.051028087735176086,0.01650577411055565,44.21064758300781,0.05202934890985489,0.044940728694200516,0.03902143985033035,0.04419020935893059,0.03929966315627098
668,0.016718538478016853,44.06025314331055,0.050775233656167984,0.01653032936155796,43.97523880004883,0.051868826150894165,0.044473160058259964,0.03914221003651619,0.04356977343559265,0.039324987679719925
669,0.01664949208498001,44.66326141357422,0.05116108059883118,0.016571952030062675,44.77956771850586,0.052409857511520386,0.045360464602708817,0.03958321362733841,0.0446552075445652,0.039154957979917526
670,0.01682809554040432,44.05207061767578,0.05076717212796211,0.01660827174782753,43.7188835144043,0.051687728613615036,0.04356605187058449,0.039762381464242935,0.04343024268746376,0.039445292204618454
671,0.016664795577526093,44.22784423828125,0.05088268220424652,0.01650269702076912,43.51325607299805,0.05155184492468834,0.043768368661403656,0.03909539803862572,0.04367029294371605,0.03956126794219017
672,0.01665358804166317,44.74588394165039,0.05120568349957466,0.01649557612836361,44.083553314208984,0.05193920060992241,0.044614870101213455,0.039143387228250504,0.044795092195272446,0.039114248007535934
673,0.01675029844045639,43.95771789550781,0.05070217326283455,0.01655161939561367,43.5123405456543,0.051548153162002563,0.04361870884895325,0.03928235173225403,0.04336000978946686,0.039366137236356735
674,0.016690175980329514,43.995201110839844,0.05072719603776932,0.016521092504262924,43.55784225463867,0.05157977342605591,0.043793581426143646,0.039160873740911484,0.0433780774474144,0.039454925805330276
675,0.016643252223730087,44.9082145690918,0.05130089446902275,0.016523001715540886,44.28656768798828,0.052073121070861816,0.044895026832818985,0.03919278830289841,0.04496718943119049,0.039198677986860275
676,0.01674310676753521,43.85906219482422,0.050634875893592834,0.016571540385484695,43.47439956665039,0.05151877924799919,0.04351366311311722,0.039336901158094406,0.04331880062818527,0.03922976180911064
677,0.016680996865034103,43.98992919921875,0.05072125047445297,0.016495980322360992,43.65515899658203,0.051644496619701385,0.04401788488030434,0.03908642753958702,0.04334728419780731,0.03948424756526947
678,0.01663908176124096,44.66824722290039,0.05115538835525513,0.016478197649121284,43.73368453979492,0.051697053015232086,0.04389538988471031,0.03934068605303764,0.0447540245950222,0.03904479369521141
679,0.016779489815235138,43.99387741088867,0.050718944519758224,0.016520747914910316,43.40782165527344,0.05147213488817215,0.043512631207704544,0.039214570075273514,0.04323934391140938,0.03956528753042221
680,0.016655651852488518,43.82196807861328,0.05060814321041107,0.0165004450827837,43.78756332397461,0.051731936633586884,0.04422787204384804,0.03910084813833237,0.04328015819191933,0.03925187140703201
681,0.016649262979626656,44.54365158081055,0.05107806995511055,0.016486700624227524,43.55461502075195,0.05157310888171196,0.0436733104288578,0.0392664335668087,0.04464815929532051,0.03897105157375336
682,0.016733046621084213,44.100887298583984,0.05078501999378204,0.016491606831550598,43.4475212097168,0.0514984205365181,0.04368727654218674,0.03908305987715721,0.04321744292974472,0.03980289399623871
683,0.016637975350022316,44.07577133178711,0.05076901614665985,0.016456445679068565,45.15749740600586,0.05265093967318535,0.046521734446287155,0.039005935192108154,0.04389730840921402,0.03898140415549278
684,0.016700828447937965,43.91938400268555,0.050668250769376755,0.01651843823492527,43.67485427856445,0.05165017768740654,0.04380587488412857,0.03941065073013306,0.043456923216581345,0.039207931607961655
685,0.016649698838591576,44.35551834106445,0.05095116049051285,0.016460763290524483,43.260353088378906,0.0513671338558197,0.0434245765209198,0.03903732821345329,0.04376417025923729,0.03969603404402733
686,0.01662243716418743,44.213531494140625,0.05085282400250435,0.01644090935587883,44.29761505126953,0.05207255855202675,0.04518643394112587,0.03894612193107605,0.044091783463954926,0.0389997735619545
687,0.01669124700129032,43.83686065673828,0.05060983821749687,0.01649380289018154,43.45047378540039,0.0514952726662159,0.04363243654370308,0.03917047753930092,0.04319072887301445,0.03936195746064186
688,0.016677334904670715,44.02247619628906,0.05072980001568794,0.016518905758857727,43.223575592041016,0.05133361741900444,0.04323625564575195,0.03921797126531601,0.04341349005699158,0.03947315365076065
689,0.016634542495012283,43.935508728027344,0.050674427300691605,0.016541438177227974,43.68813705444336,0.05165468901395798,0.04395054653286934,0.039249785244464874,0.04361937940120697,0.03907841444015503
690,0.016637463122606277,44.37649154663086,0.05096149072051048,0.01644994132220745,43.42522048950195,0.051477812230587006,0.04375682398676872,0.03895634412765503,0.0442572720348835,0.03912608325481415
691,0.016687430441379547,43.85789489746094,0.05061903968453407,0.016478214412927628,43.41838073730469,0.051470499485731125,0.043659988790750504,0.03907617926597595,0.04306575655937195,0.03955065831542015
692,0.016596883535385132,44.41616439819336,0.050972674041986465,0.016455402597784996,44.221534729003906,0.052015483379364014,0.04485854506492615,0.039175182580947876,0.044388335198163986,0.039016399532556534
693,0.01671716198325157,43.73929214477539,0.05053877830505371,0.016498597338795662,43.26542663574219,0.051361989229917526,0.04324868321418762,0.03928316384553909,0.04303135350346565,0.039353787899017334
694,0.016621960327029228,43.76585388183594,0.05055669695138931,0.01646221987903118,43.20512008666992,0.05132123455405235,0.043297071009874344,0.03910725936293602,0.04309447854757309,0.03938046842813492
695,0.016636425629258156,44.14657211303711,0.05080090090632439,0.016500702127814293,43.053585052490234,0.05121288076043129,0.043050121515989304,0.03909747675061226,0.04377199336886406,0.03929184377193451
696,0.01666010171175003,44.28994369506836,0.05089041590690613,0.016421794891357422,43.630191802978516,0.05161094292998314,0.04411207512021065,0.038949672132730484,0.04405277967453003,0.03917042165994644
697,0.016608959063887596,43.60958480834961,0.05045038461685181,0.016442900523543358,43.3975944519043,0.05145123600959778,0.04364955425262451,0.03906917944550514,0.043048638850450516,0.03912339359521866
698,0.016646740958094597,43.7036247253418,0.050511445850133896,0.016468595713377,43.24746322631836,0.05134708061814308,0.04335620999336243,0.03912343829870224,0.04291735962033272,0.03945804014801979
699,0.016644876450300217,44.36504364013672,0.05093318223953247,0.016479043290019035,42.98810958862305,0.051163461059331894,0.0429963544011116,0.03903115540742874,0.04409955441951752,0.03929513692855835
700,0.016648907214403152,43.91843795776367,0.05064776539802551,0.01644085720181465,43.68822479248047,0.05164629966020584,0.04414426535367966,0.039047855883836746,0.04353446140885353,0.03910353407263756
701,0.016587091609835625,43.67738342285156,0.05049118772149086,0.016413038596510887,43.73302459716797,0.05167707800865173,0.0442969873547554,0.03896503895521164,0.04315442964434624,0.03913494199514389
702,0.016596179455518723,43.848854064941406,0.0506029948592186,0.01639791764318943,44.44611740112305,0.05215858668088913,0.04552604630589485,0.03888087719678879,0.04339355230331421,0.0391748808324337
703,0.016570420935750008,44.020721435546875,0.05071401968598366,0.016450412571430206,44.020050048828125,0.051868777722120285,0.04381696134805679,0.04004755988717079,0.04390021786093712,0.03890284150838852
704,0.016666298732161522,43.5003547668457,0.050371795892715454,0.016741713508963585,43.78909683227539,0.05170780420303345,0.04369306564331055,0.03974387049674988,0.04309729486703873,0.03885291889309883
705,0.016645492985844612,44.135101318359375,0.050786253064870834,0.016391651704907417,43.51710510253906,0.051527559757232666,0.044016361236572266,0.03886524215340614,0.043019313365221024,0.040153611451387405
706,0.016553867608308792,43.963619232177734,0.05067158862948418,0.01639571599662304,43.392330169677734,0.051441412419080734,0.04373456910252571,0.03894209861755371,0.04389718919992447,0.03878810629248619
707,0.016663948073983192,43.72531509399414,0.0505136214196682,0.016420509666204453,43.03434371948242,0.051193319261074066,0.04312378540635109,0.03898916393518448,0.04276541620492935,0.03964845836162567
708,0.01660754345357418,43.39409255981445,0.05029695853590965,0.01648305170238018,43.01667404174805,0.051178496330976486,0.04294130206108093,0.039175014942884445,0.042735569179058075,0.039094533771276474
709,0.016612783074378967,44.268680572509766,0.05086759105324745,0.016464190557599068,43.06957244873047,0.0512138269841671,0.04310227558016777,0.039076220244169235,0.04409298673272133,0.039130400866270065
710,0.016613848507404327,43.77656936645508,0.05054570361971855,0.01640431210398674,43.615631103515625,0.051588959991931915,0.04415806755423546,0.038906924426555634,0.0432201512157917,0.03922637552022934
711,0.01657724194228649,43.56120681762695,0.050404082983732224,0.016387300565838814,43.75364303588867,0.05168202146887779,0.04440520331263542,0.0388970710337162,0.04298793151974678,0.03911317512392998
712,0.016536682844161987,43.8996696472168,0.050623320043087006,0.01639234833419323,43.85664367675781,0.05175204202532768,0.04428858682513237,0.039204251021146774,0.043745748698711395,0.03885737434029579
713,0.01674538105726242,43.67644119262695,0.05047456920146942,0.016409043222665787,43.09511184692383,0.051222797483205795,0.042727913707494736,0.03963986411690712,0.04263564571738243,0.039698902517557144
714,0.01650657132267952,43.686363220214844,0.050484172999858856,0.016369445249438286,42.99798583984375,0.051162924617528915,0.04316335916519165,0.0388796404004097,0.04317740350961685,0.03916478902101517
715,0.01653715781867504,44.01459884643555,0.05068909376859665,0.016370562836527824,43.81203079223633,0.05171807482838631,0.04444554075598717,0.03893909975886345,0.04382222518324852,0.03896445035934448
716,0.01662920042872429,43.43245315551758,0.05031212791800499,0.01641734130680561,42.92919921875,0.05111115798354149,0.04285662621259689,0.0391249880194664,0.042609162628650665,0.03929328918457031
717,0.016561288386583328,43.559791564941406,0.05039601027965546,0.016404034569859505,42.79024887084961,0.05101419612765312,0.042711395770311356,0.03902332857251167,0.04284198582172394,0.03930682688951492
718,0.016566438600420952,43.60274124145508,0.050422798842191696,0.016452189534902573,42.78703308105469,0.051009707152843475,0.04265254735946655,0.03907931596040726,0.043101612478494644,0.03908347338438034
719,0.016620568931102753,44.2988166809082,0.050863757729530334,0.01635160483419895,43.257476806640625,0.051335014402866364,0.043624140322208405,0.03883318230509758,0.04401111230254173,0.0392303504049778
720,0.016538700088858604,43.21961212158203,0.050167810171842575,0.016384683549404144,42.904911041259766,0.05109167844057083,0.042919475585222244,0.03900910168886185,0.04258356988430023,0.03894319012761116
721,0.016572553664445877,43.4362678527832,0.050310973078012466,0.01636974699795246,43.208499908447266,0.05130035802721977,0.04349435120820999,0.038927700370550156,0.04257114976644516,0.0393763892352581
722,0.016537006944417953,43.91575622558594,0.05062412843108177,0.01637142337858677,42.88302993774414,0.0510764941573143,0.04292282089591026,0.03892220929265022,0.04388531669974327,0.03873066231608391
723,0.016631698235869408,43.54338455200195,0.05037691816687584,0.016366062685847282,42.8607063293457,0.0510592982172966,0.04293477162718773,0.038897182792425156,0.04248305782675743,0.03964537754654884
724,0.016544796526432037,43.37885665893555,0.05026956647634506,0.016351327300071716,44.691375732421875,0.05230181664228439,0.046054642647504807,0.03879470378160477,0.04288443550467491,0.03890148550271988
725,0.016506806015968323,43.59897232055664,0.050415512174367905,0.01636163704097271,43.21916198730469,0.05130555108189583,0.04344693571329117,0.03897947445511818,0.0434829443693161,0.038626182824373245
726,0.0166443083435297,43.7542724609375,0.05051121115684509,0.016337228938937187,42.765647888183594,0.05099111795425415,0.04282623901963234,0.03884301707148552,0.042486973106861115,0.040039174258708954
727,0.0164959616959095,43.713565826416016,0.05047760531306267,0.016335632652044296,43.860774993896484,0.051739614456892014,0.04466918110847473,0.03880176320672035,0.04356107860803604,0.03871969133615494
728,0.016598399728536606,43.263885498046875,0.05018813908100128,0.01637265272438526,42.83272933959961,0.05103401094675064,0.042751919478178024,0.03908328339457512,0.04244333878159523,0.03917808458209038
729,0.016540300101041794,43.36370086669922,0.05025365576148033,0.016370492056012154,42.63229751586914,0.05089349299669266,0.042463939636945724,0.039028577506542206,0.04255879670381546,0.03927633538842201
730,0.0165290217846632,43.51237869262695,0.05035128444433212,0.016396308317780495,42.791015625,0.051002491265535355,0.042673464864492416,0.039083875715732574,0.04305648058652878,0.03898032009601593
731,0.01654759980738163,43.96205520629883,0.05064111948013306,0.016326721757650375,42.77729797363281,0.05099442973732948,0.04289449006319046,0.03877244144678116,0.04359528794884682,0.03914512321352959
732,0.016557659953832626,43.14066696166992,0.050102271139621735,0.016362037509679794,42.82054138183594,0.05102236941456795,0.04281521216034889,0.03898464888334274,0.042344868183135986,0.039071690291166306
733,0.016535844653844833,43.283695220947266,0.05019615963101387,0.016369720920920372,42.58359146118164,0.05085531622171402,0.04237819090485573,0.03903937339782715,0.04239240288734436,0.03931861370801926
734,0.01652694121003151,43.564388275146484,0.05038180202245712,0.016397131606936455,42.85517501831055,0.05104285478591919,0.042800456285476685,0.03906410560011864,0.0431857630610466,0.038924627006053925
735,0.016539841890335083,43.77981185913086,0.05051833763718605,0.016311947256326675,42.9372673034668,0.05110125616192818,0.043195392936468124,0.03874639421701431,0.043321408331394196,0.03913044556975365
736,0.016538603231310844,43.11431121826172,0.05008033663034439,0.016340073198080063,42.821231842041016,0.051019247621297836,0.04285462573170662,0.03895046189427376,0.042290642857551575,0.03909322991967201
737,0.016526656225323677,43.297523498535156,0.05020039528608322,0.016359716653823853,42.56159973144531,0.05083296820521355,0.04234672710299492,0.039052147418260574,0.042428743094205856,0.039309922605752945
738,0.01651170291006565,43.429832458496094,0.05028954893350601,0.01642720215022564,43.11843490600586,0.05121972784399986,0.04319959506392479,0.03911486640572548,0.04302595928311348,0.038861293345689774
739,0.016517067328095436,43.71268844604492,0.050471819937229156,0.016303274780511856,42.86610794067383,0.051048267632722855,0.04308817535638809,0.038737691938877106,0.04328674077987671,0.03906115144491196
740,0.016542354598641396,43.115234375,0.05007612332701683,0.01632825843989849,42.71625900268555,0.050942666828632355,0.04270673543214798,0.03892168030142784,0.042188432067632675,0.039214909076690674
741,0.016505766659975052,43.27603530883789,0.05018140748143196,0.016342835500836372,42.55637741088867,0.050823815166950226,0.042361386120319366,0.039038073271512985,0.0424853190779686,0.03921464830636978
742,0.016507310792803764,43.299163818359375,0.05019893869757652,0.016452286392450333,43.30924987792969,0.05134657770395279,0.04347466677427292,0.039171814918518066,0.042822740972042084,0.038855839520692825
743,0.01650068163871765,43.640193939208984,0.050421591848134995,0.01629447564482689,42.7715950012207,0.050979699939489365,0.042948924005031586,0.03872501105070114,0.04325028508901596,0.0389830581843853
744,0.01653488725423813,43.118019104003906,0.05007326602935791,0.016313161700963974,42.642433166503906,0.05088802054524422,0.04262906312942505,0.03887348622083664,0.042108308523893356,0.03931787237524986
745,0.01649361662566662,43.186378479003906,0.05011814832687378,0.01632954366505146,42.72826385498047,0.050934989005327225,0.042630892246961594,0.0390927754342556,0.04242873564362526,0.03911861777305603
746,0.016515104100108147,43.382659912109375,0.050249580293893814,0.016471903771162033,43.39537811279297,0.051400572061538696,0.04360905662178993,0.03918159008026123,0.042954687029123306,0.038855090737342834
747,0.016482507809996605,43.48301315307617,0.05031228065490723,0.016278108581900597,43.02676773071289,0.05115114897489548,0.043418191373348236,0.03868952766060829,0.04296978563070297,0.039019640535116196
748,0.0165131576359272,43.02461242675781,0.050007302314043045,0.016298677772283554,42.64537811279297,0.05088602378964424,0.042636673897504807,0.03888098523020744,0.04206711798906326,0.0391983799636364
749,0.016478419303894043,43.321598052978516,0.05020107701420784,0.01630592718720436,42.41389465332031,0.05071740597486496,0.04222102090716362,0.0389312282204628,0.04259846359491348,0.03918485343456268
750,0.01650620624423027,43.14851760864258,0.050089530646800995,0.016403382644057274,44.03342056274414,0.05183061584830284,0.04479091241955757,0.03907456248998642,0.042587436735630035,0.0388457253575325
751,0.01644936390221119,43.36241912841797,0.050230059772729874,0.01626703515648842,42.88747787475586,0.05105176940560341,0.04320850968360901,0.038673341274261475,0.042946137487888336,0.0388372465968132
752,0.01651771180331707,43.080745697021484,0.05003930628299713,0.016287047415971756,42.398738861083984,0.05071094632148743,0.04226057976484299,0.03884126618504524,0.04196637496352196,0.03942545875906944
753,0.016456803306937218,43.23881149291992,0.050142668187618256,0.016311073675751686,42.29037857055664,0.05063226446509361,0.04203484207391739,0.03888974338769913,0.042687807232141495,0.03892800956964493
754,0.016512153670191765,43.48956298828125,0.05030251666903496,0.016255399212241173,43.281532287597656,0.051317356526851654,0.04385589435696602,0.038701269775629044,0.04300946742296219,0.03896684944629669
755,0.016447868198156357,42.84742736816406,0.04988276958465576,0.01626403257250786,42.6039924621582,0.05085112527012825,0.04262915998697281,0.038830190896987915,0.042056065052747726,0.03889753296971321
756,0.016482656821608543,43.00307083129883,0.04998482018709183,0.016296591609716415,42.257850646972656,0.05060596391558647,0.041960470378398895,0.03893347829580307,0.04199490696191788,0.03927820548415184
757,0.016459137201309204,43.27765655517578,0.05016801878809929,0.016336975619196892,42.664772033691406,0.05088908597826958,0.04259184002876282,0.038979146629571915,0.04288019612431526,0.038771260529756546
758,0.016466783359646797,43.42866134643555,0.050262533128261566,0.016246171668171883,42.7335319519043,0.05093834921717644,0.04299464076757431,0.038628075271844864,0.042852435261011124,0.039060864597558975
759,0.016475506126880646,42.81415557861328,0.049855876713991165,0.01626593805849552,42.528297424316406,0.05079464241862297,0.04250185564160347,0.03883494809269905,0.04191303625702858,0.03899558261036873
760,0.01645795628428459,43.06623077392578,0.0500217005610466,0.016281021758913994,42.24988555908203,0.05059387534856796,0.041983239352703094,0.03890945762395859,0.042168546468019485,0.03921579197049141
761,0.01644924469292164,43.004676818847656,0.049983248114585876,0.016365930438041687,42.95762634277344,0.05108664184808731,0.043008990585803986,0.03907673805952072,0.042466942220926285,0.03874574974179268
762,0.01644667237997055,43.42726516723633,0.05026079714298248,0.016241854056715965,42.423683166503906,0.05072014406323433,0.04247670993208885,0.03862810507416725,0.0429995022714138,0.03891345486044884
763,0.01648656651377678,42.85919952392578,0.049881044775247574,0.01625424437224865,42.37260055541992,0.05068272724747658,0.04228907451033592,0.038780953735113144,0.04179214686155319,0.03922254592180252
764,0.016436409205198288,42.946571350097656,0.04993841052055359,0.016270844265818596,42.321041107177734,0.050637416541576385,0.04208088293671608,0.03896170109510422,0.04213923588395119,0.03903568908572197
765,0.016459649428725243,43.05072784423828,0.05000993236899376,0.016402913257479668,43.159915924072266,0.05122128501534462,0.043282486498355865,0.03915705904364586,0.04252428188920021,0.038767725229263306
766,0.016431692987680435,43.31549072265625,0.05018208920955658,0.0162268728017807,42.543983459472656,0.05080028250813484,0.042714208364486694,0.0385998897254467,0.04281653091311455,0.03892126306891441
767,0.016467420384287834,42.78950119018555,0.049830593168735504,0.016239970922470093,42.33033752441406,0.05064959451556206,0.04222879558801651,0.03877996653318405,0.04173356294631958,0.03916889429092407
768,0.016420481726527214,42.97254180908203,0.04995080083608627,0.01625385321676731,42.15121078491211,0.05051746964454651,0.04186548665165901,0.03887394443154335,0.0421907901763916,0.03903605043888092
769,0.016444411128759384,42.85712814331055,0.04987705498933792,0.016371337696909904,43.26613998413086,0.051290363073349,0.04348774626851082,0.03914794698357582,0.04221537709236145,0.03877056762576103
770,0.016410507261753082,43.25395965576172,0.05013984069228172,0.01621977798640728,42.345821380615234,0.050659000873565674,0.04240426421165466,0.03858264535665512,0.04284784942865372,0.038792554289102554
771,0.01646077074110508,42.81899642944336,0.04984625428915024,0.01622670888900757,42.25444412231445,0.050593432039022446,0.04216228052973747,0.038711607456207275,0.041668713092803955,0.03930993378162384
772,0.016415197402238846,42.86520767211914,0.04987659305334091,0.016240697354078293,42.486419677734375,0.050740428268909454,0.04241707921028137,0.03894773870706558,0.042122695595026016,0.03892108052968979
773,0.01647084578871727,43.0456657409668,0.04999806731939316,0.016380587592720985,43.202518463134766,0.051242198795080185,0.043349720537662506,0.03918611630797386,0.04251899942755699,0.03876708447933197
774,0.01639145240187645,43.05475616455078,0.050001110881567,0.016200745478272438,42.78992462158203,0.050962574779987335,0.04320529103279114,0.038542959839105606,0.04242976754903793,0.03890367969870567
775,0.016433855518698692,42.67520523071289,0.049747053533792496,0.016212183982133865,42.339447021484375,0.05064903572201729,0.04229424521327019,0.038744308054447174,0.04165532812476158,0.03906586766242981
776,0.01640220731496811,43.05556869506836,0.049995649605989456,0.016219651326537132,42.03915023803711,0.050431616604328156,0.04177507013082504,0.038777079433202744,0.042308319360017776,0.039077263325452805
777,0.016443664208054543,42.889320373535156,0.04988744109869003,0.016246989369392395,43.45928955078125,0.0514155812561512,0.04411005228757858,0.03883988410234451,0.042313944548368454,0.03871473670005798
778,0.016371188685297966,42.78871154785156,0.04982132092118263,0.016186242923140526,42.795196533203125,0.05096259340643883,0.043227799236774445,0.03855026885867119,0.042073804885149,0.038827285170555115
779,0.016425445675849915,42.648860931396484,0.04972643032670021,0.016195345669984818,42.50128936767578,0.050758250057697296,0.04263487830758095,0.03867391124367714,0.04164234548807144,0.03904470428824425
780,0.01638016477227211,43.303123474121094,0.050158172845840454,0.016212424263358116,42.064239501953125,0.05045175179839134,0.041730429977178574,0.03881458565592766,0.04311033710837364,0.03861178457736969
781,0.016478128731250763,42.72883224487305,0.049774397164583206,0.016197657212615013,42.0566291809082,0.05044637992978096,0.04188114404678345,0.03867321461439133,0.0415152907371521,0.03931116312742233
782,0.01637178100645542,42.39876937866211,0.049556661397218704,0.016215169802308083,42.23604202270508,0.050570420920848846,0.04209544509649277,0.03878999128937721,0.041511714458465576,0.038744520395994186
783,0.01637260615825653,43.292396545410156,0.05013932287693024,0.016194602474570274,41.84783172607422,0.05029391497373581,0.04155389219522476,0.03865020349621773,0.04271332174539566,0.03906652331352234
784,0.01646062731742859,42.808990478515625,0.04982546716928482,0.01618688739836216,42.48258972167969,0.05073893070220947,0.04255786910653114,0.038739342242479324,0.04213164374232292,0.038761578500270844
785,0.016347570344805717,42.5377082824707,0.049646735191345215,0.01616714894771576,42.5533332824707,0.050788573920726776,0.04279455915093422,0.03861047700047493,0.04171409085392952,0.0387842059135437
786,0.016373973339796066,42.66709518432617,0.04973304644227028,0.016169045120477676,43.36656951904297,0.05134708806872368,0.044270049780607224,0.03848789259791374,0.0418001227080822,0.03893377631902695
787,0.016338737681508064,42.93252944946289,0.04991070181131363,0.01619747281074524,42.25342559814453,0.05057879537343979,0.041970741003751755,0.03892955183982849,0.04264039173722267,0.03848882392048836
788,0.016497142612934113,42.81368637084961,0.049820855259895325,0.016171729192137718,42.02617645263672,0.050419796258211136,0.04192809388041496,0.03856901451945305,0.0414174348115921,0.03957868739962578
789,0.016345197334885597,42.24037551879883,0.049444686621427536,0.01617862842977047,42.857574462890625,0.050995174795389175,0.043327685445547104,0.03860371559858322,0.04147163778543472,0.03850528225302696
790,0.01632922701537609,43.0571174621582,0.04998897388577461,0.016195254400372505,41.819602966308594,0.05027351900935173,0.04161662980914116,0.03851708397269249,0.04293259605765343,0.03838597610592842
791,0.016428781673312187,42.760780334472656,0.04979104921221733,0.016160255298018456,42.116153717041016,0.05048036202788353,0.042141202837228775,0.03850306198000908,0.04148370772600174,0.03947070613503456
792,0.01634010672569275,42.90998077392578,0.0498812310397625,0.016164308413863182,42.70931625366211,0.05089045688509941,0.04317418485879898,0.038454197347164154,0.04249820485711098,0.03857842832803726
793,0.01641710475087166,42.46354293823242,0.049587979912757874,0.016168994829058647,41.85601806640625,0.05029463768005371,0.041519369930028915,0.03874706104397774,0.04132558032870293,0.03907964751124382
794,0.016339287161827087,42.576175689697266,0.04966450855135918,0.016173062846064568,41.81015396118164,0.05026158690452576,0.04149051383137703,0.03868606314063072,0.041766874492168427,0.038836732506752014
795,0.016360018402338028,42.49323272705078,0.04960794374346733,0.01621568761765957,41.799015045166016,0.05025039240717888,0.041360024362802505,0.03882279247045517,0.04164990037679672,0.038814667612314224
796,0.01637258008122444,42.621490478515625,0.04969443753361702,0.016223451122641563,42.02433776855469,0.05040794983506203,0.04164063557982445,0.0389389768242836,0.04207194223999977,0.03857020288705826
797,0.016374405473470688,43.18085479736328,0.05006564408540726,0.016147825866937637,41.8394889831543,0.050281088799238205,0.04172514006495476,0.03844442591071129,0.04246233031153679,0.039172399789094925
798,0.01637432910501957,42.304718017578125,0.04947848245501518,0.016159426420927048,42.1839599609375,0.05052044615149498,0.04216944798827171,0.03864487633109093,0.04140257462859154,0.03871206194162369
799,0.016362909227609634,42.384647369384766,0.0495314821600914,0.01617509126663208,41.774967193603516,0.0502287931740284,0.04134431853890419,0.038830798119306564,0.0412801131606102,0.03903591260313988
800,0.016349200159311295,42.891700744628906,0.04986945167183876,0.016223156824707985,42.06157684326172,0.050431352108716965,0.04181120917201042,0.03880719095468521,0.042491067200899124,0.038590967655181885
801,0.016357460990548134,42.71807098388672,0.04975204914808273,0.01613522693514824,42.49681854248047,0.05073537304997444,0.04287669435143471,0.03843308240175247,0.04190804809331894,0.038934025913476944
802,0.016346950083971024,42.3078498840332,0.0494777075946331,0.016134854406118393,42.29851531982422,0.050597380846738815,0.0424470491707325,0.03856412693858147,0.0414038822054863,0.03874008357524872
803,0.016330856829881668,42.482200622558594,0.04959501698613167,0.01613575592637062,43.913692474365234,0.05170397832989693,0.04533510282635689,0.038371313363313675,0.04164521023631096,0.038814544677734375
804,0.01630178652703762,42.71333694458008,0.04975120723247528,0.01615048386156559,41.90919494628906,0.05032506585121155,0.04170071333646774,0.03861711546778679,0.04236157611012459,0.038451943546533585
805,0.016428308561444283,42.581180572509766,0.049654390662908554,0.016130607575178146,41.83066940307617,0.050268881022930145,0.0417129322886467,0.038481611758470535,0.041180480271577835,0.03948607295751572
806,0.01633583940565586,42.00888442993164,0.049273762851953506,0.016192035749554634,41.71807098388672,0.050184041261672974,0.04120821878314018,0.03888712450861931,0.04111968353390694,0.03851574286818504
807,0.016350029036402702,43.15046310424805,0.0500260666012764,0.01621057465672493,41.86304473876953,0.05028557404875755,0.04145033285021782,0.03885548189282417,0.04281590133905411,0.03869268298149109
808,0.016341524198651314,42.47854995727539,0.04958721250295639,0.01612647995352745,42.1827507019043,0.05051128938794136,0.04231060668826103,0.03850038722157478,0.04154837131500244,0.03891648352146149
809,0.01631409488618374,42.326778411865234,0.04948469251394272,0.016112154349684715,42.626983642578125,0.05081859230995178,0.043132368475198746,0.03843411058187485,0.04149385914206505,0.038702938705682755
810,0.016293557360768318,42.549095153808594,0.0496312752366066,0.016127336770296097,42.51755142211914,0.05074328929185867,0.042964208871126175,0.03838526830077171,0.042036887258291245,0.038507260382175446
811,0.01640140824019909,42.533714294433594,0.04961506277322769,0.016121018677949905,41.55872344970703,0.050067298114299774,0.04117322713136673,0.03862334415316582,0.04119361191987991,0.03941495344042778
812,0.016268080100417137,42.24107360839844,0.04942580685019493,0.01613367535173893,41.73703384399414,0.05019635707139969,0.04153861850500107,0.038521550595760345,0.041610848158597946,0.03842833265662193
813,0.016329292207956314,42.270687103271484,0.049443937838077545,0.01613866724073887,41.8616943359375,0.05027244612574577,0.04163103923201561,0.03874722495675087,0.04124148562550545,0.038917284458875656
814,0.016357161104679108,42.72455596923828,0.04974643141031265,0.016252392902970314,42.220550537109375,0.05052713304758072,0.04179368540644646,0.03918908163905144,0.04234624654054642,0.03847166523337364
815,0.016306716948747635,42.556758880615234,0.049634020775556564,0.016099650412797928,42.33259963989258,0.05060968175530434,0.04269611835479736,0.03836395964026451,0.04169316962361336,0.03893307223916054
816,0.016313260421156883,42.1814079284668,0.049381181597709656,0.01609795168042183,42.19942855834961,0.05051576718688011,0.042386192828416824,0.038478415459394455,0.04125140607357025,0.03872053325176239
817,0.016260603442788124,42.68956756591797,0.049714624881744385,0.01617239974439144,42.579673767089844,0.050779130309820175,0.04295739531517029,0.038506437093019485,0.04225461557507515,0.03853873163461685
818,0.016422780230641365,42.22125244140625,0.049403198063373566,0.016105012968182564,41.57944869995117,0.050076670944690704,0.04104764387011528,0.038836073130369186,0.040965788066387177,0.039089493453502655
819,0.016239741817116737,42.279945373535156,0.049446262419223785,0.01609475538134575,41.578948974609375,0.050079669803380966,0.041347138583660126,0.03844838961958885,0.041533444076776505,0.03862610459327698
820,0.016295308247208595,42.20769119262695,0.04939502477645874,0.01612292416393757,41.54546356201172,0.050048671662807465,0.041147030889987946,0.038674138486385345,0.04121769592165947,0.0388522744178772
821,0.01631801389157772,42.450782775878906,0.049560271203517914,0.01620524562895298,42.202049255371094,0.05050903931260109,0.04184197261929512,0.039129577577114105,0.04197392240166664,0.03842758759856224
822,0.016296666115522385,42.704586029052734,0.04972575232386589,0.01608649082481861,41.905120849609375,0.05030587688088417,0.04202575236558914,0.03829355910420418,0.04195890575647354,0.03892632573843002
823,0.016317306086421013,42.02753448486328,0.04927124083042145,0.016089102253317833,41.732242584228516,0.05018378421664238,0.041542910039424896,0.038551975041627884,0.04099906235933304,0.03872678801417351
824,0.01628606952726841,42.31407928466797,0.049462176859378815,0.01610172912478447,41.41929244995117,0.0499579943716526,0.041019611060619354,0.03856891766190529,0.0413888618350029,0.03887777775526047
825,0.01629539206624031,42.14110565185547,0.04934898391366005,0.01615971513092518,42.19343948364258,0.050500668585300446,0.04196631908416748,0.03898949548602104,0.041423141956329346,0.03848854452371597
826,0.016276413574814796,42.69810104370117,0.04972114786505699,0.01608302816748619,41.502262115478516,0.050020482391119,0.04134729132056236,0.03828990086913109,0.04219330847263336,0.03867552429437637
827,0.016332564875483513,42.074134826660156,0.04929906502366066,0.01608351431787014,41.54669952392578,0.05005032941699028,0.041289858520030975,0.03848247975111008,0.040889572352170944,0.038948897272348404
828,0.01626797951757908,42.24026870727539,0.049409426748752594,0.016098028048872948,41.371883392333984,0.049921583384275436,0.04093005508184433,0.038585513830184937,0.04144315421581268,0.03868967294692993
829,0.016307134181261063,42.09101104736328,0.04931207746267319,0.016159024089574814,42.41613006591797,0.05065181106328964,0.04234457388520241,0.03900869935750961,0.041250113397836685,0.03860000520944595
830,0.01625806652009487,42.55332946777344,0.04962281137704849,0.016073353588581085,41.47641372680664,0.0499991774559021,0.04132714867591858,0.038281939923763275,0.042100660502910614,0.03852977603673935
831,0.016312016174197197,42.095916748046875,0.049311187118291855,0.016073642298579216,41.499027252197266,0.05001350864768028,0.04125412181019783,0.038437843322753906,0.040864456444978714,0.03904355689883232
832,0.01626136526465416,42.26359558105469,0.0494207926094532,0.01609547808766365,41.326995849609375,0.04988601803779602,0.04089362546801567,0.03854988142848015,0.04158332198858261,0.038588762283325195
833,0.016342531889677048,42.40879821777344,0.0495181679725647,0.016066061332821846,42.83293914794922,0.05093676224350929,0.043374575674533844,0.03865927457809448,0.041656263172626495,0.0387282520532608
834,0.016228362917900085,42.00818634033203,0.04925109073519707,0.016052745282649994,42.055145263671875,0.05040094256401062,0.04231123998761177,0.03833045810461044,0.041240714490413666,0.03847724571824074
835,0.01629689335823059,41.976680755615234,0.04922796040773392,0.016069715842604637,41.341087341308594,0.04989713430404663,0.04088759422302246,0.03858593478798866,0.040771469473838806,0.03894376754760742
836,0.016252189874649048,42.53926086425781,0.04960445314645767,0.016082841902971268,41.396728515625,0.04993528872728348,0.0410531684756279,0.03847691789269447,0.042126212269067764,0.038470376282930374
837,0.01628461293876171,42.182891845703125,0.0493653267621994,0.016053179278969765,42.15689468383789,0.050468601286411285,0.04250499978661537,0.038314614444971085,0.04125836119055748,0.038780152797698975
838,0.01625438965857029,41.98574447631836,0.049232494086027145,0.016047099605202675,42.32303237915039,0.050583332777023315,0.04282644763588905,0.038279589265584946,0.04117616266012192,0.038512762635946274
839,0.016234897077083588,42.222293853759766,0.04938957840204239,0.01608307659626007,42.30747985839844,0.05057336017489433,0.04280269518494606,0.03824382275342941,0.041677169501781464,0.038399748504161835
840,0.01637634076178074,42.27670669555664,0.04941973835229874,0.016057586297392845,41.4990234375,0.049996666610240936,0.041135430335998535,0.0386689230799675,0.04089551046490669,0.03936115652322769
841,0.016178661957383156,41.94842529296875,0.04920627176761627,0.01604955457150936,41.48733139038086,0.04999762400984764,0.041390933096408844,0.03827771916985512,0.041349828243255615,0.0382661297917366
842,0.0162635650485754,41.82538986206055,0.049120739102363586,0.01606229692697525,41.34324264526367,0.04989328980445862,0.04091597720980644,0.038569580763578415,0.040667735040187836,0.038803402334451675
843,0.01624949276447296,42.602108001708984,0.04963834211230278,0.0160837322473526,41.29859161376953,0.04985938221216202,0.04087735339999199,0.03851019963622093,0.04230503737926483,0.038399554789066315
844,0.016282837837934494,42.08295822143555,0.04929334297776222,0.016043968498706818,41.80746078491211,0.05021874979138374,0.04192051663994789,0.03831483796238899,0.04107562080025673,0.038817521184682846
845,0.016242802143096924,41.911495208740234,0.04917712137103081,0.016033167019486427,42.36299133300781,0.05060511827468872,0.04293345659971237,0.03826205059885979,0.041065797209739685,0.038520697504282
846,0.016208697110414505,42.18294906616211,0.04935748130083084,0.01606215350329876,41.80886459350586,0.050219547003507614,0.04195093736052513,0.0382494255900383,0.041772570461034775,0.03824109584093094
847,0.016310088336467743,42.22057342529297,0.04937640577554703,0.01604381389915943,41.0970458984375,0.04971475526690483,0.04070914909243584,0.03832124546170235,0.040771812200546265,0.03942521661520004
848,0.016210271045565605,41.68608093261719,0.04902263358235359,0.01606110669672489,41.1685791015625,0.04976402968168259,0.04070770740509033,0.038483235985040665,0.04094463586807251,0.038251928985118866
849,0.016261806711554527,42.1562614440918,0.04934083670377731,0.016085293143987656,41.51398849487305,0.05000578984618187,0.04111781343817711,0.038682788610458374,0.04148273915052414,0.03853895142674446
850,0.016261477023363113,42.47793197631836,0.04954920709133148,0.01603182591497898,41.39711380004883,0.049925897270441055,0.04132509231567383,0.03817237168550491,0.04183371737599373,0.03871806338429451
851,0.016253570094704628,41.66850662231445,0.04900745674967766,0.016028085723519325,41.31755828857422,0.04986802861094475,0.0409524142742157,0.03849777579307556,0.04062706604599953,0.038560900837183
852,0.016219360753893852,41.94570541381836,0.04919489473104477,0.016033360734581947,41.10960006713867,0.04971887543797493,0.040658146142959595,0.03843450918793678,0.04097241535782814,0.03874579817056656
853,0.016225626692175865,41.89012145996094,0.049157772213220596,0.016064772382378578,41.3383674621582,0.04987875744700432,0.04081575199961662,0.038709044456481934,0.04115179553627968,0.03843197599053383
854,0.016259903088212013,42.73093795776367,0.049709562212228775,0.016024740412831306,41.12606430053711,0.0497293546795845,0.04085644334554672,0.038177840411663055,0.04217080399394035,0.03880368545651436
855,0.01623651571571827,41.53923797607422,0.04891698434948921,0.016025183722376823,41.21174240112305,0.04978928342461586,0.04076341167092323,0.03852451592683792,0.04057128727436066,0.03838706389069557
856,0.01622122898697853,41.80123519897461,0.049095358699560165,0.016018563881516457,41.237274169921875,0.049808207899332047,0.040931541472673416,0.03836921229958534,0.040692903101444244,0.03878652676939964
857,0.016214650124311447,42.043514251708984,0.04925466701388359,0.016042400151491165,41.041229248046875,0.04966416209936142,0.04058784246444702,0.03840089216828346,0.04133917763829231,0.038536932319402695
858,0.01628100499510765,42.325931549072266,0.04944037273526192,0.016005655750632286,42.04326629638672,0.05036931484937668,0.04227057099342346,0.03842448443174362,0.04157380014657974,0.03874289616942406
859,0.016181999817490578,41.574310302734375,0.0489388182759285,0.016002673655748367,41.50172805786133,0.049991946667432785,0.04143090173602104,0.03832891210913658,0.04072520509362221,0.038313161581754684
860,0.016242913901805878,41.844425201416016,0.049120645970106125,0.01602686382830143,41.15317916870117,0.04973847046494484,0.040774792432785034,0.038451917469501495,0.040700070559978485,0.038880396634340286
861,0.01621272973716259,42.030731201171875,0.04924735426902771,0.01603970117866993,41.57701110839844,0.05004006251692772,0.041214216500520706,0.03874693438410759,0.041547536849975586,0.038254041224718094
862,0.01620384305715561,42.16849899291992,0.049336835741996765,0.016010785475373268,41.907867431640625,0.05027445778250694,0.042306087911129,0.038110505789518356,0.04134995862841606,0.03874731436371803
863,0.016241593286395073,41.6053581237793,0.04895650967955589,0.016002392396330833,41.37284851074219,0.049897871911525726,0.041161298751831055,0.03839748352766037,0.040570199489593506,0.038544267416000366
864,0.016202550381422043,42.05510330200195,0.04925674945116043,0.016014648601412773,40.94859313964844,0.049593485891819,0.04050542041659355,0.038325000554323196,0.04123413935303688,0.038703177124261856
865,0.016226444393396378,41.76631546020508,0.04906526952981949,0.01599561795592308,42.60643005371094,0.0507536418735981,0.04309741035103798,0.03865101933479309,0.040941283106803894,0.03845083341002464
866,0.016164630651474,42.02890396118164,0.04924194514751434,0.016006765887141228,41.37263488769531,0.04989691451191902,0.0414087176322937,0.03808362036943436,0.04153920337557793,0.03829537704586983
867,0.016268694773316383,41.77634811401367,0.04906807839870453,0.016002174466848373,40.952754974365234,0.04959707707166672,0.04054299741983414,0.03828475996851921,0.040471550077199936,0.03899607062339783
868,0.016187792643904686,41.78606033325195,0.049076568335294724,0.01601593568921089,41.049285888671875,0.04966322332620621,0.040588367730379105,0.03843092918395996,0.04113457724452019,0.0383031964302063
869,0.016218794509768486,41.641258239746094,0.04897841066122055,0.016010304912924767,41.49381637573242,0.04997720941901207,0.041314251720905304,0.03848596662282944,0.04054205119609833,0.03868841752409935
870,0.016180196776986122,42.21196365356445,0.04936179891228676,0.015999430790543556,40.922752380371094,0.049573712050914764,0.04056966304779053,0.03819078952074051,0.04190134257078171,0.03823930397629738
871,0.01623203419148922,41.70096206665039,0.04901701211929321,0.01599152572453022,41.13370895385742,0.049723170697689056,0.040905606001615524,0.03822653368115425,0.04048578441143036,0.038860421627759933
872,0.016195101663470268,41.81660461425781,0.04909179359674454,0.016003936529159546,41.052642822265625,0.04965680465102196,0.040699396282434464,0.038375433534383774,0.04100998863577843,0.03853486105799675
873,0.016242077574133873,41.78601837158203,0.04907458275556564,0.01603624038398266,42.41643142700195,0.05061290040612221,0.042273201048374176,0.039262473583221436,0.04103253781795502,0.03840852528810501
874,0.016156243160367012,42.067481994628906,0.049261774867773056,0.015996040776371956,41.283660888671875,0.04982725903391838,0.04130326583981514,0.0380437858402729,0.04149848595261574,0.038440242409706116
875,0.016236208379268646,41.58528137207031,0.04893358796834946,0.015985142439603806,40.9907341003418,0.04961813613772392,0.040620747953653336,0.038287609815597534,0.04035072773694992,0.038791362196207047
876,0.016168735921382904,41.767520904541016,0.049057621508836746,0.01599370501935482,40.902427673339844,0.049552176147699356,0.0404152050614357,0.03836265206336975,0.041052088141441345,0.03839704021811485
877,0.01620526984333992,41.57647705078125,0.048929501324892044,0.015993477776646614,41.788917541503906,0.0501764677464962,0.04178588464856148,0.03856119140982628,0.04055234044790268,0.0385771244764328
878,0.016158778220415115,42.028846740722656,0.04923592135310173,0.01598215475678444,40.91575241088867,0.049563318490982056,0.040631119161844254,0.03812168911099434,0.041652072221040726,0.038213688880205154
879,0.016217131167650223,41.65501403808594,0.04898042604327202,0.015978874638676643,40.95564651489258,0.04959067329764366,0.04063700512051582,0.0382038839161396,0.04041878134012222,0.03888005018234253
880,0.01617416739463806,41.75662612915039,0.049046214669942856,0.01599982939660549,40.85319137573242,0.0495128333568573,0.0403369776904583,0.038377545773983,0.04108221456408501,0.03835749626159668
881,0.01623164303600788,42.024314880371094,0.04922541230916977,0.01596347987651825,42.27857208251953,0.05051388218998909,0.04280302673578262,0.03836115822196007,0.04121480882167816,0.03866814449429512
882,0.016149332746863365,41.4338493347168,0.04882863909006119,0.015962524339556694,41.47854995727539,0.049957502633333206,0.041557908058166504,0.038200102746486664,0.040615230798721313,0.03824811801314354
883,0.01621139608323574,41.6181755065918,0.048952747136354446,0.01598508283495903,41.186553955078125,0.049740951508283615,0.04092230647802353,0.038459744304418564,0.040448661893606186,0.03880881518125534
884,0.01616118662059307,41.88425064086914,0.04913194850087166,0.01598336175084114,41.2022819519043,0.049758825451135635,0.04083111882209778,0.03849976509809494,0.04143137112259865,0.03817678615450859
885,0.016169317066669464,41.75033187866211,0.049041975289583206,0.015964126214385033,42.070472717285156,0.05036884546279907,0.04270576685667038,0.03806183859705925,0.040793269872665405,0.03866277262568474
886,0.016172289848327637,41.5867919921875,0.0489296019077301,0.015964439138770103,41.73389434814453,0.050134219229221344,0.04213039204478264,0.03805277496576309,0.04085911437869072,0.038275204598903656
887,0.016227489337325096,41.75965118408203,0.04904342442750931,0.01597200520336628,41.17460632324219,0.04972853511571884,0.040929585695266724,0.03843972459435463,0.040591347962617874,0.03892751783132553
888,0.016126317903399467,41.55833053588867,0.04891064390540123,0.015967926010489464,41.17023849487305,0.04973483830690384,0.040998995304107666,0.03824406862258911,0.040979959070682526,0.038093872368335724
889,0.016173899173736572,41.71728515625,0.04901762679219246,0.015961352735757828,42.84616470336914,0.050902608782052994,0.044107384979724884,0.03800557181239128,0.04077078029513359,0.038638412952423096
890,0.016145678237080574,41.58226776123047,0.048925258219242096,0.015955543145537376,41.242027282714844,0.04978547617793083,0.04129374772310257,0.03804391995072365,0.041154514998197556,0.037956856191158295
891,0.016201436519622803,41.75617218017578,0.049041058868169785,0.015964489430189133,40.68699645996094,0.04938999563455582,0.0402970127761364,0.038087017834186554,0.040474046021699905,0.039062581956386566
892,0.016149716451764107,41.47257614135742,0.048848241567611694,0.015972862020134926,40.810035705566406,0.04947413131594658,0.04024967923760414,0.03842087462544441,0.04071719944477081,0.03826146200299263
893,0.016155332326889038,41.508995056152344,0.04887346923351288,0.01597822643816471,40.86299133300781,0.049511075019836426,0.040321458131074905,0.03843822702765465,0.04062331095337868,0.03844303637742996
894,0.016189247369766235,42.39081573486328,0.049449943006038666,0.015955941751599312,41.630287170410156,0.050051506608724594,0.04180743172764778,0.038210321217775345,0.04179242625832558,0.03871491178870201
895,0.016136812046170235,41.13386154174805,0.04861525446176529,0.015948249027132988,40.847679138183594,0.04950045794248581,0.040412697941064835,0.0383024737238884,0.040233973413705826,0.03813251480460167
896,0.016168098896741867,41.42247772216797,0.04881259426474571,0.015945907682180405,40.9019660949707,0.04953918978571892,0.04059251770377159,0.03819417208433151,0.04027218744158745,0.03866538777947426
897,0.016154516488313675,41.746944427490234,0.04902677237987518,0.015973638743162155,40.65095520019531,0.04935508593916893,0.04024399071931839,0.03812859579920769,0.04111975431442261,0.03835953399538994
898,0.016209295019507408,41.935096740722656,0.04915095865726471,0.015943264588713646,41.301231384277344,0.049818284809589386,0.04127063602209091,0.03819846734404564,0.041100405156612396,0.038664963096380234
899,0.016110461205244064,41.141876220703125,0.048618678003549576,0.01593407616019249,41.15681838989258,0.04971744492650032,0.041064996272325516,0.038171734660863876,0.0403001643717289,0.038098469376564026
900,0.016173802316188812,41.563743591308594,0.04890519380569458,0.015957489609718323,40.90346908569336,0.04952917620539665,0.04064688831567764,0.038240693509578705,0.040472377091646194,0.03874628618359566
901,0.016138559207320213,41.55299758911133,0.04889935255050659,0.01595258340239525,41.381534576416016,0.04987070709466934,0.040968719869852066,0.03876388072967529,0.04101255536079407,0.038087356835603714
902,0.016121963039040565,41.85451126098633,0.0490993857383728,0.015961192548274994,41.56099319458008,0.04999955743551254,0.041959818452596664,0.03791766241192818,0.04107912629842758,0.03859475255012512
903,0.01618458703160286,41.23727798461914,0.048680439591407776,0.015935329720377922,40.87142562866211,0.049512047320604324,0.040488630533218384,0.03827591985464096,0.040136661380529404,0.03845999017357826
904,0.01612084172666073,41.62240219116211,0.048942018300294876,0.01594093069434166,40.627037048339844,0.04933559149503708,0.040156055241823196,0.03817402198910713,0.040876876562833786,0.0384165495634079
905,0.01615026593208313,41.3525276184082,0.0487598180770874,0.015925897285342216,41.889007568359375,0.05022481456398964,0.04218846932053566,0.038378264755010605,0.04034893959760666,0.038470055907964706
906,0.016102368012070656,41.67453384399414,0.04897983372211456,0.015935828909277916,40.7508430480957,0.049425359815359116,0.04053425416350365,0.03796461597084999,0.04129241406917572,0.03804405406117439
907,0.01618264801800251,41.45454025268555,0.0488269105553627,0.01593555323779583,40.604698181152344,0.0493195615708828,0.04020816087722778,0.03806295618414879,0.040187299251556396,0.038848888128995895
908,0.016125982627272606,41.453739166259766,0.04882575944066048,0.015948044136166573,40.70024871826172,0.04938358813524246,0.04013897106051445,0.03835892304778099,0.04080377519130707,0.038182009011507034
909,0.01615237258374691,41.621429443359375,0.04894009605050087,0.01591668650507927,42.68033981323242,0.05077080801129341,0.04370686784386635,0.03821144253015518,0.0406934879720211,0.038605064153671265
910,0.0161089189350605,41.435916900634766,0.0488133504986763,0.015924902632832527,41.212989807128906,0.04974934831261635,0.041352998465299606,0.037964172661304474,0.040838729590177536,0.038098208606243134
911,0.016177620738744736,41.425907135009766,0.04880363494157791,0.015935104340314865,40.56669235229492,0.04928573593497276,0.04010338708758354,0.03816884383559227,0.04020601511001587,0.03879419341683388
912,0.016107317060232162,41.40620040893555,0.04879279434680939,0.015932701528072357,40.8944206237793,0.04951971024274826,0.04048264026641846,0.038349952548742294,0.040844064205884933,0.03804367408156395
913,0.016128739342093468,41.5898551940918,0.048916757106781006,0.015923554077744484,42.62708282470703,0.05073240026831627,0.043834537267684937,0.03795044496655464,0.04065292701125145,0.03860785439610481
914,0.016126515343785286,41.33694076538086,0.04874363914132118,0.015914877876639366,41.21063995361328,0.04974484071135521,0.041315313428640366,0.03802220895886421,0.04068655148148537,0.03808597847819328
915,0.016150925308465958,41.57692337036133,0.04890289157629013,0.015930596739053726,40.48822784423828,0.04922705888748169,0.04004257172346115,0.03807557374238968,0.040460005402565,0.038829024881124496
916,0.016104381531476974,41.14448928833008,0.04861154779791832,0.015930991619825363,40.8095588684082,0.04945677891373634,0.04030335694551468,0.03840140625834465,0.04040773957967758,0.03804684802889824
917,0.016105303540825844,41.53548812866211,0.04887706786394119,0.01594054140150547,40.77582550048828,0.04942541569471359,0.04068027064204216,0.03798593953251839,0.040666405111551285,0.03855139762163162
918,0.016164034605026245,41.28889083862305,0.04871056228876114,0.01601533405482769,42.189327239990234,0.05041743442416191,0.04119347408413887,0.04018517956137657,0.04068640246987343,0.03799684718251228
919,0.016091052442789078,41.91722106933594,0.04913148656487465,0.015943480655550957,40.913265228271484,0.04953077808022499,0.04092126339673996,0.037839945405721664,0.04115162044763565,0.03868810459971428
920,0.016163690015673637,41.10081481933594,0.04857669398188591,0.01591082476079464,40.69682693481445,0.04937508702278137,0.04030536487698555,0.03816773742437363,0.039971694350242615,0.03842969983816147
921,0.016098495572805405,41.35059356689453,0.04874705523252487,0.0159175805747509,40.46820831298828,0.04920908063650131,0.03996080905199051,0.03813322260975838,0.04051865637302399,0.03835601359605789
922,0.01611241325736046,41.1956672668457,0.04864303395152092,0.015920188277959824,40.943782806396484,0.04954628273844719,0.04040321707725525,0.038574330508708954,0.04031438007950783,0.03827335685491562
923,0.016103684902191162,41.920902252197266,0.0491313636302948,0.015920020639896393,40.436676025390625,0.04918742924928665,0.04009431228041649,0.03786042705178261,0.04143386334180832,0.03838169947266579
924,0.016158930957317352,41.052799224853516,0.04854210093617439,0.01590777561068535,40.58632278442383,0.04929349943995476,0.04014551267027855,0.0381423719227314,0.03991423919796944,0.038418710231781006
925,0.01608780398964882,41.306304931640625,0.048715315759181976,0.01591033861041069,40.46294021606445,0.04920293018221855,0.0399504229426384,0.03813372179865837,0.0404626838862896,0.03834475204348564
926,0.016104353591799736,41.164371490478516,0.04861878976225853,0.015921609476208687,40.61460494995117,0.04930979385972023,0.040013495832681656,0.038371194154024124,0.04026962071657181,0.03828117251396179
927,0.01607474684715271,41.42340850830078,0.04879443719983101,0.015932805836200714,40.5111083984375,0.0492323637008667,0.04026804119348526,0.037901878356933594,0.04074767976999283,0.038271524012088776
928,0.016120463609695435,41.42878341674805,0.04879895970225334,0.0161318089812994,40.81572723388672,0.04945083335042,0.0399339459836483,0.03876102343201637,0.040457408875226974,0.0385611467063427
929,0.01621505618095398,41.16156768798828,0.048616066575050354,0.016018738970160484,41.232215881347656,0.049740634858608246,0.04012688994407654,0.03950025886297226,0.040462274104356766,0.038024693727493286
930,0.01607908308506012,41.08623123168945,0.04856441169977188,0.015901384875178337,40.371646881103516,0.04913443326950073,0.03990691900253296,0.03803393989801407,0.039899908006191254,0.03856929391622543
931,0.016094347462058067,41.675296783447266,0.048958126455545425,0.015940340235829353,40.87181854248047,0.04948694258928299,0.04014673829078674,0.03873869776725769,0.041475336998701096,0.03787413612008095
932,0.016108104959130287,41.494266510009766,0.04884127527475357,0.015897708013653755,41.0748291015625,0.049635689705610275,0.0412394143640995,0.03786276653409004,0.04035167023539543,0.038816988468170166
933,0.016101611778140068,41.16740798950195,0.04861592501401901,0.01589250937104225,41.481266021728516,0.04992099478840828,0.0419088676571846,0.03792685270309448,0.04030168429017067,0.038245122879743576
934,0.016088908538222313,41.17557907104492,0.048621874302625656,0.015906766057014465,41.72337341308594,0.0500912070274353,0.04242655634880066,0.03780893236398697,0.0404142327606678,0.03814796358346939
935,0.016038304194808006,41.311614990234375,0.04871219024062157,0.01602691411972046,41.20408248901367,0.04972654581069946,0.041065242141485214,0.038272034376859665,0.04100540652871132,0.03775646910071373
936,0.016167694702744484,41.543643951416016,0.04886850342154503,0.01592702604830265,40.498260498046875,0.049224574118852615,0.040258921682834625,0.037797629833221436,0.040268950164318085,0.03900934383273125
937,0.01608554646372795,40.890602111816406,0.0484234094619751,0.015884945169091225,40.63349151611328,0.049317922443151474,0.040201336145401,0.038198161870241165,0.03980446606874466,0.038288962095975876
938,0.016054395586252213,41.44690704345703,0.04880306124687195,0.015892546623945236,40.372398376464844,0.04912930727005005,0.03988976031541824,0.03803137317299843,0.04082537814974785,0.038248177617788315
939,0.01609942875802517,41.22654342651367,0.04865355044603348,0.0158805251121521,41.74449157714844,0.050100177526474,0.04232146590948105,0.03800090029835701,0.04026005417108536,0.038420770317316055
940,0.016054289415478706,41.263118743896484,0.04867686331272125,0.015905989333987236,40.973297119140625,0.04955896735191345,0.04114821180701256,0.03776412829756737,0.040760647505521774,0.037945736199617386
941,0.016142049804329872,41.21335983276367,0.04864051938056946,0.015894722193479538,40.28466796875,0.04906425252556801,0.03980635479092598,0.03798455372452736,0.03993251547217369,0.03877383470535278
942,0.016057398170232773,41.07014083862305,0.04854588210582733,0.015889756381511688,40.4719352722168,0.04919825866818428,0.03998332470655441,0.03813725337386131,0.04043605923652649,0.03795573115348816
943,0.016077658161520958,41.12751388549805,0.048583872616291046,0.015897229313850403,40.32414245605469,0.049088794738054276,0.03989971801638603,0.03798985108733177,0.040108997374773026,0.03845261409878731
944,0.016071170568466187,41.12838363647461,0.04858531057834625,0.015925638377666473,40.67795944213867,0.04934215173125267,0.040156345814466476,0.0383530929684639,0.04072573781013489,0.03773907572031021
945,0.01609916053712368,41.82905197143555,0.049058087170124054,0.015901656821370125,40.604305267333984,0.04929221421480179,0.040507156401872635,0.037751372903585434,0.04087261110544205,0.038897037506103516
946,0.01609918475151062,40.80650329589844,0.04836093261837959,0.01587507873773575,40.66804885864258,0.04933593422174454,0.04032451659440994,0.038146864622831345,0.0398140624165535,0.03812599927186966
947,0.016073575243353844,41.210079193115234,0.04863594472408295,0.015889644622802734,40.27466583251953,0.049050893634557724,0.03982015326619148,0.03797665610909462,0.04030795767903328,0.03840512037277222
948,0.016078628599643707,40.9962158203125,0.04849245026707649,0.015886740759015083,41.092872619628906,0.04963189363479614,0.040509484708309174,0.038815487176179886,0.040201298892498016,0.03808901831507683
949,0.016052477061748505,41.61655807495117,0.04891371354460716,0.015892671421170235,40.318992614746094,0.04908556491136551,0.04003146290779114,0.03773694112896919,0.04108262062072754,0.03828641027212143
950,0.016127843409776688,40.91102981567383,0.04842959716916084,0.015877453610301018,40.350563049316406,0.04910687357187271,0.039895396679639816,0.03800511360168457,0.03970273956656456,0.03845743462443352
951,0.016052071005105972,41.129966735839844,0.04858023673295975,0.0158808846026659,40.293460845947266,0.04906335473060608,0.0397590771317482,0.03805962949991226,0.040417540818452835,0.038130708038806915
952,0.016077319160103798,40.92179870605469,0.04843803122639656,0.015879902988672256,40.525821685791016,0.04922956973314285,0.04004501551389694,0.038194574415683746,0.03985480219125748,0.03834426403045654
953,0.016086624935269356,42.012115478515625,0.04915795475244522,0.015886837616562843,40.17650604248047,0.04897736757993698,0.039776746183633804,0.037751682102680206,0.041736308485269547,0.03822780027985573
954,0.016104089096188545,40.703372955322266,0.048285286873579025,0.015872718766331673,40.32627868652344,0.04908475652337074,0.039737947285175323,0.038169629871845245,0.03964826092123985,0.038130417466163635
955,0.016053061932325363,40.90810012817383,0.048427145928144455,0.01586933434009552,40.28726577758789,0.049058087170124054,0.039834629744291306,0.037955429404973984,0.03982279822230339,0.03836889937520027
956,0.016050074249505997,41.146636962890625,0.04858914762735367,0.01587538793683052,40.30028533935547,0.0490645170211792,0.03975990414619446,0.03807863965630531,0.040411725640296936,0.038183778524398804
957,0.016080206260085106,41.0675048828125,0.04853624477982521,0.015857171267271042,42.22235107421875,0.050419021397829056,0.043123383074998856,0.03809649124741554,0.0400618240237236,0.03839772939682007
958,0.016037411987781525,41.149932861328125,0.048592984676361084,0.015864335000514984,40.56776809692383,0.04925749823451042,0.04046175628900528,0.03779177740216255,0.04070078209042549,0.03785962983965874
959,0.016094695776700974,41.11907196044922,0.048568032681941986,0.015873631462454796,40.13639450073242,0.04894539713859558,0.039664559066295624,0.03787665441632271,0.03992711752653122,0.03866688162088394
960,0.016048407182097435,40.958251953125,0.048459362238645554,0.01587621308863163,40.47188186645508,0.04918379709124565,0.03986712917685509,0.03831226006150246,0.040320008993148804,0.03792165592312813
961,0.01606021262705326,40.948997497558594,0.0484539158642292,0.015855925157666206,41.676780700683594,0.05003688484430313,0.042309630662202835,0.037940628826618195,0.03980177640914917,0.03848017752170563
962,0.016050616279244423,41.30924606323242,0.048698071390390396,0.01587173342704773,40.30023193359375,0.04906156286597252,0.039811987429857254,0.038027696311473846,0.040972914546728134,0.037863824516534805
963,0.016072586178779602,41.04045867919922,0.04851356893777847,0.015865636989474297,40.180118560791016,0.04897594079375267,0.039764780551195145,0.0378250814974308,0.03988701105117798,0.038569025695323944
964,0.01604871265590191,41.03208923339844,0.04850570112466812,0.015873653814196587,40.25853729248047,0.049027662724256516,0.039652202278375626,0.03814433142542839,0.040333155542612076,0.03807271644473076
965,0.016073506325483322,41.358280181884766,0.04872661828994751,0.01585155725479126,41.97650909423828,0.05024150386452675,0.04276922345161438,0.038005053997039795,0.040521040558815,0.03844425082206726
966,0.016042208299040794,40.74012756347656,0.0483057014644146,0.015848716720938683,40.78276824951172,0.04940405488014221,0.040743760764598846,0.037934426218271255,0.0399044044315815,0.03796554356813431
967,0.01608831062912941,41.180484771728516,0.048605527728796005,0.015873795375227928,40.65387725830078,0.04930049926042557,0.04061036929488182,0.03797581419348717,0.04019457846879959,0.03853126987814903
968,0.016035014763474464,40.88054275512695,0.04840218648314476,0.015855873003602028,40.92960739135742,0.04950360581278801,0.040578607469797134,0.0384366475045681,0.04023445397615433,0.03787034749984741
969,0.016027873381972313,41.36439514160156,0.04872756823897362,0.01589551754295826,41.161949157714844,0.04967069625854492,0.0416281521320343,0.03764250874519348,0.040677621960639954,0.038298264145851135
970,0.016100328415632248,40.72861099243164,0.04829311743378639,0.015855107456445694,40.2299919128418,0.049005478620529175,0.0396643690764904,0.03807836398482323,0.039564479142427444,0.03831624239683151
971,0.01601441577076912,41.04924774169922,0.04851502180099487,0.01585390232503414,40.17998504638672,0.04896865040063858,0.039707038551568985,0.037912387400865555,0.040386609733104706,0.038061775267124176
972,0.016046015545725822,40.7694091796875,0.04832182824611664,0.0158559437841177,40.198246002197266,0.048981357365846634,0.03967387229204178,0.038002025336027145,0.03963048756122589,0.03835431486368179
973,0.0160189438611269,41.176334381103516,0.04859903082251549,0.01586712710559368,40.123443603515625,0.0489262230694294,0.03965277224779129,0.03786264732480049,0.04087911918759346,0.03774730861186981
974,0.01606389693915844,41.26735305786133,0.04866229370236397,0.015855638310313225,40.802223205566406,0.04941261187195778,0.04098133370280266,0.03769094496965408,0.04019618406891823,0.03865262120962143
975,0.01605868898332119,40.67298126220703,0.04825368523597717,0.015839485451579094,40.913047790527344,0.049489688128232956,0.04097529873251915,0.03795444965362549,0.039739202708005905,0.03803493455052376
976,0.01599174179136753,41.35905456542969,0.048715438693761826,0.015977416187524796,40.478206634521484,0.04918057098984718,0.040265876799821854,0.03778296709060669,0.04100766405463219,0.03792981058359146
977,0.016151493415236473,40.89193344116211,0.04839649423956871,0.015856536105275154,40.050357818603516,0.04887104034423828,0.039534252136945724,0.03787463158369064,0.03949863463640213,0.038690198212862015
978,0.015994112938642502,40.67341232299805,0.0482526533305645,0.015849076211452484,40.07099533081055,0.048884984105825424,0.039525728672742844,0.03793712705373764,0.03992299735546112,0.03787023946642876
979,0.016024906188249588,40.9715690612793,0.04845786094665527,0.015847722068428993,40.29808044433594,0.04904695227742195,0.03979623317718506,0.038065798580646515,0.04017742723226547,0.038162291049957275
980,0.016038022935390472,41.242862701416016,0.048638634383678436,0.01585077866911888,41.928436279296875,0.050198398530483246,0.04292949289083481,0.03773602098226547,0.04048165678977966,0.03830557316541672
981,0.016051264479756355,40.594703674316406,0.04819664731621742,0.015838678926229477,40.387760162353516,0.049111247062683105,0.039978303015232086,0.03804660215973854,0.03963416814804077,0.038020018488168716
982,0.016019199043512344,41.115379333496094,0.0485522635281086,0.015848835930228233,40.00956344604492,0.04883786663413048,0.039520613849163055,0.03780572488903999,0.04035395383834839,0.038262952119112015
983,0.016040241345763206,40.72044372558594,0.04828237369656563,0.015830565243959427,41.04931640625,0.049579087644815445,0.041096825152635574,0.03811383247375488,0.039678048342466354,0.03822323679924011
984,0.015997832641005516,41.0843505859375,0.048533421009778976,0.015844544395804405,40.12317657470703,0.048921000212430954,0.03983147069811821,0.037654001265764236,0.040712662041187286,0.03778684884309769
985,0.01607215404510498,40.87424087524414,0.0483860969543457,0.01584588550031185,39.97505569458008,0.048812150955200195,0.03950336575508118,0.03776349872350693,0.03962501510977745,0.03858534246683121
986,0.01601749286055565,40.84474563598633,0.04836636781692505,0.015848269686102867,40.20445251464844,0.04897397756576538,0.03958095982670784,0.03814680129289627,0.04023052379488945,0.03787556663155556
987,0.01603083312511444,40.79347610473633,0.048332370817661285,0.015828276053071022,41.537017822265625,0.04992038756608963,0.04215827211737633,0.03788713365793228,0.03967362642288208,0.0383855476975441
988,0.016013257205486298,41.03329849243164,0.048496220260858536,0.015839368104934692,40.16039276123047,0.04894378408789635,0.039771679788827896,0.03782337158918381,0.04063563048839569,0.03778377175331116
989,0.016048680990934372,40.90605545043945,0.048406437039375305,0.01584242470562458,39.94511795043945,0.04878777265548706,0.03947770968079567,0.03773201256990433,0.039766825735569,0.03851146250963211
990,0.01601732149720192,40.79267883300781,0.048328086733818054,0.015845460817217827,40.191734313964844,0.048961419612169266,0.03951931372284889,0.03820350766181946,0.04010679945349693,0.037925899028778076
991,0.016026610508561134,41.07364273071289,0.04852079972624779,0.015824606642127037,42.43673324584961,0.05054301396012306,0.043720487505197525,0.03789306804537773,0.04016605392098427,0.03837515413761139
992,0.016016455367207527,40.71072006225586,0.04827164113521576,0.01582467555999756,40.64695358276367,0.04928911104798317,0.04068121314048767,0.037774909287691116,0.03998537361621857,0.03788657858967781
993,0.01606188341975212,41.02918243408203,0.04848584905266762,0.015847284346818924,40.16273880004883,0.04893502965569496,0.03986859321594238,0.03782060369849205,0.04001495614647865,0.038500502705574036
994,0.015996461734175682,40.567935943603516,0.048172496259212494,0.01583203300833702,40.57450485229492,0.04923311248421669,0.040132734924554825,0.0382719561457634,0.03986569494009018,0.037752117961645126
995,0.01599830389022827,41.4669303894043,0.048777636140584946,0.015871068462729454,40.07335662841797,0.04887647181749344,0.03979583829641342,0.03756362944841385,0.040950845927000046,0.03823046758770943
996,0.016077611595392227,40.50718688964844,0.048125896602869034,0.015831049531698227,40.037513732910156,0.04884859174489975,0.03945574909448624,0.037972837686538696,0.03934222459793091,0.038190871477127075
997,0.015995174646377563,40.684234619140625,0.04824964702129364,0.01583074778318405,39.950138092041016,0.048784732818603516,0.03940271958708763,0.03785667195916176,0.03977975249290466,0.038100242614746094
998,0.016001146286725998,40.767730712890625,0.04830709844827652,0.015832409262657166,40.12003707885742,0.048905402421951294,0.03951519727706909,0.03806954622268677,0.03999586030840874,0.038022834807634354
999,0.016017263755202293,41.07557678222656,0.048516422510147095,0.015822144225239754,42.47340774536133,0.0505618192255497,0.04384613782167435,0.03782955929636955,0.0402279794216156,0.038323160260915756
