epoch,cotBeta_mae_metric,loss,slim_rmse_metric,val_cotBeta_mae_metric,val_loss,val_slim_rmse_metric,val_x_mae_metric,val_y_mae_metric,x_mae_metric,y_mae_metric
0,0.32977572083473206,3490.1220703125,0.48117321729660034,0.2853819727897644,2295.58349609375,0.3988722860813141,0.32642918825149536,0.3749370574951172,0.4277591109275818,0.4550548791885376
1,0.2657647430896759,2373.32177734375,0.3937441110610962,0.19047798216342926,1284.4468994140625,0.29823485016822815,0.20794400572776794,0.2909471392631531,0.3424566984176636,0.35673031210899353
2,0.2086731493473053,1524.274169921875,0.3146055042743683,0.16208872199058533,909.5033569335938,0.2508116662502289,0.15546171367168427,0.2505055069923401,0.24638724327087402,0.2918299734592438
3,0.19379933178424835,1333.647216796875,0.29195332527160645,0.15555749833583832,811.14013671875,0.2367880642414093,0.14920294284820557,0.23138906061649323,0.2259230762720108,0.2695685625076294
4,0.1876591593027115,1288.5028076171875,0.28609606623649597,0.14989717304706573,767.128173828125,0.23022973537445068,0.14697133004665375,0.223105788230896,0.22695188224315643,0.2613483965396881
5,0.17773111164569855,1242.7127685546875,0.2801405191421509,0.13893470168113708,720.539306640625,0.22305288910865784,0.14633165299892426,0.21629847586154938,0.22715038061141968,0.25505709648132324
6,0.16777034103870392,1183.8936767578125,0.2733151316642761,0.21525101363658905,1832.519287109375,0.35619691014289856,0.3484148383140564,0.30426302552223206,0.22468580305576324,0.24899153411388397
7,0.1574278175830841,1124.30078125,0.26469913125038147,0.11822179704904556,615.5304565429688,0.20607784390449524,0.1436205357313156,0.19596517086029053,0.2211463749408722,0.2398759424686432
8,0.1438247412443161,994.6382446289062,0.2480749487876892,0.11092115938663483,566.7509765625,0.19774426519870758,0.14193862676620483,0.1842721849679947,0.20556095242500305,0.2245463877916336
9,0.1343410611152649,909.3143310546875,0.23687772452831268,0.10601986944675446,530.0856323242188,0.19121715426445007,0.13887599110603333,0.17628046870231628,0.19989745318889618,0.21008016169071198
10,0.12462073564529419,795.0601196289062,0.22151286900043488,0.10220279544591904,500.1405029296875,0.1857471466064453,0.1362413913011551,0.16898389160633087,0.18170541524887085,0.1979796141386032
11,0.11814377456903458,729.5487670898438,0.2123335897922516,0.09890158474445343,484.7554016113281,0.18285402655601501,0.13889579474925995,0.16307969391345978,0.17480573058128357,0.1872696429491043
12,0.11254236847162247,671.7830200195312,0.2040187418460846,0.09601547569036484,455.5163269042969,0.17722417414188385,0.13271822035312653,0.15736770629882812,0.16751980781555176,0.17845264077186584
13,0.10966090857982635,653.9744262695312,0.20099250972270966,0.09364461898803711,435.7349548339844,0.17328211665153503,0.13156329095363617,0.15180723369121552,0.16736581921577454,0.17417661845684052
14,0.10697618126869202,636.44140625,0.19799503684043884,0.09129662811756134,418.62335205078125,0.16980122029781342,0.13005194067955017,0.14762841165065765,0.16392531991004944,0.17259056866168976
15,0.10259531438350677,587.0435791015625,0.19081570208072662,0.0890352725982666,401.2359619140625,0.16623277962207794,0.12900635600090027,0.14185018837451935,0.16234555840492249,0.16019244492053986
16,0.10023168474435806,569.1660766601562,0.1875324249267578,0.08695627003908157,393.7409973144531,0.1646576225757599,0.1306271255016327,0.13889332115650177,0.16146525740623474,0.15507185459136963
17,0.09781622141599655,540.7508544921875,0.18272536993026733,0.16204078495502472,1453.03076171875,0.3172571659088135,0.32325226068496704,0.2602241635322571,0.15375834703445435,0.15296003222465515
18,0.09802501648664474,559.3064575195312,0.18510979413986206,0.08452989906072617,361.2747802734375,0.15765713155269623,0.1260942965745926,0.12815214693546295,0.15699677169322968,0.15575532615184784
19,0.09352480620145798,501.8553161621094,0.1761663854122162,0.08273691684007645,348.6756286621094,0.15489183366298676,0.12516959011554718,0.12432337552309036,0.15357279777526855,0.1402769535779953
20,0.09209702163934708,500.3902893066406,0.1751302182674408,0.08214270323514938,341.11297607421875,0.15319493412971497,0.12411018460988998,0.12190376967191696,0.15552698075771332,0.1370270848274231
21,0.09311571717262268,524.3952026367188,0.17832554876804352,0.08146397769451141,332.4778747558594,0.15120342373847961,0.12349103391170502,0.11856011301279068,0.15098202228546143,0.15018628537654877
22,0.08868620544672012,448.45367431640625,0.16676250100135803,0.07986334711313248,323.35540771484375,0.14908067882061005,0.12218224257230759,0.11597513407468796,0.14595000445842743,0.12938223779201508
23,0.08747103065252304,436.1895751953125,0.1639566421508789,0.07866448163986206,317.0291748046875,0.14760634303092957,0.12376664578914642,0.112148217856884,0.14377667009830475,0.12602263689041138
24,0.08790316432714462,466.5906677246094,0.16845645010471344,0.07814338058233261,314.76324462890625,0.14707517623901367,0.12092872709035873,0.11493083089590073,0.15121369063854218,0.12942728400230408
25,0.0890020802617073,487.8750915527344,0.17117160558700562,0.07752367109060287,302.0809631347656,0.1440512239933014,0.12021364271640778,0.10825813561677933,0.14763103425502777,0.14052924513816833
26,0.08299381285905838,385.9642028808594,0.1549188792705536,0.13611803948879242,1130.6246337890625,0.27975761890411377,0.30518677830696106,0.2007533460855484,0.13575826585292816,0.1161261647939682
27,0.08511493355035782,438.82269287109375,0.16307701170444489,0.07585273683071136,304.6935729980469,0.1447012573480606,0.11981885135173798,0.11242061108350754,0.1494443118572235,0.12047610431909561
28,0.08430293947458267,422.15753173828125,0.1602732092142105,0.14516757428646088,1374.2230224609375,0.3084188401699066,0.3013295829296112,0.2817405164241791,0.14025172591209412,0.125136598944664
29,0.08459978550672531,437.45428466796875,0.16195160150527954,0.07440333068370819,281.12677001953125,0.13886909186840057,0.11737988144159317,0.10215042531490326,0.14164461195468903,0.12817922234535217
30,0.0816364511847496,387.6376647949219,0.154123455286026,0.07381463795900345,276.3526306152344,0.13767744600772858,0.11763323843479156,0.0990045890212059,0.13978585600852966,0.11178920418024063
31,0.08092870563268661,384.9168395996094,0.15369504690170288,0.07315713167190552,270.41326904296875,0.13616760075092316,0.11625264585018158,0.09759987145662308,0.1412666141986847,0.10955135524272919
32,0.0806104987859726,381.7431640625,0.15268228948116302,0.07315196096897125,271.8380432128906,0.13653896749019623,0.1155083179473877,0.09886553138494492,0.1384669542312622,0.11106975376605988
33,0.07974861562252045,374.7127380371094,0.1509331464767456,0.1336725503206253,1124.7705078125,0.2790982127189636,0.3083187937736511,0.1913585215806961,0.13507883250713348,0.11159644275903702
34,0.08094645291566849,396.8406982421875,0.15468554198741913,0.14361070096492767,1326.2777099609375,0.3030180037021637,0.2888500988483429,0.28442832827568054,0.14077791571617126,0.1144331693649292
35,0.07947992533445358,382.592041015625,0.15121236443519592,0.07129222899675369,265.0703125,0.13481800258159637,0.11466742306947708,0.09904593229293823,0.1319875419139862,0.1175403818488121
36,0.07839124649763107,359.2371826171875,0.14794008433818817,0.0706394761800766,254.70703125,0.13212791085243225,0.11455844342708588,0.09181495755910873,0.13593828678131104,0.10391455888748169
37,0.07782497256994247,355.29864501953125,0.14701567590236664,0.07021041214466095,251.509521484375,0.1312987059354782,0.11336792260408401,0.09111170470714569,0.13535310328006744,0.1027003601193428
38,0.07718755304813385,352.0778503417969,0.1465429961681366,0.06980084627866745,247.7289276123047,0.13029596209526062,0.11272384226322174,0.089873306453228,0.13598214089870453,0.10126153379678726
39,0.07732277363538742,359.8570861816406,0.14744418859481812,0.06953978538513184,245.24545288085938,0.12964393198490143,0.11232981830835342,0.08921267092227936,0.13642477989196777,0.10338665544986725
40,0.07706332206726074,347.0839538574219,0.1455417424440384,0.06913409382104874,243.37973022460938,0.12914764881134033,0.11203717440366745,0.0884149819612503,0.1342272013425827,0.10085466504096985
41,0.07563414424657822,332.3291320800781,0.1423806995153427,0.0688071995973587,241.11273193359375,0.1285102814435959,0.111313596367836,0.08852805942296982,0.12882806360721588,0.1007516011595726
42,0.07591741532087326,344.14349365234375,0.14439426362514496,0.06833985447883606,245.12059020996094,0.12963572144508362,0.11548130214214325,0.08720900118350983,0.13339735567569733,0.10054299980401993
43,0.07650718092918396,352.35943603515625,0.14476840198040009,0.06862259656190872,243.32943725585938,0.12912823259830475,0.11035023629665375,0.09055101871490479,0.12702564895153046,0.10993745923042297
44,0.08138594776391983,411.090087890625,0.1530178338289261,0.06819000095129013,239.55169677734375,0.12811706960201263,0.11079340428113937,0.08918292820453644,0.1310679316520691,0.12363561242818832
45,0.073282890021801,316.9879455566406,0.13931256532669067,0.06807243078947067,239.30418395996094,0.12800821661949158,0.11439044773578644,0.08534614741802216,0.1292942464351654,0.09395167976617813
46,0.0744088813662529,323.35546875,0.14054450392723083,0.06708832085132599,231.11883544921875,0.12580683827400208,0.1096368357539177,0.08483389765024185,0.13019993901252747,0.09548778086900711
47,0.07404623180627823,322.1642150878906,0.14022479951381683,0.12388534843921661,894.859130859375,0.24883949756622314,0.269946426153183,0.17116381227970123,0.13006405532360077,0.09513989835977554
48,0.07370202243328094,320.50439453125,0.13986517488956451,0.0668315663933754,228.4276123046875,0.1250544637441635,0.10893113166093826,0.08405254781246185,0.1299351304769516,0.09460718929767609
49,0.07430112361907959,327.6123046875,0.1409190595149994,0.06657849252223969,234.7417755126953,0.126804381608963,0.11285556852817535,0.08508425205945969,0.1311468929052353,0.09551752358675003
50,0.07356944680213928,324.9563293457031,0.140382781624794,0.06648240238428116,226.2750244140625,0.12443642318248749,0.10871899873018265,0.08303392678499222,0.1314646303653717,0.09464617818593979
51,0.0731799453496933,315.7337646484375,0.13857096433639526,0.06630832701921463,224.30491638183594,0.12387531250715256,0.10795699059963226,0.08272852003574371,0.12900635600090027,0.09320758283138275
52,0.0729030892252922,309.966064453125,0.1372096687555313,0.06619129329919815,225.06239318847656,0.12407813966274261,0.10775778442621231,0.0838550329208374,0.1241731122136116,0.09616649895906448
53,0.07168854027986526,301.8451843261719,0.13506846129894257,0.06594561785459518,223.80470275878906,0.12371448427438736,0.10705239325761795,0.08358757942914963,0.11783985048532486,0.10001729428768158
54,0.07490237802267075,344.256103515625,0.14086849987506866,0.0653538778424263,221.72860717773438,0.12312771379947662,0.10688911378383636,0.08282173424959183,0.11774880439043045,0.11372435837984085
55,0.07430099695920944,331.1494445800781,0.14028622210025787,0.06584417074918747,247.2865447998047,0.13014639914035797,0.10754641145467758,0.10186499357223511,0.12407371401786804,0.10431931167840958
56,0.07111945748329163,297.7641296386719,0.1349422186613083,0.06477931886911392,218.88885498046875,0.12234831601381302,0.10642353445291519,0.08172407001256943,0.12111888080835342,0.09575691819190979
57,0.06845595687627792,270.24102783203125,0.12963108718395233,0.06417589634656906,222.070556640625,0.12321443110704422,0.10956089943647385,0.0814770981669426,0.11746443808078766,0.08768294006586075
58,0.06840018928050995,290.6363525390625,0.13294395804405212,0.06410609930753708,216.45767211914062,0.12163431942462921,0.10675296932458878,0.08091123402118683,0.12500795722007751,0.08676884323358536
59,0.06678929924964905,255.2307891845703,0.1265443116426468,0.06349941343069077,213.28961181640625,0.12073798477649689,0.10485208034515381,0.08062063902616501,0.11385191977024078,0.08510413765907288
60,0.06721813976764679,267.13995361328125,0.12868492305278778,0.0632886216044426,212.28599548339844,0.12044966220855713,0.10463055223226547,0.0805356353521347,0.11750855296850204,0.08619310706853867
61,0.06613899767398834,255.683837890625,0.12623421847820282,0.06307775527238846,224.47178649902344,0.12391924858093262,0.1133662536740303,0.08037946373224258,0.11426214128732681,0.0846710354089737
62,0.06674698740243912,264.4360046386719,0.12799927592277527,0.06251288950443268,210.0934600830078,0.11982004344463348,0.1036015972495079,0.08069171756505966,0.11683105677366257,0.0859362855553627
63,0.06813111901283264,277.918212890625,0.13033181428909302,0.06316941231489182,209.99671936035156,0.11976417154073715,0.10363105684518814,0.08000576496124268,0.11833971738815308,0.08901841938495636
64,0.0627351775765419,218.92578125,0.11919073015451431,0.06181328743696213,206.06069946289062,0.11862016469240189,0.10263639688491821,0.07944183051586151,0.1046806275844574,0.08056768774986267
65,0.06368754059076309,234.6450958251953,0.12186440825462341,0.06139424815773964,204.39743041992188,0.11812321841716766,0.10210233181715012,0.07926799356937408,0.10811671614646912,0.08270863443613052
66,0.06668458878993988,271.5254211425781,0.12840983271598816,0.06127087026834488,209.67001342773438,0.11967044323682785,0.1020859032869339,0.08444665372371674,0.11428430676460266,0.09056191146373749
67,0.060586631298065186,204.57302856445312,0.11604851484298706,0.06049909070134163,200.86947631835938,0.11706863343715668,0.10096748173236847,0.07864784449338913,0.10078616440296173,0.07900001108646393
68,0.05970083549618721,201.28543090820312,0.11509624868631363,0.05965520069003105,197.97689819335938,0.11620538681745529,0.10007353872060776,0.07835444062948227,0.09988340735435486,0.0783684030175209
69,0.06730761379003525,277.4454650878906,0.12928271293640137,0.06023465842008591,198.59963989257812,0.11638116836547852,0.10012238472700119,0.07827389240264893,0.11802809685468674,0.08776307851076126
70,0.05939894914627075,198.80438232421875,0.11436741799116135,0.0594024583697319,195.51805114746094,0.11547078937292099,0.09906667470932007,0.07796768844127655,0.09895613044500351,0.07793660461902618
71,0.05864580720663071,196.10263061523438,0.1135726347565651,0.05867603421211243,193.189453125,0.11476530879735947,0.0983455702662468,0.07773297280073166,0.09805475175380707,0.07769171893596649
72,0.057957012206315994,193.71131896972656,0.11286447197198868,0.05806735157966614,190.95260620117188,0.11409545689821243,0.09760833531618118,0.0775199756026268,0.09729324281215668,0.0774388462305069
73,0.06756807118654251,298.6971435546875,0.13191358745098114,0.05946559086441994,197.20773315429688,0.11596351116895676,0.09975374490022659,0.07956834882497787,0.12087643146514893,0.09119337797164917
74,0.058851320296525955,194.0420684814453,0.11295511573553085,0.058717694133520126,190.22935485839844,0.11387164890766144,0.09699521213769913,0.07727430760860443,0.0972597673535347,0.07743169367313385
75,0.05799860507249832,190.61932373046875,0.11193764209747314,0.058119986206293106,187.84669494628906,0.11313009262084961,0.09610629826784134,0.07705877721309662,0.0959353968501091,0.07695258408784866
76,0.05740933120250702,188.4893035888672,0.11129815876483917,0.057587333023548126,185.7633056640625,0.11248046904802322,0.09541593492031097,0.07684551179409027,0.09521825611591339,0.0767509713768959
77,0.05686212703585625,186.5052032470703,0.11069868505001068,0.05700167268514633,183.94662475585938,0.11191578954458237,0.09488047659397125,0.07666949182748795,0.09457406401634216,0.07654880732297897
78,0.05633406341075897,184.51815795898438,0.11009479314088821,0.05651664733886719,182.0335693359375,0.11132790893316269,0.09427342563867569,0.07648134976625443,0.09391982853412628,0.07632412761449814
79,0.05585640296339989,182.7128143310547,0.109542615711689,0.05607389286160469,180.2844696044922,0.11078529804944992,0.09375651180744171,0.0762784332036972,0.09335754066705704,0.0761101245880127
80,0.05542539432644844,180.99505615234375,0.10901453346014023,0.05570130795240402,178.5469512939453,0.11022883653640747,0.09315658360719681,0.07604073733091354,0.09277455508708954,0.07595331966876984
81,0.07101347297430038,335.4040832519531,0.13592973351478577,0.05773570388555527,181.9330596923828,0.11128116399049759,0.09389233589172363,0.07617972046136856,0.12263930588960648,0.0982256680727005
82,0.05699599161744118,182.39222717285156,0.10943935811519623,0.05698051303625107,179.3041534423828,0.11045435816049576,0.0928242951631546,0.07590921223163605,0.09282843768596649,0.0757807046175003
83,0.0563916452229023,180.20620727539062,0.10876742005348206,0.056494347751140594,177.46437072753906,0.10987672954797745,0.09227786958217621,0.07570353895425797,0.09204328805208206,0.07560008019208908
84,0.05589722469449043,178.46473693847656,0.10822848975658417,0.05606340244412422,175.843017578125,0.10936014354228973,0.09167251735925674,0.07558580487966537,0.09147877246141434,0.07544679939746857
85,0.05548962950706482,176.9032745361328,0.1077430248260498,0.05574018880724907,174.3153839111328,0.10886428505182266,0.09115058183670044,0.0754600316286087,0.0909600481390953,0.07530798763036728
86,0.0551280602812767,175.2964630126953,0.10724164545536041,0.05533117055892944,172.88575744628906,0.1083868220448494,0.0906355008482933,0.07534383982419968,0.09038909524679184,0.07517223060131073
87,0.05479016155004501,173.935791015625,0.10681469738483429,0.055009227246046066,171.562744140625,0.1079479455947876,0.09015727043151855,0.07520782202482224,0.08992041647434235,0.07503925263881683
88,0.054461728781461716,172.5537109375,0.10637924075126648,0.05466117709875107,170.1302947998047,0.10748306661844254,0.08966420590877533,0.07502635568380356,0.08946169167757034,0.07489760220050812
89,0.05417081341147423,171.18190002441406,0.10594551265239716,0.054452084004879,168.71075439453125,0.10703220218420029,0.08914817869663239,0.07486645132303238,0.08899279683828354,0.07475350797176361
90,0.05388284847140312,169.72291564941406,0.10548245161771774,0.054161202162504196,167.42323303222656,0.10661659389734268,0.08869466930627823,0.07467640191316605,0.08848530799150467,0.07457627356052399
91,0.05360184609889984,168.43185424804688,0.10507062822580338,0.05392662435770035,166.25946044921875,0.10623229295015335,0.08829338103532791,0.07453037053346634,0.08804953843355179,0.07441146671772003
92,0.05336166173219681,167.20333862304688,0.1046774610877037,0.053747255355119705,165.0812530517578,0.10585307329893112,0.08787531405687332,0.0744161531329155,0.0875973105430603,0.07426159083843231
93,0.05312254652380943,165.9459991455078,0.10427328944206238,0.05352458730340004,163.81776428222656,0.10543010383844376,0.08741240948438644,0.07423390448093414,0.08715712279081345,0.07411111146211624
94,0.05288850888609886,164.6376495361328,0.10385081171989441,0.05329788103699684,162.4857635498047,0.10497937351465225,0.08688359707593918,0.07412827759981155,0.08670836687088013,0.07395989447832108
95,0.094786137342453,639.3320922851562,0.17958736419677734,0.11560683697462082,821.1989135742188,0.23832465708255768,0.25529417395591736,0.1634465754032135,0.17130830883979797,0.13467679917812347
96,0.10663235187530518,719.1856079101562,0.21838000416755676,0.10281167179346085,606.80859375,0.20481428503990173,0.19506652653217316,0.1525467187166214,0.22112132608890533,0.15768717229366302
97,0.10249051451683044,613.72216796875,0.20206423103809357,0.10298134386539459,587.5255737304688,0.20158733427524567,0.19088412821292877,0.14804314076900482,0.19148068130016327,0.15160566568374634
98,0.10735265910625458,562.2568359375,0.19174762070178986,0.08523330837488174,275.7068176269531,0.1374095231294632,0.11867322027683258,0.0976911410689354,0.17883412539958954,0.14020779728889465
99,0.07345259934663773,226.7689971923828,0.12207629531621933,0.07027960568666458,199.1284637451172,0.11647161096334457,0.09726468473672867,0.07706839591264725,0.10572315007448196,0.0831100195646286
100,0.06993673741817474,195.4819793701172,0.11334288865327835,0.06983355432748795,189.65353393554688,0.11363356560468674,0.09195845574140549,0.07545638084411621,0.09369643777608871,0.07568943500518799
101,0.06903165578842163,189.1338348388672,0.11145738512277603,0.06834355741739273,184.6744842529297,0.11209970712661743,0.0899152010679245,0.07510834187269211,0.09033966809511185,0.07505442202091217
102,0.06709448248147964,184.7176055908203,0.11012255400419235,0.06629256904125214,180.7564239501953,0.11087582260370255,0.08888118714094162,0.07490663975477219,0.08892151713371277,0.07492396980524063
103,0.0652039498090744,180.85079956054688,0.10893937945365906,0.06453736126422882,177.46664428710938,0.10985749959945679,0.0881577730178833,0.07474512606859207,0.08800417929887772,0.07467882335186005
104,0.06355837732553482,177.71531677246094,0.10797037184238434,0.06302614510059357,174.5762481689453,0.1089322492480278,0.0875278040766716,0.07458878308534622,0.08731533586978912,0.074461430311203
105,0.062195051461458206,175.07583618164062,0.10714716464281082,0.06180152669548988,172.137451171875,0.10814768821001053,0.0869334265589714,0.07437451183795929,0.08670950680971146,0.07429095357656479
106,0.06104176864027977,172.75157165527344,0.1064169630408287,0.06075022742152214,170.09571838378906,0.1075064167380333,0.08641330897808075,0.07417093217372894,0.08617854118347168,0.07409891486167908
107,0.06006927788257599,170.77047729492188,0.10578977316617966,0.059883154928684235,168.2611846923828,0.10688365995883942,0.08594103157520294,0.07400764524936676,0.08569508790969849,0.07396992295980453
108,0.059188179671764374,168.95774841308594,0.1052124872803688,0.059193044900894165,166.5418701171875,0.1063307523727417,0.08549707382917404,0.07390356063842773,0.08524499088525772,0.07385070621967316
109,0.0584721639752388,167.32095336914062,0.1046886220574379,0.05850883945822716,165.10418701171875,0.10584501177072525,0.08508140593767166,0.07379807531833649,0.0848102942109108,0.07370195537805557
110,0.05783187970519066,165.76885986328125,0.1041887030005455,0.0579368881881237,163.6244659423828,0.10536950826644897,0.08460863679647446,0.07369869202375412,0.0843936875462532,0.07355351746082306
111,0.05725022777915001,164.3582763671875,0.10373254120349884,0.057388823479413986,162.3489990234375,0.10494861751794815,0.08421868830919266,0.0735970214009285,0.08402185887098312,0.07343091070652008
112,0.05673953518271446,163.00765991210938,0.10329398512840271,0.05687449499964714,160.99777221679688,0.10449884086847305,0.08387263119220734,0.07345160096883774,0.08361232280731201,0.07332248985767365
113,0.05629862844944,161.7623291015625,0.10288779437541962,0.05646008625626564,159.7837371826172,0.10410325974225998,0.08348143845796585,0.07333511114120483,0.08324151486158371,0.07322715222835541
114,0.05584735423326492,160.58535766601562,0.10250259190797806,0.05600595474243164,158.52381896972656,0.1036645844578743,0.0830642506480217,0.07321681827306747,0.08292079716920853,0.07311621308326721
115,0.05548505485057831,159.4402313232422,0.10212595760822296,0.05563846603035927,157.42250061035156,0.10328680276870728,0.08273699134588242,0.0730830579996109,0.08254709839820862,0.0729953944683075
116,0.05513845756649971,158.36204528808594,0.10177018493413925,0.05533846095204353,156.4206085205078,0.10295645892620087,0.08239973336458206,0.0729721263051033,0.08223187923431396,0.07286146283149719
117,0.05482674762606621,157.31060791015625,0.10142233967781067,0.0550057590007782,155.30792236328125,0.10258205235004425,0.08199702948331833,0.07290112972259521,0.08190097659826279,0.07275126129388809
118,0.05453727766871452,156.22750854492188,0.10106299072504044,0.054708097130060196,154.3303680419922,0.10224543511867523,0.08171343803405762,0.07276998460292816,0.08155326545238495,0.07263150066137314
119,0.05427347496151924,155.2901153564453,0.10075078159570694,0.05444681644439697,153.33840942382812,0.10190985351800919,0.08142071217298508,0.07263775169849396,0.08125219494104385,0.07251545041799545
120,0.054022300988435745,154.3029022216797,0.10042090713977814,0.054220594465732574,152.1226806640625,0.10150224715471268,0.08103787899017334,0.07243823260068893,0.08095831423997879,0.07238657027482986
121,0.0538201741874218,153.32369995117188,0.10009267926216125,0.05404658243060112,151.33267211914062,0.10123138874769211,0.08073478192090988,0.0723266676068306,0.08060414344072342,0.07227389514446259
122,0.05359146371483803,152.3254852294922,0.09975683689117432,0.05383786931633949,150.35699462890625,0.10089929401874542,0.08041892945766449,0.07217346131801605,0.08029177039861679,0.07212288677692413
123,0.05336853489279747,151.4121856689453,0.09944856911897659,0.0536181665956974,149.429443359375,0.10058263689279556,0.08010603487491608,0.0720466822385788,0.07999232411384583,0.0719999149441719
124,0.05318128690123558,150.5644073486328,0.09916119277477264,0.05339563265442848,148.48321533203125,0.10024971514940262,0.07975765317678452,0.07191610336303711,0.0796816423535347,0.07190023362636566
125,0.052992142736911774,149.65879821777344,0.09885361790657043,0.053232576698064804,147.60838317871094,0.0999419093132019,0.07944701611995697,0.07176398485898972,0.07938027381896973,0.07176192104816437
126,0.05281113460659981,148.76441955566406,0.09854879230260849,0.05305289849638939,146.77821350097656,0.09965014457702637,0.07914949208498001,0.07162301242351532,0.07908455282449722,0.07162594795227051
127,0.05263238400220871,147.88087463378906,0.09824642539024353,0.052889712154865265,145.92161560058594,0.09935050457715988,0.07882480323314667,0.07148773223161697,0.0787692591547966,0.0714944526553154
128,0.05248083919286728,147.09422302246094,0.09797685593366623,0.05271422863006592,144.9783172607422,0.09901788085699081,0.07849282771348953,0.0713353380560875,0.07847807556390762,0.07138451933860779
129,0.05234865844249725,146.2731170654297,0.0976945161819458,0.05261990800499916,144.198974609375,0.09874828904867172,0.07816600054502487,0.07121289521455765,0.07817414402961731,0.07126083225011826
130,0.05220253765583038,145.4471893310547,0.09740950912237167,0.05248839780688286,143.3564910888672,0.0984494611620903,0.07785485684871674,0.07105477154254913,0.07787545770406723,0.07113384455442429
131,0.052050601691007614,144.6243133544922,0.09712487459182739,0.052319709211587906,142.531982421875,0.09815768152475357,0.07753341645002365,0.07092783600091934,0.07757921516895294,0.07099815458059311
132,0.051913436502218246,143.83387756347656,0.09685055911540985,0.052186984568834305,141.72866821289062,0.09787409752607346,0.07723584026098251,0.0707981288433075,0.07729433476924896,0.07087119668722153
133,0.051768168807029724,143.02894592285156,0.096570685505867,0.05201704427599907,140.94252014160156,0.09759950637817383,0.07694262266159058,0.07068505138158798,0.07701438665390015,0.07073904573917389
134,0.051628220826387405,142.2385711669922,0.09629485756158829,0.05188818648457527,140.19137573242188,0.09733273833990097,0.07665974646806717,0.07056885212659836,0.07673384249210358,0.0706082135438919
135,0.05148919299244881,141.46987915039062,0.09602584689855576,0.05175486579537392,139.43736267089844,0.09705939143896103,0.07637882232666016,0.07043690234422684,0.07645805180072784,0.07048413157463074
136,0.05136103928089142,140.7472381591797,0.09577224403619766,0.05162440612912178,138.68838500976562,0.09679094702005386,0.07610507309436798,0.07030972093343735,0.07618556171655655,0.07037250697612762
137,0.0512528158724308,140.033447265625,0.09552115201950073,0.05149237439036369,138.00363159179688,0.09654346853494644,0.07582325488328934,0.07024756819009781,0.07590891420841217,0.0702500119805336
138,0.051128875464200974,139.40261840820312,0.09529849141836166,0.05136476084589958,137.51412963867188,0.09636122733354568,0.07559584826231003,0.07021778076887131,0.07568331807851791,0.07014696300029755
139,0.050995830446481705,138.73031616210938,0.09506063908338547,0.0512155219912529,136.82957458496094,0.09610962122678757,0.07531889528036118,0.07013323158025742,0.07543367892503738,0.07003198564052582
140,0.05088159441947937,138.03475952148438,0.0948137640953064,0.05112113803625107,136.1735076904297,0.09587272256612778,0.07503601163625717,0.07001979649066925,0.07517728954553604,0.0699123963713646
141,0.05076288431882858,137.35452270507812,0.09457170963287354,0.05098989978432655,135.49337768554688,0.0956270694732666,0.07476971298456192,0.0699245035648346,0.07492655515670776,0.06979186832904816
142,0.050636738538742065,136.66250610351562,0.09432477504014969,0.050911497324705124,134.88328552246094,0.09540333598852158,0.07450741529464722,0.06981688737869263,0.07466711103916168,0.06967893242835999
143,0.050504036247730255,135.97010803222656,0.0940772145986557,0.0507686547935009,134.21990966796875,0.09516014158725739,0.07425086945295334,0.06971288472414017,0.07441547513008118,0.0695602223277092
144,0.05039094388484955,135.3260040283203,0.093846395611763,0.050688836723566055,133.6417999267578,0.09494736045598984,0.07405515760183334,0.06957653909921646,0.0741739347577095,0.06944684684276581
145,0.050268832594156265,134.7322998046875,0.09363263845443726,0.05055063217878342,132.96414184570312,0.09469582140445709,0.07378138601779938,0.06947366148233414,0.07396066188812256,0.06934978067874908
146,0.050153255462646484,134.10714721679688,0.09340734779834747,0.05043550953269005,132.34835815429688,0.0944712832570076,0.0735136941075325,0.06939961761236191,0.07372588664293289,0.06923744827508926
147,0.0500330813229084,133.45919799804688,0.09317328035831451,0.05032997578382492,131.71209716796875,0.09424005448818207,0.07328153401613235,0.06929615885019302,0.07347402721643448,0.06912125647068024
148,0.04992840439081192,132.8368682861328,0.09294795244932175,0.05020587518811226,131.09225463867188,0.09401188045740128,0.07302552461624146,0.06919930875301361,0.07323591411113739,0.06900923699140549
149,0.049826089292764664,132.2119903564453,0.0927208662033081,0.05009765550494194,130.49012756347656,0.09378830343484879,0.072759710252285,0.06911005079746246,0.0729961171746254,0.0688972920179367
150,0.04973616451025009,131.66213989257812,0.09252059459686279,0.04999760165810585,129.8914031982422,0.0935763269662857,0.07253342866897583,0.06900654733181,0.07277679443359375,0.06880496442317963
151,0.04963260889053345,131.10182189941406,0.09231565147638321,0.04986591264605522,129.2608642578125,0.09333765506744385,0.07227952033281326,0.06888189911842346,0.07255735248327255,0.06870384514331818
152,0.04951440915465355,130.45614624023438,0.0920792818069458,0.04979502409696579,128.6473388671875,0.09311234205961227,0.07203656435012817,0.06875193864107132,0.07232177257537842,0.06858443468809128
153,0.04938932880759239,129.8309783935547,0.0918499156832695,0.0496644601225853,128.0334930419922,0.09288257360458374,0.0717959851026535,0.06863533705472946,0.0720880776643753,0.0684717521071434
154,0.04924927279353142,129.2058868408203,0.09161994606256485,0.04950616881251335,127.41144561767578,0.09264712780714035,0.07155366986989975,0.06852374225854874,0.07186481356620789,0.06834714114665985
155,0.04911326989531517,128.55966186523438,0.09138181060552597,0.049363695085048676,126.79413604736328,0.09241162985563278,0.07132498919963837,0.06840389966964722,0.0716354176402092,0.06822658330202103
156,0.0489654541015625,127.94947814941406,0.0911562442779541,0.04921744018793106,126.36968231201172,0.09223727881908417,0.07116454094648361,0.06834680587053299,0.0714249461889267,0.06810930371284485
157,0.04882832244038582,127.3575439453125,0.09093673527240753,0.04910331219434738,125.78465270996094,0.09201329201459885,0.07092148065567017,0.0682138130068779,0.07121435552835464,0.06799048185348511
158,0.04869363084435463,126.77349853515625,0.09071940928697586,0.049001194536685944,125.17787170410156,0.09178763628005981,0.07068464905023575,0.0680840015411377,0.07100289314985275,0.0678815171122551
159,0.04858096316456795,126.18439483642578,0.09049971401691437,0.04888942837715149,124.61685180664062,0.09157293289899826,0.07045824080705643,0.06798936426639557,0.07077812403440475,0.06776932626962662
160,0.04847698286175728,125.61935424804688,0.09028834849596024,0.04879814758896828,124.09075164794922,0.09137813001871109,0.07023382931947708,0.06789637356996536,0.07054867595434189,0.06766823679208755
161,0.04838338866829872,125.08149719238281,0.09008686989545822,0.048747532069683075,123.61227416992188,0.09119526296854019,0.07007279247045517,0.06780198961496353,0.07031796872615814,0.06757190823554993
162,0.04827149957418442,124.59849548339844,0.08990523964166641,0.0486377514898777,123.0310287475586,0.09097249060869217,0.06985138356685638,0.06770293414592743,0.07012782245874405,0.06747404485940933
163,0.048136357218027115,124.01207733154297,0.0896846279501915,0.04849671944975853,122.47281646728516,0.09075672924518585,0.06963947415351868,0.06759419292211533,0.0699177011847496,0.06736724078655243
164,0.047988541424274445,123.41712951660156,0.08946043252944946,0.04834998771548271,121.9048080444336,0.09053228795528412,0.06941322982311249,0.06747720390558243,0.06971275061368942,0.06725338101387024
165,0.04785194993019104,122.85391998291016,0.08924753963947296,0.04820188879966736,121.37523651123047,0.0903240442276001,0.06921292096376419,0.0673866868019104,0.0695047602057457,0.06715143471956253
166,0.04771212115883827,122.3071060180664,0.08904027193784714,0.048065491020679474,120.8310546875,0.09011297672986984,0.06899221986532211,0.06728999316692352,0.06930293142795563,0.06705860048532486
167,0.047575898468494415,121.7658920288086,0.0888347178697586,0.047943055629730225,120.3051528930664,0.08991175889968872,0.06878579407930374,0.06720312684774399,0.06910914927721024,0.06696106493473053
168,0.04744190350174904,121.24620819091797,0.08863683044910431,0.04780850186944008,119.74943542480469,0.08969566971063614,0.0685901939868927,0.06708472222089767,0.06890864670276642,0.06686611473560333
169,0.04731832817196846,120.7773666381836,0.08845790475606918,0.04765835031867027,119.34857940673828,0.08953290432691574,0.0684766173362732,0.06698146462440491,0.06872943043708801,0.06678210198879242
170,0.047184545546770096,120.33513641357422,0.08828873187303543,0.04752226546406746,118.83643341064453,0.08933397382497787,0.06828108429908752,0.06687338650226593,0.068563312292099,0.06671138852834702
171,0.047084126621484756,119.86860656738281,0.08810973912477493,0.047412268817424774,118.3836441040039,0.08915384113788605,0.06808169186115265,0.06678523868322372,0.0683702602982521,0.06662546098232269
172,0.046989649534225464,119.42208099365234,0.08793818205595016,0.047344762831926346,117.98839569091797,0.08900342136621475,0.06791990995407104,0.06671496480703354,0.06818671524524689,0.06655322015285492
173,0.04688548669219017,118.98664855957031,0.08777035027742386,0.04721919819712639,117.46963500976562,0.08879387378692627,0.06772526353597641,0.06660113483667374,0.06800132244825363,0.06648002564907074
174,0.046792950481176376,118.61933898925781,0.0876283347606659,0.04709959775209427,117.12690734863281,0.08865595608949661,0.0675935223698616,0.06657204777002335,0.06786017119884491,0.06643014401197433
175,0.04667852446436882,118.21504211425781,0.08747198432683945,0.0470031201839447,116.71609497070312,0.08850173652172089,0.0674402266740799,0.06649691611528397,0.0677197203040123,0.06635790318250656
176,0.046549659222364426,117.77054595947266,0.0873001217842102,0.046876780688762665,116.28132629394531,0.08832541853189468,0.0672866627573967,0.06642451137304306,0.06755869090557098,0.06628277152776718
177,0.04642482474446297,117.34136199951172,0.08713404834270477,0.04675666242837906,115.87435913085938,0.08816061913967133,0.06712647527456284,0.06636973470449448,0.06739890575408936,0.06620775908231735
178,0.046307262033224106,116.9391098022461,0.08697786182165146,0.04664168879389763,115.49779510498047,0.0880081057548523,0.06698229163885117,0.06630641222000122,0.06725125759840012,0.06614449620246887
179,0.04619169235229492,116.54071807861328,0.0868230015039444,0.04652201384305954,115.11376953125,0.08785147964954376,0.06683140993118286,0.06623353809118271,0.06710834056138992,0.06607694923877716
180,0.046077679842710495,116.16632080078125,0.08667729794979095,0.046416498720645905,114.72045135498047,0.08769730478525162,0.06669724732637405,0.0661495178937912,0.06697247177362442,0.06600876152515411
181,0.04595870524644852,115.78569030761719,0.08652900904417038,0.04630463942885399,114.3594970703125,0.0875534787774086,0.06656397134065628,0.06607987731695175,0.06683072447776794,0.06593825668096542
182,0.0458560548722744,115.46221160888672,0.0864027589559555,0.046180229634046555,113.9783935546875,0.08740153163671494,0.06643139570951462,0.06600412726402283,0.06672191619873047,0.065878726541996
183,0.04574986547231674,115.117431640625,0.08626791834831238,0.04610801115632057,113.7676773071289,0.08730731159448624,0.06632667034864426,0.06597019731998444,0.06659853458404541,0.0658254623413086
184,0.04565420746803284,114.80697631835938,0.08614640682935715,0.04601017385721207,113.49048614501953,0.08719277381896973,0.06620793789625168,0.06595082581043243,0.06649690866470337,0.06576937437057495
185,0.04555775970220566,114.50823211669922,0.08602918684482574,0.04593757912516594,113.15763854980469,0.08706222474575043,0.06608519703149796,0.06588586419820786,0.06638601422309875,0.06572238355875015
186,0.045475445687770844,114.18740844726562,0.08590320497751236,0.0458500012755394,112.87501525878906,0.08694620430469513,0.06597574800252914,0.06584546715021133,0.0662582665681839,0.06566088646650314
187,0.04540490731596947,113.90471649169922,0.08579207956790924,0.045791905373334885,112.59980773925781,0.08683737367391586,0.06585416942834854,0.06580178439617157,0.06614068895578384,0.06560835242271423
188,0.04533259570598602,113.62936401367188,0.08568361401557922,0.045722298324108124,112.34654998779297,0.08673399686813354,0.0657486692070961,0.06575934588909149,0.06603257358074188,0.06554993987083435
189,0.04526413604617119,113.3839111328125,0.08558698743581772,0.045670922845602036,112.1302490234375,0.08666004985570908,0.06566108763217926,0.06576976925134659,0.06592418253421783,0.06549996882677078
190,0.04519679769873619,113.16983032226562,0.08550240844488144,0.04564313217997551,111.89681243896484,0.08656580001115799,0.0655331090092659,0.06575444340705872,0.06582170724868774,0.06546533852815628
191,0.045156367123126984,112.9324951171875,0.08540867269039154,0.045561496168375015,111.57913970947266,0.08643273264169693,0.06540834903717041,0.06571468710899353,0.06570778787136078,0.06542208045721054
192,0.04510929062962532,112.68267059326172,0.08530982583761215,0.04546162113547325,111.28384399414062,0.0863121822476387,0.06529741734266281,0.06565030664205551,0.06560907512903214,0.06537677347660065
193,0.04502102732658386,112.39950561523438,0.08519787341356277,0.04536060243844986,111.01814270019531,0.08620273321866989,0.06521020829677582,0.06559932231903076,0.06550562381744385,0.06531564891338348
194,0.04493832588195801,112.14900970458984,0.085098996758461,0.045279163867235184,110.89525604248047,0.08614938706159592,0.0651492029428482,0.0656023845076561,0.06540781259536743,0.06527139246463776
195,0.044842373579740524,111.89832305908203,0.08499990403652191,0.045223478227853775,110.64286041259766,0.0860462561249733,0.06506527960300446,0.06553928554058075,0.06531701982021332,0.0652192011475563
196,0.04476213827729225,111.65521240234375,0.08490362763404846,0.045148640871047974,110.47230529785156,0.08597610145807266,0.0650046318769455,0.06552281230688095,0.0652308538556099,0.06516721099615097
197,0.0446913056075573,111.42216491699219,0.08481103181838989,0.0450684018433094,110.23394012451172,0.08588207513093948,0.06492776423692703,0.06547453254461288,0.06514277309179306,0.0651223435997963
198,0.0446259044110775,111.1993408203125,0.08472246676683426,0.04500695317983627,110.02839660644531,0.08579915761947632,0.06485046446323395,0.06542441993951797,0.06505701690912247,0.06507638096809387
199,0.04456257447600365,110.9817886352539,0.08463599532842636,0.044926054775714874,109.81829071044922,0.08571337163448334,0.06477167457342148,0.06536892056465149,0.06497356295585632,0.06502225250005722
200,0.044492851942777634,110.75596618652344,0.08454632759094238,0.04486403614282608,109.61091613769531,0.0856291800737381,0.06468746066093445,0.06532437354326248,0.06489213556051254,0.06496868282556534
201,0.044421691447496414,110.52798461914062,0.0844554603099823,0.04479143023490906,109.3855972290039,0.08553808927536011,0.06460434943437576,0.06526429951190948,0.06480951607227325,0.06491925567388535
202,0.04435017332434654,110.3218765258789,0.08437325060367584,0.04469022527337074,109.14517974853516,0.0854424312710762,0.06451870501041412,0.06519852578639984,0.06474000215530396,0.06486776471138
203,0.04429934173822403,110.15419006347656,0.08430641144514084,0.04465281963348389,108.99333953857422,0.08538283407688141,0.06446909159421921,0.06513620167970657,0.06468570977449417,0.06482347100973129
204,0.04423421621322632,109.96292877197266,0.0842299610376358,0.04458478465676308,108.78302001953125,0.08529721945524216,0.06439071148633957,0.06511387974023819,0.0646076425909996,0.06478337198495865
205,0.044175971299409866,109.78814697265625,0.08416011184453964,0.04455546662211418,108.59915924072266,0.08522289991378784,0.06431306153535843,0.0650772973895073,0.06455066055059433,0.06473387777805328
206,0.04412441328167915,109.5994644165039,0.08408471196889877,0.04450269415974617,108.40396118164062,0.08514607697725296,0.06424093246459961,0.0650421753525734,0.06447000801563263,0.06469368189573288
207,0.04408036544919014,109.41903686523438,0.08401253074407578,0.044452566653490067,108.19345092773438,0.08506322652101517,0.06415881961584091,0.06496479362249374,0.06439778953790665,0.06464960426092148
208,0.04402486979961395,109.24381256103516,0.08394234627485275,0.04441932216286659,108.07998657226562,0.08501440286636353,0.06410165131092072,0.06494396924972534,0.06433192640542984,0.06461045891046524
209,0.043990008533000946,109.09011840820312,0.08388075977563858,0.044373929500579834,107.90776062011719,0.08494915068149567,0.06404830515384674,0.06487267464399338,0.06425721943378448,0.06456498056650162
210,0.04395519942045212,108.94943237304688,0.0838242769241333,0.044360172003507614,107.74151611328125,0.08488471806049347,0.06398846954107285,0.06482762843370438,0.06419452279806137,0.06452956795692444
211,0.04393275827169418,108.80561065673828,0.08376643806695938,0.04432868957519531,107.57077026367188,0.08481532335281372,0.06390602141618729,0.06480342149734497,0.06413007527589798,0.06448047608137131
212,0.043897755444049835,108.66500854492188,0.08370957523584366,0.044236402958631516,107.32562255859375,0.08471067994832993,0.06383629888296127,0.06472388654947281,0.06406324356794357,0.06445596367120743
213,0.043860580772161484,108.50086975097656,0.08364328742027283,0.04419052600860596,107.27365112304688,0.08468747138977051,0.06386829167604446,0.0646945908665657,0.06401107460260391,0.06440458446741104
214,0.04379154369235039,108.3537826538086,0.08358410745859146,0.0441192090511322,107.1339111328125,0.08462546765804291,0.06379716098308563,0.06469035893678665,0.06397180259227753,0.06436443328857422
215,0.04372604936361313,108.17437744140625,0.08351173251867294,0.04407963529229164,106.9757308959961,0.0845600888133049,0.06373375654220581,0.06464493274688721,0.06390198320150375,0.06432565301656723
216,0.043664418160915375,107.99759674072266,0.08344051986932755,0.04402654245495796,106.80196380615234,0.0844910740852356,0.06367393583059311,0.06459769606590271,0.06383302062749863,0.06428223103284836
217,0.04360947757959366,107.8302001953125,0.08337276428937912,0.043976783752441406,106.6752700805664,0.08443629741668701,0.06362050026655197,0.0645836889743805,0.06377391517162323,0.06423642486333847
218,0.04355942830443382,107.68610382080078,0.0833144262433052,0.043921440839767456,106.52473449707031,0.08437426388263702,0.06357154995203018,0.06453295797109604,0.06371930241584778,0.06419980525970459
219,0.0435011200606823,107.51756286621094,0.08324611186981201,0.043869853019714355,106.3841323852539,0.0843152329325676,0.06351709365844727,0.06448815017938614,0.0636574998497963,0.06415492296218872
220,0.0434517040848732,107.36788940429688,0.08318538963794708,0.04380149766802788,106.22787475585938,0.08424881845712662,0.06346730142831802,0.06443800777196884,0.06360524892807007,0.06411230564117432
221,0.04339481145143509,107.22378540039062,0.08312685787677765,0.04371390864253044,106.0376968383789,0.08416784554719925,0.06341694295406342,0.06436464935541153,0.06355921179056168,0.06407506763935089
222,0.04334187135100365,107.09768676757812,0.08307573944330215,0.04367160424590111,105.91551971435547,0.08411682397127151,0.06337966024875641,0.06431373208761215,0.06352107971906662,0.06404220312833786
223,0.04329175129532814,106.9461441040039,0.08301403373479843,0.04359319061040878,105.78250885009766,0.0840587392449379,0.06333727389574051,0.06428684294223785,0.06347230076789856,0.06399509310722351
224,0.043229877948760986,106.81128692626953,0.08295927941799164,0.04354925826191902,105.72068786621094,0.08403171598911285,0.06334518641233444,0.0642155334353447,0.06344153732061386,0.06394347548484802
225,0.0431780144572258,106.66321563720703,0.08289887756109238,0.043500762432813644,105.57648468017578,0.0839729756116867,0.06330442428588867,0.06416453421115875,0.0633876845240593,0.06389482319355011
226,0.04313444718718529,106.5211410522461,0.08284080773591995,0.043447140604257584,105.4382095336914,0.08391400426626205,0.06326194107532501,0.06411836296319962,0.06334023177623749,0.06385014206171036
227,0.043084777891635895,106.37552642822266,0.08278124779462814,0.043384842574596405,105.31196594238281,0.0838608592748642,0.06321783363819122,0.06408276408910751,0.06328636407852173,0.06382196396589279
228,0.043033551424741745,106.2449951171875,0.08272788673639297,0.043335963040590286,105.19510650634766,0.08381067216396332,0.06318391114473343,0.06404193490743637,0.06324803084135056,0.06378296762704849
229,0.04298834502696991,106.1113510131836,0.08267288655042648,0.043271858245134354,105.06197357177734,0.08375474065542221,0.06314051151275635,0.06399961560964584,0.06320254504680634,0.06373798847198486
230,0.04293709993362427,105.9795150756836,0.08261863142251968,0.04324965551495552,104.96283721923828,0.08371294289827347,0.0631064921617508,0.06396660208702087,0.06316664814949036,0.06369335949420929
231,0.042898114770650864,105.86226654052734,0.08257029205560684,0.043198179453611374,104.84282684326172,0.08366143703460693,0.06306719034910202,0.0639273002743721,0.06312932819128036,0.06365850567817688
232,0.042860519140958786,105.74994659423828,0.08252392709255219,0.043159667402505875,104.72296905517578,0.08361146599054337,0.06305266171693802,0.06386423110961914,0.06308043003082275,0.06362789869308472
233,0.0428202860057354,105.64068603515625,0.08247871696949005,0.043105851858854294,104.60533905029297,0.08356095850467682,0.06304817646741867,0.06379665434360504,0.06304001808166504,0.06359535455703735
234,0.04277373477816582,105.54500579833984,0.08243919163942337,0.043082527816295624,104.6013412475586,0.08355748653411865,0.06310208886861801,0.0637475848197937,0.06303641945123672,0.0635569617152214
235,0.04272366687655449,105.4371109008789,0.08239436894655228,0.04302623122930527,104.44872283935547,0.08349382877349854,0.06303952634334564,0.06370051950216293,0.06303155422210693,0.06350326538085938
236,0.0426892451941967,105.30133819580078,0.08233807235956192,0.0429823063313961,104.31906127929688,0.08343897014856339,0.06297308206558228,0.06367772072553635,0.06295983493328094,0.06346885859966278
237,0.042657505720853806,105.18655395507812,0.08229035139083862,0.042940132319927216,104.21346282958984,0.083393394947052,0.06295359134674072,0.06363048404455185,0.06290335208177567,0.06344252079725266
238,0.042625296860933304,105.07292175292969,0.08224309980869293,0.04291632026433945,104.11196899414062,0.0833515003323555,0.06292467564344406,0.0635882169008255,0.06285785883665085,0.0634089931845665
239,0.042592957615852356,104.98576354980469,0.08220644295215607,0.04286535829305649,103.9897232055664,0.08330096304416656,0.06292527168989182,0.06352988630533218,0.06282540410757065,0.06338415294885635
240,0.042561158537864685,104.89672088623047,0.08216902613639832,0.04284045845270157,103.926025390625,0.08327317982912064,0.06294189393520355,0.06347520649433136,0.0628041997551918,0.06334347277879715
241,0.042544230818748474,104.90341186523438,0.08217056840658188,0.042834483087062836,103.89254760742188,0.08325906842947006,0.06292204558849335,0.06344738602638245,0.06286227703094482,0.06331853568553925
242,0.042515575885772705,104.78068542480469,0.08211935311555862,0.042783431708812714,103.71334838867188,0.0831812173128128,0.06276638060808182,0.06341945379972458,0.06278038769960403,0.0632905587553978
243,0.04249854013323784,104.66761016845703,0.08207228034734726,0.042774587869644165,103.64765167236328,0.08314923942089081,0.06273476779460907,0.06340578943490982,0.0626983791589737,0.06326677650213242
244,0.0424853190779686,104.59974670410156,0.0820436105132103,0.04272424802184105,103.53630828857422,0.0831063836812973,0.06274329125881195,0.06334017962217331,0.06265909969806671,0.06325912475585938
245,0.042461588978767395,104.51429748535156,0.08200763165950775,0.042734112590551376,103.47904205322266,0.08307834714651108,0.06275012344121933,0.06331007182598114,0.06261608004570007,0.06323645263910294
246,0.04245513677597046,104.80925750732422,0.08212566375732422,0.042592648416757584,103.31863403320312,0.08300455659627914,0.06275103986263275,0.06321769952774048,0.06299903988838196,0.06322673708200455
247,0.042369045317173004,104.27728271484375,0.0819084644317627,0.042532555758953094,103.09031677246094,0.08290593326091766,0.06246935948729515,0.06331057846546173,0.06255201250314713,0.06309863179922104
248,0.04235463589429855,104.26187133789062,0.08190135657787323,0.04251304641366005,103.03042602539062,0.082877978682518,0.06251787394285202,0.06321381777524948,0.06255920231342316,0.06311853229999542
249,0.042317524552345276,104.17931365966797,0.08186659216880798,0.04248051717877388,102.96939849853516,0.08285287767648697,0.06257341057062149,0.06312419474124908,0.06255007535219193,0.06308475136756897
250,0.04228527843952179,104.09882354736328,0.08183268457651138,0.04243370518088341,102.9114990234375,0.08282668143510818,0.06261301785707474,0.06306350976228714,0.06254146993160248,0.06305424869060516
251,0.0422503687441349,104.05290985107422,0.08181270211935043,0.04237665608525276,102.8132553100586,0.082785964012146,0.06262267380952835,0.06301234662532806,0.06256964057683945,0.06301672756671906
252,0.04220826178789139,103.95355224609375,0.08177077770233154,0.04233165457844734,102.65965270996094,0.0827200636267662,0.06252456456422806,0.06298810988664627,0.06254599243402481,0.06298048794269562
253,0.04217585176229477,103.8453369140625,0.08172540366649628,0.042285267263650894,102.53614044189453,0.08266714960336685,0.062432099133729935,0.06297022849321365,0.062487777322530746,0.06294815242290497
254,0.042140256613492966,103.76685333251953,0.08169223368167877,0.04224583879113197,102.43302154541016,0.08262234926223755,0.06239330768585205,0.06293483078479767,0.06246703863143921,0.06292393058538437
255,0.04210609942674637,103.67967224121094,0.08165550231933594,0.04221529886126518,102.3538818359375,0.08258664608001709,0.06236881762742996,0.06289070099592209,0.062435638159513474,0.06289137154817581
256,0.04207708314061165,103.58110809326172,0.0816141664981842,0.042177047580480576,102.26543426513672,0.0825485810637474,0.062342189252376556,0.06286623328924179,0.06238365173339844,0.06286391615867615
257,0.042053282260894775,103.4646987915039,0.08156535774469376,0.04218817129731178,102.2390365600586,0.08253379166126251,0.06229154020547867,0.06290359795093536,0.06230722740292549,0.06284768134355545
258,0.042024269700050354,103.39878845214844,0.08153725415468216,0.04220875725150108,102.27494049072266,0.08254897594451904,0.062290482223033905,0.0629509836435318,0.06225665286183357,0.06286056339740753
259,0.041977617889642715,103.301513671875,0.08149609714746475,0.042171504348516464,102.19371032714844,0.0825137123465538,0.062212247401475906,0.06299574673175812,0.06220430135726929,0.0628589317202568
260,0.041930004954338074,103.3260498046875,0.08150485903024673,0.042110294103622437,102.10852813720703,0.08247902244329453,0.06209001690149307,0.06312084197998047,0.062278952449560165,0.0628814622759819
261,0.04189814254641533,103.30836486816406,0.08149715512990952,0.042188771069049835,102.10675811767578,0.0824732631444931,0.06215464696288109,0.06297406554222107,0.062403853982686996,0.06277845799922943
262,0.04191634804010391,103.3930435180664,0.08152971416711807,0.04215989261865616,102.0904541015625,0.082465760409832,0.062311459332704544,0.06282977759838104,0.06258992105722427,0.06269186735153198
263,0.0418391227722168,102.95500946044922,0.0813496857881546,0.042035993188619614,101.84729766845703,0.08236278593540192,0.06207064911723137,0.06289108097553253,0.06222354993224144,0.06260696798563004
264,0.04182824119925499,102.94107055664062,0.08134308457374573,0.042030416429042816,101.78013610839844,0.08233337104320526,0.06208128482103348,0.06281986832618713,0.062224503606557846,0.06261812150478363
265,0.04180062934756279,102.87529754638672,0.08131511509418488,0.042002975940704346,101.69170379638672,0.08229454606771469,0.06207531690597534,0.06275778263807297,0.062211308628320694,0.06259433925151825
266,0.04177160933613777,102.7971420288086,0.08128207921981812,0.04194511100649834,101.58690643310547,0.08224909752607346,0.06205974146723747,0.06270477175712585,0.062187086790800095,0.06257206946611404
267,0.041739244014024734,102.72380828857422,0.08125094324350357,0.041916556656360626,101.50653839111328,0.08221457898616791,0.06206643581390381,0.06266333907842636,0.06216932088136673,0.06254179775714874
268,0.04171081259846687,102.63914489746094,0.08121521770954132,0.04188813641667366,101.4292221069336,0.08218110352754593,0.06205463409423828,0.06261924654245377,0.06213849410414696,0.06251522153615952
269,0.041682299226522446,102.58815002441406,0.08119335025548935,0.041836224496364594,101.3423080444336,0.08214133977890015,0.06202578917145729,0.0625639483332634,0.06213405355811119,0.0624966025352478
270,0.04165271669626236,102.51322937011719,0.08116163313388824,0.04180160537362099,101.26832580566406,0.08210915327072144,0.06204060837626457,0.0625230073928833,0.06210992857813835,0.06246773153543472
271,0.0416269451379776,102.4392318725586,0.08113028854131699,0.04175322875380516,101.16696166992188,0.08206505328416824,0.06199934706091881,0.06247866526246071,0.062091484665870667,0.06244199350476265
272,0.04160472750663757,102.37445068359375,0.08110285550355911,0.041723888367414474,101.10596466064453,0.08203820139169693,0.06199784204363823,0.06245207041501999,0.06207617372274399,0.06241413205862045
273,0.04157992824912071,102.29832458496094,0.08107073605060577,0.04168272018432617,101.02172088623047,0.08200118690729141,0.061999209225177765,0.06241967901587486,0.062055058777332306,0.06238666921854019
274,0.04154916852712631,102.20541381835938,0.08103171736001968,0.04165039584040642,100.95018768310547,0.08196966350078583,0.061973899602890015,0.06240568682551384,0.06201023608446121,0.06235979124903679
275,0.04152989014983177,102.12764739990234,0.08099889755249023,0.04164973273873329,100.90782165527344,0.08195079863071442,0.06197373941540718,0.062372837215662,0.06196683645248413,0.06233842298388481
276,0.0415082611143589,102.04800415039062,0.0809653028845787,0.04165666177868843,100.88782501220703,0.08194150030612946,0.06196886673569679,0.0623544380068779,0.06192195788025856,0.06232577934861183
277,0.0414825901389122,101.92875671386719,0.08091471344232559,0.04167751222848892,100.85974884033203,0.08193206042051315,0.06180638074874878,0.06253748387098312,0.06180068477988243,0.06233891844749451
278,0.041430264711380005,102.25514221191406,0.08104907721281052,0.0415802039206028,100.735595703125,0.08188086748123169,0.06174270063638687,0.06253530085086823,0.06219729781150818,0.06241113319993019
279,0.04138776287436485,101.92875671386719,0.08091340214014053,0.04159097746014595,100.72354125976562,0.08187282085418701,0.06194201856851578,0.06229556351900101,0.06201305240392685,0.06224158778786659
280,0.041367560625076294,101.85102844238281,0.08088022470474243,0.04151018336415291,100.56964111328125,0.0818072110414505,0.06185998395085335,0.06226906180381775,0.06201578304171562,0.06218453496694565
281,0.041335269808769226,101.71231079101562,0.08082220703363419,0.0414668433368206,100.48358154296875,0.08177103102207184,0.06180954352021217,0.062255751341581345,0.06191614642739296,0.062155891209840775
282,0.0413174033164978,101.6485595703125,0.08079526573419571,0.0414310097694397,100.4104232788086,0.08173909038305283,0.061802010983228683,0.06221924349665642,0.06188703700900078,0.06214297190308571
283,0.0412897989153862,101.56338500976562,0.08075939118862152,0.041404567658901215,100.34990692138672,0.08171287924051285,0.06180291622877121,0.062183450907468796,0.06185504421591759,0.062118787318468094
284,0.04127626121044159,101.48744201660156,0.08072733134031296,0.041386473923921585,100.30766296386719,0.081693135201931,0.061804693192243576,0.062151502817869186,0.06180919334292412,0.06210383027791977
285,0.04125889018177986,101.37581634521484,0.08068020641803741,0.041391827166080475,100.2650146484375,0.08167481422424316,0.06170942634344101,0.06221919506788254,0.06171209737658501,0.06209832429885864
286,0.0412306934595108,101.51510620117188,0.08073709160089493,0.041357722133398056,100.28351593017578,0.08167845755815506,0.061611782759428024,0.06242408603429794,0.06181412190198898,0.06221698969602585
287,0.041163310408592224,101.31135559082031,0.08065235614776611,0.04135333374142647,100.1725845336914,0.08163130283355713,0.061707768589258194,0.06216766685247421,0.06178556755185127,0.062075015157461166
288,0.0411534421145916,101.46341705322266,0.08071409910917282,0.041294604539871216,100.21556091308594,0.08164643496274948,0.061950892210006714,0.06202562525868416,0.062038976699113846,0.06202530860900879
289,0.041096389293670654,101.15586853027344,0.0805862620472908,0.04119788855314255,99.90259552001953,0.08151455968618393,0.061637960374355316,0.06206568703055382,0.061818502843379974,0.06193817779421806
290,0.04108891263604164,101.03958892822266,0.08053760230541229,0.04118138924241066,99.8501968383789,0.08149160444736481,0.06163158640265465,0.06204242631793022,0.061717405915260315,0.0619286447763443
291,0.04107552021741867,100.9887466430664,0.08051594346761703,0.04117218032479286,99.80872344970703,0.08147306740283966,0.0616193488240242,0.06200709193944931,0.06168660521507263,0.06192126125097275
292,0.04106409475207329,100.89037322998047,0.08047439903020859,0.04120393842458725,99.79519653320312,0.08146705478429794,0.06157439947128296,0.0620490126311779,0.061595942825078964,0.061926327645778656
293,0.041041500866413116,101.01175689697266,0.08052396774291992,0.04115332290530205,99.8204574584961,0.08147620409727097,0.061496980488300323,0.062268324196338654,0.061669908463954926,0.06205033138394356
294,0.04097813367843628,100.85222625732422,0.08045760542154312,0.04113316908478737,99.66480255126953,0.08141057193279266,0.06152460724115372,0.06204676255583763,0.061666540801525116,0.06192384660243988
295,0.04095228761434555,100.67239379882812,0.08038246631622314,0.041206151247024536,99.79624938964844,0.08146645128726959,0.061759110540151596,0.06193394213914871,0.061559781432151794,0.06184554100036621
296,0.04092448204755783,101.29668426513672,0.08064043521881104,0.041003983467817307,99.49522399902344,0.08133897930383682,0.061467450112104416,0.0620628260076046,0.062263522297143936,0.06193788722157478
297,0.040859900414943695,100.43535614013672,0.08028238266706467,0.04104911535978317,99.48233032226562,0.0813300758600235,0.06142289191484451,0.06206803768873215,0.06148996949195862,0.06172925606369972
298,0.040869031101465225,100.5358657836914,0.08032381534576416,0.041017238050699234,99.3709716796875,0.08128351718187332,0.061469368636608124,0.06189936026930809,0.06159020587801933,0.061767578125
299,0.04085269942879677,100.51427459716797,0.08031436055898666,0.04097738862037659,99.31208801269531,0.08125747740268707,0.06151273101568222,0.06181737035512924,0.06161919981241226,0.06174134090542793
300,0.04082474112510681,100.4520034790039,0.08028791099786758,0.04092618450522423,99.25370788574219,0.08123111724853516,0.061544086784124374,0.061761848628520966,0.061621278524398804,0.0617145337164402
301,0.040807757526636124,100.32923889160156,0.08023623377084732,0.04095425456762314,99.22655487060547,0.08121973276138306,0.06151147559285164,0.061774853616952896,0.061529576778411865,0.06169029697775841
302,0.04082664102315903,100.39152526855469,0.08026125282049179,0.04100148007273674,99.38263702392578,0.08128666132688522,0.06136563420295715,0.062198344618082047,0.061450276523828506,0.06186586990952492
303,0.040735334157943726,100.39247131347656,0.08026187121868134,0.040942221879959106,99.13031768798828,0.08117692917585373,0.061396341770887375,0.06185732036828995,0.06162683293223381,0.06177648901939392
304,0.040706805884838104,100.34335327148438,0.08024075627326965,0.040894199162721634,99.21408081054688,0.08121182769536972,0.06172272190451622,0.06166345253586769,0.061726164072752,0.06166241690516472
305,0.04066205024719238,100.25406646728516,0.08020257949829102,0.04074489697813988,98.8492660522461,0.0810568779706955,0.06139653921127319,0.061684250831604004,0.06170620024204254,0.061631642282009125
306,0.04063801467418671,99.99359130859375,0.08009380102157593,0.04082081839442253,98.93968963623047,0.08110416680574417,0.061394933611154556,0.06177880987524986,0.06146780401468277,0.0615788996219635
307,0.04066123813390732,99.97566223144531,0.08008600026369095,0.040880944579839706,98.9714584350586,0.08111754804849625,0.0613914430141449,0.06181087717413902,0.06141930818557739,0.06161734089255333
308,0.04065091535449028,99.97396087646484,0.08008456230163574,0.04086873307824135,98.9578857421875,0.08111165463924408,0.061331432312726974,0.06191068887710571,0.0613788403570652,0.061690762639045715
309,0.04059921205043793,100.01493072509766,0.08010146766901016,0.04080650582909584,98.83946990966797,0.08106286823749542,0.06129419431090355,0.06187334656715393,0.061487145721912384,0.061692606657743454
310,0.04055466130375862,99.80608367919922,0.08001375943422318,0.040821220725774765,98.83405303955078,0.08105703443288803,0.061323363333940506,0.061840467154979706,0.06137383356690407,0.06161271035671234
311,0.04053867235779762,99.95458984375,0.08007505536079407,0.0407315157353878,98.84393310546875,0.0810668021440506,0.06129984185099602,0.06202290579676628,0.06153835356235504,0.06167890504002571
312,0.04049865901470184,99.75247955322266,0.07999082654714584,0.040810853242874146,98.77314758300781,0.08103079348802567,0.06141692399978638,0.061715058982372284,0.06147425249218941,0.06153859198093414
313,0.040497075766325,100.12203979492188,0.08014210313558578,0.04058418422937393,98.46890258789062,0.08090197294950485,0.06130119413137436,0.061640847474336624,0.06195467710494995,0.061511047184467316
314,0.04042242839932442,99.38285827636719,0.07983486354351044,0.04066385701298714,98.52629852294922,0.08092700690031052,0.061212874948978424,0.061795253306627274,0.06123807653784752,0.06140464171767235
315,0.040450651198625565,99.52381134033203,0.07989373803138733,0.04065871983766556,98.46851348876953,0.08089835196733475,0.06128736585378647,0.061638373881578445,0.06134442239999771,0.061478182673454285
316,0.04043184220790863,99.45479583740234,0.07986441254615784,0.040653061121702194,98.4489974975586,0.08088862150907516,0.06134085729718208,0.06157868728041649,0.061329521238803864,0.061444565653800964
317,0.04042116552591324,99.3783187866211,0.0798315554857254,0.0406804159283638,98.49625396728516,0.08091255277395248,0.06117013841867447,0.06187627092003822,0.0612146221101284,0.06151019409298897
318,0.04037245362997055,99.63661193847656,0.0799395740032196,0.04054239019751549,98.25296783447266,0.08080684393644333,0.06116967275738716,0.06166499853134155,0.061541229486465454,0.0615522675216198
319,0.040326375514268875,99.28862762451172,0.07979372143745422,0.04058185592293739,98.3633804321289,0.08085199445486069,0.06145676597952843,0.06146203726530075,0.06133417785167694,0.061385542154312134
320,0.040295444428920746,99.60009002685547,0.07992210984230042,0.040345411747694016,98.05868530273438,0.08071981370449066,0.061322472989559174,0.0614081546664238,0.061724256724119186,0.06141968071460724
321,0.040239740163087845,98.99105834960938,0.07966764271259308,0.04047134146094322,98.02639770507812,0.08070868998765945,0.061133235692977905,0.061562590301036835,0.061191100627183914,0.061266910284757614
322,0.04029900208115578,99.14039611816406,0.07972999662160873,0.040534693747758865,98.0604019165039,0.08072245866060257,0.06113472580909729,0.06158062443137169,0.06121011823415756,0.06140904873609543
323,0.04027211666107178,99.12138366699219,0.07972156256437302,0.04051953926682472,98.05284881591797,0.08071617782115936,0.061128973960876465,0.06161513924598694,0.061209432780742645,0.061428457498550415
324,0.040233444422483444,99.1072998046875,0.07971517741680145,0.04048144444823265,98.00120544433594,0.08069641143083572,0.06107466295361519,0.06167484447360039,0.06125243380665779,0.0614287406206131
325,0.0401935949921608,99.05573272705078,0.07969330996274948,0.040445148944854736,97.9005126953125,0.08065219223499298,0.06107359379529953,0.061586715281009674,0.06129120662808418,0.061379991471767426
326,0.04016472399234772,98.89671325683594,0.07962595671415329,0.040450215339660645,97.91197204589844,0.08065687119960785,0.06104939430952072,0.06165895238518715,0.06117606908082962,0.06134244054555893
327,0.04015292972326279,99.0856704711914,0.0797051340341568,0.040379349142313004,97.78722381591797,0.08060220628976822,0.06103774160146713,0.06157270446419716,0.061433542519807816,0.06135104224085808
328,0.04010733217000961,98.77325439453125,0.07957390695810318,0.040477316826581955,97.9885025024414,0.08068613708019257,0.0614415742456913,0.06131752207875252,0.06122031807899475,0.0612318180501461
329,0.04009275510907173,99.21918487548828,0.07975886017084122,0.04015931114554405,97.4864273071289,0.08047042042016983,0.06107597425580025,0.061328645795583725,0.06173685938119888,0.06128554046154022
330,0.04003893956542015,98.46516418457031,0.0794430524110794,0.04032859206199646,97.62632751464844,0.08053205162286758,0.06100262328982353,0.06150874122977257,0.06102583929896355,0.061129745095968246
331,0.04007701575756073,98.63814544677734,0.07951562851667404,0.040347691625356674,97.566162109375,0.08050490915775299,0.06105118989944458,0.06136472895741463,0.06112994998693466,0.06123768910765648
332,0.04006756469607353,98.56074523925781,0.07948257029056549,0.040386367589235306,97.6026840209961,0.08051754534244537,0.061087898910045624,0.061365265399217606,0.0610918290913105,0.061214253306388855
333,0.0400480292737484,98.59309387207031,0.07949535548686981,0.04034045711159706,97.65889739990234,0.0805453211069107,0.06098068505525589,0.06166377291083336,0.06108216196298599,0.061314236372709274
334,0.03998718783259392,98.67766571044922,0.07953086495399475,0.04025920480489731,97.40508270263672,0.08043373376131058,0.06098068132996559,0.06137513369321823,0.061304304748773575,0.061248648911714554
335,0.03996073454618454,98.385498046875,0.07940781861543655,0.04033777490258217,97.60453033447266,0.08051742613315582,0.061341993510723114,0.0611819252371788,0.06111671403050423,0.06111505255103111
336,0.03993978351354599,98.91498565673828,0.07962772995233536,0.039975911378860474,97.09600830078125,0.08029787242412567,0.061010368168354034,0.06117505952715874,0.06169573590159416,0.061222925782203674
337,0.03988022729754448,98.0597152709961,0.07926926016807556,0.040229432284832,97.31434631347656,0.08039683848619461,0.06091897934675217,0.06144236773252487,0.06092032045125961,0.06100565195083618
338,0.03994421288371086,98.28243255615234,0.07936297357082367,0.04022711515426636,97.21556854248047,0.08035058528184891,0.06094367057085037,0.06128384917974472,0.06102674826979637,0.06115447357296944
339,0.039919208735227585,98.19903564453125,0.07932727783918381,0.040263835340738297,97.246337890625,0.0803602933883667,0.06099148467183113,0.0612553171813488,0.06101342290639877,0.061110250651836395
340,0.039901986718177795,98.22911071777344,0.07933924347162247,0.040227893739938736,97.27824401855469,0.08037771284580231,0.06088707223534584,0.06150130182504654,0.061004213988780975,0.06119375675916672
341,0.039848387241363525,98.31021118164062,0.07937328517436981,0.04013625532388687,97.05705261230469,0.0802803561091423,0.06088962033390999,0.061274413019418716,0.06121164560317993,0.06114610284566879
342,0.039820197969675064,97.97720336914062,0.07923262566328049,0.04024370387196541,97.1814193725586,0.08032996207475662,0.061065107583999634,0.06117122992873192,0.06096154823899269,0.06102422624826431
343,0.03982667252421379,98.03693389892578,0.07925812900066376,0.04028564691543579,97.75241088867188,0.08057475835084915,0.06191326305270195,0.06099631264805794,0.0610847994685173,0.06099938228726387
344,0.03980793058872223,98.4908447265625,0.07944793999195099,0.03995002433657646,96.78422546386719,0.08016054332256317,0.06084192916750908,0.061157189309597015,0.06150076910853386,0.061177343130111694
345,0.03972532972693443,97.77813720703125,0.07914731651544571,0.04001817852258682,96.78753662109375,0.08016107231378555,0.06087355688214302,0.06109161302447319,0.060958217829465866,0.060907602310180664
346,0.039750248193740845,97.79370880126953,0.07915350794792175,0.04012223705649376,96.88094329833984,0.08019828051328659,0.06093771383166313,0.06107893958687782,0.06095113605260849,0.060939304530620575
347,0.03977774456143379,97.8564453125,0.07917916774749756,0.04013887420296669,96.9659194946289,0.08023835718631744,0.06080228462815285,0.061400413513183594,0.06089679151773453,0.061079200357198715
348,0.03971439227461815,97.97713470458984,0.07922998070716858,0.04001913219690323,96.71249389648438,0.0801270455121994,0.060806624591350555,0.061145883053541183,0.061125509440898895,0.061067793518304825
349,0.03968508914113045,97.63328552246094,0.07908451557159424,0.04012768715620041,96.82103729248047,0.0801699161529541,0.06094234809279442,0.061062779277563095,0.060887180268764496,0.06091945245862007
350,0.039702292531728745,97.87232971191406,0.07918425649404526,0.04001331329345703,97.23042297363281,0.08035312592983246,0.06107441708445549,0.06166861206293106,0.061012327671051025,0.061119046062231064
351,0.03962840139865875,97.79817962646484,0.07915328443050385,0.039977092295885086,96.61261749267578,0.08007897436618805,0.06085040792822838,0.061046402901411057,0.06115555018186569,0.06094375252723694
352,0.03961929306387901,97.64727783203125,0.07908893376588821,0.039935559034347534,96.61734771728516,0.08008146286010742,0.06102118641138077,0.06088878586888313,0.06111571565270424,0.0608162097632885
353,0.039578694850206375,97.49737548828125,0.07902521640062332,0.039791446179151535,96.40235137939453,0.07998861372470856,0.06091316416859627,0.06085319444537163,0.06101778522133827,0.060785017907619476
354,0.03963136672973633,97.360595703125,0.07896668463945389,0.04019714146852493,96.70580291748047,0.08011768013238907,0.060759879648685455,0.061157237738370895,0.06080349162220955,0.06080636382102966
355,0.039641350507736206,97.67311096191406,0.07909835129976273,0.03990638628602028,96.39073181152344,0.07998305559158325,0.060719579458236694,0.06103793531656265,0.06095875799655914,0.06105692312121391
356,0.03956226259469986,97.33746337890625,0.07895607501268387,0.04000291973352432,96.46728515625,0.0800129845738411,0.06074942275881767,0.06104271858930588,0.0608174167573452,0.06085914000868797
357,0.03956625610589981,97.5212631225586,0.07903330028057098,0.03991743177175522,96.45275115966797,0.08000987768173218,0.06069868057966232,0.061198316514492035,0.06098069250583649,0.06095600128173828
358,0.03950978443026543,97.33354187011719,0.07895362377166748,0.03991260752081871,96.32842254638672,0.07995105534791946,0.0607384517788887,0.06097866967320442,0.06092114746570587,0.06083863601088524
359,0.03950986638665199,97.18091583251953,0.07888810336589813,0.039978962391614914,96.47611999511719,0.08001892268657684,0.06068788841366768,0.06124330684542656,0.06075378879904747,0.06083434820175171
360,0.039493709802627563,97.55342102050781,0.07904539257287979,0.03978557512164116,96.1364974975586,0.07986921072006226,0.060658715665340424,0.06096341833472252,0.06120779737830162,0.06086612492799759
361,0.03945280611515045,97.13836669921875,0.07886963337659836,0.0398225411772728,96.22428894042969,0.07990570366382599,0.060913193970918655,0.06075432524085045,0.060909952968358994,0.060701169073581696
362,0.039430465549230576,97.20711517333984,0.07889793813228607,0.039592303335666656,96.0488052368164,0.07982836663722992,0.06091475486755371,0.06069883704185486,0.061044588685035706,0.060693129897117615
363,0.03938600793480873,97.13633728027344,0.07886764407157898,0.03942842036485672,95.90922546386719,0.07976778596639633,0.06085199490189552,0.060739848762750626,0.06097785755991936,0.060730308294296265
364,0.03947871923446655,97.3145980834961,0.07894207537174225,0.03943336382508278,95.68821716308594,0.07967211306095123,0.06067589670419693,0.06068035587668419,0.060998670756816864,0.060894452035427094
365,0.03935366868972778,96.75528717041016,0.07870493084192276,0.03983205556869507,95.97467041015625,0.07979600131511688,0.060615621507167816,0.06084585189819336,0.060705721378326416,0.06057818979024887
366,0.03946370258927345,96.97562408447266,0.07879799604415894,0.039937976747751236,96.03099822998047,0.0798196941614151,0.060626301914453506,0.0608426108956337,0.06073140352964401,0.06076569855213165
367,0.03941419720649719,96.89332580566406,0.0787627324461937,0.03994332626461983,96.0307846069336,0.07981614023447037,0.06066908687353134,0.06080141291022301,0.06073688715696335,0.06072184816002846
368,0.039400614798069,96.89350891113281,0.07876195013523102,0.03991200774908066,96.09648895263672,0.07984799891710281,0.06057775765657425,0.06108510121703148,0.06071127951145172,0.06078480929136276
369,0.03934914618730545,97.01720428466797,0.07881414890289307,0.03972804546356201,95.78482055664062,0.07971062511205673,0.06057038530707359,0.06081196665763855,0.06094786152243614,0.060756128281354904
370,0.039326418191194534,96.66812133789062,0.07866566628217697,0.03991333767771721,95.95503234863281,0.07978060096502304,0.06070665642619133,0.060742951929569244,0.06068727746605873,0.06061245873570442
371,0.039359111338853836,96.89055633544922,0.07875904440879822,0.039789311587810516,96.48909759521484,0.08001942932605743,0.060934893786907196,0.06144974008202553,0.06076342239975929,0.060822971165180206
372,0.03927119821310043,96.92578887939453,0.07877382636070251,0.03963480144739151,95.63920593261719,0.07964237779378891,0.06058710440993309,0.06071823090314865,0.06102146953344345,0.060677669942379
373,0.03924517333507538,96.67747497558594,0.07866780459880829,0.03960387781262398,95.6487808227539,0.0796477422118187,0.06075304374098778,0.060555350035429,0.060910116881132126,0.06051458418369293
374,0.03921966254711151,96.55004119873047,0.07861331850290298,0.039451632648706436,95.45266723632812,0.07956235110759735,0.060668375343084335,0.060518715530633926,0.06081715226173401,0.060490477830171585
375,0.0393604077398777,96.45590209960938,0.07857243716716766,0.04027097299695015,96.16357421875,0.07986976206302643,0.060513176023960114,0.061077188700437546,0.06055545061826706,0.060549046844244
376,0.03929266706109047,96.75611114501953,0.07869961857795715,0.03956804797053337,95.41230010986328,0.07954367250204086,0.06051434949040413,0.060625433921813965,0.060802947729825974,0.06075719743967056
377,0.03919944539666176,96.33750915527344,0.07852151244878769,0.03977235034108162,95.60413360595703,0.07962315529584885,0.06063065305352211,0.06059351935982704,0.06062677875161171,0.06048797443509102
378,0.03927764296531677,96.62995910644531,0.07864479720592499,0.039714206010103226,95.8948745727539,0.07975322753190994,0.0606340691447258,0.061134178191423416,0.06070396676659584,0.06074567884206772
379,0.03917240723967552,96.5345687866211,0.07860410213470459,0.03954418748617172,95.33837890625,0.07950691133737564,0.060517698526382446,0.06059437245130539,0.06085614860057831,0.06056499481201172
380,0.039151065051555634,96.29771423339844,0.07850314676761627,0.03961756080389023,95.506591796875,0.07958047091960907,0.06078692525625229,0.0604468509554863,0.06073850393295288,0.06041666120290756
381,0.039130911231040955,96.40682220458984,0.07854891568422318,0.03928366303443909,95.35208129882812,0.0795135423541069,0.06083548069000244,0.06046738103032112,0.060893598943948746,0.060437917709350586
382,0.03925927355885506,96.7304916381836,0.07868427783250809,0.039192941039800644,94.96919250488281,0.07934480905532837,0.0605059489607811,0.060420405119657516,0.0609549880027771,0.06072527542710304
383,0.039066411554813385,95.91136169433594,0.07833658158779144,0.03956377133727074,95.18888092041016,0.07944265753030777,0.06041763350367546,0.06057059392333031,0.06048868969082832,0.06030041351914406
384,0.03915192186832428,96.15451049804688,0.07843994349241257,0.039780307561159134,95.34174346923828,0.0795062929391861,0.06045899540185928,0.060558516532182693,0.06056435778737068,0.06047876551747322
385,0.0391588918864727,96.14169311523438,0.07843389362096786,0.039796244353055954,95.33332061767578,0.07950200140476227,0.06044977158308029,0.06056702509522438,0.06056034937500954,0.06049134209752083
386,0.03914675861597061,96.16960144042969,0.07844509184360504,0.039741311222314835,95.35176849365234,0.07951024919748306,0.06040003150701523,0.0607418492436409,0.06057899817824364,0.06053842231631279
387,0.039106208831071854,96.20838928222656,0.07846125960350037,0.039566103368997574,95.119384765625,0.07940751314163208,0.06039458140730858,0.06057700887322426,0.0607040636241436,0.0605073943734169
388,0.039076101034879684,95.9507827758789,0.07835087180137634,0.03973471745848656,95.2340087890625,0.07945714145898819,0.06039167568087578,0.06062018871307373,0.06052204594016075,0.060415346175432205
389,0.039101000875234604,96.20085906982422,0.07845699787139893,0.03957698494195938,95.1208724975586,0.07941002398729324,0.060356881469488144,0.06067369505763054,0.06073828786611557,0.06050453335046768
390,0.039041221141815186,95.92070007324219,0.0783371776342392,0.03960644453763962,95.05919647216797,0.07937873154878616,0.060406628996133804,0.060495227575302124,0.06057490035891533,0.060385994613170624
391,0.03905678540468216,95.92353820800781,0.07833743840456009,0.0396806038916111,95.3998031616211,0.07953004539012909,0.0604742169380188,0.060905713587999344,0.06051941215991974,0.06045383960008621
392,0.03902097046375275,96.16065979003906,0.07843820750713348,0.03937898948788643,94.81351470947266,0.07927042245864868,0.06034961715340614,0.06044822186231613,0.060880862176418304,0.06042200326919556
393,0.03897041082382202,95.77146911621094,0.07827212661504745,0.039490293711423874,94.95250701904297,0.07933149486780167,0.06057298183441162,0.06027591973543167,0.060623325407505035,0.06024560332298279
394,0.03901321813464165,95.6862564086914,0.07823514938354492,0.03976171463727951,95.06746673583984,0.07938295602798462,0.06050380319356918,0.06031142920255661,0.06053075194358826,0.06021549180150032
395,0.039112113416194916,95.91118621826172,0.0783301442861557,0.039573442190885544,95.04669952392578,0.0793725773692131,0.060353200882673264,0.06069963797926903,0.06047731637954712,0.06049814075231552
396,0.038961637765169144,95.86425018310547,0.07830990850925446,0.039356496185064316,94.6716079711914,0.07920610159635544,0.06031506136059761,0.06038153916597366,0.060672637075185776,0.06037681922316551
397,0.038947850465774536,95.5459976196289,0.07817352563142776,0.039694320410490036,94.91921997070312,0.07931338250637054,0.060347072780132294,0.0604206882417202,0.060422737151384354,0.0602540597319603
398,0.03900383040308952,95.8682632446289,0.07831043750047684,0.039470966905355453,94.8388671875,0.07928001135587692,0.06031286343932152,0.06059201434254646,0.060636986047029495,0.0604274608194828
399,0.03891577199101448,95.60621643066406,0.07819832116365433,0.039417117834091187,94.64067840576172,0.07919009029865265,0.060312580317258835,0.06034202501177788,0.06054402515292168,0.060272060334682465
400,0.03894049674272537,95.50269317626953,0.07815314829349518,0.039709217846393585,95.05615997314453,0.07937473058700562,0.06032627075910568,0.06073013320565224,0.060385290533304214,0.060304004698991776
401,0.038924992084503174,95.87044525146484,0.07830971479415894,0.0392632782459259,94.46307373046875,0.07911211252212524,0.06025848165154457,0.06032830476760864,0.06083609536290169,0.06033116951584816
402,0.03884216398000717,95.4151840209961,0.07811537384986877,0.03931180015206337,94.54180145263672,0.07914738357067108,0.0604906901717186,0.06014243885874748,0.060536064207553864,0.06013544276356697
403,0.03894103318452835,95.32859802246094,0.07807759195566177,0.04012333229184151,95.04051971435547,0.0793677568435669,0.06035250797867775,0.06032368168234825,0.060394737869501114,0.06011246517300606
404,0.038991138339042664,95.62812805175781,0.07820473611354828,0.039313532412052155,94.46846771240234,0.07911381870508194,0.060232944786548615,0.060396380722522736,0.060495369136333466,0.06037869304418564
405,0.03885268047451973,95.4260025024414,0.07811814546585083,0.039351724088191986,94.4363021850586,0.07909875363111496,0.060221102088689804,0.060339927673339844,0.06049656867980957,0.06024136394262314
406,0.038862306624650955,95.38846588134766,0.07810155302286148,0.03947022557258606,94.54202270507812,0.07914517819881439,0.06021447852253914,0.06042620167136192,0.060454193502664566,0.06024517863988876
407,0.03884979337453842,95.41654205322266,0.0781131386756897,0.039367761462926865,94.39214324951172,0.07907860726118088,0.06020099297165871,0.06033303588628769,0.06052654609084129,0.06023290380835533
408,0.03883162885904312,95.24934387207031,0.07804100215435028,0.039475176483392715,94.47480773925781,0.07911469042301178,0.06019294261932373,0.06039324775338173,0.06039796769618988,0.06018304079771042
409,0.03884057700634003,95.3992691040039,0.07810477912425995,0.03933683782815933,94.33379364013672,0.07905247062444687,0.06018412858247757,0.060340266674757004,0.06056085228919983,0.06021919846534729
410,0.038794226944446564,95.16031646728516,0.07800208032131195,0.039388418197631836,94.313232421875,0.07904165238142014,0.060189228504896164,0.06026630848646164,0.060395948588848114,0.06013033911585808
411,0.03882482275366783,95.28353118896484,0.07805415242910385,0.03944217786192894,94.46080780029297,0.07910772413015366,0.060201194137334824,0.06046262010931969,0.060467325150966644,0.060217488557100296
412,0.038785386830568314,95.22105407714844,0.0780271664261818,0.039213985204696655,94.11102294921875,0.07895497232675552,0.06017586588859558,0.06018136814236641,0.060519393533468246,0.06013073772192001
413,0.03875316306948662,94.96412658691406,0.07791652530431747,0.039532389491796494,94.35049438476562,0.07906018942594528,0.060170214623212814,0.06028096005320549,0.060291875153779984,0.06007858365774155
414,0.038820262998342514,95.33168029785156,0.07807351648807526,0.03920873627066612,94.1254653930664,0.07895828038454056,0.06014956906437874,0.060288794338703156,0.06058996915817261,0.06020938232541084
415,0.03872745484113693,94.9590072631836,0.07791367918252945,0.039052776992321014,93.90815734863281,0.07886342704296112,0.06020934507250786,0.06004128232598305,0.060382187366485596,0.06003167852759361
416,0.0387822650372982,94.97730255126953,0.07792068272829056,0.04004158824682236,95.01112365722656,0.07935230433940887,0.06030312553048134,0.060725271701812744,0.06026044487953186,0.06015446409583092
417,0.03880561515688896,95.33938598632812,0.0780750960111618,0.03893746808171272,93.74813842773438,0.07879314571619034,0.06012400612235069,0.060056619346141815,0.0607072152197361,0.06015186011791229
418,0.03868482634425163,94.90174102783203,0.07788772135972977,0.038814764469861984,93.76419067382812,0.0787947028875351,0.060343559831380844,0.059919945895671844,0.06047380343079567,0.05994091182947159
419,0.03884906694293022,95.12761688232422,0.07798364758491516,0.03876275569200516,93.6606216430664,0.07874872535467148,0.06024891883134842,0.05991202965378761,0.06056850031018257,0.06003307178616524
420,0.038695693016052246,94.71465301513672,0.07780657708644867,0.03885038569569588,93.60577392578125,0.07872724533081055,0.060172636061906815,0.05989275500178337,0.06031356751918793,0.05988304689526558
421,0.03860197588801384,94.62251281738281,0.07776649296283722,0.03900111839175224,93.67916870117188,0.078758604824543,0.06013322249054909,0.05992458388209343,0.06026109308004379,0.059908363968133926
422,0.03881707042455673,95.01197052001953,0.07793265581130981,0.039508044719696045,94.05648040771484,0.07892810553312302,0.06010577455163002,0.060108281672000885,0.060301780700683594,0.06021586060523987
423,0.038686204701662064,94.74609375,0.0778186246752739,0.03906805440783501,93.70938873291016,0.07877421379089355,0.06007689982652664,0.06006446108222008,0.060281358659267426,0.06002473086118698
424,0.038643911480903625,94.78779602050781,0.07783616334199905,0.039378147572278976,93.97422790527344,0.07889087498188019,0.0600740946829319,0.0602014996111393,0.06034445762634277,0.06005621701478958
425,0.0386660136282444,94.75144958496094,0.0778200700879097,0.03917751461267471,93.75403594970703,0.07879137992858887,0.060066353529691696,0.06006838008761406,0.06032095104455948,0.060040224343538284
426,0.038621727377176285,94.65938568115234,0.07778007537126541,0.0392242968082428,93.84960174560547,0.07883395999670029,0.060061488300561905,0.060212451964616776,0.060299769043922424,0.05999678373336792
427,0.03863182291388512,94.7568588256836,0.07782158255577087,0.039099711924791336,93.65118408203125,0.07874514907598495,0.0600445382297039,0.06005222350358963,0.06041334941983223,0.060010362416505814
428,0.038583844900131226,94.49895477294922,0.07771021872758865,0.0391974076628685,93.72338104248047,0.07877650111913681,0.06003573164343834,0.06010705605149269,0.06021842360496521,0.05993368849158287
429,0.03862838074564934,94.72826385498047,0.07780821621417999,0.03892471268773079,93.53213500976562,0.07869221270084381,0.060037966817617416,0.06010003760457039,0.060408346354961395,0.0600174255669117
430,0.03861536830663681,94.55143737792969,0.07773233950138092,0.03859848156571388,93.12696075439453,0.07850998640060425,0.06004273146390915,0.0598236583173275,0.06033337488770485,0.05989864096045494
431,0.03893476724624634,94.9595947265625,0.07790682464838028,0.03860960528254509,93.29735565185547,0.07857952266931534,0.06024326756596565,0.05976247414946556,0.06060003116726875,0.05991587042808533
432,0.038535360246896744,94.37637329101562,0.0776558369398117,0.038627441972494125,93.16519165039062,0.07852326333522797,0.060098860412836075,0.05974845960736275,0.06032508611679077,0.05976226553320885
433,0.03859683498740196,94.46614074707031,0.07769419997930527,0.03857731446623802,93.16925048828125,0.07852350175380707,0.06011829897761345,0.05977106839418411,0.06032375246286392,0.0598607063293457
434,0.03867073729634285,94.4935073852539,0.07770561426877975,0.03861945495009422,93.11695098876953,0.07850152254104614,0.06008500978350639,0.05972636863589287,0.060318294912576675,0.059848565608263016
435,0.03848680108785629,94.24815368652344,0.07759974896907806,0.038576554507017136,93.09313201904297,0.07849030196666718,0.06009623408317566,0.05972740054130554,0.06023745983839035,0.059778034687042236
436,0.03872021287679672,94.51123046875,0.07771239429712296,0.03858504444360733,93.25482177734375,0.0785551592707634,0.06013624742627144,0.05984247475862503,0.06027912348508835,0.05992474406957626
437,0.038577813655138016,94.3270034790039,0.07763269543647766,0.03871510177850723,93.16035461425781,0.07852013409137726,0.060118768364191055,0.059706661850214005,0.06032276898622513,0.05975170433521271
438,0.0384460985660553,94.03462982177734,0.07750611752271652,0.03967742249369621,93.87162780761719,0.07883663475513458,0.05999422073364258,0.06014469638466835,0.06010221689939499,0.05971226096153259
439,0.038629163056612015,94.52989196777344,0.07771863788366318,0.03891903534531593,93.1713638305664,0.07852659374475479,0.059990786015987396,0.05980754643678665,0.06018780544400215,0.06013689935207367
440,0.038443684577941895,94.04386138916016,0.07750937342643738,0.03892941027879715,93.18241882324219,0.07853078842163086,0.05997427552938461,0.059863846749067307,0.06011113524436951,0.059753887355327606
441,0.03848946839570999,94.3311767578125,0.07763244956731796,0.03905108571052551,93.34169006347656,0.07860128581523895,0.059939026832580566,0.060041725635528564,0.06025000661611557,0.05996253713965416
442,0.038461849093437195,94.16902160644531,0.07756241410970688,0.038791902363300323,93.03165435791016,0.07846321910619736,0.05994326248764992,0.05984404683113098,0.06019804999232292,0.059841953217983246
443,0.0384238064289093,94.0932388305664,0.07752910256385803,0.039046499878168106,93.35340881347656,0.0786060243844986,0.059942491352558136,0.060103949159383774,0.06015804037451744,0.059837374836206436
444,0.03850941359996796,94.26168060302734,0.07760138809680939,0.038565415889024734,92.80367279052734,0.0783614069223404,0.059918101876974106,0.05979350581765175,0.060288455337285995,0.059870198369026184
445,0.038673385977745056,94.1798095703125,0.07756663858890533,0.038457754999399185,92.72066497802734,0.07831837981939316,0.05999889597296715,0.059602297842502594,0.060260262340307236,0.059690892696380615
446,0.038610924035310745,94.55541229248047,0.07772557437419891,0.03854319080710411,92.8077392578125,0.0783565416932106,0.060006339102983475,0.0595962218940258,0.060657087713479996,0.0598042793571949
447,0.03833674639463425,93.65530395507812,0.07733858376741409,0.03853407874703407,92.7119140625,0.07831590622663498,0.05992671847343445,0.05962539091706276,0.06000426039099693,0.05954452604055405
448,0.038493942469358444,93.91262817382812,0.07744987308979034,0.04045576602220535,94.32083129882812,0.07902728021144867,0.05996077135205269,0.0602572038769722,0.06004911661148071,0.059723351150751114
449,0.03854028135538101,94.02568054199219,0.07749757915735245,0.03876155987381935,92.88249969482422,0.07839047163724899,0.059981752187013626,0.05964605137705803,0.06007765978574753,0.05982597544789314
450,0.03836015239357948,93.76009368896484,0.07738260924816132,0.038915686309337616,93.17855072021484,0.07852409780025482,0.059919554740190506,0.060087550431489944,0.060029417276382446,0.0596950389444828
451,0.038391467183828354,94.18217468261719,0.07756411284208298,0.03871307149529457,92.78884887695312,0.07834957540035248,0.059877071529626846,0.05973387882113457,0.06036950275301933,0.05987546220421791
452,0.03829719126224518,93.64482116699219,0.07733237743377686,0.03879289701581001,92.86483764648438,0.0783807709813118,0.05997750535607338,0.05965840071439743,0.06003575772047043,0.05962153524160385
453,0.03858461230993271,93.87419128417969,0.07743030786514282,0.03905286267399788,93.05012512207031,0.07846565544605255,0.05986836552619934,0.059868115931749344,0.05995497852563858,0.059788573533296585
454,0.03848117217421532,94.16007995605469,0.07755301147699356,0.03854052349925041,92.60840606689453,0.07826898992061615,0.05985572934150696,0.05971595272421837,0.060521017760038376,0.059675585478544235
455,0.03827832266688347,93.57373046875,0.07730041444301605,0.03905649855732918,93.0318374633789,0.07845370471477509,0.059950586408376694,0.05973657965660095,0.060040030628442764,0.05957626551389694
456,0.038484375923871994,93.75666809082031,0.07737872749567032,0.03890976682305336,92.86219787597656,0.07837995141744614,0.05987786501646042,0.05974554270505905,0.05997656658291817,0.059737153351306915
457,0.03832278773188591,93.78487396240234,0.0773906260728836,0.038693904876708984,92.8196792602539,0.07836276292800903,0.05988061800599098,0.05992322415113449,0.06019453704357147,0.05970124900341034
458,0.03829483687877655,93.72711944580078,0.07736540585756302,0.03899027779698372,92.88470458984375,0.07838935405015945,0.059857118874788284,0.059757061302661896,0.06016598641872406,0.05969132110476494
459,0.03835596516728401,93.53145599365234,0.0772802084684372,0.0390789732336998,92.94467163085938,0.07841575890779495,0.05984950810670853,0.05980025976896286,0.05993162468075752,0.05964401736855507
460,0.03840182349085808,93.87415313720703,0.07742822915315628,0.0383421890437603,92.3841552734375,0.07816670089960098,0.0598677434027195,0.05967805162072182,0.06031440570950508,0.05969097837805748
461,0.03865151107311249,93.97047424316406,0.07746890932321548,0.03837363049387932,92.37957763671875,0.0781550407409668,0.060001976788043976,0.05941624194383621,0.060317836701869965,0.059629783034324646
462,0.03829136863350868,93.46791076660156,0.07725165039300919,0.038412414491176605,92.33724975585938,0.07814129441976547,0.0599001869559288,0.05942358821630478,0.06015757471323013,0.059416886419057846
463,0.038325000554323196,93.45953369140625,0.07724809646606445,0.03831351548433304,92.28121185302734,0.07811542600393295,0.059904806315898895,0.05942671746015549,0.06005343049764633,0.05951389670372009
464,0.03849130868911743,93.69293212890625,0.0773487314581871,0.03840289264917374,92.30506896972656,0.07812757790088654,0.05989711359143257,0.05939885228872299,0.06018334999680519,0.05956406891345978
465,0.038234494626522064,93.33402252197266,0.0771932378411293,0.03830387443304062,92.24844360351562,0.07810018956661224,0.05989670008420944,0.05940889194607735,0.060034286230802536,0.059474050998687744
466,0.038491636514663696,93.64653778076172,0.07732778042554855,0.03830154612660408,92.28376770019531,0.07811595499515533,0.05992324277758598,0.05943339318037033,0.06010480970144272,0.05963065102696419
467,0.038238026201725006,93.3263168334961,0.07718904316425323,0.03840446099638939,92.3063735961914,0.07812739908695221,0.05992396920919418,0.05939621850848198,0.06008264794945717,0.05943450331687927
468,0.03811734542250633,93.06282043457031,0.0770740732550621,0.03858577087521553,92.31404113769531,0.07813038676977158,0.0598052553832531,0.05948636308312416,0.059901926666498184,0.0593867301940918
469,0.038365088403224945,93.65941619873047,0.07733093202114105,0.03866055607795715,92.36109924316406,0.07815232127904892,0.05978437140583992,0.0595456026494503,0.05996118485927582,0.05991809442639351
470,0.03831181675195694,93.26066589355469,0.07715938240289688,0.038277436047792435,92.10879516601562,0.07804068177938461,0.05978607386350632,0.05957772210240364,0.059928230941295624,0.05950874835252762
471,0.03820834308862686,93.46395874023438,0.07724716514348984,0.039533328264951706,93.18824005126953,0.07851805537939072,0.05976792052388191,0.06003743037581444,0.06015501916408539,0.05962441489100456
472,0.03828927129507065,93.33386993408203,0.07719070464372635,0.038789086043834686,92.62242126464844,0.07825053483247757,0.06017708778381348,0.05934896320104599,0.06004118174314499,0.0595189705491066
473,0.03818768262863159,93.4991226196289,0.07726029306650162,0.038417015224695206,92.02499389648438,0.07798741012811661,0.05974762886762619,0.059300072491168976,0.060478053987026215,0.05936664342880249
474,0.038453225046396255,93.13275909423828,0.07710172235965729,0.03910302370786667,92.7917709350586,0.0783303752541542,0.059707313776016235,0.0599580816924572,0.05969708785414696,0.05949808284640312
475,0.03813055902719498,93.12349700927734,0.07709816843271255,0.03833165019750595,91.90805053710938,0.07793451100587845,0.05971556901931763,0.05932188779115677,0.05994264408946037,0.05951748043298721
476,0.038048017770051956,92.8777084350586,0.0769909992814064,0.03876993805170059,92.35968017578125,0.07813622057437897,0.05965862423181534,0.059707485139369965,0.05981022119522095,0.05941924452781677
477,0.03835047781467438,93.43614196777344,0.07723207771778107,0.03817268833518028,91.77507019042969,0.0778752788901329,0.059644248336553574,0.05944269150495529,0.0600321926176548,0.059700895100831985
478,0.03832433745265007,93.24771881103516,0.07715161144733429,0.03815910220146179,91.69827270507812,0.07783863693475723,0.05971452221274376,0.059216056019067764,0.060153018683195114,0.05937013775110245
479,0.038381706923246384,93.57732391357422,0.0772920697927475,0.03821096569299698,91.72876739501953,0.07785103470087051,0.05969474837183952,0.05920656770467758,0.06034999340772629,0.059547025710344315
480,0.03806120529770851,92.69115447998047,0.07690880447626114,0.038225721567869186,91.68524169921875,0.07783440500497818,0.05964071303606033,0.05924660712480545,0.05979866534471512,0.05923370271921158
481,0.03799257054924965,92.71528625488281,0.0769188329577446,0.03831169381737709,91.7697525024414,0.07786976546049118,0.05964282527565956,0.05931934341788292,0.059790946543216705,0.05933564901351929
482,0.038267143070697784,93.12866973876953,0.07709707319736481,0.03860646113753319,92.02397155761719,0.07798316329717636,0.05967244133353233,0.059420496225357056,0.05982630327343941,0.05964101478457451
483,0.038344476372003555,93.1362075805664,0.07710040360689163,0.03812212496995926,91.93191528320312,0.07794632762670517,0.05994025245308876,0.05949654430150986,0.05997394770383835,0.05947594344615936
484,0.038081586360931396,92.97257995605469,0.07702977955341339,0.03923622891306877,92.64400482177734,0.07825902849435806,0.059617917984724045,0.05988876149058342,0.0600137822329998,0.05941002443432808
485,0.03817078471183777,92.82969665527344,0.07696732878684998,0.0383605919778347,91.89112091064453,0.07792077958583832,0.05986033007502556,0.059285569936037064,0.05978062376379967,0.0594111829996109
486,0.03806306794285774,93.53545379638672,0.07727059721946716,0.03812991455197334,91.449462890625,0.07772310078144073,0.05959358438849449,0.05913491174578667,0.06075291335582733,0.05939275026321411
487,0.03835207596421242,92.67451477050781,0.0768994465470314,0.0381292887032032,91.51854705810547,0.07775794714689255,0.05958648398518562,0.05929374694824219,0.0596078522503376,0.05926806107163429
488,0.03800901398062706,92.61236572265625,0.0768723264336586,0.03806154057383537,91.39165496826172,0.07769770175218582,0.0596042275428772,0.059109680354595184,0.05980139225721359,0.05928419157862663
489,0.03845800459384918,93.10359191894531,0.07708533108234406,0.03810429945588112,91.48121643066406,0.07773838192224503,0.0596817247569561,0.059110384434461594,0.05997925251722336,0.059418413788080215
490,0.03797924146056175,92.5700454711914,0.07685323059558868,0.0380784273147583,91.51193237304688,0.0777512639760971,0.059729110449552536,0.05912306159734726,0.05988606810569763,0.059192948043346405
491,0.0383034348487854,92.77424621582031,0.07694190740585327,0.038177184760570526,91.7759780883789,0.07786615937948227,0.059746939688920975,0.05939900502562523,0.05980109050869942,0.05932987108826637
492,0.03816671669483185,93.08316802978516,0.07707474380731583,0.0382646881043911,91.72309112548828,0.07784364372491837,0.059809599071741104,0.059168942272663116,0.06024155765771866,0.059381239116191864
493,0.037926092743873596,92.36144256591797,0.07676119357347488,0.03804415464401245,91.32008361816406,0.07766593247652054,0.05958922579884529,0.05908204987645149,0.05974477529525757,0.05915384739637375
494,0.03799797222018242,92.51457214355469,0.07682789862155914,0.0403510257601738,93.81392669677734,0.07877491414546967,0.05956767126917839,0.06082184240221977,0.059655435383319855,0.05939297378063202
495,0.03822575882077217,92.88494873046875,0.0769861489534378,0.03816938027739525,91.3887939453125,0.0776977613568306,0.059519797563552856,0.0592879019677639,0.05971290543675423,0.059637341648340225
496,0.038016509264707565,92.55731964111328,0.07684530317783356,0.03814157098531723,91.45516967773438,0.07772835344076157,0.05954497307538986,0.059410516172647476,0.05990919470787048,0.0592125803232193
497,0.0379316583275795,92.56536102294922,0.07684852182865143,0.038730062544345856,91.97734069824219,0.0779605582356453,0.05951382964849472,0.05970427021384239,0.05983864143490791,0.059368718415498734
498,0.03806254640221596,92.51744079589844,0.07682696729898453,0.03803374990820885,91.60536193847656,0.07779673486948013,0.05981483310461044,0.05947863310575485,0.05969579145312309,0.059380337595939636
499,0.03795524314045906,92.77552795410156,0.07693938910961151,0.03806442767381668,91.09049987792969,0.07755915075540543,0.05947783961892128,0.05903298780322075,0.060259897261857986,0.059227898716926575
500,0.038435760885477066,92.80976867675781,0.0769539326429367,0.03809066861867905,91.25426483154297,0.07762964814901352,0.05961467698216438,0.05909354239702225,0.05988471582531929,0.059282030910253525
501,0.03788204491138458,92.30482482910156,0.07673389464616776,0.03797941282391548,91.17150115966797,0.07759273797273636,0.059653040021657944,0.05900198221206665,0.059865087270736694,0.05910252407193184
502,0.038241907954216,92.57561492919922,0.07685129344463348,0.037972647696733475,91.17707824707031,0.07759649306535721,0.05966636538505554,0.05900782719254494,0.059801455587148666,0.0592668242752552
503,0.037929244339466095,92.1772689819336,0.07667811959981918,0.038042910397052765,91.25061798095703,0.07762830704450607,0.05971850827336311,0.05900338664650917,0.05973090976476669,0.059063781052827835
504,0.03787718713283539,92.05802917480469,0.07662498205900192,0.03807900473475456,91.86084747314453,0.07790680974721909,0.05982162803411484,0.05990731716156006,0.059521447867155075,0.059184394776821136
505,0.03797044977545738,93.02713012695312,0.07704397290945053,0.03820309787988663,91.26866149902344,0.07763954252004623,0.05946425348520279,0.05929170921444893,0.06016137823462486,0.05969715863466263
506,0.03786924481391907,92.25919342041016,0.07671249657869339,0.03915264084935188,92.11910247802734,0.07801517099142075,0.05981658026576042,0.05929162725806236,0.05991661176085472,0.059060562402009964
507,0.03817465156316757,92.39370727539062,0.07677044719457626,0.03835136070847511,91.30386352539062,0.07765109091997147,0.05954556539654732,0.059121523052453995,0.059772878885269165,0.059160154312849045
508,0.03781073912978172,92.0005111694336,0.07659914344549179,0.03803234174847603,91.05244445800781,0.07753683626651764,0.05958982929587364,0.05898347496986389,0.05963752046227455,0.05909173563122749
509,0.03832612931728363,92.58345794677734,0.07685278356075287,0.03927644342184067,92.16432189941406,0.07803566008806229,0.059842657297849655,0.05924965813755989,0.059728171676397324,0.059364352375268936
510,0.037842895835638046,92.27033233642578,0.07671606540679932,0.03826708346605301,91.59850311279297,0.07777990400791168,0.05998418480157852,0.05907297134399414,0.06001019477844238,0.05906486511230469
511,0.03813238441944122,92.31889343261719,0.0767364576458931,0.03791968151926994,90.9934310913086,0.07750973850488663,0.059596527367830276,0.058983027935028076,0.05978453531861305,0.05916956812143326
512,0.03795834630727768,91.88026428222656,0.07654495537281036,0.037953343242406845,90.8456039428711,0.0774448961019516,0.059422221034765244,0.059034232050180435,0.0595540814101696,0.05895876884460449
513,0.037768084555864334,92.30587005615234,0.07672961056232452,0.038520749658346176,91.5123062133789,0.07774658501148224,0.05942095071077347,0.059554584324359894,0.059773433953523636,0.059440117329359055
514,0.03789370507001877,92.06246948242188,0.07662352174520493,0.037899695336818695,90.82711791992188,0.07743800431489944,0.059388287365436554,0.059142254292964935,0.05953032895922661,0.059297095984220505
515,0.03793560341000557,92.28962707519531,0.07672319561243057,0.03792516142129898,90.68476104736328,0.07737301290035248,0.0593789778649807,0.058914802968502045,0.05999438092112541,0.05910813435912132
516,0.03829978406429291,92.63619232177734,0.07687210291624069,0.03788483142852783,90.78638458251953,0.07741759717464447,0.05953691527247429,0.05891779065132141,0.060000985860824585,0.059285808354616165
517,0.03770262748003006,91.69738006591797,0.07646340876817703,0.03790343552827835,90.72657775878906,0.07739068567752838,0.059465665370225906,0.05890632048249245,0.059629492461681366,0.05889727547764778
518,0.03776519000530243,91.74874114990234,0.07648582011461258,0.03962181881070137,92.44136810302734,0.07815543562173843,0.05942291021347046,0.060026321560144424,0.0594618059694767,0.059100762009620667
519,0.03805571421980858,92.25393676757812,0.07670443505048752,0.0378728024661541,90.8923110961914,0.07746826112270355,0.059465669095516205,0.05927007645368576,0.05957350879907608,0.05943528935313225
520,0.03772997856140137,92.07109832763672,0.07662556320428848,0.03784193843603134,90.60417175292969,0.07733704894781113,0.05934877321124077,0.0589967779815197,0.06000027805566788,0.05902865156531334
521,0.0379830077290535,92.00169372558594,0.07659435272216797,0.0389404334127903,91.6858901977539,0.07782189548015594,0.05939096957445145,0.05962032824754715,0.059449441730976105,0.05931761488318443
522,0.037848055362701416,91.94160461425781,0.07656767219305038,0.03786623850464821,91.43936920166016,0.07771576941013336,0.06010112538933754,0.059429608285427094,0.059722900390625,0.05909520387649536
523,0.037652138620615005,91.9903335571289,0.07658902555704117,0.03803136572241783,90.78099060058594,0.07741258293390274,0.05936405062675476,0.059128206223249435,0.05995303392410278,0.059058789163827896
524,0.03799377754330635,91.92678833007812,0.07656142860651016,0.03891892358660698,91.68426513671875,0.07781732827425003,0.059676554054021835,0.05935092642903328,0.059562839567661285,0.05913151800632477
525,0.0377797968685627,92.22408294677734,0.07668857276439667,0.03778880462050438,90.54096221923828,0.07730168849229813,0.059488628059625626,0.05883762240409851,0.06020151451230049,0.059037014842033386
526,0.038091257214546204,91.75972747802734,0.07648775726556778,0.03780140355229378,90.44259643554688,0.07726172357797623,0.05932968854904175,0.05888858065009117,0.05944144353270531,0.058985646814107895
527,0.03778573498129845,91.62665557861328,0.07642967253923416,0.03775569424033165,90.42327117919922,0.07725216448307037,0.05941596254706383,0.05881049484014511,0.059532564133405685,0.05897802859544754
528,0.03811735659837723,92.02381134033203,0.07660279422998428,0.037770580500364304,90.68795776367188,0.0773671343922615,0.05967412516474724,0.05886710062623024,0.059708356857299805,0.05908793956041336
529,0.037698399275541306,92.06390380859375,0.07661819458007812,0.03782030567526817,90.5906982421875,0.07732319086790085,0.05947231128811836,0.05888677015900612,0.06005151942372322,0.05910361930727959
530,0.037759020924568176,91.46507263183594,0.07635758072137833,0.03773775324225426,90.31358337402344,0.07720176130533218,0.0593356229364872,0.058790795505046844,0.059443023055791855,0.058915816247463226
531,0.03789626434445381,91.58150482177734,0.07640855014324188,0.037756215780973434,90.32962799072266,0.07720804214477539,0.05932989716529846,0.05881526321172714,0.0594465397298336,0.05897919461131096
532,0.037750788033008575,91.4278793334961,0.07633999735116959,0.03771250694990158,90.2427749633789,0.077170729637146,0.05929087474942207,0.05882587656378746,0.059496622532606125,0.058849502354860306
533,0.03784884512424469,92.26155090332031,0.07670118659734726,0.03798354044556618,90.57209014892578,0.0773201733827591,0.05926324799656868,0.05914067476987839,0.0597568079829216,0.059593766927719116
534,0.03763864189386368,91.2388916015625,0.07625642418861389,0.03773942217230797,90.25397491455078,0.07717176526784897,0.0592641718685627,0.05892584100365639,0.0592811219394207,0.05893907696008682
535,0.03784480690956116,91.94903564453125,0.07656869292259216,0.03954204544425011,93.955810546875,0.07881193608045578,0.0623764805495739,0.0592675544321537,0.05983714014291763,0.05914701148867607
536,0.03776233643293381,91.8848648071289,0.07653778046369553,0.03769027441740036,90.17796325683594,0.07713624089956284,0.059338536113500595,0.05875822529196739,0.06004597619175911,0.05890071764588356
537,0.037873171269893646,91.73953247070312,0.07647484540939331,0.03772209212183952,90.21007537841797,0.07715090364217758,0.05936519056558609,0.05875353887677193,0.05966448038816452,0.05906163528561592
538,0.03765565901994705,91.25688171386719,0.0762636661529541,0.03769732266664505,90.18189239501953,0.07713764905929565,0.059367835521698,0.05874212831258774,0.05944138765335083,0.05882890149950981
539,0.03780585527420044,91.28459167480469,0.0762753039598465,0.037792276591062546,90.10551452636719,0.07710492610931396,0.05922954902052879,0.05874479562044144,0.05934740975499153,0.05886824056506157
540,0.03788115829229355,92.35840606689453,0.07673930376768112,0.037922631949186325,90.51866912841797,0.07728803902864456,0.059259116649627686,0.05926080420613289,0.05984734743833542,0.05969085544347763
541,0.037497229874134064,91.0662612915039,0.076178640127182,0.037949323654174805,90.4620361328125,0.07726267725229263,0.059508007019758224,0.05888919159770012,0.059423793107271194,0.05875140801072121
542,0.037515174597501755,91.79010772705078,0.0764930471777916,0.03779446333646774,90.157958984375,0.0771225318312645,0.05924711748957634,0.058807194232940674,0.06023812294006348,0.05882662534713745
543,0.03783809393644333,91.29747009277344,0.07627848535776138,0.03896896913647652,91.42652130126953,0.07769971340894699,0.05925332382321358,0.0597517229616642,0.059213560074567795,0.05900988727807999
544,0.037602461874485016,91.24468231201172,0.07625530660152435,0.03769325464963913,90.01851654052734,0.07705878466367722,0.05921525880694389,0.05882633849978447,0.059323910623788834,0.05903363227844238
545,0.037932999432086945,91.4080581665039,0.07632693648338318,0.03769269585609436,89.89708709716797,0.07700470834970474,0.05916697159409523,0.05870285630226135,0.059461433440446854,0.05889219790697098
546,0.03755486011505127,91.24630737304688,0.07625570148229599,0.039497774094343185,93.02835083007812,0.07841213792562485,0.05963953956961632,0.0612008273601532,0.0595378614962101,0.05889921635389328
547,0.03776153177022934,91.968505859375,0.07656721770763397,0.03774767741560936,90.05397033691406,0.07707397639751434,0.05918962135910988,0.05890476331114769,0.05980515480041504,0.0593663826584816
548,0.03748803958296776,91.08497619628906,0.07618433982133865,0.03761637210845947,90.26557159423828,0.0771656259894371,0.059715595096349716,0.05870860069990158,0.05956808477640152,0.058740437030792236
549,0.037778377532958984,91.63713836669922,0.07642339915037155,0.03761013597249985,89.98099517822266,0.0770389586687088,0.059252239763736725,0.0587291494011879,0.059853870421648026,0.0589626207947731
550,0.037677034735679626,90.86646270751953,0.07608731836080551,0.03763723000884056,89.83025360107422,0.0769745260477066,0.05914827808737755,0.05875951796770096,0.05921506881713867,0.05868631601333618
551,0.03753354772925377,91.13738250732422,0.07620567828416824,0.037561800330877304,89.8808364868164,0.07699794322252274,0.05924130603671074,0.05882873386144638,0.059408947825431824,0.05896695703268051
552,0.03752239793539047,91.36414337158203,0.07630456238985062,0.038596633821725845,90.92552185058594,0.07746811956167221,0.0591290108859539,0.0595841221511364,0.059579115360975266,0.059113990515470505
553,0.037733372300863266,91.82430267333984,0.07650300115346909,0.0382232703268528,90.34940338134766,0.07720630615949631,0.05918346717953682,0.058979716151952744,0.06012791022658348,0.05895640328526497
554,0.03739697113633156,90.642578125,0.07598719000816345,0.037613607943058014,89.79129028320312,0.07695524394512177,0.059113021939992905,0.05878308787941933,0.05918049067258835,0.05869864672422409
555,0.03781335800886154,91.32109832763672,0.07628494501113892,0.03916528820991516,91.19129180908203,0.07758598774671555,0.059270553290843964,0.05935721844434738,0.05942818149924278,0.059028591960668564
556,0.037434473633766174,90.82335662841797,0.07606620341539383,0.03766055777668953,89.91450500488281,0.07700873911380768,0.05933649092912674,0.058706145733594894,0.05934208631515503,0.05878579989075661
557,0.03760012239217758,90.72972869873047,0.07602494955062866,0.03785434365272522,89.79678344726562,0.07695658504962921,0.05910110101103783,0.05867883563041687,0.05912311002612114,0.05879080668091774
558,0.037497628480196,91.26403045654297,0.07625830173492432,0.03874412178993225,91.41771697998047,0.07768845558166504,0.0591733455657959,0.06020659953355789,0.060001663863658905,0.058647021651268005
559,0.03769441694021225,91.53024291992188,0.07637108862400055,0.0375862717628479,89.72509002685547,0.07692503184080124,0.059138886630535126,0.05878715589642525,0.05943433195352554,0.059409309178590775
560,0.03732196241617203,90.70035552978516,0.07601125538349152,0.03742488846182823,89.84522247314453,0.07697563618421555,0.059553977102041245,0.05856289342045784,0.059488020837306976,0.05864401161670685
561,0.03760247677564621,91.26689910888672,0.07625902444124222,0.037576351314783096,89.71759796142578,0.07692517340183258,0.05924954637885094,0.05860421434044838,0.059797950088977814,0.05888030305504799
562,0.03731490299105644,90.35628509521484,0.07585862278938293,0.03738175705075264,89.40180969238281,0.07677982747554779,0.05907497927546501,0.05854507163167,0.05918356403708458,0.05855712294578552
563,0.03734946623444557,90.59757995605469,0.07596400380134583,0.037340424954891205,89.39822387695312,0.07678233087062836,0.05912814289331436,0.05862332135438919,0.059300847351551056,0.05875212326645851
564,0.037457212805747986,91.10314178466797,0.0761837512254715,0.03785150870680809,89.88267517089844,0.07699662446975708,0.05903065949678421,0.05901966243982315,0.05943981930613518,0.05920049920678139
565,0.037246931344270706,90.29582214355469,0.07583104074001312,0.0374070443212986,89.6500473022461,0.07688870280981064,0.059440042823553085,0.05859721079468727,0.059079620987176895,0.058697834610939026
566,0.037504907697439194,91.20204162597656,0.07622702419757843,0.03730153664946556,89.23731231689453,0.07670710980892181,0.0590348057448864,0.05850356072187424,0.060093510895967484,0.05861939489841461
567,0.03765694051980972,91.02185821533203,0.07614915072917938,0.0373406708240509,89.3851547241211,0.07677318900823593,0.05915585160255432,0.05853043124079704,0.059484828263521194,0.05896730720996857
568,0.037196796387434006,90.28443145751953,0.07582540810108185,0.03736431151628494,89.39889526367188,0.07677824795246124,0.05919180065393448,0.058519694954156876,0.05926768109202385,0.05855643376708031
569,0.0371357761323452,90.13969421386719,0.07576018571853638,0.037770841270685196,90.05781555175781,0.07707681506872177,0.05908660963177681,0.05938590690493584,0.05902964249253273,0.058672577142715454
570,0.03744615241885185,91.30841827392578,0.07627183943986893,0.03737976774573326,89.32025146484375,0.07674314081668854,0.059003327041864395,0.058702800422906876,0.05963697284460068,0.05931302532553673
571,0.037430111318826675,90.31233978271484,0.07583602517843246,0.037242911756038666,89.1314697265625,0.07665788382291794,0.059011898934841156,0.058540258556604385,0.059121403843164444,0.05860103666782379
572,0.03714979812502861,90.63988494873047,0.07597987353801727,0.03836537525057793,90.68939208984375,0.0773623138666153,0.059121664613485336,0.05980002507567406,0.05968967080116272,0.05866637080907822
573,0.037374332547187805,90.63494873046875,0.07597650587558746,0.03740760311484337,89.29051208496094,0.07672818750143051,0.05905978009104729,0.0586286298930645,0.05917783081531525,0.05900954082608223
574,0.03717577084898949,91.1013412475586,0.07617904990911484,0.037231385707855225,89.04792785644531,0.07662863284349442,0.059008561074733734,0.05842399597167969,0.06021292880177498,0.058708615601062775
575,0.03750184178352356,90.20284271240234,0.07578668743371964,0.0372982881963253,89.13689422607422,0.0766613632440567,0.05898856744170189,0.058583952486515045,0.058945294469594955,0.058617301285266876
576,0.03729582950472832,90.16800689697266,0.07577146589756012,0.03721407428383827,89.00884246826172,0.07660198211669922,0.05899630859494209,0.05842672660946846,0.05906405299901962,0.05863531306385994
577,0.037516962736845016,90.32466125488281,0.07583963871002197,0.0373152457177639,89.1919174194336,0.07668859511613846,0.05913573130965233,0.05845344439148903,0.0591859444975853,0.058572061359882355
578,0.037318482995033264,91.17985534667969,0.07621327042579651,0.037505853921175,89.46368408203125,0.0768122747540474,0.059029899537563324,0.058907561004161835,0.05973866954445839,0.05924373120069504
579,0.037062034010887146,89.98136138916016,0.07568816840648651,0.037448130548000336,89.3924331665039,0.07677353173494339,0.059290315955877304,0.058549635112285614,0.059147048741579056,0.058515723794698715
580,0.037075530737638474,90.51277160644531,0.07592100650072098,0.0374017059803009,89.27759552001953,0.07672512531280518,0.05921083316206932,0.0584554485976696,0.059787433594465256,0.05853763222694397
581,0.03740142658352852,90.33477020263672,0.07584188133478165,0.03812842816114426,89.88407135009766,0.077000692486763,0.05896926671266556,0.05911215767264366,0.05894051492214203,0.0589350163936615
582,0.03715606778860092,90.15896606445312,0.07576446235179901,0.03725510463118553,89.09724426269531,0.0766444280743599,0.05900994688272476,0.05866234377026558,0.05913930386304855,0.05871882289648056
583,0.03707754984498024,90.52400207519531,0.07592541724443436,0.03816267475485802,89.99026489257812,0.07705168426036835,0.058977942913770676,0.059262268245220184,0.05956629663705826,0.05882366746664047
584,0.03724273294210434,90.08282470703125,0.07572989910840988,0.03713589534163475,88.83551025390625,0.07652711868286133,0.058929938822984695,0.058492716401815414,0.05897346884012222,0.058737993240356445
585,0.03741445392370224,90.6842269897461,0.07599599659442902,0.03725225105881691,88.86393737792969,0.07653649896383286,0.058890827000141144,0.05840076878666878,0.0598185658454895,0.05854896456003189
586,0.03741271421313286,90.57804107666016,0.0759483352303505,0.0371803417801857,88.86489868164062,0.0765380710363388,0.05898980051279068,0.058397021144628525,0.05949137732386589,0.05874069407582283
587,0.037045978009700775,89.82137298583984,0.07561488449573517,0.03712821006774902,88.8532943725586,0.07653006166219711,0.0589948371052742,0.05838112160563469,0.05909482762217522,0.05845211073756218
588,0.037007298320531845,89.78504180908203,0.07559799402952194,0.03892240300774574,91.36943817138672,0.07767190039157867,0.05911676213145256,0.06054709106683731,0.05891061946749687,0.05863578990101814
589,0.037384212017059326,90.92637634277344,0.07609681040048599,0.037175484001636505,88.79800415039062,0.07650835067033768,0.05886271223425865,0.058528751134872437,0.05953525751829147,0.059170760214328766
590,0.037172239273786545,89.78812408447266,0.07559805363416672,0.03707972541451454,88.77491760253906,0.07649964094161987,0.05900735780596733,0.05842947959899902,0.05902818590402603,0.05842836946249008
591,0.03716322034597397,90.62179565429688,0.07596594095230103,0.038280803710222244,90.05683898925781,0.07708077877759933,0.05893788859248161,0.0593937523663044,0.05967239290475845,0.05885767936706543
592,0.03704264760017395,89.70132446289062,0.07555931061506271,0.03714515641331673,88.75090026855469,0.07648349553346634,0.058930180966854095,0.058448489755392075,0.05892503634095192,0.05852679908275604
593,0.036954231560230255,90.59207153320312,0.07595126330852509,0.03713609650731087,88.65312957763672,0.0764419436454773,0.058852218091487885,0.05833166837692261,0.06013598293066025,0.058488935232162476
594,0.037665437906980515,90.09501647949219,0.07573187351226807,0.03721534088253975,88.75531768798828,0.07648907601833344,0.05884616822004318,0.058507125824689865,0.058850087225437164,0.058651652187108994
595,0.03690960258245468,89.57888793945312,0.07550430297851562,0.03758237883448601,89.19591522216797,0.07668907940387726,0.058831412345170975,0.05892033502459526,0.05887641757726669,0.058561623096466064
596,0.0370929129421711,90.37701416015625,0.07585543394088745,0.03729177638888359,89.15348815917969,0.07667262852191925,0.059101175516843796,0.05880851671099663,0.059388745576143265,0.05894620344042778
597,0.03693343698978424,89.73822784423828,0.07557380199432373,0.0371999554336071,88.81109619140625,0.07651583105325699,0.05887121707201004,0.05863877385854721,0.05909085273742676,0.058551106601953506
598,0.03711964562535286,90.25946807861328,0.07580231875181198,0.03741990402340889,89.29275512695312,0.07673712074756622,0.05914749577641487,0.05888136476278305,0.05937133729457855,0.058810703456401825
599,0.03717148303985596,89.83824157714844,0.07561785727739334,0.037185098975896835,88.67508697509766,0.07645218074321747,0.058980636298656464,0.05831507593393326,0.05911293625831604,0.05850831791758537
600,0.03739262744784355,90.01167297363281,0.07569310814142227,0.0371159091591835,88.60070037841797,0.07641799002885818,0.05879414826631546,0.05850483849644661,0.059183042496442795,0.05850060656666756
601,0.03701046481728554,90.0882339477539,0.07572631537914276,0.03799163177609444,90.28993225097656,0.07719318568706512,0.05961379408836365,0.059429436922073364,0.059303972870111465,0.058782994747161865
602,0.036921896040439606,89.74789428710938,0.07557648420333862,0.03716880828142166,88.62836456298828,0.07642721384763718,0.05877121165394783,0.05855200067162514,0.05920330435037613,0.05850112810730934
603,0.03691307455301285,89.39702606201172,0.07542116940021515,0.03830384463071823,89.93656921386719,0.07702343165874481,0.058882344514131546,0.05943690985441208,0.058730363845825195,0.05855993926525116
604,0.0371740348637104,90.74571990966797,0.07601557672023773,0.03702881932258606,88.52178955078125,0.07637996226549149,0.05882640555500984,0.058458320796489716,0.060052502900362015,0.058724887669086456
605,0.037210170179605484,89.6230697631836,0.07552160322666168,0.0369684174656868,88.33231353759766,0.07629350572824478,0.05884074047207832,0.05822423845529556,0.05894576385617256,0.05844034254550934
606,0.037219684571027756,89.66653442382812,0.07554072886705399,0.03698938712477684,88.67711639404297,0.07644625008106232,0.05928553268313408,0.05820789933204651,0.0590234138071537,0.058430787175893784
607,0.03698359802365303,90.21775817871094,0.07578210532665253,0.03699608892202377,88.48184204101562,0.07636594027280807,0.058885522186756134,0.05829771235585213,0.05977436155080795,0.058544911444187164
608,0.03714902326464653,89.3761978149414,0.07541091740131378,0.03695046529173851,88.25273895263672,0.07625869661569595,0.058752622455358505,0.058215077966451645,0.058783158659935,0.058351173996925354
609,0.036933645606040955,89.75963592529297,0.07558013498783112,0.038674090057611465,90.71111297607422,0.07737389951944351,0.05896241217851639,0.06026551127433777,0.058996208012104034,0.05881376564502716
610,0.03703413903713226,89.83965301513672,0.0756131038069725,0.03701607137918472,88.65218353271484,0.07644061744213104,0.05903973802924156,0.05853160098195076,0.059056468307971954,0.058756910264492035
611,0.03686404600739479,89.65157318115234,0.0755310207605362,0.03697655349969864,88.33673858642578,0.07629351317882538,0.05875656008720398,0.05839204415678978,0.05935422703623772,0.05836637690663338
612,0.03706071153283119,89.6399917602539,0.0755249559879303,0.037744972854852676,89.17132568359375,0.07667813450098038,0.058791231364011765,0.059026289731264114,0.05878831073641777,0.058801207691431046
613,0.036946430802345276,89.9777603149414,0.07567141950130463,0.036994677037000656,88.66061401367188,0.07644491642713547,0.05913925915956497,0.058494679629802704,0.059636346995830536,0.05846694856882095
614,0.03695948049426079,89.43832397460938,0.07543645799160004,0.03853285312652588,89.83908081054688,0.07697659730911255,0.05877707526087761,0.05936885625123978,0.05883277580142021,0.05856994539499283
615,0.03692353889346123,90.0115737915039,0.07568731158971786,0.03699718043208122,88.36268615722656,0.07631079852581024,0.05897914618253708,0.058207280933856964,0.059657540172338486,0.058482278138399124
616,0.03725433349609375,89.43372344970703,0.07543418556451797,0.036902252584695816,88.07017517089844,0.07617000490427017,0.05870935693383217,0.0581497848033905,0.05883168429136276,0.058388594537973404
617,0.03700985014438629,89.14988708496094,0.07530796527862549,0.03688189759850502,88.10330200195312,0.07618539780378342,0.058796826750040054,0.058148812502622604,0.0587744265794754,0.058278072625398636
618,0.03704264760017395,89.82997131347656,0.07560431212186813,0.03723571076989174,90.09506225585938,0.07711298763751984,0.060472458600997925,0.05909471958875656,0.05874000862240791,0.05915900692343712
619,0.036768924444913864,89.9980697631836,0.07567861676216125,0.037011753767728806,88.24073791503906,0.07625383883714676,0.05870131403207779,0.05841117352247238,0.059939827769994736,0.05831371247768402
620,0.036698952317237854,88.97405242919922,0.07522853463888168,0.037062738090753555,88.27916717529297,0.07626734673976898,0.058769311755895615,0.05836217477917671,0.058764733374118805,0.058293554931879044
621,0.03708451986312866,89.5173568725586,0.07546894252300262,0.03757452592253685,88.97080993652344,0.07658102363348007,0.0591299794614315,0.058586183935403824,0.0587942972779274,0.0586998350918293
622,0.036847878247499466,89.92858123779297,0.07565148174762726,0.03683754801750183,87.94461059570312,0.07611952722072601,0.05865070968866348,0.05814347788691521,0.05979934334754944,0.058393847197294235
623,0.03716367483139038,89.28855895996094,0.07536810636520386,0.03685527667403221,87.98333740234375,0.07613327354192734,0.058737613260746,0.058127183467149734,0.05881594493985176,0.058349352329969406
624,0.036785516887903214,89.37505340576172,0.07540495693683624,0.03831007704138756,90.68228149414062,0.07736337184906006,0.05954563245177269,0.060105327516794205,0.0588502511382103,0.058720704168081284
625,0.03681737557053566,89.61630249023438,0.07551033794879913,0.036960385739803314,88.07630920410156,0.07618217915296555,0.05862400680780411,0.058371443301439285,0.059246789664030075,0.058589257299900055
626,0.0368407778441906,89.00482940673828,0.07524006068706512,0.036845289170742035,88.32699584960938,0.07629203796386719,0.059210121631622314,0.05819365754723549,0.05878552794456482,0.05828956142067909
627,0.037105873227119446,90.16743469238281,0.07575274258852005,0.03722511976957321,88.36405944824219,0.07631516456604004,0.058644384145736694,0.05860456824302673,0.05956869572401047,0.05879296362400055
628,0.03664474934339523,88.7507095336914,0.07512687146663666,0.03694939613342285,88.0909652709961,0.07618609815835953,0.05872705206274986,0.058344583958387375,0.058692775666713715,0.05821441486477852
629,0.03670575097203255,89.6823959350586,0.07553862780332565,0.03726061433553696,88.22130584716797,0.07624763995409012,0.05863234028220177,0.058354444801807404,0.05976257473230362,0.05826834589242935
630,0.0369039922952652,89.11865234375,0.07528884708881378,0.037342704832553864,88.38887023925781,0.07632540911436081,0.058608561754226685,0.058603979647159576,0.05859240144491196,0.0586111918091774
631,0.03669961169362068,89.06703186035156,0.07526595890522003,0.03673633188009262,87.94648742675781,0.07612462341785431,0.058768779039382935,0.05835029482841492,0.05880969762802124,0.05851418897509575
632,0.037060171365737915,89.80335998535156,0.07559158653020859,0.0375930555164814,88.5767822265625,0.0764148086309433,0.0586501881480217,0.05871424451470375,0.05924614518880844,0.05876283347606659
633,0.03666983172297478,88.63818359375,0.07507433742284775,0.036734484136104584,88.10335540771484,0.07619722932577133,0.05897156521677971,0.05839533358812332,0.05860047787427902,0.058224450796842575
634,0.0365750826895237,89.30218505859375,0.07536891847848892,0.03669945150613785,87.6811752319336,0.07599560916423798,0.05854874104261398,0.05821441486477852,0.05952838808298111,0.05822727456688881
635,0.03703170642256737,89.24324798583984,0.07534118741750717,0.03709006309509277,88.09624481201172,0.07618939876556396,0.05858868360519409,0.058524493128061295,0.0586116760969162,0.05875115096569061
636,0.036596547812223434,88.55577087402344,0.0750385969877243,0.036680612713098526,88.42354583740234,0.07632497698068619,0.05966124311089516,0.058147817850112915,0.058626510202884674,0.05820218846201897
637,0.036677438765764236,89.58930969238281,0.07549481093883514,0.03672172501683235,87.5822982788086,0.07595042884349823,0.058547306805849075,0.05804799124598503,0.05986437201499939,0.05817655101418495
638,0.037010569125413895,88.95879364013672,0.07521714270114899,0.03665638715028763,87.65796661376953,0.07598381489515305,0.05871301516890526,0.058065589517354965,0.05870150774717331,0.05834505334496498
639,0.03646998107433319,88.37393951416016,0.07495521754026413,0.036827147006988525,88.13087463378906,0.07620389014482498,0.0587475523352623,0.058710385113954544,0.05847671255469322,0.05823354423046112
640,0.03661400079727173,89.93849182128906,0.07564249634742737,0.03676725551486015,87.6856460571289,0.07599882781505585,0.058524902909994125,0.05831855535507202,0.059736691415309906,0.05881692096590996
641,0.036570172756910324,88.34967041015625,0.0749443769454956,0.036607664078474045,87.37544250488281,0.07585716992616653,0.05848304182291031,0.05804326757788658,0.058474697172641754,0.05814899131655693
642,0.037035275250673294,89.17342376708984,0.07530684024095535,0.036526985466480255,87.41598510742188,0.07587829977273941,0.05855712294578552,0.05810100585222244,0.05912104994058609,0.05822452902793884
643,0.036614783108234406,89.26780700683594,0.07534978538751602,0.036874499171972275,88.08526611328125,0.07619182020425797,0.05879670009016991,0.058638788759708405,0.05897729471325874,0.0588088296353817
644,0.03638119623064995,88.46943664550781,0.07499577850103378,0.03680309280753136,87.94709014892578,0.0761272981762886,0.05872621387243271,0.058585524559020996,0.05875203385949135,0.058177947998046875
645,0.03642382100224495,88.97547912597656,0.07522113621234894,0.0371929369866848,88.27851104736328,0.07627872377634048,0.05867323651909828,0.058813758194446564,0.05919310078024864,0.05835747718811035
646,0.03647911548614502,88.58738708496094,0.07504764199256897,0.03665229305624962,87.7938232421875,0.07605685293674469,0.05876161530613899,0.05845889821648598,0.05867145583033562,0.058353688567876816
647,0.036412302404642105,89.00251007080078,0.0752326026558876,0.037318795919418335,88.3069076538086,0.07629100978374481,0.05862865969538689,0.05881129577755928,0.059243571013212204,0.05836939066648483
648,0.03666743263602257,88.51425170898438,0.07501426339149475,0.036648910492658615,87.498291015625,0.07591911405324936,0.0584532655775547,0.058379657566547394,0.05842043086886406,0.058387625962495804
649,0.03670018911361694,89.88357543945312,0.07561209052801132,0.03657025843858719,87.28299713134766,0.0758243203163147,0.05850650742650032,0.0579691119492054,0.06014673039317131,0.05831807851791382
650,0.03678101301193237,88.23644256591797,0.07489101588726044,0.036451082676649094,87.29898834228516,0.07582894712686539,0.05861693248152733,0.05805058404803276,0.05831167474389076,0.05806015059351921
651,0.036720022559165955,88.41738891601562,0.07497195154428482,0.03650515899062157,87.18509674072266,0.07577506452798843,0.058498453348875046,0.05794006958603859,0.058516573160886765,0.058172713965177536
652,0.03652528300881386,88.9757308959961,0.07522013038396835,0.03846541419625282,90.12995910644531,0.0771205946803093,0.05873745307326317,0.06045759841799736,0.059047311544418335,0.0585121214389801
653,0.036521486937999725,88.52840423583984,0.07501811534166336,0.03656480461359024,87.45809173583984,0.07590197026729584,0.05857893452048302,0.05831410735845566,0.058527663350105286,0.058435093611478806
654,0.03641412407159805,88.81312561035156,0.07514550536870956,0.03647103160619736,87.30825805664062,0.07583259046077728,0.05857129767537117,0.05816277861595154,0.05931644141674042,0.05810894817113876
655,0.03659852594137192,88.57025146484375,0.07503769546747208,0.037453118711709976,88.23738098144531,0.07625963538885117,0.0584532655775547,0.058900002390146255,0.05846535786986351,0.05853600800037384
656,0.03644731268286705,88.45552062988281,0.07498858869075775,0.036447010934352875,90.56318664550781,0.07731948792934418,0.06277985870838165,0.058261431753635406,0.058784369379282,0.05820295587182045
657,0.036265768110752106,88.8016357421875,0.07513824105262756,0.03681701049208641,87.55611419677734,0.07594658434391022,0.058404769748449326,0.058476436883211136,0.05940106138586998,0.05810997262597084
658,0.03670426458120346,88.55480194091797,0.0750296339392662,0.03667194023728371,87.41497802734375,0.07587984949350357,0.05850125476717949,0.05830054730176926,0.05844980850815773,0.05846496671438217
659,0.036392178386449814,89.00279998779297,0.07522858679294586,0.03644537925720215,87.02283477783203,0.07569753378629684,0.05843412131071091,0.05787065252661705,0.059559956192970276,0.05815420299768448
660,0.03693518415093422,88.39484405517578,0.0749589204788208,0.03646279126405716,87.07512664794922,0.07572387158870697,0.05838843807578087,0.05809067562222481,0.05838669836521149,0.05817301943898201
661,0.0362781286239624,88.28246307373047,0.07490801811218262,0.03689083084464073,88.1932601928711,0.07624106854200363,0.058881379663944244,0.05893275514245033,0.05859467759728432,0.05833246931433678
662,0.03641616553068161,88.76527404785156,0.07512236386537552,0.036429326981306076,87.1017074584961,0.07573608309030533,0.05843818932771683,0.05813416466116905,0.05900165066123009,0.05842681974172592
663,0.036262840032577515,88.23050689697266,0.07488391548395157,0.03653964400291443,87.8367919921875,0.0760762020945549,0.059119753539562225,0.058425985276699066,0.05872495099902153,0.05816153064370155
664,0.036598581820726395,88.72834014892578,0.07510444521903992,0.03639373183250427,87.0906753540039,0.07572953402996063,0.05847823992371559,0.05812019482254982,0.05886454880237579,0.05840834975242615
665,0.03676396608352661,88.61827087402344,0.0750565230846405,0.03659234195947647,87.29440307617188,0.07582564651966095,0.05874642729759216,0.057895809412002563,0.05892433226108551,0.05811585113406181
666,0.036608368158340454,88.09378814697266,0.07482291013002396,0.03635265678167343,86.89196014404297,0.07563561946153641,0.05845499411225319,0.05786338448524475,0.05846656858921051,0.05802801996469498
667,0.03652864694595337,89.12126922607422,0.07528059929609299,0.036342330276966095,86.83433532714844,0.07561016827821732,0.05838366597890854,0.057825420051813126,0.05958743393421173,0.05827336013317108
668,0.03620314225554466,87.73294830322266,0.07466080784797668,0.03676009923219681,87.4041519165039,0.0758732482790947,0.05833766981959343,0.05850278586149216,0.05833319202065468,0.05797796696424484
669,0.03647938743233681,88.72323608398438,0.07510034739971161,0.03641265258193016,87.5282974243164,0.07593216001987457,0.058971911668777466,0.05829015001654625,0.0586431659758091,0.05874874070286751
670,0.03627249598503113,88.32987213134766,0.0749269500374794,0.03631942346692085,86.82705688476562,0.07560748606920242,0.058347076177597046,0.05798017978668213,0.058985959738492966,0.058070626109838486
671,0.03653950244188309,88.53154754638672,0.07501476258039474,0.03705235943198204,87.94517517089844,0.07612276077270508,0.0587158203125,0.05869581177830696,0.058555345982313156,0.0585680827498436
672,0.036376528441905975,88.48097229003906,0.0749928206205368,0.036328960210084915,86.89511108398438,0.0756392851471901,0.05840965732932091,0.058029867708683014,0.05913369730114937,0.05804227665066719
673,0.036260735243558884,87.76224517822266,0.07467229664325714,0.03630916401743889,86.79413604736328,0.07559181749820709,0.05840626358985901,0.057913895696401596,0.05834878981113434,0.05801223963499069
674,0.03657703474164009,89.1948013305664,0.07530779391527176,0.03690004348754883,87.50079345703125,0.07591860741376877,0.05839865282177925,0.058515992015600204,0.059325676411390305,0.05861902981996536
675,0.03632118180394173,87.7032470703125,0.07464519888162613,0.03627580776810646,86.72154235839844,0.0755581483244896,0.05833984166383743,0.05793193355202675,0.058244433254003525,0.05801083520054817
676,0.03658505529165268,88.64497375488281,0.07506044209003448,0.03629162907600403,86.7705078125,0.07558109611272812,0.05845280736684799,0.057816147804260254,0.05925368145108223,0.058002788573503494
677,0.03653191775083542,88.2880630493164,0.07490351051092148,0.0370214581489563,87.73357391357422,0.07602502405643463,0.05839277058839798,0.058846838772296906,0.05826551839709282,0.058587223291397095
678,0.03616919368505478,88.32154083251953,0.07491852343082428,0.03656584769487381,87.36637878417969,0.07585697621107101,0.05861640349030495,0.058408018201589584,0.05907544493675232,0.058091744780540466
679,0.03614533692598343,87.7652587890625,0.07467152923345566,0.036495886743068695,87.10271453857422,0.07573400437831879,0.058375630527734756,0.058354251086711884,0.05839937552809715,0.05809524282813072
680,0.03626640513539314,88.66248321533203,0.07507061958312988,0.037059299647808075,87.73729705810547,0.0760263130068779,0.058518026024103165,0.05867598205804825,0.059176065027713776,0.05836974084377289
681,0.03636692464351654,87.81448364257812,0.07469349354505539,0.0363411046564579,86.63092803955078,0.07551155984401703,0.058270689100027084,0.05789940804243088,0.05827968940138817,0.05813775211572647
682,0.036734689027071,88.62289428710938,0.07505212724208832,0.03643498569726944,87.50762176513672,0.075920470058918,0.059025637805461884,0.058304913341999054,0.05903032794594765,0.058159731328487396
683,0.03612777590751648,87.8636474609375,0.07471449673175812,0.03688550367951393,87.45382690429688,0.07589476555585861,0.05831765756011009,0.0586794875562191,0.05850488319993019,0.05815444141626358
684,0.03620591387152672,88.40491485595703,0.07495410740375519,0.03678299859166145,87.60052490234375,0.07596348971128464,0.05869552120566368,0.05856402963399887,0.058980658650398254,0.058314524590969086
685,0.03618522360920906,87.75505065917969,0.07466517388820648,0.036216698586940765,86.63848876953125,0.07551810890436172,0.05831567570567131,0.05801350623369217,0.05842704325914383,0.058076776564121246
686,0.03657177463173866,88.37984466552734,0.07494308799505234,0.03658575564622879,86.74852752685547,0.075564906001091,0.05826428532600403,0.05783628672361374,0.05898123234510422,0.058055728673934937
687,0.03660845756530762,88.5810317993164,0.07503339648246765,0.03623734787106514,86.54442596435547,0.07547330111265182,0.05829393118619919,0.05784885957837105,0.05911760777235031,0.058132391422986984
688,0.036061547696590424,87.47667694091797,0.07454030215740204,0.036979395896196365,87.5093002319336,0.07591622322797775,0.05821637436747551,0.058834485709667206,0.05820464342832565,0.05804284289479256
689,0.03621645271778107,88.182861328125,0.07485445588827133,0.036554526537656784,87.33100891113281,0.07583962380886078,0.058661870658397675,0.05844499543309212,0.05855412036180496,0.05850779637694359
690,0.036100033670663834,87.98950958251953,0.07476872205734253,0.03633636236190796,86.76586151123047,0.07557763904333115,0.058301568031311035,0.058169540017843246,0.0588328018784523,0.05806867405772209
691,0.03629843145608902,88.1872787475586,0.07485630363225937,0.03743824362754822,88.04034423828125,0.07616298645734787,0.05863220617175102,0.058809105306863785,0.058624207973480225,0.05839010700583458
692,0.03633761405944824,88.02310180664062,0.0747825875878334,0.03617134690284729,86.60823059082031,0.07550467550754547,0.05838831141591072,0.057988058775663376,0.058758124709129333,0.05803655833005905
693,0.03636115416884422,87.69140625,0.07463474571704865,0.036183055490255356,86.41108703613281,0.07541317492723465,0.058296799659729004,0.057778406888246536,0.05842112749814987,0.05795097351074219
694,0.03638194873929024,88.59907531738281,0.07503800094127655,0.03820504993200302,89.33070373535156,0.07675300538539886,0.058920275419950485,0.05979333072900772,0.05915523320436478,0.05834394693374634
695,0.03613514453172684,87.59654235839844,0.07459071278572083,0.036301128566265106,86.58573150634766,0.07548894733190536,0.058190248906612396,0.05811413750052452,0.05829791724681854,0.05810880661010742
696,0.036163054406642914,88.43934631347656,0.07496526092290878,0.03614717349410057,86.26188659667969,0.07534187287092209,0.05818584933876991,0.0577453076839447,0.05943668261170387,0.05800687149167061
697,0.036382995545864105,87.43731689453125,0.07452080398797989,0.03617057949304581,86.189697265625,0.07530955225229263,0.05813375487923622,0.057705678045749664,0.05811520665884018,0.05793559178709984
698,0.03641844913363457,87.61260223388672,0.07459847629070282,0.036221180111169815,86.3470687866211,0.0753798633813858,0.05821625515818596,0.05775947496294975,0.05837743356823921,0.05789407342672348
699,0.036375511437654495,88.93378448486328,0.07517947256565094,0.03631886467337608,86.6068115234375,0.07550609111785889,0.05826310068368912,0.05819562450051308,0.05904935672879219,0.05891299992799759
700,0.0359785221517086,87.0960464477539,0.07436540722846985,0.03633425757288933,86.58085632324219,0.07549069821834564,0.058181166648864746,0.05815683677792549,0.058128200471401215,0.057797469198703766
701,0.03601793572306633,88.33465576171875,0.07491452246904373,0.037182170897722244,87.5980224609375,0.07595222443342209,0.05888466164469719,0.0582442507147789,0.05942332372069359,0.057999804615974426
702,0.0361560694873333,87.44770050048828,0.07452204823493958,0.03665526956319809,86.81050109863281,0.07559530436992645,0.05813364312052727,0.05835398659110069,0.05809253081679344,0.058152616024017334
703,0.03607112169265747,87.73578643798828,0.07465120404958725,0.03628693148493767,86.80890655517578,0.0755985751748085,0.05848604813218117,0.058289121836423874,0.05849962681531906,0.058211036026477814
704,0.036057841032743454,87.87495422363281,0.0747133269906044,0.03701120987534523,87.27352905273438,0.07581166923046112,0.05826423689723015,0.058637045323848724,0.05868712067604065,0.05820910260081291
705,0.036226581782102585,87.8156967163086,0.07468601316213608,0.03606126829981804,86.54227447509766,0.07547461241483688,0.058607641607522964,0.0579422302544117,0.0585930161178112,0.05811978504061699
706,0.03647498041391373,87.8066635131836,0.07468363642692566,0.0361112616956234,85.99536895751953,0.07521598041057587,0.05807651951909065,0.057678572833538055,0.05862004682421684,0.057925302535295486
707,0.03631805256009102,88.13841247558594,0.07482937723398209,0.03607020154595375,86.20182800292969,0.07530926167964935,0.05832698196172714,0.05768931657075882,0.05911221355199814,0.05795399472117424
708,0.035943541675806046,87.09209442138672,0.07436192780733109,0.03726557269692421,87.57380676269531,0.07594669610261917,0.058078642934560776,0.059177692979574203,0.058065563440322876,0.05795023962855339
709,0.03616735711693764,88.03486633300781,0.0747816413640976,0.03626924753189087,86.69953155517578,0.07554639130830765,0.05842406302690506,0.05829918012022972,0.058550842106342316,0.05850481241941452
710,0.03595149889588356,87.50270080566406,0.0745449811220169,0.03649401664733887,86.73912811279297,0.07556109875440598,0.05820367485284805,0.058422207832336426,0.05859565734863281,0.05794733390212059
711,0.03604795038700104,87.73309326171875,0.07464712858200073,0.03654119744896889,86.8912353515625,0.07563187181949615,0.058363158255815506,0.05844488367438316,0.058602474629879,0.058171652257442474
712,0.03606224060058594,87.57744598388672,0.0745774507522583,0.036003708839416504,86.20060729980469,0.0753110721707344,0.0582771860063076,0.05793634057044983,0.058572664856910706,0.05800550803542137
713,0.03588353469967842,87.40454864501953,0.07449960708618164,0.036746300756931305,87.11935424804688,0.07573599368333817,0.05832057446241379,0.058686140924692154,0.05859199911355972,0.05789129063487053
714,0.036482103168964386,88.01631164550781,0.07477081567049026,0.036086730659008026,86.35295867919922,0.07538440078496933,0.05832228064537048,0.058086104691028595,0.05846478417515755,0.05836921185255051
715,0.036089371889829636,87.51277160644531,0.07454751431941986,0.03605165705084801,86.1484603881836,0.07528635114431381,0.05814629793167114,0.05799705907702446,0.058650244027376175,0.05784270539879799
716,0.03606191277503967,87.64551544189453,0.07460729777812958,0.03771813586354256,88.17842102050781,0.0762254148721695,0.05862895026803017,0.05915972590446472,0.058516256511211395,0.05818502977490425
717,0.036044396460056305,87.52728271484375,0.07455288618803024,0.036024514585733414,86.13623809814453,0.07528074085712433,0.05812262371182442,0.058063529431819916,0.05855143442749977,0.05800135061144829
718,0.03614085912704468,87.37432098388672,0.07448476552963257,0.03595677763223648,86.21952819824219,0.07532034814357758,0.058464232832193375,0.057851310819387436,0.05842214077711105,0.057889409363269806
719,0.036155570298433304,87.97786712646484,0.07475459575653076,0.03680824860930443,86.90771484375,0.07564044743776321,0.058135610073804855,0.05858226493000984,0.05882701277732849,0.058235038071870804
720,0.03590739890933037,87.0083236694336,0.0743197575211525,0.036096904426813126,86.34194946289062,0.07537668198347092,0.0582815483212471,0.05817587301135063,0.05809449031949043,0.05792646110057831
721,0.035822052508592606,87.74620056152344,0.0746505856513977,0.03636205941438675,86.43824005126953,0.07542061060667038,0.058093663305044174,0.05829727277159691,0.05903858691453934,0.05796493589878082
722,0.03606335446238518,87.24591827392578,0.07442542910575867,0.03648428991436958,86.47916412353516,0.07543899863958359,0.05804365128278732,0.0583440363407135,0.0580325648188591,0.05817138031125069
723,0.03612976148724556,87.82855224609375,0.07468400150537491,0.035923149436712265,85.91661071777344,0.0751781240105629,0.05817577987909317,0.057785309851169586,0.05893852189183235,0.05797809362411499
724,0.03641286864876747,87.37261962890625,0.07448460906744003,0.036092959344387054,86.24081420898438,0.07532339543104172,0.05857636407017708,0.05765683576464653,0.05825415253639221,0.05791252851486206
725,0.035949502140283585,87.30579376220703,0.07445386052131653,0.035917721688747406,85.9391098022461,0.07518713176250458,0.058346938341856,0.05760573223233223,0.05868615210056305,0.05771670490503311
726,0.036019667983055115,87.46539306640625,0.07452252507209778,0.03673849254846573,87.05107879638672,0.07570990175008774,0.05827918276190758,0.0588034987449646,0.05806261673569679,0.058506328612565994
727,0.03586432710289955,87.57473754882812,0.07457230240106583,0.036123163998126984,86.0508804321289,0.07524047046899796,0.057997412979602814,0.058065373450517654,0.05889260396361351,0.05791574716567993
728,0.03578335419297218,86.95834350585938,0.07429531216621399,0.03636348620057106,86.64604187011719,0.07551842927932739,0.05832916125655174,0.05843828245997429,0.05816801264882088,0.05793045088648796
729,0.035945091396570206,87.673583984375,0.07461557537317276,0.03601111099123955,85.92989349365234,0.07518502324819565,0.05800215154886246,0.05800401791930199,0.058772698044776917,0.058130308985710144
730,0.036034565418958664,87.1309585571289,0.07437286525964737,0.03610425069928169,85.90174102783203,0.07517467439174652,0.058227475732564926,0.05762982368469238,0.05829741433262825,0.05786707624793053
731,0.0362822525203228,87.34732818603516,0.07446910440921783,0.03586103394627571,85.52820587158203,0.0749969556927681,0.057919614017009735,0.05758761242032051,0.058468740433454514,0.05780671164393425
732,0.03608698770403862,87.88883972167969,0.07470623403787613,0.036337148398160934,86.83537292480469,0.07561026513576508,0.05868840217590332,0.058411773294210434,0.05868092179298401,0.05843864753842354
733,0.0357065424323082,86.76602172851562,0.07420722395181656,0.03609552979469299,85.98849487304688,0.07521428167819977,0.057987090200185776,0.05812647566199303,0.05820918828248978,0.05773653835058212
734,0.035715408623218536,87.36393737792969,0.07447407394647598,0.036414485424757004,86.707275390625,0.07555066794157028,0.05843539163470268,0.05845782905817032,0.05877270549535751,0.057945288717746735
735,0.035787876695394516,86.9490737915039,0.07428848743438721,0.03608693927526474,86.03111267089844,0.07523614168167114,0.05805126205086708,0.05815506353974342,0.05812224745750427,0.058014947921037674
736,0.035704925656318665,87.44486999511719,0.07450854778289795,0.036068011075258255,86.07307434082031,0.07525859028100967,0.05814844369888306,0.05816422030329704,0.05888935178518295,0.05793735012412071
737,0.03582432493567467,86.79767608642578,0.0742199644446373,0.03642408177256584,86.19358825683594,0.07531394064426422,0.05790103226900101,0.05836629495024681,0.05792418122291565,0.058022789657115936
738,0.035834647715091705,87.86318969726562,0.0746971070766449,0.03572994843125343,85.32585906982422,0.07490339130163193,0.057864218950271606,0.05762392655014992,0.059308309108018875,0.05797870084643364
739,0.0362059511244297,86.75088500976562,0.0741998627781868,0.035818152129650116,85.48816680908203,0.07498499006032944,0.057888925075531006,0.05780976638197899,0.05784348025918007,0.057786375284194946
740,0.035614222288131714,86.8897476196289,0.07426086813211441,0.0362660251557827,86.60246276855469,0.07550450414419174,0.058478910475969315,0.05850944295525551,0.05828544870018959,0.05797268822789192
741,0.035786908119916916,87.20841979980469,0.07440338283777237,0.035764168947935104,85.5788803100586,0.07502691447734833,0.0580439493060112,0.05784798413515091,0.05851052328944206,0.05803805962204933
742,0.03560985252261162,86.85047912597656,0.07424232363700867,0.03573980554938316,85.81217956542969,0.07513710111379623,0.05838518962264061,0.057857006788253784,0.05844055488705635,0.0577804259955883
743,0.03583338111639023,87.10669708251953,0.07435677200555801,0.03598780184984207,85.95574188232422,0.07520319521427155,0.05819715932011604,0.05809614807367325,0.05833543464541435,0.05807272344827652
744,0.035797037184238434,87.13485717773438,0.07436948269605637,0.035733528435230255,85.52581787109375,0.07499892264604568,0.058224473148584366,0.057586364448070526,0.05862544849514961,0.05783966928720474
745,0.035845618695020676,86.58705139160156,0.07412508875131607,0.03631830960512161,85.80255889892578,0.07512529194355011,0.05804864689707756,0.05764126032590866,0.058072689920663834,0.057679060846567154
746,0.03624297305941582,86.72032928466797,0.07418429106473923,0.035707738250494,85.40314483642578,0.07493854314088821,0.05799027159810066,0.05774463340640068,0.05776134133338928,0.05791378766298294
747,0.03556137531995773,87.71107482910156,0.07462124526500702,0.0358111597597599,85.47779846191406,0.07497688382863998,0.05788915976881981,0.05787103250622749,0.05943100526928902,0.05791163444519043
748,0.03562850505113602,86.77716064453125,0.0742080882191658,0.03614644333720207,85.99494171142578,0.07521539181470871,0.05798070877790451,0.058309461921453476,0.05797049030661583,0.058181751519441605
749,0.03558705747127533,87.1045913696289,0.07435514777898788,0.03602936491370201,85.92210388183594,0.07518209517002106,0.058085180819034576,0.05817246064543724,0.058620646595954895,0.05798308923840523
750,0.03557722270488739,86.66682434082031,0.07415787130594254,0.035847339779138565,85.84058380126953,0.07514464855194092,0.058256544172763824,0.05801921710371971,0.05818387120962143,0.05787276104092598
751,0.03560032695531845,87.01734924316406,0.07431535422801971,0.035741571336984634,85.53663635253906,0.07500181347131729,0.058009300380945206,0.057921092957258224,0.058575913310050964,0.057929400354623795
752,0.035646457225084305,86.78768157958984,0.07421180605888367,0.03639063984155655,86.57174682617188,0.07548384368419647,0.058495186269283295,0.05843045189976692,0.058211326599121094,0.057977668941020966
753,0.036071620881557465,87.30146026611328,0.07444256544113159,0.03564428165555,85.19615173339844,0.0748424157500267,0.0579613521695137,0.05753568187355995,0.05864410102367401,0.05790771171450615
754,0.035608503967523575,86.1449203491211,0.07392238825559616,0.0355796255171299,85.27281951904297,0.07487890869379044,0.05812186747789383,0.05754879489541054,0.0578608401119709,0.05755089968442917
755,0.035719770938158035,87.50604248046875,0.07453394681215286,0.03626322001218796,86.0319595336914,0.07523097097873688,0.0578959621489048,0.058413974940776825,0.05896126106381416,0.058113619685173035
756,0.035598475486040115,86.29202270507812,0.07398749142885208,0.03559161350131035,85.14533996582031,0.07481718808412552,0.057804908603429794,0.05775175243616104,0.0577399916946888,0.05786072835326195
757,0.035594891756772995,87.58084106445312,0.07456665486097336,0.03658544272184372,86.05741119384766,0.07524619251489639,0.057834673672914505,0.05825895816087723,0.059344660490751266,0.05786646530032158
758,0.03566563129425049,86.3464584350586,0.07401148229837418,0.03558478131890297,85.12452697753906,0.07480777055025101,0.05779602751135826,0.05773460492491722,0.05770696699619293,0.05791288986802101
759,0.03567613288760185,86.65643310546875,0.07415198534727097,0.035666175186634064,85.10701751708984,0.07479952275753021,0.057927004992961884,0.05746028944849968,0.05823896452784538,0.057821523398160934
760,0.03601049259305,87.42448425292969,0.07449035346508026,0.035797473043203354,85.41401672363281,0.07494839280843735,0.05797230824828148,0.057878609746694565,0.058516308665275574,0.05830153077840805
761,0.03550621122121811,86.25598907470703,0.07397019863128662,0.03561684861779213,85.55465698242188,0.07501079887151718,0.05834110453724861,0.057779692113399506,0.05810731276869774,0.05755962058901787
762,0.0354461632668972,86.687744140625,0.0741645097732544,0.035785943269729614,85.48506927490234,0.07497648149728775,0.057936809957027435,0.05799761041998863,0.058520156890153885,0.057746417820453644
763,0.03564641252160072,86.69049835205078,0.0741652175784111,0.03574303537607193,85.97736358642578,0.07520793378353119,0.05866808444261551,0.05797644704580307,0.05812155082821846,0.058019671589136124
764,0.03556063026189804,86.79462432861328,0.07421275973320007,0.035531021654605865,84.92728424072266,0.07471372187137604,0.057803925126791,0.0575643889605999,0.058576956391334534,0.057771340012550354
765,0.035862457007169724,86.64105987548828,0.0741424486041069,0.03660941869020462,86.35258483886719,0.07538487017154694,0.058209244161844254,0.05842483416199684,0.057805150747299194,0.05814088508486748
766,0.03556925058364868,87.08313751220703,0.0743410736322403,0.035579148679971695,85.03854370117188,0.07476578652858734,0.05779067799448967,0.05771952122449875,0.059042297303676605,0.057657577097415924
767,0.03543238341808319,85.99369049072266,0.07385065406560898,0.035518430173397064,84.92589569091797,0.0747121199965477,0.057723551988601685,0.05770062655210495,0.05771392211318016,0.05770627781748772
768,0.03569553419947624,87.6494369506836,0.07458919286727905,0.03581901267170906,85.13662719726562,0.07481097429990768,0.057775307446718216,0.057726599276065826,0.05921733006834984,0.05805820971727371
769,0.0353877879679203,85.87997436523438,0.0737987607717514,0.03566231578588486,85.08598327636719,0.07479024678468704,0.057727012783288956,0.05784643813967705,0.057632576674222946,0.05766747519373894
770,0.03560740873217583,86.78799438476562,0.0742073655128479,0.03585461899638176,85.60137176513672,0.07502998411655426,0.058064043521881104,0.05810699984431267,0.05820273607969284,0.05816134810447693
771,0.035794369876384735,86.71458435058594,0.07417584955692291,0.035531897097826004,84.75300598144531,0.07463451474905014,0.05770471319556236,0.05747384577989578,0.05835063382983208,0.057788629084825516
772,0.0354623906314373,86.09015655517578,0.07389316707849503,0.03565654158592224,85.88873291015625,0.07516442984342575,0.05875194072723389,0.057944536209106445,0.058083076030015945,0.05748770758509636
773,0.03576262667775154,87.14643096923828,0.07436418533325195,0.035601649433374405,84.98090362548828,0.07473637908697128,0.057686060667037964,0.05781332403421402,0.058532845228910446,0.05817672982811928
774,0.03538705036044121,86.17139434814453,0.07392953336238861,0.03556674346327782,86.0624771118164,0.07524561136960983,0.059132497757673264,0.05787614732980728,0.058081742376089096,0.05766834318637848
775,0.03546987846493721,86.68965148925781,0.07416136562824249,0.03572187200188637,85.14415740966797,0.07481350004673004,0.05769835039973259,0.05797572061419487,0.05847928300499916,0.057871900498867035
776,0.03548504412174225,86.10242462158203,0.0738968476653099,0.03575420007109642,85.90135955810547,0.07517045736312866,0.05865757539868355,0.05805090814828873,0.05768550932407379,0.05791313573718071
777,0.035780083388090134,87.34577941894531,0.07445438206195831,0.03547578677535057,84.67185974121094,0.07459431886672974,0.05767708644270897,0.05746357515454292,0.05916242301464081,0.057812850922346115
778,0.03549383953213692,85.75363159179688,0.07373978942632675,0.03547745198011398,84.65611267089844,0.07458770275115967,0.05772840976715088,0.05739181861281395,0.05765135958790779,0.05750839784741402
779,0.035616807639598846,87.15521240234375,0.07436764240264893,0.035872481763362885,85.72691345214844,0.07509536296129227,0.05833715945482254,0.05808249115943909,0.05876494199037552,0.05814366042613983
780,0.0353810153901577,85.81483459472656,0.07376611977815628,0.03545388951897621,84.9035415649414,0.07470192015171051,0.05784973129630089,0.05769621208310127,0.05769402161240578,0.05763015151023865
781,0.035431087017059326,86.2129135131836,0.0739477276802063,0.035928286612033844,88.93624877929688,0.0765715166926384,0.062425609678030014,0.058163974434137344,0.05787314474582672,0.057960059493780136
782,0.035647448152303696,87.1756362915039,0.07437314093112946,0.035375628620386124,84.59146881103516,0.07455824315547943,0.05765082687139511,0.057541754096746445,0.05920381098985672,0.057641468942165375
783,0.035459019243717194,86.1839370727539,0.07393427938222885,0.03726159408688545,86.99241638183594,0.075663723051548,0.058145008981227875,0.05905178561806679,0.05782719701528549,0.05794772505760193
784,0.03547303378582001,86.31520080566406,0.07399024814367294,0.03551995009183884,84.90474700927734,0.0747019574046135,0.057847704738378525,0.05772203579545021,0.05808018893003464,0.057847537100315094
785,0.035284824669361115,86.31063842773438,0.07399095594882965,0.03539995104074478,85.06285858154297,0.07476802170276642,0.05842834711074829,0.05736924335360527,0.05843956395983696,0.05763702094554901
786,0.03563948720693588,86.37162780761719,0.07401559501886368,0.035741742700338364,85.69830322265625,0.07508059591054916,0.0583629347383976,0.058199264109134674,0.05777369439601898,0.0581471286714077
787,0.035484056919813156,86.68779754638672,0.07415635883808136,0.03543037548661232,84.6199951171875,0.07457242161035538,0.05762823298573494,0.05761364474892616,0.05875328928232193,0.05767863988876343
788,0.035280339419841766,85.96218872070312,0.07383164018392563,0.0365082323551178,86.50454711914062,0.07545279711484909,0.05842016264796257,0.05872539058327675,0.05790358781814575,0.05776200443506241
789,0.03557227924466133,86.62738037109375,0.07413019984960556,0.035354483872652054,84.6342544555664,0.07457859069108963,0.05770653486251831,0.05763592571020126,0.05842047929763794,0.057884275913238525
790,0.03546391800045967,86.0490493774414,0.07386995851993561,0.03535228595137596,84.7576675415039,0.07463791221380234,0.05807194858789444,0.05739791318774223,0.05811716243624687,0.057552777230739594
791,0.03556310012936592,86.59861755371094,0.07411715388298035,0.03613558039069176,85.5037612915039,0.07498664408922195,0.05774707719683647,0.05830763652920723,0.05828986316919327,0.05801500380039215
792,0.03532770648598671,86.03313446044922,0.07386204600334167,0.035393159836530685,85.32266998291016,0.07490330189466476,0.05861276760697365,0.057661134749650955,0.058117762207984924,0.057631175965070724
793,0.03522418811917305,86.15331268310547,0.07391590625047684,0.03578999638557434,85.16551971435547,0.07482658326625824,0.05772456154227257,0.05812394246459007,0.05828229337930679,0.05768842250108719
794,0.035443175584077835,86.21598815917969,0.07394422590732574,0.03539981320500374,85.9097900390625,0.07517443597316742,0.0593528226017952,0.05773375555872917,0.05796670913696289,0.05793782323598862
795,0.03553195297718048,86.44462585449219,0.07404852658510208,0.03558541089296341,84.48168182373047,0.07450272887945175,0.05755692347884178,0.05741117149591446,0.05851833149790764,0.05764010176062584
796,0.03576945140957832,85.7514877319336,0.0737355425953865,0.03545582294464111,84.40790557861328,0.07446411997079849,0.057587768882513046,0.05731382966041565,0.05754007399082184,0.05758261680603027
797,0.03533822298049927,87.00676727294922,0.0742994174361229,0.03647025302052498,86.07195281982422,0.07524152100086212,0.05765026435256004,0.05899503454566002,0.059231217950582504,0.05773870274424553
798,0.03531916067004204,85.90912628173828,0.07380298525094986,0.03556445986032486,84.718017578125,0.0746149942278862,0.05758393183350563,0.057825684547424316,0.05753534659743309,0.05804982781410217
799,0.03523164615035057,86.19194030761719,0.0739322304725647,0.03612593561410904,85.81449127197266,0.07512933015823364,0.0581069216132164,0.058448828756809235,0.058202337473630905,0.05786113440990448
800,0.035263534635305405,86.0316390991211,0.07385902851819992,0.03542378917336464,84.76253509521484,0.07463609427213669,0.057791974395513535,0.05778848007321358,0.058081839233636856,0.05774189159274101
801,0.035174980759620667,86.13813781738281,0.07390705496072769,0.03603961318731308,85.46626281738281,0.07496445626020432,0.057876892387866974,0.05826006457209587,0.05832989141345024,0.05770852789282799
802,0.03541773185133934,86.10116577148438,0.07388965785503387,0.03525707870721817,84.80236053466797,0.07465491443872452,0.05806947499513626,0.0576913058757782,0.05799027532339096,0.0578346773982048
803,0.035570062696933746,86.18646240234375,0.07392943650484085,0.03533598780632019,84.25594329833984,0.07439558953046799,0.05755460262298584,0.057337403297424316,0.05825585871934891,0.05759685859084129
804,0.035173963755369186,85.39070892333984,0.07356924563646317,0.03616807609796524,86.74645233154297,0.07556044310331345,0.05918450281023979,0.0586727149784565,0.05763017013669014,0.057479046285152435
805,0.035563889890909195,87.17636108398438,0.074364073574543,0.03537580743432045,84.48606872558594,0.07450300455093384,0.05753079801797867,0.0577290914952755,0.058883827179670334,0.05818618834018707
806,0.03517097979784012,85.36299896240234,0.07355530560016632,0.03526201471686363,84.5525131225586,0.07453663647174835,0.05777711048722267,0.0576738640666008,0.05753457918763161,0.05754752457141876
807,0.03515942767262459,86.5495834350586,0.07409022748470306,0.03583332896232605,85.06962585449219,0.07477832585573196,0.05765506625175476,0.05812060832977295,0.05882740020751953,0.05776134878396988
808,0.03531482815742493,85.63483428955078,0.07367696613073349,0.03530250862240791,84.46597290039062,0.07449464499950409,0.05754033476114273,0.05779673531651497,0.05748230218887329,0.05783836171030998
809,0.035083502531051636,86.79695892333984,0.07419697940349579,0.035765547305345535,84.6827392578125,0.07458888739347458,0.05753001943230629,0.05767334625124931,0.05926784873008728,0.057637955993413925
810,0.0354444682598114,85.62384796142578,0.07367156445980072,0.035430751740932465,84.55335998535156,0.07453583925962448,0.05755595117807388,0.05780697241425514,0.057391997426748276,0.05781525373458862
811,0.035566139966249466,85.93367004394531,0.07381314039230347,0.035170551389455795,84.23157501220703,0.07438541203737259,0.05760993808507919,0.057465191930532455,0.05784826725721359,0.0577414408326149
812,0.035279277712106705,86.25244140625,0.07395639270544052,0.03638109192252159,85.69747161865234,0.07506687939167023,0.057787228375673294,0.05851015821099281,0.058306269347667694,0.057889435440301895
813,0.03517826646566391,85.68502807617188,0.07369901984930038,0.03527463600039482,84.71121215820312,0.07461179792881012,0.05798835679888725,0.05772046372294426,0.057916898280382156,0.057613566517829895
814,0.03505811095237732,85.90442657470703,0.0737985223531723,0.03556479886174202,84.76941680908203,0.07463491708040237,0.057650722563266754,0.05795766040682793,0.05829387158155441,0.05761212110519409
815,0.035290610045194626,85.98150634765625,0.07383248955011368,0.03537842258810997,85.03482818603516,0.07476157695055008,0.058233778923749924,0.05786183103919029,0.057982347905635834,0.0578615739941597
816,0.035416826605796814,86.05268096923828,0.07386642694473267,0.035287048667669296,84.12653350830078,0.07433068752288818,0.05748789384961128,0.0573575533926487,0.058249931782484055,0.057623490691185
817,0.03546585515141487,85.33880615234375,0.07354296743869781,0.0352197103202343,84.39290618896484,0.07445894181728363,0.05797315761446953,0.05723505839705467,0.05748886615037918,0.057448044419288635
818,0.03533707559108734,86.87974548339844,0.07423431426286697,0.03572645038366318,84.93164825439453,0.074700728058815,0.05749032273888588,0.05823424085974693,0.05896756425499916,0.058004796504974365
819,0.03501103073358536,85.20326232910156,0.07347939163446426,0.0354628786444664,84.57454681396484,0.07453993707895279,0.05748366564512253,0.057966385036706924,0.05745197460055351,0.05760199949145317
820,0.035037387162446976,86.62572479248047,0.07411544024944305,0.03548355773091316,84.56520080566406,0.0745246410369873,0.05779794231057167,0.057532645761966705,0.05902745947241783,0.05773968994617462
821,0.03506436198949814,85.24303436279297,0.0734972432255745,0.036090604960918427,85.12663269042969,0.07479261606931686,0.05748121067881584,0.058271635323762894,0.05738779529929161,0.057683829218149185
822,0.03521157428622246,85.86798858642578,0.07378003001213074,0.035062335431575775,84.3358154296875,0.07442726194858551,0.0577511265873909,0.0576317235827446,0.057940926402807236,0.05787483602762222
823,0.03502682223916054,85.72406005859375,0.07371597737073898,0.03707039728760719,86.26518249511719,0.07532114535570145,0.0577525720000267,0.05889648199081421,0.05815507099032402,0.05762745067477226
824,0.035293351858854294,85.87629699707031,0.07378209382295609,0.03510705381631851,84.47248840332031,0.07449159771203995,0.05785134807229042,0.057706862688064575,0.05803079158067703,0.05776292458176613
825,0.035071756690740585,85.49519348144531,0.07361052930355072,0.03510189801454544,84.30674743652344,0.07440972328186035,0.057694047689437866,0.05764191970229149,0.05805278569459915,0.057447317987680435
826,0.035154927521944046,85.94383239746094,0.0738128200173378,0.03580677881836891,84.95445251464844,0.07471198588609695,0.05769430473446846,0.058058470487594604,0.05820317566394806,0.05781472846865654
827,0.03504201024770737,85.4134521484375,0.07357293367385864,0.035023801028728485,84.55879211425781,0.07452720403671265,0.05814319849014282,0.05760571360588074,0.05790337920188904,0.05752638727426529
828,0.03498603776097298,85.7245101928711,0.0737140104174614,0.03631805628538132,85.406005859375,0.07492148876190186,0.0576285757124424,0.05842681974172592,0.05822064355015755,0.05765122175216675
829,0.03508622944355011,85.46759033203125,0.07359718531370163,0.03495248779654503,84.98672485351562,0.07472874224185944,0.05882187560200691,0.05756179615855217,0.05783228576183319,0.05765864625573158
830,0.03481661155819893,85.54471588134766,0.073632150888443,0.03568756580352783,84.81987762451172,0.07464655488729477,0.05744956061244011,0.05826050415635109,0.058306898921728134,0.05748597905039787
831,0.035133615136146545,85.54483795166016,0.07363123446702957,0.035179298371076584,85.49601745605469,0.0749666839838028,0.05917077139019966,0.057786088436841965,0.05771948769688606,0.057846564799547195
832,0.03522428497672081,85.95255279541016,0.0738171935081482,0.03500765189528465,83.84202575683594,0.0741838738322258,0.05739807337522507,0.057384975254535675,0.05848466232419014,0.05757569149136543
833,0.035120684653520584,84.98194885253906,0.07337754964828491,0.03495008498430252,84.06500244140625,0.07428352534770966,0.05790025368332863,0.05720329284667969,0.05752435326576233,0.05736454203724861
834,0.035215139389038086,86.06751251220703,0.07386628538370132,0.0359826497733593,85.15316009521484,0.07480170577764511,0.05744584649801254,0.058588143438100815,0.058220043778419495,0.057975053787231445
835,0.03488083928823471,85.59776306152344,0.07365427911281586,0.03530135378241539,84.60965728759766,0.07455025613307953,0.05780038237571716,0.057915303856134415,0.05813887342810631,0.057705286890268326
836,0.03482919931411743,85.28948211669922,0.07351476699113846,0.03542686998844147,84.63553619384766,0.07456155121326447,0.0576900914311409,0.057984597980976105,0.05792979151010513,0.057560089975595474
837,0.03487606719136238,85.5928726196289,0.07365181297063828,0.03541136160492897,84.5630874633789,0.07452783733606339,0.057656921446323395,0.057910580188035965,0.05818881839513779,0.057661816477775574
838,0.034873586148023605,85.32814025878906,0.0735313817858696,0.034974806010723114,84.32386016845703,0.07441598922014236,0.05788556858897209,0.05765253305435181,0.05792947858572006,0.05759067088365555
839,0.03505099192261696,85.68621063232422,0.07369457930326462,0.036580342799425125,85.46099853515625,0.07494555413722992,0.0576179139316082,0.05838054418563843,0.05812564492225647,0.05774109438061714
840,0.035126958042383194,85.4310073852539,0.0735776498913765,0.03484369069337845,84.3346176147461,0.07442133128643036,0.05821355804800987,0.057410381734371185,0.057934798300266266,0.05756141617894173
841,0.03477751091122627,85.14209747314453,0.07344621419906616,0.03506949171423912,84.1742172241211,0.07434426248073578,0.057599153369665146,0.05769481509923935,0.05803579092025757,0.057336658239364624
842,0.03509758412837982,85.7815170288086,0.07373495399951935,0.03530602902173996,84.62948608398438,0.07455922663211823,0.05794025585055351,0.05781557783484459,0.0580952949821949,0.05787867307662964
843,0.03497251868247986,85.21003723144531,0.07347692549228668,0.034814562648534775,83.89799499511719,0.07421410828828812,0.05771133303642273,0.05734837055206299,0.05787011235952377,0.057471901178359985
844,0.03507080301642418,85.7266845703125,0.07371138781309128,0.036895282566547394,86.12397766113281,0.07525474578142166,0.05798343941569328,0.058749258518218994,0.05822625756263733,0.05771227180957794
845,0.034920450299978256,85.07351684570312,0.0734134390950203,0.034919727593660355,84.20819854736328,0.07436095178127289,0.05791096016764641,0.05755222216248512,0.057636428624391556,0.057558994740247726
846,0.0347784198820591,85.50768280029297,0.0736100897192955,0.03489146754145622,83.88687896728516,0.07420801371335983,0.057477694004774094,0.05756017565727234,0.05841264873743057,0.05745145305991173
847,0.03498067706823349,85.11817169189453,0.07343411445617676,0.03602689877152443,85.18012237548828,0.07481516152620316,0.05779865384101868,0.058282919228076935,0.057394638657569885,0.05783260986208916
848,0.03489459678530693,85.82141876220703,0.07375282794237137,0.03481348231434822,83.77436065673828,0.07415352761745453,0.057404644787311554,0.05756131187081337,0.05861520767211914,0.057569123804569244
849,0.03514321520924568,84.87911987304688,0.07332637906074524,0.034895967692136765,83.53404235839844,0.07403771579265594,0.05732511356472969,0.05719603970646858,0.05733400583267212,0.05750323459506035
850,0.034848276525735855,85.82810974121094,0.07375741750001907,0.03481269255280495,83.37407684326172,0.07396532595157623,0.057322319597005844,0.05704518407583237,0.05889245122671127,0.057349998503923416
851,0.03512990102171898,85.331787109375,0.07353000342845917,0.03541799262166023,84.23139953613281,0.0743672326207161,0.057342249900102615,0.05787157267332077,0.05729853734374046,0.05810908228158951
852,0.034785687923431396,85.24113464355469,0.07348887622356415,0.034950677305459976,84.75717163085938,0.07461874186992645,0.05851655825972557,0.05773985758423805,0.05812110751867294,0.057449378073215485
853,0.03473349288105965,84.97615814208984,0.07336799800395966,0.035228244960308075,84.22832489013672,0.07436748594045639,0.057489216327667236,0.057872142642736435,0.05773438140749931,0.057519204914569855
854,0.034864701330661774,85.63640594482422,0.07366583496332169,0.03496040031313896,84.19552612304688,0.07435376197099686,0.057781629264354706,0.057690370827913284,0.05833352729678154,0.05767659842967987
855,0.03473843261599541,84.73780822753906,0.07325918227434158,0.03478064015507698,83.90565490722656,0.07421629130840302,0.05771220102906227,0.05750204250216484,0.05747856944799423,0.05747503042221069
856,0.03492172434926033,85.74757385253906,0.07371757924556732,0.03551798313856125,84.4077377319336,0.0744505375623703,0.05742035061120987,0.05799255892634392,0.058392081409692764,0.05773576349020004
857,0.0349205881357193,84.71861267089844,0.07325021177530289,0.03481094539165497,83.91597747802734,0.07422004640102386,0.05784035846590996,0.05736517161130905,0.05725909397006035,0.05755351111292839
858,0.035129182040691376,85.85155487060547,0.07376299798488617,0.0347093902528286,83.23072052001953,0.0738978311419487,0.057273443788290024,0.05705991014838219,0.05875236168503761,0.05737164244055748
859,0.03500005602836609,84.99946594238281,0.07337751239538193,0.03587222844362259,84.64496612548828,0.07456547021865845,0.057365693151950836,0.05826128274202347,0.057260911911726,0.05787612870335579
860,0.03473521023988724,85.61273956298828,0.07365284860134125,0.03498439863324165,84.36573028564453,0.07443469017744064,0.05809222534298897,0.05762826278805733,0.05868566408753395,0.0574115552008152
861,0.03466949611902237,84.56916809082031,0.07318160682916641,0.03516073897480965,83.91329956054688,0.07421786338090897,0.05730485916137695,0.0577838160097599,0.05732591077685356,0.057486578822135925
862,0.034775108098983765,85.74685668945312,0.07371590286493301,0.03487876430153847,83.45269012451172,0.07400087267160416,0.05739635229110718,0.057213056832551956,0.05857276916503906,0.057655271142721176
863,0.034694742411375046,84.6065444946289,0.0731981173157692,0.03595422953367233,84.71549224853516,0.07459746301174164,0.057374704629182816,0.058281343430280685,0.05722934007644653,0.057627879083156586
864,0.035024840384721756,85.63541412353516,0.07366498559713364,0.034697867929935455,83.47859191894531,0.07401611655950546,0.05743590369820595,0.05735139176249504,0.05822204798460007,0.0577579140663147
865,0.034841977059841156,84.70526123046875,0.07324271649122238,0.034724485129117966,83.59300231933594,0.07407165318727493,0.05763800069689751,0.05728450417518616,0.05761152505874634,0.05730712041258812
866,0.03488113358616829,85.52064514160156,0.07361209392547607,0.035249512642621994,83.93480682373047,0.0742306262254715,0.05732746794819832,0.05774623528122902,0.058197684586048126,0.057723671197891235
867,0.03470972180366516,84.88346862792969,0.07332327216863632,0.0347752682864666,84.23229217529297,0.07437346130609512,0.05830351635813713,0.057496458292007446,0.057808876037597656,0.05744573846459389
868,0.034774910658597946,85.13980102539062,0.0734395757317543,0.03593030199408531,84.53101348876953,0.07451017946004868,0.057332154363393784,0.05810239166021347,0.05792708694934845,0.057601090520620346
869,0.03488760069012642,85.11872100830078,0.07343091070652008,0.034675903618335724,85.1352310180664,0.07479757815599442,0.05975469946861267,0.057275913655757904,0.05790392681956291,0.0575551874935627
870,0.03466252610087395,84.94781494140625,0.07335220277309418,0.036451343446969986,85.04763793945312,0.07474936544895172,0.057242605835199356,0.058554451912641525,0.05795260891318321,0.057418256998062134
871,0.03492666780948639,85.03497314453125,0.0733921006321907,0.03464290872216225,84.74021911621094,0.07459302991628647,0.059207554906606674,0.057412825524806976,0.05755867809057236,0.057753607630729675
872,0.034761395305395126,85.0712890625,0.0734064131975174,0.03461221605539322,83.05467224121094,0.07381249964237213,0.057215865701436996,0.057071905583143234,0.05813145637512207,0.057331882417201996
873,0.03478110954165459,85.48112487792969,0.07359244674444199,0.03588833287358284,84.8211669921875,0.07464993745088577,0.0577484630048275,0.05816956236958504,0.05809392035007477,0.05791044235229492
874,0.03481639549136162,84.76170349121094,0.07326585799455643,0.03465868532657623,83.62469482421875,0.0740855485200882,0.0577445849776268,0.05732351168990135,0.05765612795948982,0.057396385818719864
875,0.0345841720700264,84.89529418945312,0.07332691550254822,0.03510138392448425,83.86717987060547,0.07419838756322861,0.05742194876074791,0.05771389603614807,0.05803445354104042,0.05735553428530693
876,0.03483855724334717,85.12642669677734,0.07343099266290665,0.0347970686852932,84.05104064941406,0.07428713142871857,0.05813296511769295,0.05744751915335655,0.05782695859670639,0.05769461393356323
877,0.03471318259835243,84.85175323486328,0.07330670952796936,0.034590113908052444,83.16370391845703,0.07386642694473267,0.057345014065504074,0.057136308401823044,0.05791058391332626,0.05735650658607483
878,0.034927237778902054,85.27635192871094,0.07349857687950134,0.03559260070323944,84.7047119140625,0.07459618896245956,0.05812251195311546,0.05785739794373512,0.05791940540075302,0.05775268003344536
879,0.03473612666130066,84.82110595703125,0.07329164445400238,0.034625161439180374,83.3722915649414,0.07396634668111801,0.05747636407613754,0.0573108084499836,0.05790985748171806,0.05730755254626274
880,0.03453432023525238,84.64745330810547,0.07321374118328094,0.03514985740184784,85.1097412109375,0.07478582113981247,0.05910889059305191,0.05771241337060928,0.057666026055812836,0.05748331919312477
881,0.03476196527481079,85.12619018554688,0.07342900335788727,0.03458172082901001,83.1762924194336,0.07387136667966843,0.05724046751856804,0.057320233434438705,0.058057721704244614,0.057535912841558456
882,0.03489713370800018,85.77601623535156,0.07372016459703445,0.03579587861895561,84.08882141113281,0.07430381327867508,0.05725637078285217,0.057729002088308334,0.05847039818763733,0.05778525397181511
883,0.03460080176591873,84.16643524169922,0.07299282401800156,0.03476046025753021,83.31584930419922,0.07393646240234375,0.0571647509932518,0.05751163139939308,0.05713732913136482,0.05732705071568489
884,0.03457038104534149,84.93467712402344,0.07334309071302414,0.03560229763388634,84.84700775146484,0.07466063648462296,0.0581195242702961,0.05808427929878235,0.057912588119506836,0.057601168751716614
885,0.03471427410840988,84.79835510253906,0.07327962666749954,0.03457799181342125,83.2609634399414,0.07391206175088882,0.057330548763275146,0.05738632008433342,0.05769621953368187,0.05753183364868164
886,0.034768782556056976,84.95802307128906,0.07335247844457626,0.034540291875600815,83.09735870361328,0.07383440434932709,0.05741583928465843,0.05703936144709587,0.058056946843862534,0.05735323950648308
887,0.03492385894060135,85.05224609375,0.07339474558830261,0.0352671816945076,84.09075927734375,0.07430578768253326,0.05773511901497841,0.05769066885113716,0.05767681822180748,0.05774397403001785
888,0.03454318642616272,84.6965560913086,0.07323303818702698,0.034698713570833206,83.45222473144531,0.07400330156087875,0.05747327581048012,0.057443469762802124,0.05797503516077995,0.05726093798875809
889,0.03448936343193054,84.62276458740234,0.07319986820220947,0.034992508590221405,84.28944396972656,0.07439954578876495,0.058274634182453156,0.057591043412685394,0.057714011520147324,0.05747734010219574
890,0.03462449088692665,84.90043640136719,0.07332510501146317,0.034534405916929245,83.18427276611328,0.07387585937976837,0.05731920525431633,0.05734794959425926,0.05791625380516052,0.05752545967698097
891,0.03444572538137436,84.4207763671875,0.07310847193002701,0.034903232008218765,85.78734588623047,0.07510118186473846,0.06037084013223648,0.05755317211151123,0.05748877674341202,0.0574820376932621
892,0.03476686030626297,85.29130554199219,0.07349898666143417,0.034917548298835754,83.51335906982422,0.07402752339839935,0.0571458637714386,0.05774777755141258,0.05829768627882004,0.05754678323864937
893,0.03473074734210968,85.14339447021484,0.07343661040067673,0.0361948236823082,84.3814468383789,0.0744333416223526,0.05747065320611,0.057717327028512955,0.058034077286720276,0.057627614587545395
894,0.03483011946082115,84.3542709350586,0.07307624071836472,0.03452972322702408,83.1102066040039,0.0738396868109703,0.057206425815820694,0.05740871652960777,0.05712870508432388,0.05750875174999237
895,0.03445443511009216,85.0220947265625,0.07337936013936996,0.03508101403713226,83.7496337890625,0.07414305210113525,0.05740533024072647,0.05770760402083397,0.05833922326564789,0.05737368389964104
896,0.034626733511686325,84.42440795898438,0.07310688495635986,0.03468238189816475,83.4643783569336,0.07400885969400406,0.057522986084222794,0.05748315900564194,0.057282455265522,0.0575721375644207
897,0.03459290415048599,85.00784301757812,0.0733741819858551,0.034500956535339355,82.88359832763672,0.07373005896806717,0.05717796832323074,0.05709623172879219,0.05824164301156998,0.05739284306764603
898,0.0348847433924675,84.7615966796875,0.0732625350356102,0.03663846105337143,85.77767181396484,0.07509555667638779,0.05838639661669731,0.058492954820394516,0.05745185539126396,0.05769765004515648
899,0.03458618372678757,84.78533172607422,0.073270782828331,0.034602366387844086,83.08319854736328,0.07382573187351227,0.057155292481184006,0.057387564331293106,0.05810791626572609,0.05726377293467522
900,0.03442113846540451,84.25370025634766,0.07303009182214737,0.03455625846982002,84.73002624511719,0.07460588961839676,0.05943874642252922,0.05735795944929123,0.05738789215683937,0.057434726506471634
901,0.034442245960235596,84.97300720214844,0.07335458695888519,0.03529295697808266,83.79182434082031,0.07415817677974701,0.057112596929073334,0.05796472355723381,0.05827513337135315,0.05742936581373215
902,0.03468790650367737,84.88282012939453,0.07331597805023193,0.03491438180208206,83.8166275024414,0.07416289299726486,0.057977620512247086,0.057383716106414795,0.057750359177589417,0.05766896903514862
903,0.03472588583827019,84.25756072998047,0.07303054630756378,0.03443124145269394,82.84103393554688,0.07370998710393906,0.05718450993299484,0.05715107172727585,0.05719377472996712,0.057436130940914154
904,0.03451334312558174,85.1894302368164,0.07345554977655411,0.03622269257903099,84.660888671875,0.07456720620393753,0.05724795535206795,0.05841006711125374,0.05842975154519081,0.0575089193880558
905,0.03462086245417595,84.33781433105469,0.07306565344333649,0.03451002016663551,83.63525390625,0.07408864051103592,0.057998500764369965,0.057397641241550446,0.05730767548084259,0.05749565362930298
906,0.034391261637210846,84.70380401611328,0.07323262840509415,0.0344863198697567,82.90011596679688,0.07373714447021484,0.05711856484413147,0.057270608842372894,0.05812453478574753,0.0573020875453949
907,0.034573473036289215,84.58075714111328,0.07317756116390228,0.03502892702817917,84.99761199951172,0.07472996413707733,0.05917646363377571,0.057741858065128326,0.05752084031701088,0.057639915496110916
908,0.03468194231390953,84.80769348144531,0.0732799768447876,0.03437125310301781,82.72245788574219,0.07365214824676514,0.057091064751148224,0.057139549404382706,0.05805471912026405,0.05733605846762657
909,0.034443389624357224,84.02957153320312,0.07292598485946655,0.03648046404123306,84.94181060791016,0.07469267398118973,0.057346560060977936,0.058555785566568375,0.05703054741024971,0.05750475078821182
910,0.03465312719345093,85.3126220703125,0.07350386679172516,0.03445276990532875,82.81477355957031,0.07369638979434967,0.0570848248898983,0.057237591594457626,0.05851863697171211,0.057497069239616394
911,0.034426767379045486,84.22740173339844,0.07301552593708038,0.03480459004640579,83.71703338623047,0.07412590086460114,0.05765993148088455,0.05770057067275047,0.057427141815423965,0.057415496557950974
912,0.034483470022678375,84.79634094238281,0.07327290624380112,0.03465466946363449,83.06329345703125,0.07381445169448853,0.057139188051223755,0.05740540847182274,0.057949259877204895,0.05756130814552307
913,0.03446460887789726,84.52853393554688,0.07315188646316528,0.03436227887868881,83.24178314208984,0.07390117645263672,0.057821523398160934,0.05712943524122238,0.05784592032432556,0.057362377643585205
914,0.03465515375137329,84.57445526123047,0.07317273318767548,0.0354141891002655,83.8458023071289,0.07418815046548843,0.05736545845866203,0.05777871608734131,0.05756387114524841,0.05756038427352905
915,0.03449493646621704,84.68745422363281,0.07322274893522263,0.0344182513654232,83.06085968017578,0.07381714135408401,0.05744941905140877,0.057250626385211945,0.05808337405323982,0.05730358511209488
916,0.034293629229068756,83.99864959716797,0.07290942966938019,0.035016126930713654,84.02949523925781,0.07427497208118439,0.05786719173192978,0.057806771248579025,0.057243745774030685,0.05739650875329971
917,0.03453123942017555,84.9755630493164,0.07335394620895386,0.034344013780355453,82.7852783203125,0.07368383556604385,0.057104695588350296,0.05729058012366295,0.05821637809276581,0.0575219988822937
918,0.034619372338056564,84.14522552490234,0.072977714240551,0.03447645157575607,83.91084289550781,0.07421854883432388,0.05885034427046776,0.05689135938882828,0.057273317128419876,0.0573643334209919
919,0.03474821895360947,85.17595672607422,0.07344550639390945,0.035327229648828506,83.68897247314453,0.07410872727632523,0.057062096893787384,0.05795526131987572,0.05824536830186844,0.057597655802965164
920,0.03430373594164848,83.72858428955078,0.072784423828125,0.03459981456398964,83.34906768798828,0.07395315170288086,0.057510990649461746,0.05753767490386963,0.056991640478372574,0.05731893330812454
921,0.034280337393283844,85.02500915527344,0.07337366789579391,0.03463970124721527,83.02841186523438,0.07379921525716782,0.05708328261971474,0.057482488453388214,0.058580417186021805,0.057383228093385696
922,0.03433506563305855,83.90321350097656,0.07286381721496582,0.034645140171051025,83.19146728515625,0.07387746870517731,0.05721175670623779,0.057610783725976944,0.05698150023818016,0.05752503499388695
923,0.03441982343792915,85.06037902832031,0.07339227199554443,0.034285493195056915,82.67317199707031,0.07363039255142212,0.05716043338179588,0.057132538408041,0.05848148092627525,0.057450808584690094
924,0.034252267330884933,83.72811126708984,0.07278440147638321,0.036058999598026276,84.57996368408203,0.0745299905538559,0.05730605125427246,0.05847182497382164,0.057000547647476196,0.05735202878713608
925,0.03483709320425987,85.33917236328125,0.07351688295602798,0.03430277109146118,82.77833557128906,0.07368051260709763,0.05719500780105591,0.057255201041698456,0.05837727338075638,0.05763135105371475
926,0.034380149096250534,83.73263549804688,0.07278592139482498,0.03432260826230049,82.93657684326172,0.0737568587064743,0.057453859597444534,0.05720815062522888,0.05706928297877312,0.05723338574171066
927,0.03431295230984688,84.82913970947266,0.07328604906797409,0.03531045839190483,83.6299057006836,0.07408249378204346,0.05708939954638481,0.05789146199822426,0.0582696869969368,0.05747250095009804
928,0.03443612903356552,83.98290252685547,0.07289945334196091,0.03428063169121742,83.57452392578125,0.07405940443277359,0.05829911306500435,0.05728144571185112,0.05707502365112305,0.05750412493944168
929,0.03431597352027893,84.73355102539062,0.07324042916297913,0.034242723137140274,82.44353485107422,0.0735190361738205,0.05702205374836922,0.05701304227113724,0.058401551097631454,0.05722710117697716
930,0.03471904620528221,84.33328247070312,0.07306080311536789,0.03521035984158516,83.70643615722656,0.07410813868045807,0.05768588185310364,0.05750594660639763,0.05710421875119209,0.057733889669179916
931,0.03423174470663071,84.37430572509766,0.07307812571525574,0.034483250230550766,82.6960220336914,0.0736365094780922,0.057079095393419266,0.05718535929918289,0.0580231249332428,0.05721304193139076
932,0.03428153693675995,84.40113067626953,0.07309038937091827,0.03473460674285889,83.83944702148438,0.07418476045131683,0.057996977120637894,0.05770081281661987,0.05773179605603218,0.057537805289030075
933,0.034334272146224976,84.18450927734375,0.07299025356769562,0.03452766314148903,82.97805786132812,0.07377518713474274,0.057225845754146576,0.057410962879657745,0.05752047896385193,0.05741623416543007
934,0.034337569028139114,84.49481201171875,0.07313244044780731,0.03419944643974304,82.60718536376953,0.07359889894723892,0.057254545390605927,0.057067569345235825,0.05801334232091904,0.05733165889978409
935,0.03456338867545128,84.29448699951172,0.07304137945175171,0.03562301769852638,84.18824005126953,0.07434244453907013,0.05775393173098564,0.057778507471084595,0.0573519691824913,0.05758649483323097
936,0.034343719482421875,84.37194061279297,0.07307606190443039,0.034357164055109024,82.68001556396484,0.07362659275531769,0.057049334049224854,0.05731307715177536,0.05801422521471977,0.05719080567359924
937,0.034167468547821045,83.93718719482422,0.0728781670331955,0.03443426638841629,84.10254669189453,0.0743030458688736,0.058877017349004745,0.05735550448298454,0.057416535913944244,0.05736542493104935
938,0.0342373363673687,84.38148498535156,0.0730786994099617,0.03454529866576195,82.8829345703125,0.07371889054775238,0.05698942393064499,0.05749526619911194,0.05790073797106743,0.0573984794318676
939,0.034272659569978714,84.76156616210938,0.07325172424316406,0.0353223942220211,83.5499496459961,0.0740332081913948,0.05743192881345749,0.05738428980112076,0.05813697725534439,0.057557813823223114
940,0.03449546918272972,83.76534271240234,0.07279825210571289,0.03415023162961006,82.38191986083984,0.07348044216632843,0.05699694901704788,0.057055771350860596,0.0569397434592247,0.05739520117640495
941,0.034228481352329254,84.48771667480469,0.07312879711389542,0.03619188442826271,84.63793182373047,0.07454776018857956,0.05738163739442825,0.05840471759438515,0.05806531012058258,0.05738908424973488
942,0.034382108598947525,83.96874237060547,0.07288957387208939,0.03424415364861488,82.9789047241211,0.07376759499311447,0.057574301958084106,0.05725294351577759,0.05729806795716286,0.05739358440041542
943,0.03411077335476875,84.15348052978516,0.0729750469326973,0.03429500013589859,82.60354614257812,0.07358645647764206,0.05703744664788246,0.05724747106432915,0.05792897567152977,0.05720652639865875
944,0.03422325477004051,84.22856903076172,0.07300915569067001,0.034790586680173874,83.84457397460938,0.07416553050279617,0.05822796747088432,0.05739888921380043,0.05765019729733467,0.0575200691819191
945,0.034427542239427567,84.11241912841797,0.07295606285333633,0.03407202661037445,82.3311538696289,0.0734446570277214,0.05710950121283531,0.0569130964577198,0.05762773007154465,0.057283613830804825
946,0.03406691551208496,84.14169311523438,0.07296912372112274,0.035379670560359955,84.29901123046875,0.07438237965106964,0.058121953159570694,0.0577777698636055,0.05796048417687416,0.05723387002944946
947,0.03435707464814186,83.83058166503906,0.07282468676567078,0.034069593995809555,82.63273620605469,0.07359087467193604,0.05743948370218277,0.05703349784016609,0.057138364762067795,0.05745547637343407
948,0.03417997434735298,84.35657501220703,0.07306693494319916,0.0340379998087883,82.19495391845703,0.0733824223279953,0.057083610445261,0.056790780276060104,0.05823320150375366,0.05716625973582268
949,0.034324850887060165,83.76824188232422,0.0727974995970726,0.03527100756764412,83.46985626220703,0.07399080693721771,0.05719522759318352,0.057677481323480606,0.056910037994384766,0.05763709917664528
950,0.0341215543448925,84.55882263183594,0.0731566995382309,0.03421967104077339,82.49772644042969,0.07353038340806961,0.0571448989212513,0.05710713192820549,0.058509666472673416,0.057162221521139145
951,0.03399474173784256,83.30732727050781,0.07258574664592743,0.03421267494559288,82.45122528076172,0.07350398600101471,0.05695580318570137,0.057249754667282104,0.05687909573316574,0.05731113627552986
952,0.034111060202121735,84.82870483398438,0.07328245788812637,0.03414120525121689,82.21997833251953,0.07339559495449066,0.05696506053209305,0.05684125795960426,0.058616239577531815,0.05740160495042801
953,0.03397878259420395,83.3394775390625,0.07260023802518845,0.03461214527487755,82.91105651855469,0.07372523844242096,0.057100288569927216,0.05747401341795921,0.056853339076042175,0.057385675609111786
954,0.034405652433633804,84.4463119506836,0.07310719043016434,0.03401985391974449,82.43879699707031,0.07350031286478043,0.057341914623975754,0.05693334713578224,0.05783534795045853,0.05756962671875954
955,0.034258339554071426,83.57704162597656,0.0727095901966095,0.03398507833480835,82.25318145751953,0.07341218739748001,0.05727313831448555,0.05674484744668007,0.05742112919688225,0.05699005722999573
956,0.034215278923511505,84.3829574584961,0.07307715713977814,0.034632205963134766,82.94905853271484,0.07374323904514313,0.057171545922756195,0.057454150170087814,0.05790271610021591,0.057568229734897614
957,0.03404520824551582,83.74566650390625,0.0727863609790802,0.034091610461473465,83.09659576416016,0.07381461560726166,0.05814724788069725,0.0569964237511158,0.05759047716856003,0.05718040466308594
958,0.03397424891591072,83.74897003173828,0.07278695702552795,0.03455395624041557,82.927001953125,0.07373272627592087,0.05722776800394058,0.057432569563388824,0.05754552781581879,0.05727086961269379
959,0.034193143248558044,84.31681823730469,0.07304608821868896,0.033972110599279404,82.61136627197266,0.07358421385288239,0.05773698538541794,0.05679876357316971,0.05801476165652275,0.057383839040994644
960,0.03394153714179993,83.15177154541016,0.07251260429620743,0.0339820496737957,82.25540161132812,0.07341299951076508,0.057134080678224564,0.0569760762155056,0.05696301907300949,0.057120181620121
961,0.03434915468096733,84.9536361694336,0.07333225756883621,0.03410171717405319,82.39253997802734,0.07347743958234787,0.05719925835728645,0.05698937922716141,0.05845590680837631,0.05762095004320145
962,0.03397972509264946,83.11517333984375,0.07249573618173599,0.03395847976207733,82.0571060180664,0.07331608235836029,0.05691741034388542,0.05694613605737686,0.05683824047446251,0.05717017129063606
963,0.03421458229422569,84.74761199951172,0.07324370741844177,0.03444801643490791,82.42457580566406,0.07349343597888947,0.056934904307127,0.05702560767531395,0.05844709649682045,0.057449616491794586
964,0.03396597504615784,83.21763610839844,0.0725422352552414,0.03417031094431877,82.40595245361328,0.07348465919494629,0.057030048221349716,0.05718754976987839,0.05683623626828194,0.0573139525949955
965,0.034002989530563354,84.16657257080078,0.0729769766330719,0.03433407470583916,82.66307830810547,0.07360900938510895,0.05723027512431145,0.05722510442137718,0.057909321039915085,0.05745113268494606
966,0.03423278033733368,83.81604766845703,0.07281771302223206,0.03408736735582352,82.39370727539062,0.07348065078258514,0.05743369087576866,0.056747425347566605,0.057501256465911865,0.057280294597148895
967,0.03399921581149101,83.65019226074219,0.07274218648672104,0.03640492632985115,85.23686218261719,0.07481694221496582,0.05767100304365158,0.05897380784153938,0.05770174413919449,0.057032469660043716
968,0.03435831889510155,84.150634765625,0.07296527922153473,0.034009434282779694,82.43608856201172,0.07349836081266403,0.05737613886594772,0.056989602744579315,0.05750983580946922,0.05759624019265175
969,0.033924344927072525,83.6942367553711,0.07276029884815216,0.034176308661699295,82.61322021484375,0.07358544319868088,0.0573708638548851,0.0571451410651207,0.057792507112026215,0.05705835297703743
970,0.033972881734371185,83.78361511230469,0.0728011354804039,0.03446004167199135,83.2835693359375,0.07390420883893967,0.057958148419857025,0.05729096755385399,0.05751817300915718,0.057403113692998886
971,0.034143030643463135,83.84915924072266,0.07283138483762741,0.03394820913672447,82.10106658935547,0.07333957403898239,0.05713813751935959,0.05679798126220703,0.057648517191410065,0.05725718289613724
972,0.033959340304136276,83.76055145263672,0.07279320806264877,0.036071114242076874,86.30264282226562,0.07531727850437164,0.05997202917933464,0.05829355865716934,0.05770474672317505,0.057237546890974045
973,0.03424019739031792,83.76593017578125,0.07278835773468018,0.03390614315867424,82.10808563232422,0.07334315776824951,0.05704532936215401,0.05698013678193092,0.0573306679725647,0.057388924062252045
974,0.03406482934951782,84.8806381225586,0.07329569011926651,0.03489794582128525,82.84276580810547,0.07369007170200348,0.05700632557272911,0.05732344463467598,0.05866412818431854,0.05750688910484314
975,0.03392643854022026,82.95127868652344,0.07241768389940262,0.03400420397520065,82.1566162109375,0.07336573302745819,0.0569470189511776,0.05705835297703743,0.05674367398023605,0.057128824293613434
976,0.03385879844427109,83.57261657714844,0.07270367443561554,0.03424331545829773,82.97705841064453,0.07375787198543549,0.0576850064098835,0.057334788143634796,0.05739212781190872,0.05736749246716499
977,0.0340169258415699,83.81964111328125,0.07281574606895447,0.03385678306221962,82.13880157470703,0.07335751503705978,0.057205505669116974,0.05688457563519478,0.057636622339487076,0.05733448266983032
978,0.03423241153359413,83.85409545898438,0.0728335976600647,0.03424737975001335,82.31947326660156,0.07344058901071548,0.05725112929940224,0.05666454881429672,0.057744670659303665,0.057138893753290176
979,0.03431081026792526,83.86880493164062,0.07284035533666611,0.03575456142425537,84.94236755371094,0.07467619329690933,0.0580722950398922,0.058670613914728165,0.05745082348585129,0.05741734057664871
980,0.033918336033821106,83.58745574951172,0.07270830869674683,0.03396790474653244,82.32067108154297,0.07344485819339752,0.057319529354572296,0.056976545602083206,0.05762037634849548,0.05713452398777008
981,0.03379811346530914,83.63310241699219,0.07273035496473312,0.03403228521347046,82.78472137451172,0.07366686314344406,0.05788746103644371,0.05699373409152031,0.05774037912487984,0.05716363713145256
982,0.03387844190001488,83.46350860595703,0.07265163213014603,0.03407036140561104,82.92633056640625,0.0737336054444313,0.05799313634634018,0.05707558989524841,0.057251542806625366,0.057371459901332855
983,0.03408723697066307,83.98773956298828,0.07289297878742218,0.03397771716117859,81.99172973632812,0.07328472286462784,0.05706406012177467,0.05669822171330452,0.05793009698390961,0.05724101513624191
984,0.03422446548938751,83.51604461669922,0.07267743349075317,0.03524819761514664,83.47232818603516,0.07397869974374771,0.05719339847564697,0.05791541561484337,0.05683737248182297,0.057621877640485764
985,0.03384223207831383,84.09650421142578,0.07293738424777985,0.0339982770383358,82.00434112548828,0.07329176366329193,0.05687906965613365,0.0569540373980999,0.05827300623059273,0.05714696645736694
986,0.03383157402276993,83.28230285644531,0.07256894558668137,0.03409205377101898,82.92236328125,0.07373107224702835,0.05782889202237129,0.057264089584350586,0.057227980345487595,0.05722646415233612
987,0.03388141468167305,83.75360107421875,0.07278309762477875,0.0339006669819355,82.07270812988281,0.07332456111907959,0.05700972303748131,0.056994859129190445,0.057707298547029495,0.05731074884533882
988,0.03383476287126541,83.72420501708984,0.07277074456214905,0.03380779176950455,82.57131958007812,0.07356355339288712,0.05785543471574783,0.05689374357461929,0.05777842923998833,0.05723933130502701
989,0.034148361533880234,83.4807357788086,0.0726589486002922,0.03501296788454056,82.93241882324219,0.07373283803462982,0.05702110379934311,0.05745238438248634,0.05705314874649048,0.05743210390210152
990,0.034071072936058044,84.2121810913086,0.07298891991376877,0.03379911929368973,82.09455871582031,0.07333678007125854,0.05734655633568764,0.0567244291305542,0.05835792049765587,0.05710235983133316
991,0.03375270590186119,82.94742584228516,0.07241445779800415,0.034675635397434235,82.92290496826172,0.0737214908003807,0.05696217343211174,0.05775919184088707,0.05685367435216904,0.05721510574221611
992,0.03395753726363182,84.24207305908203,0.07300713658332825,0.03381849452853203,81.73200225830078,0.07315487414598465,0.05691911652684212,0.05664757639169693,0.05813286826014519,0.057427458465099335
993,0.03390717878937721,82.88553619384766,0.07238490879535675,0.03375038877129555,81.89401245117188,0.07323906570672989,0.05706789717078209,0.056798312813043594,0.05679290369153023,0.05711866170167923
994,0.03395320102572441,84.03550720214844,0.07291056215763092,0.034404605627059937,82.4625473022461,0.0735091120004654,0.05698169395327568,0.057299915701150894,0.05784780904650688,0.05750560015439987
995,0.03397239372134209,83.56224822998047,0.07269603759050369,0.03375713899731636,82.59043884277344,0.07357197999954224,0.05800112709403038,0.05680651217699051,0.057580310851335526,0.05717657133936882
996,0.03384503349661827,83.33890533447266,0.07259362936019897,0.0353357195854187,83.47794342041016,0.07398950308561325,0.057145748287439346,0.057912830263376236,0.0573149099946022,0.05723053589463234
997,0.034042082726955414,83.9566650390625,0.07287406176328659,0.03375908359885216,82.1165542602539,0.07334554940462112,0.05735170841217041,0.056824829429388046,0.05795641988515854,0.05724989250302315
998,0.0337277390062809,82.83987426757812,0.07236289978027344,0.03384453430771828,82.46037292480469,0.07350937277078629,0.05759481340646744,0.05707740783691406,0.056927744299173355,0.05706275999546051
999,0.03387494385242462,84.04806518554688,0.07291501015424728,0.034132588654756546,82.14739990234375,0.07335751503705978,0.05686838552355766,0.05718577280640602,0.05802358314394951,0.057417552918195724
