epoch,cotBeta_mae_metric,loss,slim_rmse_metric,val_cotBeta_mae_metric,val_loss,val_slim_rmse_metric,val_x_mae_metric,val_y_mae_metric,x_mae_metric,y_mae_metric
0,0.292117714881897,3453.1923828125,0.47838544845581055,0.20064400136470795,2366.38671875,0.4048307240009308,0.3824605643749237,0.391478031873703,0.4488620162010193,0.4568406641483307
1,0.1665404886007309,1524.5650634765625,0.3148882985115051,0.12571561336517334,864.9299926757812,0.24452805519104004,0.15532146394252777,0.25921955704689026,0.2617703080177307,0.305914044380188
2,0.11203407496213913,754.0731811523438,0.2237612009048462,0.10341154038906097,619.4320678710938,0.20679163932800293,0.13670924305915833,0.21150000393390656,0.14113137125968933,0.23639869689941406
3,0.10126668959856033,565.3772583007812,0.1937607079744339,0.09892772138118744,490.1151428222656,0.18384811282157898,0.12869998812675476,0.1738632470369339,0.1317378133535385,0.1913491189479828
4,0.09741690754890442,460.68701171875,0.17485642433166504,0.09536416828632355,407.99761962890625,0.16766075789928436,0.12072940915822983,0.1482556015253067,0.12371303141117096,0.16106370091438293
5,0.09421189874410629,379.7449645996094,0.1586342304944992,0.09242457151412964,332.24078369140625,0.15118278563022614,0.11365564912557602,0.12060850858688354,0.11660798639059067,0.13467931747436523
6,0.09123481810092926,312.4651184082031,0.14379657804965973,0.08926306664943695,280.400390625,0.13875998556613922,0.1067596897482872,0.10163895785808563,0.10989325493574142,0.11017405986785889
7,0.08798769116401672,271.07720947265625,0.13385339081287384,0.08612601459026337,250.02906799316406,0.13093824684619904,0.1006457731127739,0.09261613339185715,0.10340304672718048,0.09664825350046158
8,0.08527996391057968,245.75222778320312,0.12737515568733215,0.08383958041667938,230.45376586914062,0.12564395368099213,0.09570177644491196,0.08766435831785202,0.0979059711098671,0.08981431275606155
9,0.08320997655391693,228.66329956054688,0.12280497699975967,0.08198945224285126,216.5021514892578,0.1217307299375534,0.09179539978504181,0.08449425548315048,0.09351879358291626,0.0857955664396286
10,0.08140923827886581,216.03909301757812,0.1193142980337143,0.08031918108463287,205.85342407226562,0.11865568906068802,0.08870245516300201,0.0822647288441658,0.09004722535610199,0.08313415199518204
11,0.07977470755577087,206.23849487304688,0.11653172224760056,0.0788106843829155,197.50770568847656,0.11618722975254059,0.08624333143234253,0.08061470091342926,0.08729689568281174,0.0812261551618576
12,0.0783245712518692,198.5011749267578,0.11428669095039368,0.07749878615140915,190.9196319580078,0.11419934034347534,0.08433856815099716,0.07933712005615234,0.08512385189533234,0.079779252409935
13,0.0770740956068039,192.354248046875,0.1124706044793129,0.07638758420944214,185.67897033691406,0.11259230226278305,0.0828537791967392,0.07830842584371567,0.08343210816383362,0.07863768935203552
14,0.07602478563785553,187.4218292236328,0.11099153012037277,0.07546063512563705,181.4470977783203,0.11127781867980957,0.08168085664510727,0.07745539397001266,0.08211246877908707,0.0777042955160141
15,0.07515034824609756,183.39456176757812,0.10976912826299667,0.0746922567486763,177.9524383544922,0.11018120497465134,0.0807303935289383,0.0767296627163887,0.0810563936829567,0.07691885530948639
16,0.07441971451044083,180.0319366455078,0.10873780399560928,0.07404355704784393,174.99148559570312,0.10924392193555832,0.07993154972791672,0.07610436528921127,0.08018862456083298,0.07624653726816177
17,0.0737953931093216,177.15234375,0.10784657299518585,0.07347309589385986,172.41163635253906,0.10842124372720718,0.07923457771539688,0.0755617544054985,0.07944899052381516,0.07566682994365692
18,0.07324083149433136,174.62098693847656,0.10705693066120148,0.07295107841491699,170.10513305664062,0.10768071562051773,0.0786149874329567,0.07509201020002365,0.07879695296287537,0.07516543567180634
19,0.07272378355264664,172.34283447265625,0.10634105652570724,0.07245562225580215,167.9972381591797,0.10699930042028427,0.07805024087429047,0.07468853145837784,0.07820921391248703,0.0747346505522728
20,0.07221910357475281,170.25070190429688,0.10567900538444519,0.07196325063705444,166.03529357910156,0.10636074095964432,0.07753414660692215,0.07434497028589249,0.07767212390899658,0.07436387240886688
21,0.07170626521110535,168.2965545654297,0.10505644977092743,0.07145170867443085,164.1818389892578,0.10575339943170547,0.07706503570079803,0.07405620813369751,0.07717902958393097,0.07404506206512451
22,0.07117080688476562,166.44583129882812,0.10446330904960632,0.07090868800878525,162.41030883789062,0.10516922175884247,0.07663532346487045,0.07381059974431992,0.07672915607690811,0.07377214729785919
23,0.07060043513774872,164.67491149902344,0.10389240086078644,0.07032282650470734,160.70233154296875,0.10460256040096283,0.07624486833810806,0.07360290735960007,0.07632206380367279,0.07353945076465607
24,0.06998532265424728,162.96739196777344,0.10333891957998276,0.06968900561332703,159.04541015625,0.1040496826171875,0.07589437067508698,0.07342707365751266,0.07595591247081757,0.07334250211715698
25,0.069318987429142,161.3120880126953,0.10279957205057144,0.06900032609701157,157.43197631835938,0.10350846499204636,0.07558315247297287,0.07327985018491745,0.07563203573226929,0.07317595928907394
26,0.06859613955020905,159.7023162841797,0.10227231681346893,0.0682525783777237,155.8591766357422,0.10297820717096329,0.07531493157148361,0.07315850257873535,0.07535101473331451,0.07303617894649506
27,0.06781464070081711,158.1366424560547,0.10175678879022598,0.06744149327278137,154.329345703125,0.10245967656373978,0.07508691400289536,0.0730583518743515,0.07511236518621445,0.07291903346776962
28,0.0669768750667572,156.6157989501953,0.10125332325696945,0.06657364219427109,152.8438262939453,0.1019539013504982,0.07489324361085892,0.07297517359256744,0.07491389662027359,0.07282109558582306
29,0.0660887211561203,155.1421661376953,0.1007630005478859,0.06565757840871811,151.40684509277344,0.10146261751651764,0.07473047077655792,0.07290726155042648,0.07474915683269501,0.07273751497268677
30,0.06516028195619583,153.7199249267578,0.10028760135173798,0.06470606476068497,150.02427673339844,0.10098805278539658,0.07459068298339844,0.07284951955080032,0.0746133029460907,0.0726640373468399
31,0.0642048716545105,152.3551483154297,0.09982916712760925,0.06373953819274902,148.70252990722656,0.10053252428770065,0.07447017729282379,0.07279793173074722,0.07450032979249954,0.07259739190340042
32,0.06324026733636856,151.0525665283203,0.09938958287239075,0.06277643144130707,147.4453582763672,0.10009761899709702,0.07436323910951614,0.0727485939860344,0.07440266013145447,0.07253432273864746
33,0.06228378042578697,149.8162384033203,0.09897061437368393,0.06183472275733948,146.25572204589844,0.09968461841344833,0.07426426559686661,0.0726976990699768,0.07431402057409286,0.07247152179479599
34,0.0613563172519207,148.649169921875,0.09857337176799774,0.06093013286590576,145.13690185546875,0.09929455816745758,0.07416721433401108,0.0726408138871193,0.07422773540019989,0.07240666449069977
35,0.06047572195529938,147.55259704589844,0.09819857031106949,0.06007634475827217,144.0875701904297,0.09892741590738297,0.07406701892614365,0.07257718592882156,0.07414024323225021,0.07233712077140808
36,0.05965379253029823,146.5245361328125,0.09784584492444992,0.05928325280547142,143.10545349121094,0.09858252108097076,0.07396391779184341,0.07250595092773438,0.07404835522174835,0.07226133346557617
37,0.05889681726694107,145.5618896484375,0.09751437604427338,0.058556295931339264,142.1860809326172,0.09825854003429413,0.0738566443324089,0.07242562621831894,0.0739506259560585,0.07217787206172943
38,0.05820641666650772,144.65975952148438,0.09720274806022644,0.05789496377110481,141.32400512695312,0.09795374423265457,0.07374369353055954,0.07233570516109467,0.07384693622589111,0.07208633422851562
39,0.05758194625377655,143.81251525878906,0.09690921008586884,0.057296089828014374,140.51344299316406,0.09766621887683868,0.07362649589776993,0.07223700731992722,0.07373720407485962,0.07198719680309296
40,0.05702028423547745,143.01425170898438,0.09663183987140656,0.05675646662712097,139.7484893798828,0.09739402681589127,0.07350490242242813,0.07213085144758224,0.07362253963947296,0.07188151031732559
41,0.05651658773422241,142.25962829589844,0.09636892378330231,0.056269969791173935,139.02395629882812,0.09713537991046906,0.07338078320026398,0.07201941311359406,0.07350366562604904,0.07177084684371948
42,0.05606231093406677,141.54307556152344,0.09611859917640686,0.0558294877409935,138.33482360839844,0.09688852727413177,0.07325582206249237,0.07190389186143875,0.07338108867406845,0.07165650278329849
43,0.055651549249887466,140.86004638671875,0.09587930142879486,0.05542907863855362,137.67672729492188,0.09665198624134064,0.07312984764575958,0.071784608066082,0.07325579971075058,0.07153972238302231
44,0.05527713522315025,140.20631408691406,0.09564964473247528,0.055063433945178986,137.0461883544922,0.09642459452152252,0.07300347089767456,0.07166429609060287,0.07312885671854019,0.0714213103055954
45,0.05493419989943504,139.57809448242188,0.09542833268642426,0.05472809821367264,136.43988037109375,0.09620517492294312,0.07287599891424179,0.07154427468776703,0.07300063222646713,0.07130283862352371
46,0.054618798196315765,138.97206115722656,0.09521430730819702,0.05441876873373985,135.85440063476562,0.09599266201257706,0.07274885475635529,0.0714251846075058,0.07287192344665527,0.07118523120880127
47,0.05432606488466263,138.38534545898438,0.09500662982463837,0.05413028225302696,135.28756713867188,0.09578625112771988,0.07262253761291504,0.07130754739046097,0.07274343818426132,0.07106845825910568
48,0.0540519542992115,137.815673828125,0.09480452537536621,0.05385884642601013,134.73719787597656,0.09558524191379547,0.07249676436185837,0.07119125872850418,0.07261505722999573,0.07095307856798172
49,0.053794536739587784,137.26080322265625,0.09460726380348206,0.05360282585024834,134.2014617919922,0.09538905322551727,0.07237104326486588,0.07107715308666229,0.07248716056346893,0.0708390548825264
50,0.053551312536001205,136.719482421875,0.09441439807415009,0.0533604621887207,133.67919921875,0.09519720822572708,0.0722459927201271,0.0709659606218338,0.07235977798700333,0.07072703540325165
51,0.053321000188589096,136.19020080566406,0.09422539174556732,0.053130947053432465,133.16921997070312,0.09500939399003983,0.0721210464835167,0.07085686922073364,0.0722324401140213,0.07061764597892761
52,0.05310213565826416,135.67185974121094,0.09403993934392929,0.05291217938065529,132.6706085205078,0.09482524544000626,0.07199683040380478,0.07074927538633347,0.07210559397935867,0.07051073759794235
53,0.052893221378326416,135.1638641357422,0.09385769069194794,0.05270267650485039,132.1824493408203,0.0946444496512413,0.07187198102474213,0.07064548879861832,0.07197921723127365,0.07040625810623169
54,0.052693068981170654,134.6652069091797,0.09367851912975311,0.05250265449285507,131.70394897460938,0.09446684271097183,0.07174650579690933,0.07054509222507477,0.07185261696577072,0.0703045204281807
55,0.05250101909041405,134.17550659179688,0.09350217878818512,0.05231088772416115,131.23468017578125,0.09429226815700531,0.07162143290042877,0.07044841349124908,0.07172700762748718,0.0702052116394043
56,0.052316974848508835,133.69390869140625,0.09332852065563202,0.05212697759270668,130.77383422851562,0.09412053972482681,0.07149586826562881,0.07035516947507858,0.07160166651010513,0.07010841369628906
57,0.05214031785726547,133.21995544433594,0.0931573212146759,0.051950596272945404,130.32098388671875,0.0939515084028244,0.07137011736631393,0.07026541978120804,0.0714760422706604,0.07001442462205887
58,0.051971256732940674,132.75344848632812,0.09298861771821976,0.051781438291072845,129.8762969970703,0.09378518909215927,0.07124457508325577,0.07017938792705536,0.07135005295276642,0.06992344558238983
59,0.051808860152959824,132.2944793701172,0.09282233566045761,0.051618542522192,129.4392547607422,0.09362141788005829,0.07111848145723343,0.07009604573249817,0.07122353464365005,0.06983520090579987
60,0.05165233090519905,131.84300231933594,0.09265849739313126,0.051461946219205856,129.0098876953125,0.09346015751361847,0.07099141925573349,0.07001517713069916,0.07109681516885757,0.06974993646144867
61,0.05150182545185089,131.39877319335938,0.09249695390462875,0.05131029337644577,128.5876007080078,0.09330125898122787,0.07086403667926788,0.06993627548217773,0.07096969336271286,0.06966684013605118
62,0.05135570093989372,130.96119689941406,0.09233766049146652,0.051162805408239365,128.1715850830078,0.09314453601837158,0.07073750346899033,0.0698603168129921,0.07084272056818008,0.06958640366792679
63,0.05121369659900665,130.53009033203125,0.0921805277466774,0.051018860191106796,127.7618408203125,0.0929899588227272,0.0706120952963829,0.06978651136159897,0.07071612775325775,0.06950782239437103
64,0.051075778901576996,130.10519409179688,0.092025525867939,0.05087918043136597,127.35826110839844,0.09283751249313354,0.07048710435628891,0.06971441209316254,0.07059042155742645,0.06943108886480331
65,0.05094100162386894,129.68653869628906,0.09187257289886475,0.050743646919727325,126.9605484008789,0.09268707782030106,0.07036285102367401,0.06964325904846191,0.07046569138765335,0.06935600936412811
66,0.05080953985452652,129.27410888671875,0.09172175079584122,0.05061240866780281,126.56874084472656,0.09253866225481033,0.07023810595273972,0.06957253068685532,0.07034185528755188,0.06928233057260513
67,0.050681229680776596,128.86805725097656,0.09157302230596542,0.05048363655805588,126.18276977539062,0.09239225834608078,0.07011417299509048,0.06950312107801437,0.07021932303905487,0.0692100077867508
68,0.050554368644952774,128.46826171875,0.09142636507749557,0.05035724490880966,125.80277252197266,0.09224789589643478,0.06999273598194122,0.06943434476852417,0.07009913772344589,0.06913895159959793
69,0.0504295639693737,128.07479858398438,0.09128186851739883,0.05023372545838356,125.42890167236328,0.09210556000471115,0.06987356394529343,0.06936507672071457,0.06998136639595032,0.06906779110431671
70,0.05030667781829834,127.68781280517578,0.09113948047161102,0.0501125194132328,125.06085968017578,0.09196523576974869,0.06975778937339783,0.06929617375135422,0.0698663592338562,0.06899664551019669
71,0.050185076892375946,127.30740356445312,0.0909993126988411,0.0499924011528492,124.69892883300781,0.09182704985141754,0.06964414566755295,0.06922692805528641,0.06975451856851578,0.068925641477108
72,0.050064828246831894,126.93343353271484,0.09086132794618607,0.04987431690096855,124.34317016601562,0.0916910171508789,0.06953330338001251,0.06915663927793503,0.0696457028388977,0.06885436177253723
73,0.049945589154958725,126.5662612915039,0.09072565287351608,0.04975789412856102,123.99437713623047,0.0915573239326477,0.06942535191774368,0.0690859779715538,0.06953981518745422,0.06878311932086945
74,0.04982711002230644,126.20645141601562,0.0905924141407013,0.049643587321043015,123.65205383300781,0.09142591059207916,0.06931982189416885,0.06901512295007706,0.06943684071302414,0.06871181726455688
75,0.049709856510162354,125.8535385131836,0.09046155214309692,0.04953061416745186,123.31635284423828,0.09129686653614044,0.06921731680631638,0.06894377619028091,0.06933687627315521,0.06864017993211746
76,0.049594249576330185,125.50777435302734,0.09033318608999252,0.04941868036985397,122.98748779296875,0.09117021411657333,0.06911789625883102,0.06887096911668777,0.06924021244049072,0.06856769323348999
77,0.04948049783706665,125.16959381103516,0.09020736068487167,0.04930819943547249,122.66566467285156,0.091046042740345,0.06902118027210236,0.06879698485136032,0.06914646923542023,0.06849465519189835
78,0.04936885088682175,124.83892822265625,0.09008412063121796,0.049199316650629044,122.35084533691406,0.0909244492650032,0.06892786175012589,0.06872212141752243,0.0690559595823288,0.06842122226953506
79,0.04925857111811638,124.51551055908203,0.0899634137749672,0.04909125715494156,122.0430679321289,0.09080536663532257,0.06883823126554489,0.06864701211452484,0.06896881014108658,0.06834694743156433
80,0.04915019869804382,124.19927978515625,0.0898452177643776,0.04898509010672569,121.74195861816406,0.09068874269723892,0.06875157356262207,0.06857198476791382,0.0688847154378891,0.06827250123023987
81,0.04904390498995781,123.88999938964844,0.08972951769828796,0.04888114333152771,121.44700622558594,0.09057442098855972,0.06866772472858429,0.06849700212478638,0.06880322098731995,0.06819778680801392
82,0.048939503729343414,123.58731079101562,0.0896160900592804,0.0487796925008297,121.1583023071289,0.09046236425638199,0.068586565554142,0.06842149049043655,0.06872427463531494,0.06812278926372528
83,0.04883711412549019,123.29141998291016,0.08950508385896683,0.04868040606379509,120.87538146972656,0.09035240113735199,0.06850782781839371,0.06834559142589569,0.0686478540301323,0.06804782152175903
84,0.04873694106936455,123.00178527832031,0.08939625322818756,0.04858287051320076,120.59797668457031,0.09024453163146973,0.06843163073062897,0.06826935708522797,0.06857407093048096,0.06797273457050323
85,0.04863902926445007,122.71812438964844,0.08928949385881424,0.04848744720220566,120.3258056640625,0.09013859182596207,0.0683576911687851,0.06819240003824234,0.0685022696852684,0.06789777427911758
86,0.0485435351729393,122.43991088867188,0.0891847088932991,0.0483940914273262,120.0580825805664,0.09003432840108871,0.0682857483625412,0.06811544299125671,0.06843235343694687,0.06782297044992447
87,0.048450272530317307,122.16659545898438,0.08908168226480484,0.04830304533243179,119.7945327758789,0.08993168920278549,0.06821566075086594,0.06803850084543228,0.06836430728435516,0.06774834543466568
88,0.04835905507206917,121.89771270751953,0.08898021280765533,0.048213813453912735,119.53482818603516,0.08983048051595688,0.068147212266922,0.06796149909496307,0.06829774379730225,0.06767384707927704
89,0.04826979711651802,121.63329315185547,0.08888033777475357,0.04812716692686081,119.27880859375,0.08973060548305511,0.06808006763458252,0.06788438558578491,0.06823261082172394,0.0675995722413063
90,0.048182737082242966,121.37308502197266,0.0887819305062294,0.04804199934005737,119.02595520019531,0.08963190764188766,0.06801416724920273,0.0678071528673172,0.06816883385181427,0.06752566993236542
91,0.048097290098667145,121.11637878417969,0.08868473768234253,0.047958455979824066,118.77591705322266,0.08953428268432617,0.06794966757297516,0.06773027032613754,0.06810614466667175,0.0674523115158081
92,0.048013392835855484,120.86300659179688,0.08858869224786758,0.04787602648139,118.52848815917969,0.08943764120340347,0.06788556277751923,0.06765375286340714,0.06804417073726654,0.06737952679395676
93,0.047930758446455,120.61275482177734,0.08849376440048218,0.04779455438256264,118.28358459472656,0.089341901242733,0.06782175600528717,0.06757776439189911,0.06798309832811356,0.06730733811855316
94,0.047849129885435104,120.36550903320312,0.08839986473321915,0.04771382361650467,118.0408935546875,0.08924702554941177,0.06775857508182526,0.06750224530696869,0.0679226964712143,0.0672357901930809
95,0.04776860028505325,120.12086486816406,0.08830686658620834,0.04763424023985863,117.80037689208984,0.08915289491415024,0.06769583374261856,0.06742677092552185,0.06786277890205383,0.06716479361057281
96,0.047689031809568405,119.87914276123047,0.08821479976177216,0.04755546897649765,117.5619125366211,0.0890595093369484,0.06763383001089096,0.06735173612833023,0.06780373305082321,0.06709417700767517
97,0.047610364854335785,119.63993835449219,0.08812358230352402,0.0474773608148098,117.32530975341797,0.0889667347073555,0.0675727054476738,0.0672779530286789,0.06774531304836273,0.06702432036399841
98,0.04753251373767853,119.40331268310547,0.08803324401378632,0.04739983007311821,117.09032440185547,0.08887454122304916,0.06751209497451782,0.06720493733882904,0.06768758594989777,0.06695536524057388
99,0.04745520278811455,119.16867065429688,0.08794353157281876,0.04732291027903557,116.85696411132812,0.08878292888402939,0.06745195388793945,0.06713263690471649,0.06763026863336563,0.06688699126243591
100,0.047378405928611755,118.93620300292969,0.0878545343875885,0.047246839851140976,116.62530517578125,0.08869186788797379,0.06739184260368347,0.06706053763628006,0.06757338345050812,0.0668192207813263
101,0.04730270057916641,118.70599365234375,0.08776627480983734,0.04717206954956055,116.39530181884766,0.08860136568546295,0.06733150035142899,0.06698872148990631,0.06751655787229538,0.06675201654434204
102,0.04722793027758598,118.4778823852539,0.08767872303724289,0.04709799215197563,116.16683959960938,0.08851142227649689,0.0672716498374939,0.06691766530275345,0.06746000051498413,0.06668545305728912
103,0.04715327173471451,118.25196075439453,0.08759184926748276,0.04702398553490639,115.9399642944336,0.0884220227599144,0.06721212714910507,0.06684763729572296,0.06740379333496094,0.06661981344223022
104,0.047078415751457214,118.02815246582031,0.0875057578086853,0.04694950208067894,115.714599609375,0.08833319693803787,0.0671534389257431,0.06677870452404022,0.0673479214310646,0.06655532866716385
105,0.04700354114174843,117.80640411376953,0.08742034435272217,0.04687502607703209,115.49090576171875,0.0882449671626091,0.06709498912096024,0.06671089679002762,0.0672924593091011,0.06649187207221985
106,0.04692894220352173,117.58684539794922,0.08733562380075455,0.0468011237680912,115.26923370361328,0.08815740793943405,0.06703708320856094,0.06664402037858963,0.06723728775978088,0.06642946600914001
107,0.046854931861162186,117.3695068359375,0.087251678109169,0.04672786593437195,115.0492935180664,0.08807046711444855,0.06697947531938553,0.0665789395570755,0.0671822801232338,0.06636802107095718
108,0.046781349927186966,117.15436553955078,0.08716842532157898,0.046654727309942245,114.8314437866211,0.08798422664403915,0.06692231446504593,0.06651537865400314,0.06712735444307327,0.06630795449018478
109,0.04670810326933861,116.94202423095703,0.08708608150482178,0.04658176377415657,114.61563873291016,0.08789872378110886,0.06686531752347946,0.06645278632640839,0.06707295030355453,0.06624908745288849
110,0.04663481190800667,116.7320785522461,0.08700458705425262,0.04650919884443283,114.4018783569336,0.08781395852565765,0.06680888682603836,0.06639145314693451,0.06701906770467758,0.06619137525558472
111,0.046562064439058304,116.52444458007812,0.08692393451929092,0.046436961740255356,114.19005584716797,0.08772989362478256,0.06675265729427338,0.06633101403713226,0.06696546822786331,0.06613487005233765
112,0.04648962616920471,116.31934356689453,0.08684408664703369,0.04636479169130325,113.98020935058594,0.08764653652906418,0.06669706851243973,0.06627164781093597,0.06691233813762665,0.06607963889837265
113,0.046416960656642914,116.11664581298828,0.08676512539386749,0.04629262164235115,113.77256774902344,0.08756398409605026,0.06664188951253891,0.06621395796537399,0.06685971468687057,0.06602565944194794
114,0.04634407162666321,115.91639709472656,0.08668699115514755,0.04622058942914009,113.56719970703125,0.0874822735786438,0.06658719480037689,0.06615764647722244,0.06680744886398315,0.06597304344177246
115,0.04627126082777977,115.71868896484375,0.08660975843667984,0.046148840337991714,113.36422729492188,0.08740142732858658,0.06653305888175964,0.0661020576953888,0.06675558537244797,0.06592179089784622
116,0.046198733150959015,115.52369689941406,0.08653351664543152,0.04607726261019707,113.16354370117188,0.087321437895298,0.06647934764623642,0.06604736298322678,0.0667043998837471,0.06587180495262146
117,0.046126317232847214,115.33103942871094,0.08645806461572647,0.04600617662072182,112.96549224853516,0.08724238723516464,0.06642590463161469,0.06599400192499161,0.06665344536304474,0.06582280248403549
118,0.04605419561266899,115.14120483398438,0.08638360351324081,0.04593517631292343,112.77007293701172,0.0871642678976059,0.0663728192448616,0.06594209372997284,0.06660301983356476,0.06577496230602264
119,0.045982055366039276,114.9540786743164,0.08631008863449097,0.04586399346590042,112.57737731933594,0.08708710223436356,0.0663205161690712,0.06589146703481674,0.06655309349298477,0.06572861224412918
120,0.04590994492173195,114.76988220214844,0.08623750507831573,0.04579293727874756,112.3875732421875,0.08701096475124359,0.06626876443624496,0.06584180146455765,0.06650378555059433,0.06568331271409988
121,0.045837853103876114,114.58838653564453,0.0861659049987793,0.045722078531980515,112.20020294189453,0.08693575859069824,0.066217802464962,0.06579340994358063,0.06645530462265015,0.06563915312290192
122,0.04576610401272774,114.4095687866211,0.08609527349472046,0.04565180093050003,112.015380859375,0.08686145395040512,0.06616731733083725,0.06574609130620956,0.0664077028632164,0.06559592485427856
123,0.04569505527615547,114.23346710205078,0.08602560311555862,0.04558229446411133,111.8332290649414,0.08678814023733139,0.06611691415309906,0.06570010632276535,0.06636064499616623,0.06555353105068207
124,0.04562443122267723,114.0599594116211,0.08595685660839081,0.04551327973604202,111.65398406982422,0.08671588450670242,0.06606695801019669,0.06565511971712112,0.06631401181221008,0.06551210582256317
125,0.045554112643003464,113.88899230957031,0.08588893711566925,0.04544472321867943,111.47726440429688,0.08664453774690628,0.06601735949516296,0.0656113475561142,0.06626756489276886,0.06547176837921143
126,0.04548380896449089,113.72053527832031,0.08582199364900589,0.045376114547252655,111.3028793334961,0.08657408505678177,0.06596826761960983,0.06556873023509979,0.06622157990932465,0.06543246656656265
127,0.04541368409991264,113.5545425415039,0.08575595170259476,0.045307524502277374,111.1307601928711,0.0865044966340065,0.06591957807540894,0.06552727520465851,0.06617628037929535,0.06539394706487656
128,0.045343827456235886,113.39066314697266,0.0856907069683075,0.04523933678865433,110.9610366821289,0.08643579483032227,0.06587155908346176,0.06548681110143661,0.06613146513700485,0.06535618007183075
129,0.04527413100004196,113.22900390625,0.08562628924846649,0.04517139866948128,110.79359436035156,0.08636798709630966,0.06582413613796234,0.06544699519872665,0.06608717888593674,0.06531912833452225
130,0.04520457983016968,113.06939697265625,0.08556262403726578,0.04510373994708061,110.62834930419922,0.08630102872848511,0.0657772570848465,0.06540824472904205,0.06604339927434921,0.06528281420469284
131,0.045135241001844406,112.91202545166016,0.08549978584051132,0.04503631964325905,110.46524810791016,0.08623487502336502,0.06573093682527542,0.06537041813135147,0.06600029766559601,0.06524726003408432
132,0.04506601020693779,112.75660705566406,0.08543772995471954,0.04496893659234047,110.30412292480469,0.08616950362920761,0.06568502634763718,0.06533339619636536,0.06595779210329056,0.06521228700876236
133,0.04499693959951401,112.603271484375,0.08537639677524567,0.04490164294838905,110.14498901367188,0.08610489219427109,0.06563970446586609,0.06529700756072998,0.06591591238975525,0.0651780217885971
134,0.04492797702550888,112.4518051147461,0.08531580120325089,0.04483442381024361,109.98798370361328,0.08604109287261963,0.06559496372938156,0.0652613639831543,0.06587454676628113,0.0651443749666214
135,0.044859133660793304,112.30228424072266,0.08525591343641281,0.044767171144485474,109.83306121826172,0.08597809076309204,0.06555098295211792,0.06522681564092636,0.06583383679389954,0.06511161476373672
136,0.04479043185710907,112.15458679199219,0.08519665896892548,0.04470009729266167,109.6800765991211,0.08591584861278534,0.0655076652765274,0.06519291549921036,0.06579364836215973,0.0650797113776207
137,0.04472196474671364,112.00894927978516,0.0851382315158844,0.04463326558470726,109.52926635742188,0.08585434406995773,0.06546508520841599,0.06515958905220032,0.06575402617454529,0.06504838168621063
138,0.04465346038341522,111.86520385742188,0.08508043736219406,0.04456636682152748,109.38027954101562,0.08579356223344803,0.06542328000068665,0.06512687355279922,0.06571506708860397,0.06501759588718414
139,0.044585321098566055,111.72314453125,0.08502327650785446,0.0444997176527977,109.23302459716797,0.08573343604803085,0.0653822049498558,0.0650949701666832,0.06567664444446564,0.06498725712299347
140,0.04451709985733032,111.58273315429688,0.0849667564034462,0.04443279653787613,109.08738708496094,0.08567396551370621,0.0653417557477951,0.06506335735321045,0.06563890725374222,0.06495741009712219
141,0.044448982924222946,111.44389343261719,0.08491082489490509,0.044366057962179184,108.94339752197266,0.0856151208281517,0.06530193239450455,0.0650322213768959,0.06560168415307999,0.0649280697107315
142,0.044380977749824524,111.30648803710938,0.08485546708106995,0.0442996583878994,108.80096435546875,0.08555687218904495,0.0652625635266304,0.065001480281353,0.06556486338376999,0.06489917635917664
143,0.04431306570768356,111.17066955566406,0.08480070531368256,0.04423365741968155,108.66009521484375,0.08549924194812775,0.0652235895395279,0.06497136503458023,0.06552858650684357,0.06487077474594116
144,0.04424503818154335,111.03612518310547,0.08474643528461456,0.04416735842823982,108.52069854736328,0.0854421928524971,0.0651853010058403,0.06494179368019104,0.06549284607172012,0.0648428276181221
145,0.044176578521728516,110.90306091308594,0.08469270914793015,0.04410099610686302,108.38284301757812,0.08538572490215302,0.06514791399240494,0.06491267681121826,0.0654577985405922,0.06481543183326721
146,0.04410828277468681,110.77123260498047,0.08463945984840393,0.04403470829129219,108.24650573730469,0.0853298157453537,0.06511130183935165,0.06488414853811264,0.06542331725358963,0.06478844583034515
147,0.04403999075293541,110.6407241821289,0.0845867320895195,0.043968308717012405,108.11151123046875,0.08527441322803497,0.0650750920176506,0.06485600769519806,0.06538934260606766,0.06476204097270966
148,0.04397173970937729,110.511474609375,0.08453448116779327,0.043901920318603516,107.97784423828125,0.08521950989961624,0.06503961980342865,0.06482811272144318,0.06535576283931732,0.06473594158887863
149,0.04390355199575424,110.38341522216797,0.08448269963264465,0.04383572190999985,107.845458984375,0.0851651057600975,0.06500471383333206,0.06480053812265396,0.06532269716262817,0.06471017748117447
150,0.04383553937077522,110.2567138671875,0.08443141728639603,0.04376985877752304,107.71444702148438,0.08511123806238174,0.06497028470039368,0.06477341800928116,0.06529027968645096,0.06468486785888672
151,0.043767739087343216,110.13096618652344,0.08438051491975784,0.04370414465665817,107.58460998535156,0.0850578173995018,0.06493612378835678,0.06474653631448746,0.06525824964046478,0.06465975195169449
152,0.04370013624429703,110.00627899169922,0.0843299999833107,0.04363855719566345,107.45599365234375,0.08500487357378006,0.06490232050418854,0.06471987813711166,0.06522663682699203,0.06463486701250076
153,0.0436326302587986,109.88265991210938,0.08427993208169937,0.043573200702667236,107.32852172851562,0.08495236188173294,0.06486893445253372,0.0646934062242508,0.06519538909196854,0.06461033225059509
154,0.043565213680267334,109.76004028320312,0.08423023670911789,0.043507855385541916,107.20220947265625,0.08490030467510223,0.06483589857816696,0.06466726958751678,0.06516440212726593,0.06458606570959091
155,0.04349774494767189,109.63837432861328,0.08418090641498566,0.04344239458441734,107.07706451416016,0.08484864234924316,0.06480323523283005,0.06464172154664993,0.06513386219739914,0.0645621046423912
156,0.043430496007204056,109.51800537109375,0.08413201570510864,0.04337712749838829,106.95327758789062,0.08479749411344528,0.06477126479148865,0.06461649388074875,0.06510388851165771,0.06453864276409149
157,0.0433635488152504,109.39883422851562,0.08408355712890625,0.04331187531352043,106.83063507080078,0.08474671840667725,0.0647396594285965,0.06459175050258636,0.0650743916630745,0.06451551616191864
158,0.043296556919813156,109.2805404663086,0.08403541147708893,0.04324664548039436,106.70914459228516,0.08469637483358383,0.06470849364995956,0.0645672082901001,0.06504524499177933,0.06449253857135773
159,0.04322974383831024,109.16326904296875,0.08398764580488205,0.04318146035075188,106.5886459350586,0.08464642614126205,0.06467784196138382,0.06454286724328995,0.06501668691635132,0.06446965038776398
160,0.04316311702132225,109.04702758789062,0.08394026756286621,0.043116409331560135,106.4694595336914,0.08459693938493729,0.06464774161577225,0.06451868265867233,0.06498857587575912,0.06444694846868515
161,0.04309680312871933,108.93175506591797,0.08389323949813843,0.043051816523075104,106.35124206542969,0.08454781770706177,0.06461785733699799,0.06449449062347412,0.0649607926607132,0.06442438066005707
162,0.043030817061662674,108.81703186035156,0.08384643495082855,0.04298725724220276,106.23394012451172,0.0844990536570549,0.06458824127912521,0.0644703283905983,0.06493315100669861,0.06440186500549316
163,0.042965032160282135,108.70311737060547,0.08379995822906494,0.042922861874103546,106.11750793457031,0.08445064723491669,0.0645589679479599,0.06444627791643143,0.06490592658519745,0.06437952816486359
164,0.04289949685335159,108.58992004394531,0.08375375717878342,0.04285876825451851,106.00189208984375,0.08440256118774414,0.06453008204698563,0.06442230939865112,0.06487909704446793,0.06435732543468475
165,0.0428340807557106,108.47736358642578,0.08370780944824219,0.04279470071196556,105.88707733154297,0.08435475826263428,0.06450155377388,0.06439851969480515,0.06485258042812347,0.06433511525392532
166,0.042768966406583786,108.3655014038086,0.08366215229034424,0.04273098334670067,105.77310180664062,0.08430731296539307,0.0644732192158699,0.06437478214502335,0.06482639908790588,0.0643128901720047
167,0.042704079300165176,108.25438690185547,0.0836167261004448,0.042667459696531296,105.66006469726562,0.08426020294427872,0.06444498151540756,0.0643509179353714,0.06480046361684799,0.0642906129360199
168,0.04263903200626373,108.1440200805664,0.08357155323028564,0.04260370507836342,105.54781341552734,0.08421338349580765,0.06441708654165268,0.06432738155126572,0.0647747591137886,0.06426862627267838
169,0.04257403314113617,108.03414916992188,0.08352663367986679,0.04254018887877464,105.43624877929688,0.08416686207056046,0.06438952684402466,0.0643041804432869,0.06474938243627548,0.06424690037965775
170,0.042509354650974274,107.92488861083984,0.08348194509744644,0.04247709736227989,105.32546997070312,0.08412062376737595,0.06436222791671753,0.06428112089633942,0.06472418457269669,0.06422536075115204
171,0.042445145547389984,107.81639099121094,0.08343751728534698,0.04241439327597618,105.21569061279297,0.0840747132897377,0.06433531641960144,0.06425797194242477,0.06469915062189102,0.06420383602380753
172,0.04238118603825569,107.70856475830078,0.08339333534240723,0.04235203191637993,105.10647583007812,0.08402903378009796,0.06430870294570923,0.06423483788967133,0.0646745041012764,0.06418240815401077
173,0.04231748729944229,107.60124206542969,0.08334930986166,0.04228998348116875,104.99797058105469,0.0839836373925209,0.0642823800444603,0.06421186774969101,0.06465014070272446,0.06416107714176178
174,0.0422542467713356,107.4945297241211,0.08330555260181427,0.04222811013460159,104.89030456542969,0.08393853157758713,0.06425637751817703,0.06418915092945099,0.06462600082159042,0.06413982063531876
175,0.04219122603535652,107.38835906982422,0.08326199650764465,0.04216662421822548,104.7833023071289,0.08389369398355484,0.06423070281744003,0.06416668742895126,0.06460215896368027,0.06411848962306976
176,0.04212838411331177,107.28286743164062,0.08321864902973175,0.04210544750094414,104.67707061767578,0.08384913951158524,0.0642053559422493,0.06414446979761124,0.0645785704255104,0.06409724801778793
177,0.04206600785255432,107.17781829833984,0.08317547291517258,0.042044904083013535,104.57151794433594,0.08380483090877533,0.0641801580786705,0.06412231177091599,0.0645550787448883,0.06407596170902252
178,0.04200410097837448,107.07323455810547,0.08313249051570892,0.041984740644693375,104.46658325195312,0.08376077562570572,0.0641552209854126,0.0641002506017685,0.06453172117471695,0.06405459344387054
179,0.04194251447916031,106.96910095214844,0.08308969438076019,0.04192478209733963,104.36224365234375,0.08371694386005402,0.06413041800260544,0.06407848745584488,0.06450832635164261,0.06403328478336334
180,0.0418812520802021,106.86550903320312,0.083047054708004,0.04186531901359558,104.2585678100586,0.08367335796356201,0.06410562247037888,0.06405679881572723,0.06448506563901901,0.06401202082633972
181,0.041820503771305084,106.76239776611328,0.08300463855266571,0.041806288063526154,104.1554946899414,0.08363000303506851,0.06408094614744186,0.06403522193431854,0.06446179747581482,0.06399077922105789
182,0.04176012799143791,106.65985870361328,0.08296239376068115,0.0417475625872612,104.0530014038086,0.08358685672283173,0.06405629217624664,0.06401366740465164,0.06443861126899719,0.06396956741809845
183,0.041700225323438644,106.557861328125,0.08292035758495331,0.0416891872882843,103.95117950439453,0.08354394137859344,0.06403181701898575,0.06399228423833847,0.06441552937030792,0.06394850462675095
184,0.0416407436132431,106.4563217163086,0.08287853747606277,0.04163128882646561,103.8499984741211,0.08350127190351486,0.06400749832391739,0.06397097557783127,0.06439244747161865,0.06392748653888702
185,0.041581474244594574,106.35533142089844,0.08283686637878418,0.04157380387187004,103.74945831298828,0.08345887809991837,0.06398328393697739,0.06394968181848526,0.06436946243047714,0.06390655040740967
186,0.04152251407504082,106.25477600097656,0.08279536664485931,0.041516780853271484,103.6495132446289,0.08341670781373978,0.06395923346281052,0.06392864137887955,0.064346544444561,0.06388559192419052
187,0.04146384075284004,106.15464782714844,0.08275404572486877,0.0414600670337677,103.55026245117188,0.08337479084730148,0.06393527239561081,0.06390772759914398,0.06432358175516129,0.06386466324329376
188,0.04140564054250717,106.05508422851562,0.08271289616823196,0.041403628885746,103.4515380859375,0.0833330973982811,0.06391145288944244,0.06388665735721588,0.06430070102214813,0.06384365260601044
189,0.04134801775217056,105.95604705810547,0.08267195522785187,0.041347868740558624,103.35347747802734,0.08329161256551743,0.06388777494430542,0.06386570632457733,0.06427797675132751,0.06382258981466293
190,0.041290976107120514,105.85749053955078,0.0826311931014061,0.04129263386130333,103.25601196289062,0.08325038105249405,0.06386405974626541,0.06384474784135818,0.06425520032644272,0.06380155682563782
191,0.04123422130942345,105.75945281982422,0.08259060233831406,0.041237615048885345,103.1591567993164,0.08320938050746918,0.06384054571390152,0.0638238713145256,0.06423253566026688,0.06378060579299927
192,0.041177935898303986,105.66192626953125,0.08255024254322052,0.04118313267827034,103.06289672851562,0.08316861838102341,0.063817098736763,0.06380301713943481,0.06420991569757462,0.06375972926616669
193,0.041122112423181534,105.56481170654297,0.08251001685857773,0.041128970682621,102.9672622680664,0.08312810212373734,0.06379370391368866,0.06378217786550522,0.06418722122907639,0.06373892724514008
194,0.04106663912534714,105.4681625366211,0.08246998488903046,0.0410749725997448,102.87220764160156,0.08308780938386917,0.0637703463435173,0.06376148015260696,0.06416451930999756,0.06371824443340302
195,0.041011542081832886,105.37206268310547,0.0824301466345787,0.04102145507931709,102.77783203125,0.0830477848649025,0.06374699622392654,0.06374078243970871,0.06414180248975754,0.0636977106332779
196,0.04095687344670296,105.27644348144531,0.08239047229290009,0.040968310087919235,102.68414306640625,0.08300802856683731,0.06372346729040146,0.0637202039361,0.06411904096603394,0.0636773332953453
197,0.040902696549892426,105.18125915527344,0.08235099166631699,0.0409158356487751,102.5911636352539,0.08296853303909302,0.06369993090629578,0.06369972974061966,0.06409601867198944,0.06365697085857391
198,0.04084900766611099,105.08683776855469,0.08231177926063538,0.04086380824446678,102.4988021850586,0.08292927592992783,0.06367623060941696,0.06367922574281693,0.06407317519187927,0.0636366605758667
199,0.04079557582736015,104.99288940429688,0.08227274566888809,0.04081194847822189,102.40707397460938,0.08289025723934174,0.06365253776311874,0.06365890055894852,0.06405032426118851,0.06361645460128784
200,0.04074275493621826,104.89952087402344,0.08223393559455872,0.04076077416539192,102.3160171508789,0.08285147696733475,0.06362900882959366,0.0636386051774025,0.06402745097875595,0.06359628587961197
201,0.04069051146507263,104.80661010742188,0.08219528198242188,0.04071011394262314,102.22559356689453,0.08281295001506805,0.06360555440187454,0.06361845880746841,0.06400454044342041,0.06357616186141968
202,0.04063882306218147,104.71421813964844,0.08215682953596115,0.040659911930561066,102.135986328125,0.08277470618486404,0.06358206272125244,0.06359837204217911,0.06398150324821472,0.06355615705251694
203,0.04058762267231941,104.6222915649414,0.08211854845285416,0.04061011224985123,102.04706573486328,0.08273673057556152,0.0635586753487587,0.06357840448617935,0.06395837664604187,0.06353618949651718
204,0.04053690284490585,104.53108978271484,0.08208052814006805,0.04056071490049362,101.9588623046875,0.08269902318716049,0.06353529542684555,0.06355857849121094,0.06393538415431976,0.06351634860038757
205,0.04048673063516617,104.44041442871094,0.08204268664121628,0.04051172733306885,101.8714599609375,0.08266161382198334,0.06351201981306076,0.06353892385959625,0.06391232460737228,0.0634966641664505
206,0.04043711721897125,104.35050964355469,0.08200516551733017,0.040463220328092575,101.78462219238281,0.08262443542480469,0.0634886771440506,0.06351936608552933,0.0638892650604248,0.06347709894180298
207,0.040387995541095734,104.2610855102539,0.0819678083062172,0.040415097028017044,101.69847869873047,0.08258751779794693,0.063465416431427,0.0635000541806221,0.06386614590883255,0.06345760077238083
208,0.04033944010734558,104.17221069335938,0.08193065971136093,0.04036756604909897,101.613037109375,0.08255088329315186,0.0634421780705452,0.06348086893558502,0.06384306401014328,0.06343819946050644
209,0.04029140993952751,104.08373260498047,0.0818936750292778,0.04032055661082268,101.52818298339844,0.08251447230577469,0.06341888755559921,0.06346176564693451,0.06381984800100327,0.0634189173579216
210,0.04024386405944824,103.99588012695312,0.08185694366693497,0.04027415066957474,101.44395446777344,0.08247832208871841,0.06339550763368607,0.06344260275363922,0.06379663944244385,0.06339969485998154
211,0.04019688069820404,103.90851593017578,0.08182036876678467,0.04022831842303276,101.36036682128906,0.08244239538908005,0.06337220966815948,0.06342349201440811,0.06377333402633667,0.06338050961494446
212,0.04015020653605461,103.82168579101562,0.08178402483463287,0.04018282890319824,101.27751159667969,0.08240675926208496,0.06334901601076126,0.06340444087982178,0.0637500062584877,0.06336142122745514
213,0.04010412469506264,103.73546600341797,0.08174791187047958,0.04013802856206894,101.19522857666016,0.08237135410308838,0.06332575529813766,0.063385508954525,0.06372661143541336,0.06334247440099716
214,0.040058787912130356,103.64967346191406,0.08171196281909943,0.04009375721216202,101.11376953125,0.08233624696731567,0.06330239772796631,0.06336674839258194,0.06370311230421066,0.06332363188266754
215,0.04001408815383911,103.564453125,0.08167620748281479,0.040050067007541656,101.03287506103516,0.08230136334896088,0.06327889114618301,0.06334810703992844,0.0636795312166214,0.06330495327711105
216,0.03997000679373741,103.4797592163086,0.08164068311452866,0.04000687226653099,100.95258331298828,0.08226671069860458,0.0632554218173027,0.06332950294017792,0.06365588307380676,0.06328646838665009
217,0.03992646187543869,103.39552307128906,0.08160532265901566,0.03996410220861435,100.872802734375,0.08223229646682739,0.0632319226861,0.06331091374158859,0.06363216042518616,0.06326816231012344
218,0.03988346830010414,103.31173706054688,0.08157017081975937,0.03992164134979248,100.7936019897461,0.0821981206536293,0.06320846080780029,0.06329257786273956,0.06360830366611481,0.06324993818998337
219,0.03984103351831436,103.22845458984375,0.0815352201461792,0.03987979516386986,100.7149429321289,0.08216412365436554,0.06318491697311401,0.06327437609434128,0.0635843351483345,0.06323175877332687
220,0.03979914262890816,103.14558410644531,0.08150039613246918,0.03983831778168678,100.6368637084961,0.08213037252426147,0.06316134333610535,0.06325627118349075,0.06356023252010345,0.06321362406015396
221,0.03975783661007881,103.06330871582031,0.08146583288908005,0.039797455072402954,100.55941009521484,0.08209686726331711,0.06313776969909668,0.06323840469121933,0.06353611499071121,0.06319557130336761
222,0.03971705958247185,102.98143005371094,0.08143139630556107,0.03975702449679375,100.48260498046875,0.08206360787153244,0.06311433017253876,0.06322070211172104,0.06351181119680405,0.06317760050296783
223,0.039676692336797714,102.90005493164062,0.0813971757888794,0.03971701115369797,100.4063720703125,0.08203057199716568,0.06309100985527039,0.06320308148860931,0.06348741799592972,0.06315982341766357
224,0.039636723697185516,102.81910705566406,0.08136309683322906,0.039677295833826065,100.33061981201172,0.08199773728847504,0.06306768953800201,0.06318553537130356,0.06346294283866882,0.06314219534397125
225,0.03959719091653824,102.7386474609375,0.08132924884557724,0.03963800519704819,100.25537109375,0.08196509629487991,0.06304444372653961,0.06316805630922318,0.06343842297792435,0.06312476098537445
226,0.03955816477537155,102.6585922241211,0.08129552751779556,0.039599161595106125,100.18065643310547,0.0819326788187027,0.06302126497030258,0.06315085291862488,0.06341395527124405,0.063107430934906
227,0.03951961547136307,102.57896423339844,0.08126199245452881,0.039560820907354355,100.1064224243164,0.081900455057621,0.06299832463264465,0.06313382834196091,0.06338940560817719,0.06309016793966293
228,0.03948156535625458,102.49972534179688,0.08122862130403519,0.03952300548553467,100.0327377319336,0.08186844736337662,0.0629754588007927,0.0631169006228447,0.06336486339569092,0.06307297199964523
229,0.03944405913352966,102.42091369628906,0.0811953917145729,0.03948582336306572,99.95957946777344,0.08183664083480835,0.06295273452997208,0.0630999356508255,0.06334030628204346,0.06305576860904694
230,0.03940702602267265,102.34254455566406,0.08116233348846436,0.03944894298911095,99.88691711425781,0.0818050280213356,0.06293005496263504,0.06308306008577347,0.06331570446491241,0.06303863972425461
231,0.03937031328678131,102.26465606689453,0.08112949132919312,0.03941241279244423,99.81475830078125,0.08177362382411957,0.06290742754936218,0.0630662813782692,0.06329119950532913,0.06302168220281601
232,0.039334043860435486,102.18718719482422,0.08109679073095322,0.03937632218003273,99.7431640625,0.08174240589141846,0.06288482248783112,0.0630495697259903,0.06326666474342346,0.06300480663776398
233,0.03929821774363518,102.11015319824219,0.08106423914432526,0.039340704679489136,99.67203521728516,0.08171140402555466,0.06286218762397766,0.0630328431725502,0.06324216723442078,0.06298799812793732
234,0.03926274552941322,102.03349304199219,0.08103185892105103,0.03930536285042763,99.60143280029297,0.08168059587478638,0.06283953040838242,0.06301622837781906,0.0632176324725151,0.06297127902507782
235,0.03922760859131813,101.95729064941406,0.08099966496229172,0.039270251989364624,99.53131103515625,0.0816500186920166,0.06281707435846329,0.06299954652786255,0.0631931871175766,0.06295464187860489
236,0.039192792028188705,101.8813705444336,0.08096756041049957,0.03923546150326729,99.46170806884766,0.08161963522434235,0.06279481202363968,0.06298305094242096,0.0631687194108963,0.06293805688619614
237,0.03915827348828316,101.80593872070312,0.08093570172786713,0.039201099425554276,99.39263153076172,0.0815894603729248,0.0627727061510086,0.06296657025814056,0.06314432621002197,0.0629216730594635
238,0.03912413865327835,101.73095703125,0.08090393245220184,0.03916686400771141,99.32392120361328,0.08155936002731323,0.06275080889463425,0.06294994801282883,0.06312010437250137,0.06290522962808609
239,0.03909013792872429,101.6563491821289,0.08087232708930969,0.03913265839219093,99.25580596923828,0.08152947574853897,0.06272914260625839,0.0629335418343544,0.06309594959020615,0.06288888305425644
240,0.03905651718378067,101.582275390625,0.08084089308977127,0.039098892360925674,99.18817901611328,0.08149977028369904,0.06270759552717209,0.06291728466749191,0.06307176500558853,0.0628727376461029
241,0.03902336582541466,101.50870513916016,0.08080968260765076,0.039065808057785034,99.12103271484375,0.08147027343511581,0.0626860037446022,0.06290113180875778,0.06304766237735748,0.06285670399665833
242,0.03899062052369118,101.4355239868164,0.0807785913348198,0.039033193141222,99.05430603027344,0.08144094049930573,0.06266448646783829,0.06288502365350723,0.06302347034215927,0.06284079700708389
243,0.03895821049809456,101.36273193359375,0.08074767887592316,0.039000917226076126,98.98806762695312,0.08141178637742996,0.06264309585094452,0.06286884099245071,0.06299935281276703,0.06282490491867065
244,0.03892623260617256,101.29035186767578,0.08071684837341309,0.03896917775273323,98.92255401611328,0.0813828706741333,0.06262170523405075,0.06285281479358673,0.06297522038221359,0.06280899792909622
245,0.038894712924957275,101.21847534179688,0.08068621158599854,0.038937587291002274,98.8573989868164,0.08135407418012619,0.06260036677122116,0.0628366470336914,0.06295110285282135,0.06279318779706955
246,0.03886352851986885,101.14705657958984,0.08065573871135712,0.03890632838010788,98.79273223876953,0.0813254788517952,0.06257925182580948,0.06282056868076324,0.06292708963155746,0.06277745217084885
247,0.03883260115981102,101.07606506347656,0.08062542974948883,0.038875214755535126,98.72844696044922,0.08129704743623734,0.06255797296762466,0.0628046840429306,0.06290309131145477,0.0627618134021759
248,0.0388018898665905,101.00532531738281,0.0805952250957489,0.03884437307715416,98.66471099853516,0.08126883208751678,0.06253717839717865,0.06278888136148453,0.0628790408372879,0.06274624168872833
249,0.038771405816078186,100.93508911132812,0.08056522905826569,0.0388137586414814,98.601318359375,0.08124075829982758,0.06251648813486099,0.06277311593294144,0.06285519897937775,0.06273087859153748
250,0.03874114900827408,100.8652572631836,0.08053537458181381,0.03878343105316162,98.53829956054688,0.0812128558754921,0.06249605864286423,0.0627572312951088,0.06283152103424072,0.06271561980247498
251,0.03871108591556549,100.79561614990234,0.0805056020617485,0.03875332325696945,98.47565460205078,0.08118510246276855,0.06247580796480179,0.06274139136075974,0.06280797719955444,0.0627003088593483
252,0.03868120163679123,100.72647857666016,0.0804760605096817,0.03872338682413101,98.4133529663086,0.08115748316049576,0.062455713748931885,0.06272570043802261,0.06278453022241592,0.06268522888422012
253,0.03865155950188637,100.65751647949219,0.08044655621051788,0.03869367390871048,98.35143280029297,0.08112998306751251,0.062435757368803024,0.06271014362573624,0.06276102364063263,0.06267017871141434
254,0.03862210363149643,100.58894348144531,0.0804172158241272,0.03866424039006233,98.28975677490234,0.0811026319861412,0.062415894120931625,0.06269463151693344,0.06273766607046127,0.06265529990196228
255,0.03859288617968559,100.52069854736328,0.08038797229528427,0.038635093718767166,98.22843170166016,0.08107542246580124,0.062396205961704254,0.06267903745174408,0.06271439790725708,0.06264040619134903
256,0.03856396675109863,100.45279693603516,0.08035886287689209,0.038606077432632446,98.16757202148438,0.0810483917593956,0.06237664446234703,0.0626635029911995,0.06269118934869766,0.06262554973363876
257,0.0385352224111557,100.38525390625,0.08032994717359543,0.038577232509851456,98.10707092285156,0.08102153241634369,0.06235717609524727,0.06264802068471909,0.06266815960407257,0.06261073797941208
258,0.038506701588630676,100.31795501708984,0.08030112087726593,0.03854849189519882,98.04683685302734,0.08099477738142014,0.0623379610478878,0.06263242661952972,0.06264523416757584,0.0625959187746048
259,0.03847837820649147,100.25098419189453,0.08027239888906479,0.03851990029215813,97.98699951171875,0.08096819370985031,0.06231885403394699,0.0626169964671135,0.06262242794036865,0.06258118897676468
260,0.038450222462415695,100.18437194824219,0.08024384081363678,0.03849157691001892,97.92741394042969,0.08094172179698944,0.06229976564645767,0.0626014992594719,0.06259973347187042,0.06256652623414993
261,0.038422197103500366,100.11793518066406,0.08021537214517593,0.03846340999007225,97.8681869506836,0.08091538399457932,0.062280863523483276,0.06258606165647507,0.06257717311382294,0.06255184859037399
262,0.0383942574262619,100.05181884765625,0.08018700033426285,0.038435302674770355,97.80915069580078,0.08088915050029755,0.06226202845573425,0.0625704824924469,0.06255476176738739,0.06253721565008163
263,0.038366395980119705,99.98593139648438,0.08015874028205872,0.038407184183597565,97.75035858154297,0.08086301386356354,0.062243394553661346,0.06255488097667694,0.06253249943256378,0.06252256780862808
264,0.03833868354558945,99.92032623291016,0.08013059943914413,0.0383792519569397,97.6919174194336,0.08083702623844147,0.06222495436668396,0.06253926455974579,0.0625104159116745,0.06250794976949692
265,0.03831113129854202,99.85504913330078,0.0801025852560997,0.038351524621248245,97.63359832763672,0.08081108331680298,0.062206365168094635,0.0625237450003624,0.0624883808195591,0.06249351054430008
266,0.03828376904129982,99.79000091552734,0.08007466793060303,0.03832403942942619,97.57550048828125,0.08078522980213165,0.06218798831105232,0.06250817328691483,0.062466446310281754,0.06247910112142563
267,0.038256559520959854,99.7253189086914,0.0800468772649765,0.03829674795269966,97.51763153076172,0.0807594433426857,0.06216954067349434,0.06249261274933815,0.06244450807571411,0.062464773654937744
268,0.03822951018810272,99.6608657836914,0.08001917600631714,0.03826963156461716,97.46002197265625,0.0807337835431099,0.062151189893484116,0.0624772273004055,0.06242268159985542,0.06245052441954613
269,0.03820260986685753,99.59664916992188,0.07999157905578613,0.03824274614453316,97.4026870727539,0.08070822060108185,0.06213300675153732,0.06246186047792435,0.062400978058576584,0.06243643909692764
270,0.038175832480192184,99.53272247314453,0.07996411621570587,0.03821597248315811,97.34564208984375,0.08068279176950455,0.062114983797073364,0.06244655326008797,0.0623793862760067,0.06242234632372856
271,0.03814908489584923,99.46908569335938,0.07993675023317337,0.03818928077816963,97.28888702392578,0.0806574746966362,0.06209692731499672,0.06243139132857323,0.06235799193382263,0.062408313155174255
272,0.03812239319086075,99.40575408935547,0.07990948855876923,0.03816259279847145,97.2323989868164,0.08063223212957382,0.062078915536403656,0.06241621449589729,0.062336742877960205,0.06239430233836174
273,0.03809579089283943,99.34285736083984,0.07988241314888,0.03813600167632103,97.17638397216797,0.08060717582702637,0.06206098571419716,0.06240115687251091,0.06231575459241867,0.062380410730838776
274,0.03806927427649498,99.28019714355469,0.07985541969537735,0.03810951113700867,97.12059020996094,0.08058221638202667,0.06204308941960335,0.06238613650202751,0.06229475513100624,0.06236657500267029
275,0.03804292529821396,99.21782684326172,0.07982851564884186,0.038083165884017944,97.06497955322266,0.08055733144283295,0.06202506646513939,0.06237112730741501,0.06227387115359306,0.06235277280211449
276,0.038016755133867264,99.15560913085938,0.07980172336101532,0.03805698826909065,97.00961303710938,0.08053255081176758,0.06200704351067543,0.06235621124505997,0.062253113836050034,0.06233898550271988
277,0.03799072653055191,99.09365844726562,0.07977499812841415,0.03803085908293724,96.95442962646484,0.08050783723592758,0.061988960951566696,0.06234138831496239,0.062232378870248795,0.06232527270913124
278,0.03796487674117088,99.03195190429688,0.07974838465452194,0.038004934787750244,96.8994140625,0.08048319071531296,0.06197086349129677,0.06232661008834839,0.062211740761995316,0.062311649322509766
279,0.03793926164507866,98.97037506103516,0.07972182333469391,0.03797925263643265,96.84458923339844,0.0804586410522461,0.06195271760225296,0.062311802059412,0.06219109892845154,0.06229793652892113
280,0.03791381046175957,98.90902709960938,0.07969536632299423,0.03795376792550087,96.78997039794922,0.08043418079614639,0.061934538185596466,0.06229701638221741,0.06217055767774582,0.062284309417009354
281,0.03788849711418152,98.84790802001953,0.07966899871826172,0.03792837634682655,96.73555755615234,0.08040978759527206,0.0619162917137146,0.06228219345211983,0.06215003877878189,0.062270693480968475
282,0.03786330297589302,98.7868881225586,0.07964267581701279,0.0379030779004097,96.68124389648438,0.08038543909788132,0.0618978850543499,0.06226735934615135,0.06212954223155975,0.062257181853055954
283,0.03783825784921646,98.72624206542969,0.07961651682853699,0.03787793591618538,96.62705993652344,0.08036116510629654,0.06187957897782326,0.062252577394247055,0.06210914999246597,0.062243781983852386
284,0.03781331330537796,98.66574096679688,0.07959040254354477,0.037852972745895386,96.57303619384766,0.08033695071935654,0.06186121329665184,0.06223785877227783,0.062088824808597565,0.06223041191697121
285,0.037788499146699905,98.60545349121094,0.07956437766551971,0.03782818838953972,96.51914978027344,0.08031279593706131,0.06184278801083565,0.06222321465611458,0.06206847354769707,0.0622171051800251
286,0.0377638041973114,98.54536437988281,0.07953844964504242,0.03780340775847435,96.46544647216797,0.08028872311115265,0.06182444840669632,0.06220860034227371,0.06204821541905403,0.06220381334424019
287,0.03773902729153633,98.48550415039062,0.0795125886797905,0.0377785824239254,96.41197204589844,0.08026472479104996,0.06180616468191147,0.062194082885980606,0.062027983367443085,0.062190596014261246
288,0.03771438077092171,98.4259033203125,0.07948684692382812,0.037753988057374954,96.35869598388672,0.08024080097675323,0.061788011342287064,0.06217965483665466,0.06200782209634781,0.06217747926712036
289,0.0376899354159832,98.3664779663086,0.07946119457483292,0.037729691714048386,96.30545043945312,0.0802168995141983,0.061769600957632065,0.0621652826666832,0.06198767572641373,0.06216445565223694
290,0.03766564652323723,98.30719757080078,0.07943559437990189,0.037705566734075546,96.25237274169922,0.08019308745861053,0.06175121292471886,0.06215096265077591,0.061967507004737854,0.06215144321322441
291,0.03764146566390991,98.24816131591797,0.07941009849309921,0.037681613117456436,96.1993179321289,0.08016927540302277,0.06173274666070938,0.062136657536029816,0.06194743514060974,0.06213860213756561
292,0.037617430090904236,98.18926239013672,0.07938463985919952,0.037657856941223145,96.1463623046875,0.08014552295207977,0.061714328825473785,0.06212248280644417,0.061927326023578644,0.06212577223777771
293,0.03759355843067169,98.13053894042969,0.07935930788516998,0.03763427212834358,96.09354400634766,0.08012180775403976,0.061695899814367294,0.06210831180214882,0.061907291412353516,0.06211300194263458
294,0.0375698059797287,98.07205963134766,0.07933402806520462,0.0376107320189476,96.04090118408203,0.08009816706180573,0.06167745590209961,0.06209414824843407,0.061887335032224655,0.06210019066929817
295,0.03754618763923645,98.0138168334961,0.07930883020162582,0.03758737072348595,95.98835754394531,0.08007459342479706,0.061658911406993866,0.06208008900284767,0.06186748668551445,0.062087491154670715
296,0.037522681057453156,97.95570373535156,0.0792837142944336,0.03756411001086235,95.93592834472656,0.08005104959011078,0.0616404190659523,0.06206609681248665,0.06184765323996544,0.06207483634352684
297,0.03749925270676613,97.8978042602539,0.07925868779420853,0.0375409759581089,95.88361358642578,0.08002756536006927,0.06162181869149208,0.06205218285322189,0.06182778254151344,0.0620623417198658
298,0.03747592866420746,97.84001922607422,0.07923372089862823,0.03751789778470993,95.83146667480469,0.08000415563583374,0.06160319596529007,0.06203834339976311,0.06180796027183533,0.06204983964562416
299,0.03745269775390625,97.78253936767578,0.0792088657617569,0.037494901567697525,95.7796630859375,0.07998085021972656,0.06158487871289253,0.06202451139688492,0.06178836524486542,0.06203741580247879
300,0.03742960840463638,97.72541809082031,0.07918410748243332,0.037472039461135864,95.72795867919922,0.07995758205652237,0.061566535383462906,0.06201067939400673,0.06176908686757088,0.06202509626746178
301,0.03740660101175308,97.66839599609375,0.07915942370891571,0.03744928166270256,95.67642211914062,0.07993440330028534,0.061547812074422836,0.061996955424547195,0.061749573796987534,0.06201282888650894
302,0.03738368675112724,97.61151123046875,0.07913477718830109,0.037426676601171494,95.62498474121094,0.0799112468957901,0.06152895838022232,0.06198325753211975,0.061730094254016876,0.06200060993432999
303,0.037360917776823044,97.55493927001953,0.07911026477813721,0.03740425035357475,95.57356262207031,0.07988808304071426,0.061509858816862106,0.06196955218911171,0.0617106594145298,0.06198853999376297
304,0.03733827546238899,97.49845886230469,0.07908578217029572,0.03738207370042801,95.52223205566406,0.0798649787902832,0.06149078533053398,0.061955880373716354,0.061691295355558395,0.06197638064622879
305,0.03731578588485718,97.44224548339844,0.07906144857406616,0.03736010566353798,95.47102355957031,0.07984191179275513,0.06147163361310959,0.06194239482283592,0.06167195364832878,0.061964355409145355
306,0.03729340806603432,97.38611602783203,0.07903710007667542,0.03733823075890541,95.41996002197266,0.07981891930103302,0.061452630907297134,0.061928872019052505,0.06165260821580887,0.06195240467786789
307,0.03727113455533981,97.3302230834961,0.07901289314031601,0.03731667250394821,95.36898040771484,0.0797959715127945,0.06143360212445259,0.06191541627049446,0.06163327768445015,0.061940450221300125
308,0.037249065935611725,97.27458190917969,0.07898876816034317,0.03729536011815071,95.31828308105469,0.07977313548326492,0.061414726078510284,0.06190213933587074,0.06161397695541382,0.06192866712808609
309,0.03722723573446274,97.21904754638672,0.07896468788385391,0.03727411851286888,95.267578125,0.07975029945373535,0.061395708471536636,0.06188895180821419,0.06159474328160286,0.061916906386613846
310,0.037205468863248825,97.16365051269531,0.07894067466259003,0.037253133952617645,95.21692657470703,0.07972747832536697,0.06137654557824135,0.061875831335783005,0.0615755096077919,0.06190519779920578
311,0.037183862179517746,97.10846710205078,0.07891674339771271,0.037232302129268646,95.16639709472656,0.07970470935106277,0.0613575354218483,0.061862844973802567,0.061556313186883926,0.06189359351992607
312,0.037162430584430695,97.05331420898438,0.07889284938573837,0.0372115857899189,95.11591339111328,0.07968195527791977,0.061338428407907486,0.06184983626008034,0.06153707206249237,0.061881937086582184
313,0.03714107349514961,96.99850463867188,0.0788690447807312,0.037190865725278854,95.06562042236328,0.07965926826000214,0.0613192655146122,0.06183697655797005,0.061517927795648575,0.061870407313108444
314,0.0371197909116745,96.94393920898438,0.07884540408849716,0.037170227617025375,95.01558685302734,0.07963669300079346,0.06130019202828407,0.06182435527443886,0.06149882823228836,0.06185914948582649
315,0.03709859028458595,96.88951110839844,0.07882178574800491,0.03714967891573906,94.96561431884766,0.07961414009332657,0.061280976980924606,0.06181186065077782,0.0614798404276371,0.06184784322977066
316,0.037077512592077255,96.83523559570312,0.07879824936389923,0.037129271775484085,94.91575622558594,0.07959164679050446,0.06126163527369499,0.06179951876401901,0.06146085634827614,0.06183662265539169
317,0.03705652430653572,96.78108215332031,0.07877472043037415,0.037108875811100006,94.86591339111328,0.07956916093826294,0.06124218925833702,0.0617871917784214,0.06144183501601219,0.06182542443275452
318,0.03703559562563896,96.7271728515625,0.0787513479590416,0.03708868473768234,94.81641387939453,0.07954680174589157,0.06122291088104248,0.06177496537566185,0.0614229217171669,0.06181437149643898
319,0.03701487183570862,96.67350006103516,0.07872804254293442,0.037068672478199005,94.76690673828125,0.07952441275119781,0.06120358780026436,0.06176270171999931,0.06140412390232086,0.061803385615348816
320,0.03699434548616409,96.6200180053711,0.07870477437973022,0.037048984318971634,94.71776580810547,0.0795021504163742,0.06118427589535713,0.06175052374601364,0.06138547509908676,0.06179232895374298
321,0.03697429969906807,96.56687927246094,0.07868165522813797,0.037029754370450974,94.66877746582031,0.0794798880815506,0.06116483733057976,0.06173839420080185,0.0613667257130146,0.06178143247961998
322,0.03695409372448921,96.51398468017578,0.0786585807800293,0.037009719759225845,94.61996459960938,0.07945764064788818,0.061145346611738205,0.06172627955675125,0.06134800612926483,0.061770569533109665
323,0.03693336620926857,96.46145629882812,0.07863565534353256,0.03698951378464699,94.57128143310547,0.07943546026945114,0.06112581863999367,0.06171415001153946,0.06132925674319267,0.06175976246595383
324,0.03691265732049942,96.40902709960938,0.07861275225877762,0.03696943446993828,94.52288055419922,0.07941340655088425,0.06110638380050659,0.061702124774456024,0.061310600489377975,0.06174894794821739
325,0.03689204528927803,96.35688781738281,0.07858999073505402,0.03694939240813255,94.47467041015625,0.07939145714044571,0.06108701229095459,0.061690203845500946,0.06129204109311104,0.061738234013319016
326,0.0368715338408947,96.3049087524414,0.07856728881597519,0.03692958131432533,94.4264907836914,0.07936952263116837,0.06106753274798393,0.06167832016944885,0.06127360835671425,0.06172752380371094
327,0.0368511863052845,96.2530746459961,0.07854463905096054,0.03690985590219498,94.37850189208984,0.07934767007827759,0.06104802340269089,0.061666663736104965,0.061255209147930145,0.06171690300107002
328,0.03683096170425415,96.20142364501953,0.07852208614349365,0.036890365183353424,94.33072662353516,0.07932590693235397,0.06102857366204262,0.0616549476981163,0.06123686581850052,0.061706338077783585
329,0.036810845136642456,96.1500015258789,0.07849960029125214,0.03687093406915665,94.28318786621094,0.07930423319339752,0.061009250581264496,0.06164330616593361,0.06121858209371567,0.061695873737335205
330,0.03679076209664345,96.09888458251953,0.07847723364830017,0.03685164079070091,94.2357406616211,0.07928259670734406,0.06099001318216324,0.06163172796368599,0.0612003467977047,0.06168551743030548
331,0.03677089139819145,96.04791259765625,0.07845494896173477,0.03683251887559891,94.18843078613281,0.07926101982593536,0.060970816761255264,0.06162015721201897,0.06118211895227432,0.06167527660727501
332,0.03675122559070587,95.99712371826172,0.07843273133039474,0.0368136465549469,94.14120483398438,0.07923950254917145,0.060951560735702515,0.06160861253738403,0.06116389110684395,0.06166505813598633
333,0.03673171252012253,95.94657135009766,0.07841058075428009,0.036794841289520264,94.09416198730469,0.0792180672287941,0.060932308435440063,0.06159713864326477,0.061145756393671036,0.061654940247535706
334,0.036712244153022766,95.89614868164062,0.07838855683803558,0.03677612543106079,94.04729461669922,0.07919670641422272,0.060913123190402985,0.06158576160669327,0.06112772226333618,0.06164487451314926
335,0.036692921072244644,95.84593963623047,0.07836659252643585,0.036757566034793854,94.00050354003906,0.07917539030313492,0.06089383363723755,0.06157441809773445,0.0611097626388073,0.06163488328456879
336,0.03667375445365906,95.7959213256836,0.07834469527006149,0.03673914819955826,93.95391082763672,0.07915415614843369,0.06087467446923256,0.06156304106116295,0.06109189987182617,0.06162484362721443
337,0.03665471076965332,95.74603271484375,0.0783228948712349,0.03672084957361221,93.90743255615234,0.07913297414779663,0.0608554370701313,0.06155172362923622,0.06107405200600624,0.06161493808031082
338,0.03663581237196922,95.69632720947266,0.07830112427473068,0.03670267388224602,93.8610610961914,0.07911185175180435,0.06083637475967407,0.06154042109847069,0.06105632334947586,0.06160502880811691
339,0.03661704435944557,95.64680480957031,0.07827945798635483,0.03668464347720146,93.81482696533203,0.07909078150987625,0.06081734970211983,0.06152913719415665,0.06103867292404175,0.06159520149230957
340,0.036598432809114456,95.59742736816406,0.07825786620378494,0.03666672855615616,93.7686996459961,0.07906977832317352,0.06079844385385513,0.06151797994971275,0.06102105602622032,0.06158549711108208
341,0.036579977720975876,95.5482177734375,0.07823635637760162,0.0366489477455616,93.72266387939453,0.07904880493879318,0.06077954173088074,0.06150684505701065,0.061003465205430984,0.06157584488391876
342,0.03656163811683655,95.4991683959961,0.0782148689031601,0.03663131594657898,93.67671966552734,0.07902789115905762,0.06076066941022873,0.06149576976895332,0.06098597124218941,0.06156622990965843
343,0.03654342517256737,95.45030975341797,0.07819350063800812,0.036613818258047104,93.63092041015625,0.07900702208280563,0.06074181944131851,0.06148475036025047,0.06096852943301201,0.06155664846301079
344,0.036525238305330276,95.40167999267578,0.07817220687866211,0.036596301943063736,93.58538055419922,0.07898624986410141,0.060723137110471725,0.06147366762161255,0.06095121428370476,0.06154707446694374
345,0.036507170647382736,95.35322570800781,0.07815098762512207,0.0365789532661438,93.53997802734375,0.07896556705236435,0.06070452556014061,0.06146278977394104,0.06093400716781616,0.0615374855697155
346,0.03648917004466057,95.30498504638672,0.07812988758087158,0.03656155243515968,93.49466705322266,0.07894492149353027,0.060685817152261734,0.06145213171839714,0.060916803777217865,0.06152815371751785
347,0.03647121042013168,95.25694274902344,0.07810886204242706,0.03654428943991661,93.44963836669922,0.07892440259456635,0.06066739186644554,0.061441533267498016,0.060899700969457626,0.061518896371126175
348,0.03645332530140877,95.20901489257812,0.07808788120746613,0.0365271270275116,93.40480041503906,0.07890396565198898,0.06064911559224129,0.06143096089363098,0.060882650315761566,0.06150966137647629
349,0.036435566842556,95.16142272949219,0.07806704193353653,0.03651011735200882,93.36012268066406,0.078883595764637,0.06063084676861763,0.06142044812440872,0.06086571887135506,0.061500489711761475
350,0.03641778603196144,95.11388397216797,0.07804620265960693,0.03649285435676575,93.31565856933594,0.07886330038309097,0.060612745583057404,0.06140991672873497,0.0608488991856575,0.06149108335375786
351,0.036399900913238525,95.06666564941406,0.07802548259496689,0.03647584468126297,93.27135467529297,0.07884304225444794,0.060594622045755386,0.061399418860673904,0.060832101851701736,0.061481863260269165
352,0.03638237342238426,95.01970672607422,0.0780048668384552,0.03645900636911392,93.22713470458984,0.07882286608219147,0.060576438903808594,0.06138903647661209,0.06081537902355194,0.06147276237607002
353,0.036365021020174026,94.9728775024414,0.07798434793949127,0.03644232079386711,93.18314361572266,0.07880277186632156,0.06055837869644165,0.061378736048936844,0.06079874932765961,0.06146366521716118
354,0.036347802728414536,94.92625427246094,0.07796388119459152,0.03642570227384567,93.13931274414062,0.07878275215625763,0.060540325939655304,0.06136849895119667,0.06078213453292847,0.061454664915800095
355,0.03633067384362221,94.87980651855469,0.07794351130723953,0.03640922158956528,93.09564971923828,0.07876280695199966,0.06052231416106224,0.0613582506775856,0.06076563522219658,0.06144572049379349
356,0.03631364181637764,94.83350372314453,0.07792320102453232,0.036392826586961746,93.05203247070312,0.07874291390180588,0.060504283756017685,0.06134810671210289,0.06074916943907738,0.061436768621206284
357,0.03629671782255173,94.78739166259766,0.07790298759937286,0.03637654706835747,93.00857543945312,0.07872307300567627,0.060486335307359695,0.061337947845458984,0.06073278933763504,0.06142783164978027
358,0.03627985343337059,94.74142456054688,0.07788281887769699,0.03636026382446289,92.96524047851562,0.07870332151651382,0.06046845391392708,0.061327867209911346,0.06071648746728897,0.06141887977719307
359,0.03626302629709244,94.69561004638672,0.07786272466182709,0.03634403273463249,92.92201232910156,0.07868359237909317,0.06045057997107506,0.061317842453718185,0.060700248926877975,0.06141000986099243
360,0.03624622896313667,94.65001678466797,0.07784273475408554,0.03632788732647896,92.87898254394531,0.07866398245096207,0.06043287366628647,0.06130782887339592,0.060684096068143845,0.061401188373565674
361,0.036229487508535385,94.6046142578125,0.07782281935214996,0.03631168603897095,92.83605194091797,0.07864440232515335,0.060415174812078476,0.061297886073589325,0.06066802889108658,0.061392441391944885
362,0.03621283546090126,94.559326171875,0.07780295610427856,0.0362955704331398,92.79328918457031,0.07862492650747299,0.06039753928780556,0.06128799170255661,0.0606519915163517,0.06138373538851738
363,0.0361962728202343,94.5143051147461,0.07778321206569672,0.03627953305840492,92.75067901611328,0.078605517745018,0.06037997081875801,0.06127815693616867,0.06063605099916458,0.061375174671411514
364,0.03617977723479271,94.46934509277344,0.07776351273059845,0.03626352548599243,92.7081527709961,0.0785861536860466,0.060362350195646286,0.061268407851457596,0.060620080679655075,0.06136661022901535
365,0.03616335615515709,94.42469787597656,0.07774391770362854,0.03624754771590233,92.66581726074219,0.07856686413288116,0.06034485623240471,0.061258696019649506,0.06060425564646721,0.06135822460055351
366,0.03614700958132744,94.38013458251953,0.07772435247898102,0.03623154014348984,92.62361907958984,0.0785476490855217,0.06032740697264671,0.061249107122421265,0.060588493943214417,0.06134982407093048
367,0.03613070026040077,94.33573150634766,0.07770491391420364,0.03621562197804451,92.5815658569336,0.0785285159945488,0.06031006947159767,0.06123959645628929,0.06057276576757431,0.06134148687124252
368,0.03611445426940918,94.29161834716797,0.07768556475639343,0.036199700087308884,92.53971862792969,0.07850944995880127,0.060292892158031464,0.0612301267683506,0.060557153075933456,0.06133333593606949
369,0.03609824553132057,94.24754333496094,0.0776662603020668,0.03618382662534714,92.49800109863281,0.0784904733300209,0.06027577444911003,0.06122071295976639,0.06054161861538887,0.06132502853870392
370,0.03608204424381256,94.2037353515625,0.07764703780412674,0.03616794943809509,92.45645904541016,0.07847154885530472,0.06025879457592964,0.06121136620640755,0.06052618473768234,0.061316825449466705
371,0.03606587275862694,94.16010284423828,0.07762788236141205,0.03615212440490723,92.4151611328125,0.07845272123813629,0.06024191156029701,0.0612020269036293,0.06051083654165268,0.06130863353610039
372,0.0360499732196331,94.11669921875,0.07760882377624512,0.036136385053396225,92.37387084960938,0.07843393087387085,0.06022489815950394,0.06119268760085106,0.06049549952149391,0.06130049750208855
373,0.036034006625413895,94.07357025146484,0.07758989185094833,0.03612062707543373,92.33295440673828,0.07841528952121735,0.060208071023225784,0.06118341162800789,0.06048029288649559,0.061292409896850586
374,0.03601792827248573,94.0306167602539,0.07757102698087692,0.036104898899793625,92.2921371459961,0.07839671522378922,0.06019119173288345,0.06117424741387367,0.06046515703201294,0.06128445267677307
375,0.036001838743686676,93.98773956298828,0.07755216956138611,0.03608918562531471,92.25155639648438,0.07837822288274765,0.060174327343702316,0.061165161430835724,0.06045011430978775,0.06127643585205078
376,0.035985805094242096,93.94523620605469,0.07753348350524902,0.03607354685664177,92.2111587524414,0.07835983484983444,0.06015752628445625,0.061156123876571655,0.060435179620981216,0.06126869097352028
377,0.03596986457705498,93.90287017822266,0.07751486450433731,0.03605801239609718,92.1708984375,0.07834149152040482,0.06014075502753258,0.06114710122346878,0.060420215129852295,0.06126099079847336
378,0.03595398738980293,93.8606948852539,0.07749630510807037,0.03604242950677872,92.13082122802734,0.07832324504852295,0.06012409180402756,0.061138104647397995,0.06040539592504501,0.061253275722265244
379,0.03593812510371208,93.81867980957031,0.07747781276702881,0.036026861518621445,92.09086608886719,0.07830505073070526,0.06010747700929642,0.061129163950681686,0.06039068475365639,0.061245597898960114
380,0.03592237830162048,93.77681732177734,0.07745939493179321,0.036011334508657455,92.05107879638672,0.07828692346811295,0.060090988874435425,0.06112026795744896,0.060375895351171494,0.06123796105384827
381,0.03590669110417366,93.73505401611328,0.0774410143494606,0.03599587082862854,92.0113754272461,0.07826884835958481,0.060074467211961746,0.06111143156886101,0.06036125123500824,0.06123025342822075
382,0.035891078412532806,93.69348907470703,0.07742276787757874,0.035980429500341415,91.97184753417969,0.07825087010860443,0.06005803123116493,0.06110263988375664,0.06034664809703827,0.06122268736362457
383,0.035875506699085236,93.65208435058594,0.07740453630685806,0.03596505522727966,91.93246459960938,0.07823294401168823,0.0600416362285614,0.06109385937452316,0.06033206731081009,0.061215128749608994
384,0.03585999831557274,93.61083984375,0.07738640159368515,0.03594968467950821,91.89321899414062,0.0782150998711586,0.06002539396286011,0.061085134744644165,0.06031756103038788,0.06120762228965759
385,0.03584449365735054,93.5698013305664,0.0773683488368988,0.03593432903289795,91.85409545898438,0.07819730788469315,0.06000911071896553,0.06107649579644203,0.06030312180519104,0.061200231313705444
386,0.03582898899912834,93.52886962890625,0.07735034823417664,0.03591903671622276,91.81517791748047,0.07817960530519485,0.059992965310811996,0.06106793135404587,0.060288719832897186,0.06119285896420479
387,0.03581354767084122,93.48800659179688,0.07733239978551865,0.035903800278902054,91.77629852294922,0.07816193997859955,0.05997684225440025,0.06105940788984299,0.06027434393763542,0.06118546798825264
388,0.03579813241958618,93.44739532470703,0.07731454819440842,0.03588853403925896,91.73761749267578,0.078144371509552,0.05996090546250343,0.06105094403028488,0.06026012822985649,0.061178144067525864
389,0.03578272834420204,93.40689849853516,0.07729674875736237,0.03587331995368004,91.69910430908203,0.07812687009572983,0.059945058077573776,0.061042577028274536,0.06024590879678726,0.061170853674411774
390,0.035767342895269394,93.36653900146484,0.07727900892496109,0.03585812821984291,91.66075897216797,0.07810945808887482,0.059929199516773224,0.06103430315852165,0.0602317750453949,0.061163581907749176
391,0.035751957446336746,93.32640075683594,0.07726135104894638,0.035842861980199814,91.62264251708984,0.07809213548898697,0.05991353467106819,0.06102612242102623,0.06021770089864731,0.06115635484457016
392,0.0357365682721138,93.2864990234375,0.07724378257989883,0.03582765534520149,91.58466339111328,0.0780748799443245,0.05989793688058853,0.06101798638701439,0.060203708708286285,0.06114921718835831
393,0.035721201449632645,93.24657440185547,0.07722622901201248,0.03581247851252556,91.54673767089844,0.0780576542019844,0.05988230183720589,0.06100990250706673,0.06018967926502228,0.06114208325743675
394,0.03570586442947388,93.20707702636719,0.07720883190631866,0.0357973538339138,91.50898742675781,0.07804049551486969,0.059866804629564285,0.06100187078118324,0.06017579138278961,0.06113513186573982
395,0.03569057956337929,93.16768646240234,0.07719150185585022,0.03578225523233414,91.47135162353516,0.07802338153123856,0.05985134840011597,0.06099384278059006,0.0601620152592659,0.061128102242946625
396,0.035675302147865295,93.12841796875,0.07717420905828476,0.03576717525720596,91.43392181396484,0.07800636440515518,0.05983612686395645,0.06098581477999687,0.06014829874038696,0.06112110987305641
397,0.035660017281770706,93.08930969238281,0.07715696841478348,0.035752058029174805,91.39661407470703,0.07798939198255539,0.059820931404829025,0.060977812856435776,0.06013471260666847,0.061114054173231125
398,0.035644687712192535,93.0503921508789,0.07713981717824936,0.035736970603466034,91.35948181152344,0.07797249406576157,0.059805888682603836,0.060969915241003036,0.060121193528175354,0.06110699847340584
399,0.035629384219646454,93.01158142089844,0.07712271064519882,0.035721924155950546,91.32252502441406,0.0779556855559349,0.05979093536734581,0.060962047427892685,0.060107726603746414,0.061099980026483536
400,0.03561411798000336,92.97289276123047,0.07710563391447067,0.03570689633488655,91.2856674194336,0.07793892920017242,0.059776097536087036,0.060954246670007706,0.06009426712989807,0.06109294295310974
401,0.035598885267972946,92.93437957763672,0.07708867639303207,0.03569192811846733,91.24897766113281,0.0779222622513771,0.05976137891411781,0.060946498066186905,0.060080889612436295,0.06108603626489639
402,0.03558366745710373,92.8960189819336,0.07707177102565765,0.035676971077919006,91.2124252319336,0.07790564745664597,0.05974677577614784,0.060938794165849686,0.06006757542490959,0.06107914075255394
403,0.03556845337152481,92.85773468017578,0.07705490291118622,0.035662055015563965,91.1760025024414,0.0778890997171402,0.059732165187597275,0.06093110889196396,0.06005432829260826,0.0610722191631794
404,0.03555329516530037,92.81968688964844,0.07703812420368195,0.035647202283144,91.1396713256836,0.07787258177995682,0.059717584401369095,0.060923490673303604,0.06004105880856514,0.061065416783094406
405,0.03553815186023712,92.78170776367188,0.07702138274908066,0.03563234955072403,91.10346221923828,0.0778561383485794,0.059702999889850616,0.060915928333997726,0.06002788245677948,0.061058610677719116
406,0.03552297502756119,92.74385833740234,0.07700467109680176,0.03561745211482048,91.06737518310547,0.07783974707126617,0.05968841165304184,0.060908395797014236,0.06001471355557442,0.06105176359415054
407,0.03550780564546585,92.70623779296875,0.0769881010055542,0.035602595657110214,91.03153228759766,0.0778234526515007,0.05967403203248978,0.060900889337062836,0.06000171974301338,0.06104506179690361
408,0.03549261391162872,92.66866302490234,0.07697152346372604,0.035587675869464874,90.99571228027344,0.07780715078115463,0.0596596822142601,0.06089336797595024,0.05998877063393593,0.06103827431797981
409,0.035477422177791595,92.63137817382812,0.07695508003234863,0.03557278960943222,90.96007537841797,0.07779096812009811,0.0596453957259655,0.060885924845933914,0.05997586250305176,0.06103163957595825
410,0.03546227142214775,92.59408569335938,0.07693862169981003,0.035557929426431656,90.9244384765625,0.077774778008461,0.059631042182445526,0.06087850406765938,0.059962980449199677,0.06102496385574341
411,0.0354471392929554,92.55697631835938,0.07692225277423859,0.03554307669401169,90.888916015625,0.07775863260030746,0.059616681188344955,0.06087112054228783,0.0599500872194767,0.06101839616894722
412,0.035432010889053345,92.51986694335938,0.07690589129924774,0.035528235137462616,90.85348510742188,0.0777425691485405,0.05960235372185707,0.06086380034685135,0.05993713438510895,0.06101176515221596
413,0.0354168526828289,92.48291778564453,0.07688961178064346,0.03551341965794563,90.81815338134766,0.07772652059793472,0.05958808586001396,0.06085651367902756,0.059924330562353134,0.061005204916000366
414,0.035401709377765656,92.44622039794922,0.07687342166900635,0.03549865260720253,90.78292846679688,0.07771053165197372,0.05957388877868652,0.060849253088235855,0.05991159752011299,0.06099874898791313
415,0.03538660705089569,92.40953063964844,0.07685723900794983,0.03548387810587883,90.74786376953125,0.07769463956356049,0.05955984443426132,0.060841985046863556,0.05989885330200195,0.06099222972989082
416,0.03537151217460632,92.3729476928711,0.07684110850095749,0.03546912595629692,90.7128677368164,0.07767875492572784,0.05954579636454582,0.06083473190665245,0.059886157512664795,0.06098567321896553
417,0.03535641357302666,92.33644104003906,0.07682497799396515,0.035454392433166504,90.67798614501953,0.07766292244195938,0.059531789273023605,0.060827501118183136,0.05987352132797241,0.06097909435629845
418,0.0353413000702858,92.30010223388672,0.07680896669626236,0.035439617931842804,90.64311981201172,0.07764711230993271,0.05951770022511482,0.060820307582616806,0.05986091122031212,0.06097256764769554
419,0.035326190292835236,92.26387023925781,0.07679298520088196,0.03542486950755119,90.60835266113281,0.07763136178255081,0.05950363352894783,0.06081318110227585,0.0598483607172966,0.06096605956554413
420,0.035311147570610046,92.22772979736328,0.07677704095840454,0.03541013225913048,90.57362365722656,0.07761562615633011,0.05948960408568382,0.0608060397207737,0.05983578786253929,0.06095961108803749
421,0.03529617562890053,92.19168853759766,0.0767611488699913,0.03539540246129036,90.5389633178711,0.0775999054312706,0.05947558954358101,0.06079893559217453,0.059823255985975266,0.06095319986343384
422,0.03528125211596489,92.15569305419922,0.07674529403448105,0.03538066893815994,90.50439453125,0.07758425176143646,0.059461597353219986,0.060791827738285065,0.059810787439346313,0.0609467476606369
423,0.03526633232831955,92.1198501586914,0.07672947645187378,0.035365961492061615,90.46995544433594,0.0775686502456665,0.05944767966866493,0.060784753412008286,0.05979837477207184,0.06094031780958176
424,0.0352514386177063,92.08411407470703,0.07671370357275009,0.03535126894712448,90.43562316894531,0.07755309343338013,0.059433817863464355,0.06077767163515091,0.05978592485189438,0.06093398854136467
425,0.035236556082963943,92.04845428466797,0.07669799029827118,0.03533659502863884,90.40128326416016,0.07753754407167435,0.0594199039041996,0.06077061966061592,0.05977358669042587,0.060927584767341614
426,0.035221703350543976,92.01288604736328,0.07668230682611465,0.03532196581363678,90.36699676513672,0.07752202451229095,0.05940592288970947,0.06076356768608093,0.059761207550764084,0.06092128902673721
427,0.03520684689283371,91.97726440429688,0.07666661590337753,0.03530734404921532,90.33287811279297,0.07750657945871353,0.05939213186502457,0.06075652688741684,0.05974891409277916,0.06091480702161789
428,0.03519202023744583,91.9419174194336,0.07665105164051056,0.03529278561472893,90.29879760742188,0.0774911418557167,0.05937832221388817,0.060749489814043045,0.05973663926124573,0.060908593237400055
429,0.03517720475792885,91.906494140625,0.07663542032241821,0.03527819737792015,90.26480102539062,0.07747576385736465,0.05936456844210625,0.06074250489473343,0.05972439423203468,0.06090216338634491
430,0.03516237065196037,91.87122344970703,0.07661987841129303,0.03526362031698227,90.23080444335938,0.07746037095785141,0.05935080721974373,0.06073553487658501,0.059712134301662445,0.06089593097567558
431,0.035147566348314285,91.83609008789062,0.07660438865423203,0.035249073058366776,90.19697570800781,0.07744505256414413,0.05933712050318718,0.06072854995727539,0.05969999358057976,0.06088963896036148
432,0.0351327508687973,91.80094146728516,0.07658890634775162,0.03523459658026695,90.16332244873047,0.07742979377508163,0.05932356044650078,0.06072160229086876,0.059687912464141846,0.06088324636220932
433,0.035118017345666885,91.76603698730469,0.07657352089881897,0.0352201871573925,90.12958526611328,0.07741452753543854,0.05930992588400841,0.0607147254049778,0.059675898402929306,0.06087707728147507
434,0.03510333225131035,91.7311782836914,0.07655812799930573,0.03520580381155014,90.09600067138672,0.07739931344985962,0.05929642915725708,0.060707878321409225,0.059663914144039154,0.06087085232138634
435,0.035088714212179184,91.69635009765625,0.07654275745153427,0.03519139811396599,90.0624008178711,0.0773840993642807,0.05928288772702217,0.06070103496313095,0.05965183302760124,0.06086479127407074
436,0.03507402911782265,91.6616439819336,0.07652746140956879,0.03517701104283333,90.02886199951172,0.07736891508102417,0.05926937982439995,0.06069415062665939,0.05963991954922676,0.0608585961163044
437,0.03505932167172432,91.6269760131836,0.0765121728181839,0.03516261652112007,89.99536895751953,0.07735373824834824,0.05925586819648743,0.06068725511431694,0.05962792783975601,0.060852475464344025
438,0.035044632852077484,91.59239959716797,0.0764969140291214,0.03514832258224487,89.96187591552734,0.07733858376741409,0.059242285788059235,0.060680389404296875,0.059616006910800934,0.06084626913070679
439,0.035030119121074677,91.55790710449219,0.07648169994354248,0.035134244710206985,89.92850494384766,0.07732347398996353,0.059228818863630295,0.0606735423207283,0.05960400030016899,0.0608401820063591
440,0.03501562029123306,91.5234603881836,0.07646648585796356,0.03512018173933029,89.89517211914062,0.07730837911367416,0.05921535938978195,0.06066666170954704,0.05959207937121391,0.06083400920033455
441,0.03500111773610115,91.48912811279297,0.07645135372877121,0.035106029361486435,89.86190032958984,0.07729331403970718,0.05920189246535301,0.06065984442830086,0.05958026647567749,0.060827791690826416
442,0.03498656675219536,91.4548568725586,0.07643622159957886,0.03509186580777168,89.82874298095703,0.07727829366922379,0.059188537299633026,0.06065301224589348,0.05956846475601196,0.06082161143422127
443,0.034971971064805984,91.42062377929688,0.0764211118221283,0.03507757559418678,89.79572296142578,0.07726334780454636,0.05917525663971901,0.06064615398645401,0.05955664440989494,0.06081542372703552
444,0.03495730087161064,91.3864974975586,0.07640604674816132,0.03506339341402054,89.76274871826172,0.07724839448928833,0.05916191264986992,0.06063929200172424,0.05954486131668091,0.060809195041656494
445,0.034942660480737686,91.3524169921875,0.07639100402593613,0.03504930064082146,89.7298583984375,0.07723350822925568,0.059148650616407394,0.060632508248090744,0.05953313782811165,0.06080292537808418
446,0.0349280871450901,91.31851196289062,0.0763760358095169,0.035035282373428345,89.69701385498047,0.07721861451864243,0.05913541465997696,0.060625750571489334,0.059521425515413284,0.060796789824962616
447,0.034913569688797,91.2845687866211,0.0763610452413559,0.0350213386118412,89.66410064697266,0.07720369845628738,0.05912201851606369,0.06061895564198494,0.05950959771871567,0.06079074367880821
448,0.03489914909005165,91.25076293945312,0.07634611427783966,0.03500748425722122,89.63130950927734,0.07718883454799652,0.059108685702085495,0.060612257570028305,0.0594978854060173,0.06078455224633217
449,0.034884799271821976,91.21704864501953,0.07633121311664581,0.03499364107847214,89.59860229492188,0.07717400044202805,0.05909543111920357,0.060605499893426895,0.05948615074157715,0.06077853962779045
450,0.03487040847539902,91.18325805664062,0.07631631195545197,0.03497979789972305,89.5658950805664,0.07715917378664017,0.05908214673399925,0.0605987124145031,0.059474434703588486,0.0607723593711853
451,0.03485604375600815,91.14964294433594,0.0763014480471611,0.03496600314974785,89.53324890136719,0.07714437693357468,0.059068869799375534,0.06059188395738602,0.05946269631385803,0.0607663169503212
452,0.03484170511364937,91.11604309082031,0.07628660649061203,0.034952301532030106,89.50067901611328,0.07712960243225098,0.0590556263923645,0.06058505177497864,0.059451065957546234,0.06076015532016754
453,0.03482741862535477,91.08257293701172,0.07627178728580475,0.03493858128786087,89.46820831298828,0.07711485773324966,0.05904242768883705,0.06057819351553917,0.059439439326524734,0.06075405329465866
454,0.03481312468647957,91.04923248291016,0.07625706493854523,0.03492486849427223,89.43579864501953,0.07710010558366776,0.05902916565537453,0.06057137995958328,0.059427861124277115,0.06074799597263336
455,0.034798845648765564,91.01590728759766,0.07624228298664093,0.03491116315126419,89.40343475341797,0.07708537578582764,0.05901583656668663,0.06056458503007889,0.05941624939441681,0.060741912573575974
456,0.03478458896279335,90.98270416259766,0.0762275904417038,0.03489742800593376,89.37113189697266,0.0770706757903099,0.05900266021490097,0.06055780127644539,0.05940462276339531,0.06073600426316261
457,0.034770309925079346,90.94950103759766,0.07621290534734726,0.03488368168473244,89.33878326416016,0.07705594599246979,0.05898938328027725,0.060550983995199203,0.05939296633005142,0.060730013996362686
458,0.03475607559084892,90.9164047241211,0.07619824260473251,0.0348699651658535,89.30648803710938,0.07704124599695206,0.058976151049137115,0.06054413318634033,0.05938136205077171,0.060723986476659775
459,0.03474181890487671,90.88334655761719,0.07618358731269836,0.03485630825161934,89.27420806884766,0.07702653110027313,0.05896290764212608,0.06053728237748146,0.059369731694459915,0.06071797013282776
460,0.034727610647678375,90.85037994384766,0.0761689841747284,0.03484266251325607,89.24195861816406,0.077011838555336,0.05894964560866356,0.06053044646978378,0.059358131140470505,0.06071202829480171
461,0.03471340239048004,90.81732177734375,0.07615431398153305,0.03482900932431221,89.20967102050781,0.07699712365865707,0.05893629789352417,0.06052357330918312,0.05934641882777214,0.060706015676259995
462,0.03469909355044365,90.7844009399414,0.07613972574472427,0.034815169870853424,89.17742919921875,0.07698243856430054,0.058923009783029556,0.06051668897271156,0.05933477357029915,0.06069997325539589
463,0.03468473255634308,90.75157928466797,0.07612517476081848,0.03480136767029762,89.14535522460938,0.07696779817342758,0.05890991538763046,0.060509808361530304,0.05932321399450302,0.060693953186273575
464,0.034670405089855194,90.71885681152344,0.07611063867807388,0.0347876101732254,89.11326599121094,0.07695317268371582,0.05889678746461868,0.060502875596284866,0.05931173264980316,0.06068795919418335
465,0.0346560999751091,90.68608093261719,0.07609613239765167,0.0347738154232502,89.08122253417969,0.07693855464458466,0.05888368934392929,0.06049591302871704,0.05930021032691002,0.06068188324570656
466,0.03464177995920181,90.6534194946289,0.07608163356781006,0.034759972244501114,89.04922485351562,0.07692396640777588,0.05887064337730408,0.06048893183469772,0.05928865820169449,0.06067585200071335
467,0.03462745621800423,90.62066650390625,0.07606710493564606,0.034746162593364716,89.01718139648438,0.07690936326980591,0.05885745957493782,0.06048204377293587,0.059277135878801346,0.06066973879933357
468,0.03461317718029022,90.5881118774414,0.07605267316102982,0.034732360392808914,88.9852066040039,0.07689477503299713,0.05884439870715141,0.060475222766399384,0.05926566570997238,0.060663770884275436
469,0.03459890931844711,90.5556640625,0.07603828608989716,0.0347185954451561,88.9532241821289,0.07688020169734955,0.05883133038878441,0.0604684092104435,0.05925425887107849,0.06065784767270088
470,0.03458468243479729,90.52307891845703,0.07602383196353912,0.03470481187105179,88.92134094238281,0.07686565816402435,0.058818403631448746,0.06046158820390701,0.05924278497695923,0.060651812702417374
471,0.034570422023534775,90.49085235595703,0.07600953429937363,0.03469102457165718,88.88960266113281,0.07685114443302155,0.0588054284453392,0.06045487895607948,0.05923131853342056,0.06064605712890625
472,0.034556251019239426,90.45864868164062,0.07599521428346634,0.034677375108003616,88.85790252685547,0.07683663815259933,0.05879255756735802,0.060448143631219864,0.05921986326575279,0.060640204697847366
473,0.03454213589429855,90.42625427246094,0.07598081231117249,0.034663740545511246,88.8261947631836,0.07682212442159653,0.058779627084732056,0.06044134497642517,0.05920832231640816,0.06063421815633774
474,0.03452800586819649,90.39412689208984,0.07596652209758759,0.03465007245540619,88.7945327758789,0.07680762559175491,0.058766745030879974,0.06043456122279167,0.05919694900512695,0.06062829867005348
475,0.034513894468545914,90.36196899414062,0.07595221698284149,0.0346364751458168,88.7629165649414,0.07679314911365509,0.05875387415289879,0.06042778491973877,0.059185564517974854,0.06062239408493042
476,0.03449978306889534,90.3298110961914,0.0759379118680954,0.03462282195687294,88.73135375976562,0.07677870988845825,0.05874107405543327,0.06042100116610527,0.05917416885495186,0.060616422444581985
477,0.03448563814163208,90.29776763916016,0.07592365890741348,0.034609198570251465,88.69978332519531,0.07676424831151962,0.05872821807861328,0.06041422858834267,0.05916288122534752,0.060610461980104446
478,0.03447151184082031,90.26576232910156,0.07590939849615097,0.0345955565571785,88.66830444335938,0.07674983888864517,0.05871551111340523,0.06040743365883827,0.05915156006813049,0.060604508966207504
479,0.034457381814718246,90.2336654663086,0.07589513808488846,0.03458189219236374,88.63687896728516,0.07673543691635132,0.05870276689529419,0.06040071323513985,0.05914023146033287,0.06059844419360161
480,0.03444322571158409,90.20173645019531,0.07588093727827072,0.034568123519420624,88.6054458618164,0.07672102749347687,0.058689963072538376,0.060393963009119034,0.059128936380147934,0.060592520982027054
481,0.03442893177270889,90.16979217529297,0.07586669921875,0.034554373472929,88.57421875,0.07670669257640839,0.05867728218436241,0.060387302190065384,0.05911765992641449,0.06058651581406593
482,0.03441466763615608,90.13801574707031,0.07585255056619644,0.03454069420695305,88.54290008544922,0.07669230550527573,0.05866450443863869,0.060380659997463226,0.05910639464855194,0.06058065965771675
483,0.03440048173069954,90.10606384277344,0.07583831995725632,0.03452704846858978,88.51170349121094,0.07667799293994904,0.058651868253946304,0.060374077409505844,0.059095099568367004,0.06057463586330414
484,0.034386299550533295,90.07437133789062,0.07582417130470276,0.034513406455516815,88.48048400878906,0.07666365802288055,0.05863923579454422,0.06036749109625816,0.05908384174108505,0.060568828135728836
485,0.03437213599681854,90.04249572753906,0.075810007750988,0.03449976071715355,88.44926452636719,0.07664931565523148,0.05862658843398094,0.06036088615655899,0.05907260254025459,0.060562796890735626
486,0.03435797616839409,90.0107650756836,0.07579585164785385,0.03448617830872536,88.41812896728516,0.07663501799106598,0.05861400440335274,0.06035434827208519,0.05906137824058533,0.060556888580322266
487,0.03434382751584053,89.9791259765625,0.07578173279762268,0.03447256609797478,88.38700866699219,0.07662070542573929,0.05860140919685364,0.060347795486450195,0.05905016139149666,0.06055103614926338
488,0.03432965278625488,89.94733428955078,0.07576757669448853,0.03445899859070778,88.35588073730469,0.0766064003109932,0.05858886241912842,0.060341231524944305,0.05903888866305351,0.06054502725601196
489,0.03431551530957222,89.91573333740234,0.07575347274541855,0.034445397555828094,88.32476043701172,0.0765921026468277,0.058576297014951706,0.060334712266922,0.059027768671512604,0.06053916737437248
490,0.03430134057998657,89.88420104980469,0.07573941349983215,0.03443179279565811,88.2936782836914,0.0765778198838234,0.05856382101774216,0.06032820791006088,0.05901668593287468,0.06053335592150688
491,0.03428718075156212,89.8526382446289,0.07572534680366516,0.03441819176077843,88.2626724243164,0.07656355947256088,0.058551449328660965,0.06032172590494156,0.059005580842494965,0.060527458786964417
492,0.03427301347255707,89.82108306884766,0.07571125030517578,0.03440459817647934,88.23161315917969,0.07654928416013718,0.05853908509016037,0.060315221548080444,0.05899447947740555,0.06052155792713165
493,0.0342588797211647,89.7895736694336,0.07569721341133118,0.034391000866889954,88.20064544677734,0.07653503865003586,0.05852680280804634,0.06030876189470291,0.0589834600687027,0.06051566079258919
494,0.034244734793901443,89.75823974609375,0.07568323612213135,0.034377411007881165,88.16962432861328,0.07652074843645096,0.05851440504193306,0.06030232086777687,0.05897250026464462,0.06050988659262657
495,0.03423062711954117,89.72689819335938,0.07566922903060913,0.03436383605003357,88.13882446289062,0.07650657743215561,0.058502305299043655,0.06029593572020531,0.058961525559425354,0.06050403043627739
496,0.034216493368148804,89.69544219970703,0.07565519958734512,0.03435022383928299,88.10792541503906,0.07649235427379608,0.0584900863468647,0.060289543122053146,0.05895046889781952,0.060498129576444626
497,0.03420240059494972,89.6640853881836,0.0756411999464035,0.0343366414308548,88.07707214355469,0.07647814601659775,0.05847788229584694,0.06028318777680397,0.05893956124782562,0.06049218773841858
498,0.03418829292058945,89.63275146484375,0.07562720775604248,0.03432305529713631,88.04625701904297,0.07646393775939941,0.05846570059657097,0.0602768138051033,0.058928586542606354,0.06048627197742462
499,0.03417424112558365,89.60143280029297,0.07561323791742325,0.03430953994393349,88.01542663574219,0.07644974440336227,0.058453481644392014,0.060270462185144424,0.05891769751906395,0.06048031896352768
500,0.03416018560528755,89.57022857666016,0.07559926807880402,0.03429599106311798,87.98468017578125,0.07643555849790573,0.05844134837388992,0.06026408448815346,0.05890687555074692,0.060474369674921036
501,0.034146130084991455,89.53898620605469,0.07558532059192657,0.03428244963288307,87.95396423339844,0.07642141729593277,0.05842925235629082,0.06025770679116249,0.058896053582429886,0.06046837195754051
502,0.03413207828998566,89.50775909423828,0.07557140290737152,0.03426894545555115,87.92328643798828,0.07640725374221802,0.058417197316884995,0.060251373797655106,0.05888516083359718,0.06046244874596596
503,0.034118037670850754,89.4766616821289,0.07555747777223587,0.03425540030002594,87.8926773071289,0.07639314234256744,0.05840521305799484,0.06024503707885742,0.05887441337108612,0.060456469655036926
504,0.034104011952877045,89.44552612304688,0.07554356753826141,0.034241870045661926,87.86203002929688,0.07637900114059448,0.0583932027220726,0.06023870036005974,0.05886360630393028,0.06045049428939819
505,0.034089989960193634,89.4144058227539,0.07552966475486755,0.0342283770442009,87.8313980102539,0.07636486738920212,0.05838115140795708,0.060232341289520264,0.05885281413793564,0.06044451519846916
506,0.03407599404454231,89.3834228515625,0.07551580667495728,0.034214917570352554,87.8008804321289,0.07635077089071274,0.05836925283074379,0.06022600084543228,0.05884211137890816,0.06043858826160431
507,0.03406202420592308,89.35233306884766,0.07550189644098282,0.03420145809650421,87.77033996582031,0.07633667439222336,0.05835728719830513,0.06021961569786072,0.0588313452899456,0.06043253839015961
508,0.03404804319143295,89.3213882446289,0.07548807561397552,0.03418797627091408,87.7397689819336,0.07632254809141159,0.05834529921412468,0.06021319702267647,0.05882064625620842,0.060426630079746246
509,0.03403405845165253,89.29039001464844,0.07547421753406525,0.03417450934648514,87.70928192138672,0.0763084664940834,0.058333415538072586,0.06020676717162132,0.05881000682711601,0.06042052060365677
510,0.034020084887742996,89.25945281982422,0.07546037435531616,0.03416106104850769,87.67884063720703,0.07629438489675522,0.05832154303789139,0.060200341045856476,0.05879930034279823,0.06041456013917923
511,0.034006115049123764,89.22854614257812,0.07544653117656708,0.034147586673498154,87.64837646484375,0.07628029584884644,0.05830962583422661,0.06019389629364014,0.058788660913705826,0.060408540070056915
512,0.033992134034633636,89.19767761230469,0.07543274015188217,0.034134142100811005,87.61796569824219,0.07626623660326004,0.0582977794110775,0.06018742546439171,0.058778125792741776,0.06040249764919281
513,0.0339781753718853,89.16696166992188,0.07541897147893906,0.03412071615457535,87.58783721923828,0.0762522965669632,0.05828595906496048,0.060180988162755966,0.05876753106713295,0.06039661914110184
514,0.03396425396203995,89.1363296508789,0.07540524005889893,0.03410744294524193,87.55784606933594,0.07623840123414993,0.05827412009239197,0.060174550861120224,0.05875701457262039,0.060390692204236984
515,0.03395041823387146,89.10568237304688,0.07539144903421402,0.034094177186489105,87.52790832519531,0.07622452080249786,0.058262329548597336,0.06016814708709717,0.05874651297926903,0.06038465350866318
516,0.033936575055122375,89.07518768310547,0.07537776976823807,0.034080881625413895,87.49799346923828,0.07621065527200699,0.0582505539059639,0.06016172841191292,0.05873600393533707,0.06037880852818489
517,0.03392273932695389,89.04464721679688,0.07536403834819794,0.03406757861375809,87.46807098388672,0.07619676738977432,0.05823884531855583,0.06015527993440628,0.058725543320178986,0.060372818261384964
518,0.0339088998734951,89.01415252685547,0.075350321829319,0.034054242074489594,87.43820190429688,0.07618288695812225,0.058227188885211945,0.06014884635806084,0.05871507152915001,0.06036685034632683
519,0.03389506787061691,88.9836654663086,0.07533664256334305,0.034040920436382294,87.40826416015625,0.07616899907588959,0.058215439319610596,0.060142405331134796,0.05870461463928223,0.060360897332429886
520,0.03388126567006111,88.95327758789062,0.07532298564910889,0.0340275876224041,87.37840270996094,0.07615511119365692,0.05820375308394432,0.060135990381240845,0.05869428068399429,0.06035488843917847
521,0.033867426216602325,88.92283630371094,0.07530930638313293,0.03401423990726471,87.34859466552734,0.07614126056432724,0.05819215998053551,0.060129564255476,0.058683864772319794,0.060348935425281525
522,0.03385351970791817,88.89248657226562,0.07529567182064056,0.0340007022023201,87.31873321533203,0.07612736523151398,0.058180518448352814,0.06012311950325966,0.05867355689406395,0.06034298986196518
523,0.03383954241871834,88.86216735839844,0.075282022356987,0.0339871421456337,87.28887176513672,0.07611346989870071,0.058168936520814896,0.06011665239930153,0.05866323411464691,0.06033698469400406
524,0.03382556140422821,88.8319320678711,0.07526842504739761,0.0339735671877861,87.25904846191406,0.07609958946704865,0.05815739184617996,0.06011015176773071,0.05865301191806793,0.06033099815249443
525,0.03381156921386719,88.8016586303711,0.07525480538606644,0.03395996242761612,87.22932434082031,0.07608573883771896,0.05814596638083458,0.060103677213191986,0.05864270403981209,0.0603250116109848
526,0.03379756584763527,88.77137756347656,0.07524116337299347,0.033946309238672256,87.19957733154297,0.07607187330722809,0.058134496212005615,0.06009715422987938,0.05863242596387863,0.06031898036599159
527,0.03378358110785484,88.74124908447266,0.07522760331630707,0.033932775259017944,87.16990661621094,0.0760580375790596,0.058123018592596054,0.06009075790643692,0.05862221121788025,0.06031302362680435
528,0.033769670873880386,88.71121215820312,0.07521405071020126,0.03391924872994423,87.14025115966797,0.07604420930147171,0.058111634105443954,0.06008436530828476,0.058612141758203506,0.060307037085294724
529,0.03375579044222832,88.6811752319336,0.07520052790641785,0.03390571102499962,87.11061096191406,0.07603038102388382,0.058100201189517975,0.06007802113890648,0.058601927012205124,0.06030120700597763
530,0.03374192863702774,88.6511001586914,0.07518697530031204,0.033892229199409485,87.08099365234375,0.07601658254861832,0.05808877944946289,0.0600716657936573,0.058591824024915695,0.0602952279150486
531,0.033728115260601044,88.62123107910156,0.07517349720001221,0.03387879207730293,87.05145263671875,0.07600277662277222,0.05807734280824661,0.060065362602472305,0.058581750839948654,0.06028943508863449
532,0.03371433541178703,88.5911865234375,0.075159952044487,0.03386536240577698,87.02185821533203,0.07598895579576492,0.05806584283709526,0.06005905196070671,0.05857166647911072,0.06028347462415695
533,0.033700548112392426,88.5613021850586,0.07514647394418716,0.033851899206638336,86.9924545288086,0.0759752169251442,0.058054544031620026,0.06005275622010231,0.058561600744724274,0.06027767434716225
534,0.033686745911836624,88.53133392333984,0.07513296604156494,0.03383845463395119,86.96300506591797,0.07596147060394287,0.05804314464330673,0.0600464828312397,0.05855158343911171,0.060271669179201126
535,0.033672939985990524,88.5015869140625,0.07511955499649048,0.03382498025894165,86.93364715576172,0.07594773918390274,0.05803186446428299,0.06004016846418381,0.05854163318872452,0.060265813022851944
536,0.033659130334854126,88.47173309326172,0.07510608434677124,0.0338115468621254,86.90435791015625,0.0759340450167656,0.05802065134048462,0.06003386899828911,0.05853163078427315,0.060259852558374405
537,0.03364530950784683,88.44196319580078,0.07509264349937439,0.03379806503653526,86.87513732910156,0.07592038065195084,0.05800945311784744,0.0600275881588459,0.05852174013853073,0.06025393679738045
538,0.033631522208452225,88.41220092773438,0.07507922500371933,0.033784594386816025,86.84591674804688,0.07590670138597488,0.05799826234579086,0.060021281242370605,0.05851176753640175,0.06024803966283798
539,0.03361772373318672,88.38243103027344,0.07506577670574188,0.0337710902094841,86.81681060791016,0.0758930891752243,0.05798720940947533,0.06001502647995949,0.058501940220594406,0.06024201586842537
540,0.03360395133495331,88.3527603149414,0.07505238801240921,0.033757634460926056,86.78772735595703,0.07587946951389313,0.057976134121418,0.06000875309109688,0.05849209427833557,0.06023608148097992
541,0.03359018638730049,88.32313537597656,0.07503900676965714,0.03374416381120682,86.7586441040039,0.07586584985256195,0.057965029031038284,0.060002438724040985,0.058482300490140915,0.06023015081882477
542,0.03357641398906708,88.29354858398438,0.07502564787864685,0.03373072296380997,86.72968292236328,0.07585227489471436,0.05795403942465782,0.05999613180756569,0.05847252905368805,0.060224197804927826
543,0.03356264904141426,88.26403045654297,0.07501228898763657,0.033717233687639236,86.70076751708984,0.07583870738744736,0.05794302746653557,0.05998977646231651,0.05846274271607399,0.06021827086806297
544,0.03354889154434204,88.23445892333984,0.07499893754720688,0.03370378538966179,86.67198181152344,0.07582520693540573,0.05793212726712227,0.05998345464468002,0.058453019708395004,0.06021219864487648
545,0.03353516012430191,88.20500183105469,0.07498562335968018,0.03369036316871643,86.64320373535156,0.07581169903278351,0.057921238243579865,0.059977177530527115,0.05844330042600632,0.060206279158592224
546,0.03352145478129387,88.17560577392578,0.07497230917215347,0.03367697447538376,86.61449432373047,0.07579822093248367,0.05791047587990761,0.05997086316347122,0.058433596044778824,0.060200344771146774
547,0.03350774198770523,88.1462631225586,0.07495904713869095,0.033663563430309296,86.58577728271484,0.07578474283218384,0.05789964646100998,0.05996458977460861,0.05842399597167969,0.060194361954927444
548,0.03349403291940689,88.1168212890625,0.07494573295116425,0.03365015611052513,86.55711364746094,0.0757712796330452,0.05788886547088623,0.059958331286907196,0.0584142804145813,0.060188326984643936
549,0.03348033130168915,88.08763885498047,0.0749325230717659,0.03363674506545067,86.52849578857422,0.07575782388448715,0.05787815526127815,0.05995206907391548,0.0584048256278038,0.060182396322488785
550,0.033466629683971405,88.05838012695312,0.07491926848888397,0.03362337499856949,86.49991607666016,0.07574440538883209,0.057867467403411865,0.05994579568505287,0.058395322412252426,0.0601763017475605
551,0.03345292806625366,88.02912902832031,0.07490600645542145,0.03360997512936592,86.47136688232422,0.07573097199201584,0.057856809347867966,0.059939492493867874,0.058385733515024185,0.06017034128308296
552,0.03343924880027771,87.99995422363281,0.0748927891254425,0.03359660133719444,86.44290161132812,0.07571759074926376,0.05784621834754944,0.05993318557739258,0.05837633088231087,0.060164302587509155
553,0.03342558071017265,87.97080993652344,0.07487958669662476,0.03358324244618416,86.41450500488281,0.07570423185825348,0.05783567950129509,0.05992688611149788,0.05836688354611397,0.060158271342515945
554,0.03341192379593849,87.94168853759766,0.0748663991689682,0.033569928258657455,86.38616180419922,0.07569088786840439,0.057825155556201935,0.059920597821474075,0.058357514441013336,0.06015222147107124
555,0.033398281782865524,87.91263580322266,0.07485324889421463,0.03355688229203224,86.35785675048828,0.07567756623029709,0.05781465023756027,0.05991426855325699,0.058348145335912704,0.060146261006593704
556,0.03338492661714554,87.8833999633789,0.07483994215726852,0.03354381397366524,86.32978820800781,0.07566429674625397,0.05780435726046562,0.059907883405685425,0.05833880230784416,0.06013993173837662
557,0.03337148576974869,87.8547134399414,0.07482688128948212,0.03353056311607361,86.30181884765625,0.07565104961395264,0.05779394879937172,0.05990167334675789,0.058329660445451736,0.06013409420847893
558,0.03335791081190109,87.82613372802734,0.07481386512517929,0.03351721540093422,86.27393341064453,0.0756378322839737,0.057783663272857666,0.05989541485905647,0.05832049623131752,0.060128290206193924
559,0.03334435820579529,87.79750061035156,0.07480083405971527,0.03350396454334259,86.24600982666016,0.07562460750341415,0.057773344218730927,0.059889115393161774,0.058311332017183304,0.06012241914868355
560,0.033330876380205154,87.76891326904297,0.07478774338960648,0.03349079191684723,86.21823120117188,0.07561144977807999,0.05776311084628105,0.05988290160894394,0.0583021454513073,0.06011658161878586
561,0.033317435532808304,87.74030303955078,0.07477472722530365,0.033477671444416046,86.19044494628906,0.07559826225042343,0.05775284022092819,0.059876713901758194,0.05829298868775368,0.060110773891210556
562,0.033303968608379364,87.71173095703125,0.07476170361042023,0.03346450999379158,86.16276550292969,0.07558513432741165,0.057742711156606674,0.05987057089805603,0.05828380584716797,0.06010495126247406
563,0.03329052776098251,87.68329620361328,0.07474873214960098,0.03345126286149025,86.13516998291016,0.07557202875614166,0.05773259326815605,0.05986446514725685,0.058274753391742706,0.06009921431541443
564,0.0332770049571991,87.65492248535156,0.07473576813936234,0.03343803808093071,86.107666015625,0.07555897533893585,0.05772266164422035,0.05985826626420021,0.058265723288059235,0.06009342148900032
565,0.03326350450515747,87.6266098022461,0.07472281903028488,0.03342485800385475,86.08013916015625,0.07554586976766586,0.057712655514478683,0.059852030128240585,0.05825674161314964,0.060087647289037704
566,0.03325003385543823,87.59822845458984,0.07470986992120743,0.03341167792677879,86.05260467529297,0.07553277909755707,0.05770263448357582,0.05984576791524887,0.05824777111411095,0.060081712901592255
567,0.03323659300804138,87.5700454711914,0.07469699531793594,0.033398520201444626,86.02515411376953,0.07551968842744827,0.05769270285964012,0.05983951687812805,0.05823882669210434,0.06007592752575874
568,0.03322316333651543,87.54177856445312,0.07468404620885849,0.03338542953133583,85.99779510498047,0.07550666481256485,0.0576828308403492,0.059833280742168427,0.05822988599538803,0.06006999313831329
569,0.033209700137376785,87.51358032226562,0.07467115670442581,0.033372264355421066,85.97047424316406,0.07549362629652023,0.05767299607396126,0.05982699617743492,0.05822090059518814,0.06006408855319023
570,0.03319622203707695,87.48558044433594,0.0746583342552185,0.03335906192660332,85.94320678710938,0.0754806399345398,0.05766316130757332,0.059820689260959625,0.05821198970079422,0.06005832180380821
571,0.03318274766206741,87.45746612548828,0.07464545965194702,0.03334587812423706,85.91606140136719,0.07546768337488174,0.05765335634350777,0.05981439724564552,0.05820315703749657,0.06005234271287918
572,0.033169250935316086,87.4294662475586,0.0746326595544815,0.03333265706896782,85.88896942138672,0.07545475661754608,0.05764354020357132,0.059808142483234406,0.05819429084658623,0.06004652380943298
573,0.03315577656030655,87.40135955810547,0.07461979240179062,0.033319469541311264,85.86193084716797,0.07544183731079102,0.05763370171189308,0.0598018504679203,0.05818542093038559,0.06004053354263306
574,0.03314230218529701,87.37346649169922,0.0746070146560669,0.033306289464235306,85.83497619628906,0.07542894780635834,0.05762389302253723,0.059795502573251724,0.0581766739487648,0.060034602880477905
575,0.03312879428267479,87.34538269042969,0.07459414750337601,0.033293046057224274,85.80814361572266,0.07541611045598984,0.057614173740148544,0.059789203107357025,0.058167845010757446,0.060028500854969025
576,0.03311530500650406,87.31765747070312,0.07458144426345825,0.03327983245253563,85.78136444091797,0.07540329545736313,0.05760449171066284,0.05978287011384964,0.05815922096371651,0.06002258509397507
577,0.033101826906204224,87.28975677490234,0.07456863671541214,0.03326662257313728,85.75460815429688,0.07539049535989761,0.05759485438466072,0.05977657809853554,0.05815035104751587,0.06001666933298111
578,0.03308836370706558,87.26200866699219,0.07455594837665558,0.033253416419029236,85.7279052734375,0.0753776952624321,0.05758527293801308,0.059770237654447556,0.058141715824604034,0.06001073494553566
579,0.03307494521141052,87.2342758178711,0.07454322278499603,0.033240269869565964,85.70132446289062,0.07536494731903076,0.057575736194849014,0.05976393073797226,0.05813300982117653,0.060004834085702896
580,0.03306155279278755,87.20674133300781,0.07453057914972305,0.033227089792490005,85.6748046875,0.07535223662853241,0.057566333562135696,0.05975761264562607,0.05812440067529678,0.05999907851219177
581,0.03304819390177727,87.17911529541016,0.07451789826154709,0.03321393206715584,85.6482925415039,0.07533953338861465,0.05755685642361641,0.059751298278570175,0.05811580270528793,0.059993159025907516
582,0.033034857362508774,87.15159606933594,0.0745052695274353,0.03320075571537018,85.62186431884766,0.0753268450498581,0.05754746124148369,0.05974492058157921,0.05810728669166565,0.05998719111084938
583,0.03302153944969177,87.12397766113281,0.07449258863925934,0.0331876166164875,85.59556579589844,0.07531420886516571,0.057538099586963654,0.05973867326974869,0.05809866264462471,0.05998114496469498
584,0.033008262515068054,87.0964584350586,0.07447996735572815,0.03317444771528244,85.56935119628906,0.07530160248279572,0.0575287863612175,0.05973249673843384,0.05809006839990616,0.05997518077492714
585,0.03299497812986374,87.06908416748047,0.07446736842393875,0.0331612154841423,85.54314422607422,0.07528901845216751,0.05751949921250343,0.05972631648182869,0.058081530034542084,0.05996926873922348
586,0.03298169746994972,87.04166412353516,0.07445478439331055,0.03314799442887306,85.51695251464844,0.0752764418721199,0.05751024931669235,0.05972018465399742,0.0580730065703392,0.05996330827474594
587,0.032968465238809586,87.0143814086914,0.07444224506616592,0.03313480317592621,85.49080657958984,0.0752638727426529,0.057501066476106644,0.05971401929855347,0.05806443467736244,0.05995742604136467
588,0.032955270260572433,86.98707580566406,0.07442969083786011,0.033121708780527115,85.46466064453125,0.07525132596492767,0.05749186873435974,0.05970784276723862,0.058055948466062546,0.05995146557688713
589,0.03294208273291588,86.95982360839844,0.07441715896129608,0.033108629286289215,85.4384994506836,0.07523875683546066,0.05748266726732254,0.059701669961214066,0.05804744362831116,0.059945520013570786
590,0.0329289436340332,86.93257904052734,0.07440464198589325,0.0330955907702446,85.41241455078125,0.07522621005773544,0.05747351795434952,0.05969550460577011,0.058039020746946335,0.059939540922641754
591,0.03291579335927963,86.90544128417969,0.0743921622633934,0.03308246657252312,85.38639831542969,0.07521369308233261,0.057464439421892166,0.05968938022851944,0.058030568063259125,0.05993359163403511
592,0.032902639359235764,86.87816619873047,0.07437963783740997,0.03306938707828522,85.3604507446289,0.07520122081041336,0.057455386966466904,0.05968325957655907,0.05802204832434654,0.05992754548788071
593,0.032889474183321,86.85116577148438,0.07436718791723251,0.033056315034627914,85.33458709716797,0.0751887708902359,0.05744633451104164,0.059677187353372574,0.058013737201690674,0.059921618551015854
594,0.032876286655664444,86.8240966796875,0.07435472309589386,0.033043257892131805,85.30882263183594,0.07517634332180023,0.05743735656142235,0.059671107679605484,0.058005351573228836,0.05991562455892563
595,0.03286313638091087,86.79720306396484,0.07434233278036118,0.03303026035428047,85.28315734863281,0.07516396790742874,0.05742839723825455,0.059665072709321976,0.05799711123108864,0.05990966036915779
596,0.032849960029125214,86.77037048339844,0.07432996481657028,0.03301720693707466,85.25756072998047,0.07515162974596024,0.05741945281624794,0.05965903773903847,0.057988766580820084,0.059903718531131744
597,0.032836850732564926,86.7436294555664,0.07431760430335999,0.033004216849803925,85.23200225830078,0.07513928413391113,0.05741048604249954,0.059653010219335556,0.057980503886938095,0.059897810220718384
598,0.03282376751303673,86.71685791015625,0.07430530339479446,0.032991278916597366,85.2065200805664,0.07512699067592621,0.05740157887339592,0.05964700132608414,0.05797232314944267,0.05989179015159607
599,0.03281072527170181,86.69012451171875,0.07429292798042297,0.032978348433971405,85.18108367919922,0.07511468976736069,0.05739268660545349,0.05964094027876854,0.057964008301496506,0.059885889291763306
600,0.03279763460159302,86.66354370117188,0.07428067177534103,0.032965246587991714,85.15573120117188,0.07510243356227875,0.057383812963962555,0.05963483080267906,0.05795588344335556,0.05987987667322159
601,0.032784465700387955,86.6369400024414,0.07426835596561432,0.03295208886265755,85.13046264648438,0.075090192258358,0.05737501382827759,0.05962875857949257,0.05794762447476387,0.059873878955841064
602,0.032771360129117966,86.61053466796875,0.07425614446401596,0.0329391211271286,85.10523223876953,0.07507797330617905,0.05736619234085083,0.059622738510370255,0.057939562946558,0.059867922216653824
603,0.03275839239358902,86.583984375,0.07424386590719223,0.03292626515030861,85.08003997802734,0.07506577670574188,0.05735738202929497,0.05961674824357033,0.0579313263297081,0.059861987829208374
604,0.032745491713285446,86.55757904052734,0.07423166185617447,0.03291343152523041,85.05489349365234,0.07505358755588531,0.057348646223545074,0.059610724449157715,0.05792325735092163,0.05985599756240845
605,0.03273261711001396,86.5311279296875,0.07421941310167313,0.03290063515305519,85.02981567382812,0.07504143565893173,0.057339850813150406,0.05960475653409958,0.05791512131690979,0.059850022196769714
606,0.03271978348493576,86.5048599243164,0.07420726865530014,0.03288789466023445,85.00466918945312,0.07502925395965576,0.05733102932572365,0.05959874764084816,0.0579070970416069,0.059844132512807846
607,0.03270694613456726,86.47845458984375,0.0741950273513794,0.03287522867321968,84.97966766357422,0.07501713186502457,0.05732226371765137,0.059592776000499725,0.057898979634046555,0.059838056564331055
608,0.03269416093826294,86.45216369628906,0.07418287545442581,0.03286260366439819,84.95470428466797,0.07500501722097397,0.05731354281306267,0.0595867857336998,0.057890865951776505,0.05983215570449829
609,0.032681386917829514,86.42589569091797,0.07417070865631104,0.03285001963376999,84.92979431152344,0.07499293237924576,0.057304833084344864,0.05958079174160957,0.05788280442357063,0.05982612445950508
610,0.03266860917210579,86.39985656738281,0.074158675968647,0.032837383449077606,84.90511322021484,0.07498098164796829,0.057296205312013626,0.059574924409389496,0.057874828577041626,0.059820279479026794
611,0.03265587240457535,86.37374877929688,0.07414659112691879,0.032824885100126266,84.88054656982422,0.07496905326843262,0.0572875551879406,0.05956905707716942,0.057866837829351425,0.059814274311065674
612,0.032643165439367294,86.34764099121094,0.0741344466805458,0.03281236067414284,84.85598754882812,0.07495710998773575,0.05727894976735115,0.05956314131617546,0.05785876885056496,0.05980822816491127
613,0.032630469650030136,86.32166290283203,0.07412239909172058,0.032799843698740005,84.8314208984375,0.07494515925645828,0.05727032944560051,0.0595572404563427,0.05785074084997177,0.059802282601594925
614,0.032617803663015366,86.29578399658203,0.07411038130521774,0.03278737515211105,84.80689239501953,0.07493322342634201,0.05726174637675285,0.059551339596509933,0.05784277617931366,0.05979635939002037
615,0.032605163753032684,86.26976013183594,0.07409832626581192,0.0327749028801918,84.78242492675781,0.07492130994796753,0.057253189384937286,0.059545520693063736,0.05783474072813988,0.059790290892124176
616,0.03259257227182388,86.24408721923828,0.07408639788627625,0.03276257589459419,84.7580337524414,0.07490941137075424,0.05724466219544411,0.059539709240198135,0.05782682076096535,0.05978447571396828
617,0.03258005529642105,86.21831512451172,0.07407442480325699,0.032750267535448074,84.73365020751953,0.07489752024412155,0.05723610147833824,0.059533871710300446,0.05781880021095276,0.05977857485413551
618,0.03256756067276001,86.19261169433594,0.07406245172023773,0.03273792937397957,84.70928955078125,0.07488564401865005,0.057227589190006256,0.05952797457575798,0.05781082808971405,0.05977266654372215
619,0.03255502134561539,86.16693115234375,0.07405054569244385,0.032725486904382706,84.6849365234375,0.07487373799085617,0.05721907690167427,0.059522032737731934,0.0578029602766037,0.05976656824350357
620,0.032542478293180466,86.14143371582031,0.07403869181871414,0.032713066786527634,84.66070556640625,0.07486186921596527,0.05721064656972885,0.059516098350286484,0.05779508501291275,0.059760622680187225
621,0.03252998739480972,86.11572265625,0.07402671873569489,0.03270074352622032,84.63652038574219,0.07485006004571915,0.05720224976539612,0.05951019376516342,0.05778703838586807,0.05975458398461342
622,0.032517556101083755,86.09021759033203,0.07401484996080399,0.0326884463429451,84.61236572265625,0.07483823597431183,0.05719383433461189,0.059504322707653046,0.057779181748628616,0.0597485788166523
623,0.03250512108206749,86.06472778320312,0.07400302588939667,0.03267617151141167,84.58819580078125,0.07482640445232391,0.057185348123311996,0.059498436748981476,0.057771336287260056,0.05974256619811058
624,0.032492708414793015,86.03931427001953,0.07399119436740875,0.03266393765807152,84.56414031982422,0.07481463253498077,0.05717695504426956,0.05949258804321289,0.057763539254665375,0.05973653495311737
625,0.03248034790158272,86.01380920410156,0.07397931069135666,0.032651714980602264,84.54008483886719,0.07480286061763763,0.05716854706406593,0.05948670953512192,0.057755593210458755,0.059730496257543564
626,0.032467976212501526,85.98854064941406,0.07396754622459412,0.032639529556035995,84.51610565185547,0.07479111105203629,0.05716017261147499,0.059480875730514526,0.05774780735373497,0.05972456932067871
627,0.032455600798130035,85.96321105957031,0.07395575940608978,0.032627325505018234,84.49217987060547,0.07477937638759613,0.05715184658765793,0.05947507172822952,0.05773996561765671,0.05971859022974968
628,0.03244325891137123,85.9381103515625,0.0739440768957138,0.03261519595980644,84.46833801269531,0.07476769387722015,0.05714351311326027,0.059469256550073624,0.05773210525512695,0.059712860733270645
629,0.03243090212345123,85.91290283203125,0.07393233478069305,0.032602984458208084,84.44451141357422,0.07475601881742477,0.057135194540023804,0.05946343019604683,0.05772427096962929,0.05970686301589012
630,0.032418571412563324,85.8877944946289,0.0739206075668335,0.03259079158306122,84.42069244384766,0.0747443437576294,0.05712686851620674,0.059457648545503616,0.05771653726696968,0.059700921177864075
631,0.0324062779545784,85.86270141601562,0.07390892505645752,0.03257862105965614,84.3969497680664,0.074732705950737,0.05711863562464714,0.05945179983973503,0.05770872160792351,0.05969500541687012
632,0.03239397332072258,85.83753967285156,0.07389722019433975,0.03256649523973465,84.37321472167969,0.0747210755944252,0.05711030960083008,0.059445980936288834,0.05770096182823181,0.05968894809484482
633,0.03238169103860855,85.8125,0.07388554513454437,0.03255436196923256,84.34952545166016,0.074709452688694,0.05710207670927048,0.059440113604068756,0.05769326165318489,0.059682995080947876
634,0.032369427382946014,85.78733825683594,0.07387383282184601,0.03254222497344017,84.32591247558594,0.07469786703586578,0.057093825191259384,0.05943429842591286,0.05768536776304245,0.05967700108885765
635,0.03235720098018646,85.7624740600586,0.0738622397184372,0.03253008797764778,84.30228424072266,0.07468627393245697,0.057085584849119186,0.05942844599485397,0.057677797973155975,0.059671007096767426
636,0.032344967126846313,85.7375717163086,0.073850616812706,0.0325179286301136,84.27872467041016,0.07467471063137054,0.05707738921046257,0.059422560036182404,0.05767005309462547,0.05966508761048317
637,0.032332710921764374,85.7126235961914,0.07383900135755539,0.03250575810670853,84.25521850585938,0.07466316223144531,0.05706915259361267,0.05941666290163994,0.057662274688482285,0.05965906381607056
638,0.03232045844197273,85.68779754638672,0.07382743060588837,0.032493580132722855,84.23169708251953,0.07465161383152008,0.05706089735031128,0.05941075459122658,0.05765463039278984,0.05965302512049675
639,0.03230823576450348,85.66294860839844,0.07381584495306015,0.032481443136930466,84.20826721191406,0.07464011013507843,0.05705270916223526,0.05940484255552292,0.05764690041542053,0.05964695289731026
640,0.032296065241098404,85.63815307617188,0.07380428910255432,0.032469406723976135,84.18485260009766,0.07462860643863678,0.05704451724886894,0.059398941695690155,0.057639192789793015,0.05964093655347824
641,0.03228393942117691,85.61332702636719,0.07379268854856491,0.03245740756392479,84.1614990234375,0.07461713999509811,0.05703634023666382,0.05939303711056709,0.05763142183423042,0.05963490530848503
642,0.032271865755319595,85.5887451171875,0.07378122955560684,0.03244540095329285,84.13813781738281,0.07460566610097885,0.05702818185091019,0.059387095272541046,0.05762385204434395,0.059628926217556
643,0.032259829342365265,85.56395721435547,0.07376967370510101,0.03243346884846687,84.1148910522461,0.07459423691034317,0.057020097970962524,0.0593811459839344,0.057616084814071655,0.05962285399436951
644,0.032247819006443024,85.53933715820312,0.07375817745923996,0.03242156282067299,84.09163665771484,0.07458280026912689,0.05701196938753128,0.05937518551945686,0.057608410716056824,0.05961683765053749
645,0.03223590925335884,85.5147476196289,0.0737467035651207,0.03240985423326492,84.06844329833984,0.0745714083313942,0.057003848254680634,0.05936923623085022,0.05760074406862259,0.05961083620786667
646,0.0322241485118866,85.49021911621094,0.07373526692390442,0.03239822760224342,84.04534912109375,0.07456004619598389,0.05699574947357178,0.059363316744565964,0.05759309604763985,0.059604767709970474
647,0.03221242502331734,85.4656753540039,0.07372378557920456,0.032386597245931625,84.0223159790039,0.07454870641231537,0.056987665593624115,0.0593574233353138,0.057585444301366806,0.05959862098097801
648,0.032200731337070465,85.44110107421875,0.0737122967839241,0.03237494081258774,83.99943542480469,0.07453743368387222,0.056979723274707794,0.05935143306851387,0.0575777143239975,0.059592414647340775
649,0.0321890227496624,85.41661071777344,0.07370086014270782,0.03236330300569534,83.97655487060547,0.07452615350484848,0.056971751153469086,0.05934545770287514,0.057570088654756546,0.05958619713783264
650,0.03217734023928642,85.39238739013672,0.0736895278096199,0.03235167637467384,83.95365142822266,0.07451487332582474,0.0569637157022953,0.059339489787817,0.05756251886487007,0.05958019569516182
651,0.032165657728910446,85.36810302734375,0.0736781656742096,0.032340072095394135,83.93086242675781,0.07450364530086517,0.05695578083395958,0.05933349207043648,0.057554926723241806,0.05957406759262085
652,0.032153964042663574,85.34388732910156,0.07366683334112167,0.032328467816114426,83.90813446044922,0.0744924396276474,0.056947823613882065,0.05932748317718506,0.05754730477929115,0.059567973017692566
653,0.03214222192764282,85.31997680664062,0.07365560531616211,0.03231685608625412,83.88542175292969,0.07448122650384903,0.056939881294965744,0.05932144075632095,0.05753982439637184,0.05956204980611801
654,0.032130494713783264,85.2956771850586,0.0736442357301712,0.032305218279361725,83.86275482177734,0.07447003573179245,0.05693189427256584,0.05931545048952103,0.057532161474227905,0.05955580249428749
655,0.032118767499923706,85.27169036865234,0.07363300770521164,0.032293546944856644,83.84007263183594,0.07445884495973587,0.05692392960190773,0.059309400618076324,0.057524673640728,0.05954977124929428
656,0.03210709989070892,85.24755096435547,0.07362167537212372,0.03228190168738365,83.81743621826172,0.07444765418767929,0.056916020810604095,0.059303395450115204,0.05751706287264824,0.05954360216856003
657,0.032095447182655334,85.22356414794922,0.07361042499542236,0.032270316034555435,83.7947769165039,0.07443647086620331,0.05690804868936539,0.05929741635918617,0.05750948563218117,0.05953759700059891
658,0.03208388760685921,85.19963836669922,0.0735991969704628,0.03225874528288841,83.7723159790039,0.0744253545999527,0.056900106370449066,0.059291429817676544,0.05750192329287529,0.0595315583050251
659,0.032072342932224274,85.1757583618164,0.07358796894550323,0.03224726393818855,83.74994659423828,0.07441427558660507,0.05689224600791931,0.05928540602326393,0.057494357228279114,0.0595254972577095
660,0.03206082805991173,85.1518783569336,0.07357677072286606,0.03223574161529541,83.72758483886719,0.07440321147441864,0.05688432231545448,0.05927940830588341,0.05748671293258667,0.05951942130923271
661,0.03204928711056709,85.12802124023438,0.07356557250022888,0.03222423046827316,83.70526123046875,0.0743921771645546,0.05687643215060234,0.05927339196205139,0.05747922137379646,0.059513259679079056
662,0.03203778341412544,85.10413360595703,0.07355436682701111,0.0322127491235733,83.68305206298828,0.07438118010759354,0.056868601590394974,0.05926739051938057,0.05747152119874954,0.05950714275240898
663,0.032026275992393494,85.08045196533203,0.0735432356595993,0.03220127895474434,83.66080474853516,0.07437016814947128,0.05686071142554283,0.059261370450258255,0.05746404081583023,0.05950106680393219
664,0.03201478347182274,85.05670166015625,0.07353208214044571,0.03218984603881836,83.63865661621094,0.07435920089483261,0.05685284361243248,0.05925538018345833,0.05745649337768555,0.05949496477842331
665,0.032003309577703476,85.03292846679688,0.07352090626955032,0.03217838332056999,83.61650085449219,0.07434822618961334,0.05684499815106392,0.05924941226840019,0.05744878575205803,0.05948891490697861
666,0.031991858035326004,85.00935363769531,0.07350984960794449,0.03216692432761192,83.5943374633789,0.07433725893497467,0.05683710053563118,0.05924348160624504,0.057441312819719315,0.0594828724861145
667,0.031980425119400024,84.98601531982422,0.07349884510040283,0.032155536115169525,83.57242584228516,0.07432639598846436,0.05682935565710068,0.059237606823444366,0.05743381008505821,0.05947701260447502
668,0.031968988478183746,84.96235656738281,0.07348773628473282,0.032144129276275635,83.5505599975586,0.07431554049253464,0.05682167038321495,0.05923169106245041,0.05742613598704338,0.05947092920541763
669,0.03195757046341896,84.93892669677734,0.07347671687602997,0.03213271498680115,83.52863311767578,0.07430465519428253,0.056813906878232956,0.05922577157616615,0.05741868168115616,0.05946483463048935
670,0.03194614127278328,84.91545104980469,0.07346566021442413,0.032121263444423676,83.50674438476562,0.07429379224777222,0.056806206703186035,0.0592198483645916,0.057411111891269684,0.059458740055561066
671,0.03193477541208267,84.89201354980469,0.07345465570688248,0.032109834253787994,83.48485565185547,0.0742829367518425,0.05679851397871971,0.059213947504758835,0.05740359053015709,0.05945263057947159
672,0.03192336857318878,84.86860656738281,0.07344362884759903,0.032098401337862015,83.46298217773438,0.07427207380533218,0.05679082125425339,0.05920800194144249,0.05739601328969002,0.05944649502635002
673,0.031911976635456085,84.84528350830078,0.07343266159296036,0.03208700940012932,83.44119262695312,0.07426125556230545,0.056783150881528854,0.05920214205980301,0.05738857761025429,0.059440355747938156
674,0.03190057724714279,84.82198333740234,0.07342168688774109,0.03207560256123543,83.41943359375,0.07425044476985931,0.05677550286054611,0.05919625237584114,0.057381004095077515,0.05943429842591286
675,0.03188923001289368,84.79863739013672,0.07341068983078003,0.03206422179937363,83.39761352539062,0.07423962652683258,0.056767795234918594,0.059190452098846436,0.05737338960170746,0.05942824110388756
676,0.031877871602773666,84.77544403076172,0.07339974492788315,0.032052893191576004,83.37590789794922,0.07422886043787003,0.05676007270812988,0.059184666723012924,0.057365886867046356,0.059422265738248825
677,0.031866565346717834,84.752197265625,0.07338880002498627,0.03204159811139107,83.35423278808594,0.07421809434890747,0.05675236135721207,0.05917884036898613,0.05735836178064346,0.059416212141513824
678,0.03185528144240379,84.72908020019531,0.07337792217731476,0.03203032538294792,83.33259582519531,0.0742073580622673,0.05674465373158455,0.059173014014959335,0.0573507696390152,0.059410274028778076
679,0.031843990087509155,84.70597839355469,0.07336703687906265,0.03201907500624657,83.31096649169922,0.07419662177562714,0.056736912578344345,0.05916712060570717,0.05734322592616081,0.059404291212558746
680,0.0318327322602272,84.6828842163086,0.07335617393255234,0.032007865607738495,83.2894287109375,0.07418591529130936,0.05672922357916832,0.059161245822906494,0.05733570456504822,0.05939825251698494
681,0.03182150796055794,84.65990447998047,0.07334531843662262,0.03199669346213341,83.26791381835938,0.07417523115873337,0.056721508502960205,0.05915535241365433,0.05732816085219383,0.0593922957777977
682,0.03181030601263046,84.6368408203125,0.0733344554901123,0.031985584646463394,83.24645233154297,0.07416456937789917,0.05671381205320358,0.05914948508143425,0.05732066556811333,0.059386245906353
683,0.031799156218767166,84.6138687133789,0.07332363724708557,0.03197447210550308,83.22504425048828,0.07415394484996796,0.05670616030693054,0.05914360657334328,0.057313114404678345,0.05938025563955307
684,0.03178800269961357,84.59093475341797,0.07331283390522003,0.03196339309215546,83.2036361694336,0.07414329797029495,0.05669844150543213,0.05913778394460678,0.057305626571178436,0.05937425419688225
685,0.03177686408162117,84.56797790527344,0.0733020082116127,0.031952377408742905,83.18226623535156,0.07413269579410553,0.05669073387980461,0.05913197249174118,0.05729803442955017,0.05936826393008232
686,0.03176574781537056,84.54520416259766,0.07329125702381134,0.031941354274749756,83.1609878540039,0.0741221159696579,0.05668306350708008,0.059126198291778564,0.05729059875011444,0.05936231464147568
687,0.03175461292266846,84.52226257324219,0.073280468583107,0.031930338591337204,83.13973999023438,0.07411154359579086,0.05667540058493614,0.05912045016884804,0.057283028960227966,0.05935629457235336
688,0.03174357861280441,84.49945068359375,0.07326968759298325,0.031919483095407486,83.11849212646484,0.07410097867250443,0.056667737662792206,0.05911468714475632,0.05727561190724373,0.05935025215148926
689,0.031732674688100815,84.47659301757812,0.0732589066028595,0.03190863877534866,83.09728240966797,0.07409045845270157,0.05666008219122887,0.059108950197696686,0.05726800113916397,0.059344254434108734
690,0.03172174096107483,84.45397186279297,0.07324820756912231,0.03189779445528984,83.07618713378906,0.07407994568347931,0.05665252357721329,0.05910322442650795,0.05726049467921257,0.05933833867311478
691,0.03171083331108093,84.43128967285156,0.07323752343654633,0.031886931508779526,83.05498504638672,0.07406942546367645,0.05664483830332756,0.059097468852996826,0.0572529211640358,0.05933244153857231
692,0.031699907034635544,84.40864562988281,0.07322683185338974,0.03187606483697891,83.03387451171875,0.0740589126944542,0.056637220084667206,0.059091754257678986,0.057245440781116486,0.05932646989822388
693,0.031689003109931946,84.38601684570312,0.07321614027023315,0.03186522796750069,83.01277160644531,0.07404843717813492,0.05662960931658745,0.05908605828881264,0.05723787099123001,0.05932052806019783
694,0.03167809918522835,84.36346435546875,0.07320550084114075,0.031854405999183655,82.99169921875,0.07403795421123505,0.056621942669153214,0.059080395847558975,0.057230349630117416,0.05931461974978447
695,0.031667254865169525,84.34090423583984,0.07319485396146774,0.031843628734350204,82.97062683105469,0.07402748614549637,0.05661432072520256,0.05907469242811203,0.05722280964255333,0.059308670461177826
696,0.03165639564394951,84.31832885742188,0.07318420708179474,0.031832847744226456,82.94966888427734,0.07401705533266068,0.05660674348473549,0.05906897410750389,0.05721523240208626,0.059302717447280884
697,0.03164557367563248,84.29582214355469,0.07317359745502472,0.031822096556425095,82.92866516113281,0.07400660216808319,0.05659911036491394,0.05906323343515396,0.05720764771103859,0.059296756982803345
698,0.03163478523492813,84.2734146118164,0.0731630027294159,0.03181138262152672,82.9078140258789,0.07399622350931168,0.056591544300317764,0.0590575635433197,0.057200122624635696,0.05929085984826088
699,0.03162402659654617,84.25100708007812,0.07315243780612946,0.03180066496133804,82.8869857788086,0.07398583739995956,0.05658399313688278,0.05905190482735634,0.057192642241716385,0.05928487330675125
700,0.0316133052110672,84.2284927368164,0.07314179092645645,0.03178992494940758,82.86611938476562,0.07397546619176865,0.05657638981938362,0.05904620885848999,0.05718495324254036,0.05927897244691849
701,0.03160259127616882,84.20619201660156,0.07313127815723419,0.0317792072892189,82.84535217285156,0.07396513223648071,0.05656885728240013,0.05904054641723633,0.057177480310201645,0.05927306413650513
702,0.031591903418302536,84.18382263183594,0.07312071323394775,0.03176847845315933,82.82456970214844,0.07395478338003159,0.056561294943094254,0.05903485789895058,0.057169895619153976,0.05926717817783356
703,0.03158124163746834,84.16149139404297,0.0731101855635643,0.03175780549645424,82.80386352539062,0.07394447177648544,0.05655371770262718,0.05902924761176109,0.05716230347752571,0.05926131457090378
704,0.03157058358192444,84.13921356201172,0.07309966534376144,0.031747106462717056,82.78314971923828,0.07393418997526169,0.05654612556099892,0.059023600071668625,0.05715475231409073,0.059255450963974
705,0.031559985131025314,84.1169204711914,0.07308914512395859,0.03173648938536644,82.76248931884766,0.07392390817403793,0.05653858929872513,0.05901796743273735,0.05714717507362366,0.059249576181173325
706,0.03154943883419037,84.09471130371094,0.07307863235473633,0.03172588720917702,82.74188995361328,0.07391367852687836,0.05653107911348343,0.05901237577199936,0.05713961645960808,0.059243686497211456
707,0.031538885086774826,84.07244110107422,0.07306814938783646,0.031715333461761475,82.72126007080078,0.07390341907739639,0.056523535400629044,0.05900680646300316,0.05713202431797981,0.05923779681324959
708,0.03152841329574585,84.0502700805664,0.07305771857500076,0.031704846769571304,82.70077514648438,0.073893241584301,0.05651605874300003,0.059001270681619644,0.05712444707751274,0.05923198536038399
709,0.03151797130703926,84.02804565429688,0.0730472207069397,0.031694330275058746,82.6801986694336,0.07388303428888321,0.05650855973362923,0.058995697647333145,0.057116828858852386,0.05922604724764824
710,0.031507525593042374,84.00595092773438,0.073036789894104,0.03168382868170738,82.65975952148438,0.073872871696949,0.056501079350709915,0.05899016931653023,0.05710924044251442,0.05922022461891174
711,0.031497132033109665,83.9838638305664,0.07302635163068771,0.0316733680665493,82.63936614990234,0.073862724006176,0.05649359151721001,0.058984678238630295,0.057101644575595856,0.05921441689133644
712,0.03148682415485382,83.96192932128906,0.07301601767539978,0.03166303038597107,82.6190185546875,0.07385260611772537,0.056486036628484726,0.05897923558950424,0.05709409713745117,0.059208594262599945
713,0.03147657960653305,83.9399185180664,0.07300563901662827,0.031652726233005524,82.59874725341797,0.07384252548217773,0.05647860839962959,0.0589737668633461,0.057086460292339325,0.05920274928212166
714,0.03146638721227646,83.91790771484375,0.07299525290727615,0.03164270147681236,82.57843780517578,0.0738324448466301,0.056471116840839386,0.05896831303834915,0.057078901678323746,0.0591968409717083
715,0.03145645186305046,83.89607238769531,0.07298493385314941,0.031632717698812485,82.55815887451172,0.07382233440876007,0.05646364018321037,0.05896288529038429,0.057071324437856674,0.059191059321165085
716,0.03144649416208267,83.87421417236328,0.07297462970018387,0.03162262961268425,82.53791046142578,0.07381226122379303,0.05645621195435524,0.05895742401480675,0.05706378072500229,0.059185195714235306
717,0.031436409801244736,83.85234832763672,0.07296430319547653,0.03161246329545975,82.51776885986328,0.07380223274230957,0.056448791176080704,0.058952029794454575,0.05705617740750313,0.05917933210730553
718,0.031426236033439636,83.83048248291016,0.07295398414134979,0.031602196395397186,82.49763488769531,0.0737922266125679,0.05644139274954796,0.05894660949707031,0.05704852566123009,0.059173520654439926
719,0.03141607344150543,83.80867004394531,0.07294369488954544,0.031591955572366714,82.4775619506836,0.07378225773572922,0.05643397569656372,0.058941248804330826,0.05704087018966675,0.05916773900389671
720,0.03140591084957123,83.7869644165039,0.07293345034122467,0.031581733375787735,82.4576187133789,0.07377233356237411,0.05642666295170784,0.05893584340810776,0.05703338235616684,0.059161875396966934
721,0.0313958004117012,83.76517486572266,0.07292316854000092,0.03157150372862816,82.4375991821289,0.07376240938901901,0.05641929432749748,0.058930404484272,0.05702576786279678,0.059156011790037155
722,0.03138566389679909,83.74347686767578,0.07291292399168015,0.03156130760908127,82.41771697998047,0.07375252991914749,0.0564119927585125,0.05892505124211311,0.05701817572116852,0.05915015935897827
723,0.031375590711832047,83.72176361083984,0.07290267199277878,0.03155114874243736,82.39788055419922,0.07374268770217896,0.05640469864010811,0.058919720351696014,0.057010579854249954,0.059144336730241776
724,0.03136555477976799,83.70024871826172,0.07289252430200577,0.03154102712869644,82.3780288696289,0.07373283803462982,0.05639735236763954,0.05891444534063339,0.057003021240234375,0.059138666838407516
725,0.031355537474155426,83.67864990234375,0.07288234680891037,0.03153092786669731,82.35824584960938,0.07372303307056427,0.056390050798654556,0.05890915170311928,0.05699554830789566,0.059132833033800125
726,0.03134556859731674,83.65705871582031,0.07287216186523438,0.03152092173695564,82.33843994140625,0.07371322065591812,0.05638274922966957,0.05890387296676636,0.05698789656162262,0.059127066284418106
727,0.03133569285273552,83.63555145263672,0.07286200672388077,0.031511034816503525,82.31871032714844,0.07370344549417496,0.05637545511126518,0.058898646384477615,0.05698037147521973,0.05912124738097191
728,0.03132586553692818,83.61398315429688,0.07285185903310776,0.031501173973083496,82.29894256591797,0.07369364798069,0.05636811628937721,0.05889340862631798,0.0569726824760437,0.059115469455718994
729,0.03131604939699173,83.59258270263672,0.07284175604581833,0.03149135038256645,82.27925872802734,0.07368389517068863,0.05636083707213402,0.05888821557164192,0.05696520209312439,0.05910969525575638
730,0.03130628168582916,83.5711898803711,0.07283167541027069,0.0314815491437912,82.2596664428711,0.07367418706417084,0.05635363236069679,0.05888299271464348,0.05695761740207672,0.059103984385728836
731,0.0312965102493763,83.54981994628906,0.07282161712646484,0.03147182613611221,82.24008178710938,0.07366447895765305,0.05634637922048569,0.05887783318758011,0.056950099766254425,0.0590982623398304
732,0.03128679841756821,83.52851867675781,0.0728115662932396,0.031462132930755615,82.22056579589844,0.07365482300519943,0.056339215487241745,0.058872614055871964,0.056942567229270935,0.059092581272125244
733,0.0312771275639534,83.50711822509766,0.07280150055885315,0.03145245835185051,82.20110321044922,0.07364517450332642,0.05633201822638512,0.058867454528808594,0.056934911757707596,0.0590868704020977
734,0.0312674418091774,83.48582458496094,0.0727914497256279,0.031442791223526,82.18164825439453,0.073635533452034,0.05632493644952774,0.058862216770648956,0.056927390396595,0.05908113718032837
735,0.03125779330730438,83.4647445678711,0.07278154045343399,0.031433168798685074,82.16229248046875,0.07362594455480576,0.05631789565086365,0.05885705351829529,0.056919947266578674,0.05907556787133217
736,0.03124815970659256,83.44351959228516,0.07277151942253113,0.03142357990145683,82.14293670654297,0.07361637055873871,0.05631076544523239,0.058851923793554306,0.056912485510110855,0.05906980112195015
737,0.031238581985235214,83.42256164550781,0.0727616474032402,0.031414180994033813,82.1237564086914,0.07360684871673584,0.056303802877664566,0.05884680896997452,0.05690515413880348,0.059064194560050964
738,0.031229116022586823,83.4015121459961,0.07275170832872391,0.031404852867126465,82.10466003417969,0.07359737902879715,0.056296881288290024,0.058841824531555176,0.056897711008787155,0.05905851721763611
739,0.0312197208404541,83.38047790527344,0.0727417841553688,0.03139544278383255,82.08561706542969,0.07358793169260025,0.05629003047943115,0.058836836367845535,0.056890230625867844,0.05905291810631752
740,0.031210342422127724,83.35955047607422,0.07273192703723907,0.031386133283376694,82.06649017333984,0.07357843220233917,0.056283075362443924,0.058831874281167984,0.056882891803979874,0.059047285467386246
741,0.03120100498199463,83.33861541748047,0.07272203266620636,0.03137682005763054,82.0473403930664,0.07356894761323929,0.056276123970746994,0.05882676690816879,0.056875571608543396,0.0590415820479393
742,0.03119182027876377,83.31795501708984,0.07271232455968857,0.031367603689432144,82.02818298339844,0.0735594630241394,0.05626910179853439,0.058821696788072586,0.05686834082007408,0.059036076068878174
743,0.031182656064629555,83.29714965820312,0.07270250469446182,0.03135841712355614,82.00923156738281,0.07355006039142609,0.056262191385030746,0.05881671980023384,0.05686104670166969,0.0590304359793663
744,0.031173568218946457,83.27632141113281,0.07269271463155746,0.03134931996464729,81.99038696289062,0.07354073971509933,0.05625539645552635,0.05881175026297569,0.056853681802749634,0.05902484804391861
745,0.03116452321410179,83.25556182861328,0.07268289476633072,0.03134022653102875,81.97161865234375,0.07353144139051437,0.05624861642718315,0.05880683287978172,0.05684627220034599,0.0590192936360836
746,0.031155506148934364,83.23485565185547,0.07267315685749054,0.0313311330974102,81.9529037475586,0.0735221654176712,0.056241873651742935,0.058801956474781036,0.056839048862457275,0.059013668447732925
747,0.03114650957286358,83.21418762207031,0.07266342639923096,0.03132208436727524,81.93424224853516,0.07351293414831161,0.05623505264520645,0.058797143399715424,0.0568317212164402,0.059008147567510605
748,0.031137537211179733,83.1934814453125,0.07265369594097137,0.03131304308772087,81.91574096679688,0.073503777384758,0.0562283992767334,0.0587923489511013,0.05682433769106865,0.05900263786315918
749,0.03112860955297947,83.17292022705078,0.07264400273561478,0.031304094940423965,81.8973159790039,0.07349465787410736,0.05622175335884094,0.05878757685422897,0.05681707337498665,0.05899714305996895
750,0.03111976943910122,83.15230560302734,0.07263430207967758,0.03129536285996437,81.87892150878906,0.07348551601171494,0.05621514469385147,0.05878270044922829,0.05680983141064644,0.05899150297045708
751,0.03111109882593155,83.13189697265625,0.07262469083070755,0.03128669410943985,81.8606185913086,0.07347642630338669,0.05620846152305603,0.058778028935194016,0.05680252984166145,0.058986105024814606
752,0.03110240213572979,83.111328125,0.07261496782302856,0.03127799183130264,81.84233856201172,0.07346733659505844,0.05620184913277626,0.05877337604761124,0.05679505690932274,0.058980658650398254
753,0.03109368495643139,83.09100341796875,0.07260540872812271,0.031269241124391556,81.82411193847656,0.07345829159021378,0.0561952069401741,0.058768775314092636,0.05678793415427208,0.0589752271771431
754,0.031084943562746048,83.07068634033203,0.07259581238031387,0.03126051276922226,81.80602264404297,0.07344930619001389,0.05618872493505478,0.058764226734638214,0.0567806139588356,0.058969896286726
755,0.031076237559318542,83.05035400390625,0.07258621603250504,0.03125175088644028,81.78787231445312,0.07344027608633041,0.056182149797677994,0.05875963345170021,0.0567733459174633,0.05896448343992233
756,0.03106756880879402,83.03004455566406,0.07257663458585739,0.031243057921528816,81.76966857910156,0.07343124598264694,0.05617548152804375,0.05875510349869728,0.056766096502542496,0.05895913764834404
757,0.03105899505317211,83.0097885131836,0.07256706058979034,0.031234370544552803,81.75161743164062,0.07342225313186646,0.056168846786022186,0.058750640600919724,0.056758809834718704,0.05895378813147545
758,0.031050443649291992,82.98993682861328,0.07255766540765762,0.031225698068737984,81.73362731933594,0.07341330498456955,0.05616213008761406,0.05874616652727127,0.056751515716314316,0.05894891545176506
759,0.03104192204773426,82.96959686279297,0.0725480169057846,0.0312170572578907,81.71553802490234,0.07340429723262787,0.056155357509851456,0.058741506189107895,0.05674426630139351,0.0589432530105114
760,0.031033480539917946,82.9498291015625,0.07253864407539368,0.031208405271172523,81.69741821289062,0.0733952671289444,0.05614854022860527,0.05873684212565422,0.05673711374402046,0.05893810838460922
761,0.031025057658553123,82.92977142333984,0.07252909988164902,0.031199807301163673,81.6793441772461,0.07338624447584152,0.056141722947359085,0.05873214825987816,0.05672971531748772,0.058932773768901825
762,0.031016694381833076,82.90991973876953,0.0725196823477745,0.031191201880574226,81.66129302978516,0.07337722927331924,0.05613488703966141,0.05872747302055359,0.05672236531972885,0.05892758071422577
763,0.03100835718214512,82.89006805419922,0.0725102573633194,0.031182676553726196,81.64324188232422,0.07336820662021637,0.05612800642848015,0.05872279405593872,0.05671510100364685,0.058922283351421356
764,0.03100006654858589,82.8699722290039,0.07250068336725235,0.031174063682556152,81.62472534179688,0.0733589380979538,0.056120615452528,0.05871789529919624,0.056707363575696945,0.058916982263326645
765,0.030991824343800545,82.85030364990234,0.07249128073453903,0.031165363267064095,81.60578155517578,0.07334943115711212,0.05611293762922287,0.05871265009045601,0.05669974163174629,0.058911968022584915
766,0.030983641743659973,82.83069610595703,0.07248189300298691,0.031156795099377632,81.58712005615234,0.07334004342556,0.05610543489456177,0.05870750546455383,0.05669244006276131,0.0589066706597805
767,0.030975522473454475,82.81112670898438,0.07247250527143478,0.031148305162787437,81.5687026977539,0.07333077490329742,0.05609804019331932,0.05870247632265091,0.05668517202138901,0.058901309967041016
768,0.03096744790673256,82.79169464111328,0.07246319949626923,0.031139850616455078,81.5504379272461,0.07332158088684082,0.056090712547302246,0.05869758129119873,0.05667787790298462,0.05889613553881645
769,0.030959364026784897,82.77236938476562,0.07245391607284546,0.03113141469657421,81.53226470947266,0.07331244647502899,0.05608343333005905,0.05869277939200401,0.05667060613632202,0.058891020715236664
770,0.03095131926238537,82.75303649902344,0.07244463264942169,0.031123090535402298,81.51431274414062,0.07330340147018433,0.05607632175087929,0.05868801847100258,0.05666333809494972,0.05888586491346359
771,0.03094332292675972,82.73371124267578,0.07243535667657852,0.031114790588617325,81.49641418457031,0.07329439371824265,0.05606922507286072,0.0586833581328392,0.056655991822481155,0.05888080596923828
772,0.030935341492295265,82.71443939208984,0.07242607325315475,0.031106527894735336,81.47856903076172,0.07328539341688156,0.056062083691358566,0.058678705245256424,0.05664879083633423,0.05887562036514282
773,0.030927414074540138,82.69525909423828,0.07241690158843994,0.031098321080207825,81.46089935302734,0.07327649742364883,0.056055180728435516,0.058674074709415436,0.05664156749844551,0.05887054279446602
774,0.030919548124074936,82.67599487304688,0.07240764051675797,0.031090108677744865,81.44320678710938,0.07326757907867432,0.05604821816086769,0.058669425547122955,0.056634269654750824,0.05886538699269295
775,0.030911702662706375,82.65680694580078,0.07239842414855957,0.031081972643733025,81.42550659179688,0.0732586607336998,0.056041162461042404,0.058664798736572266,0.0566270537674427,0.05886026471853256
776,0.03090396523475647,82.63763427734375,0.07238920778036118,0.03107396326959133,81.40803527832031,0.07324985414743423,0.05603427812457085,0.05866019055247307,0.056619785726070404,0.05885505676269531
777,0.03089630976319313,82.61863708496094,0.07238004356622696,0.031066017225384712,81.39051818847656,0.07324100285768509,0.056027304381132126,0.05865565314888954,0.056612543761730194,0.05884996056556702
778,0.03088868036866188,82.59955596923828,0.07237087190151215,0.031058091670274734,81.37312316894531,0.07323222607374191,0.056020401418209076,0.0586511492729187,0.0566052608191967,0.058844856917858124
779,0.03088105283677578,82.58074951171875,0.07236181199550629,0.03105013445019722,81.35569763183594,0.07322342693805695,0.05601353570818901,0.058646637946367264,0.05659812316298485,0.05883992835879326
780,0.03087347187101841,82.561767578125,0.07235267758369446,0.031042229384183884,81.33831787109375,0.07321466505527496,0.056006673723459244,0.058642130345106125,0.05659083276987076,0.058834899216890335
781,0.030865903943777084,82.5429458618164,0.0723436176776886,0.031034333631396294,81.32101440429688,0.07320592552423477,0.055999793112277985,0.05863772705197334,0.056583650410175323,0.05882992595434189
782,0.030858349055051804,82.52423858642578,0.07233459502458572,0.03102654032409191,81.30380249023438,0.07319722324609756,0.05599293112754822,0.05863332375884056,0.05657650902867317,0.05882500857114792
783,0.030850809067487717,82.50533294677734,0.07232548296451569,0.031018774956464767,81.28672790527344,0.07318858057260513,0.0559861920773983,0.05862889811396599,0.05656920373439789,0.05881992727518082
784,0.030843323096632957,82.48690032958984,0.07231657207012177,0.03101104311645031,81.26966857910156,0.0731799528002739,0.05597931891679764,0.05862452834844589,0.0565621592104435,0.058815084397792816
785,0.03083585761487484,82.46833038330078,0.07230760157108307,0.03100341185927391,81.25291442871094,0.0731714516878128,0.05597269907593727,0.05862027034163475,0.05655501410365105,0.05881012603640556
786,0.030828410759568214,82.44977569580078,0.07229860872030258,0.030995864421129227,81.23622131347656,0.0731629878282547,0.0559660904109478,0.05861606076359749,0.056547775864601135,0.05880524590611458
787,0.030820991843938828,82.43128967285156,0.07228967547416687,0.030988289043307304,81.21943664550781,0.07315448671579361,0.05595940351486206,0.058611802756786346,0.05654066801071167,0.05880032852292061
788,0.030813636258244514,82.412841796875,0.07228074967861176,0.030980776995420456,81.20282745361328,0.07314605265855789,0.055952880531549454,0.05860757827758789,0.05653347820043564,0.05879548564553261
789,0.030806289985775948,82.39441680908203,0.07227182388305664,0.030973246321082115,81.18616485595703,0.07313759624958038,0.05594615265727043,0.05860346183180809,0.05652633309364319,0.05879056826233864
790,0.03079899027943611,82.37609100341797,0.0722629502415657,0.03096572682261467,81.16946411132812,0.07312911748886108,0.05593955144286156,0.05859917029738426,0.05651919171214104,0.0587858110666275
791,0.030791698023676872,82.35775756835938,0.07225408405065536,0.030958225950598717,81.15281677246094,0.07312066107988358,0.055932845920324326,0.05859500169754028,0.0565120093524456,0.0587809793651104
792,0.030784443020820618,82.33956146240234,0.07224524021148682,0.030950790271162987,81.13634490966797,0.07311229407787323,0.05592627078294754,0.05859087035059929,0.05650501698255539,0.05877610668540001
793,0.030777202919125557,82.3212890625,0.07223641872406006,0.03094329498708248,81.1197509765625,0.07310386747121811,0.05591961741447449,0.05858670920133591,0.05649777874350548,0.05877137929201126
794,0.030769988894462585,82.3030014038086,0.07222756743431091,0.030935894697904587,81.10319519042969,0.07309545576572418,0.055912863463163376,0.05858258530497551,0.05649062618613243,0.05876655876636505
795,0.03076283074915409,82.28497314453125,0.07221882790327072,0.030928486958146095,81.0867919921875,0.07308711856603622,0.0559062659740448,0.05857847258448601,0.056483566761016846,0.05876189470291138
796,0.03075568377971649,82.26677703857422,0.07220999896526337,0.030921099707484245,81.07035827636719,0.07307877391576767,0.05589964613318443,0.05857434123754501,0.05647633597254753,0.05875711143016815
797,0.030748561024665833,82.24878692626953,0.07220125198364258,0.030913714319467545,81.05403900146484,0.0730704665184021,0.05589308217167854,0.05857023224234581,0.05646944046020508,0.058752309530973434
798,0.030741484835743904,82.23088836669922,0.07219259440898895,0.030906377360224724,81.03771209716797,0.07306217402219772,0.05588657781481743,0.058566074818372726,0.056462377309799194,0.05874763801693916
799,0.03073444962501526,82.21292114257812,0.07218383997678757,0.030899079516530037,81.0215072631836,0.07305390387773514,0.05588005110621452,0.05856205150485039,0.056455258280038834,0.05874291807413101
800,0.030727453529834747,82.19508361816406,0.07217516750097275,0.030891772359609604,81.00505828857422,0.07304555177688599,0.055873334407806396,0.058557938784360886,0.05644821375608444,0.058738283812999725
801,0.03072049841284752,82.17721557617188,0.07216650247573853,0.0308845192193985,80.98885345458984,0.0730372816324234,0.05586681142449379,0.05855390802025795,0.05644110590219498,0.05873364210128784
802,0.030713558197021484,82.15935516357422,0.07215779274702072,0.030877282842993736,80.97267150878906,0.0730290412902832,0.055860280990600586,0.058549877256155014,0.056433942168951035,0.058728985488414764
803,0.030706649646162987,82.14169311523438,0.07214922457933426,0.030870074406266212,80.95651245117188,0.073020800948143,0.055853694677352905,0.058545906096696854,0.05642697587609291,0.05872441083192825
804,0.03069971688091755,82.12403106689453,0.07214062660932541,0.030862880870699883,80.94042205810547,0.0730125904083252,0.05584712699055672,0.05854199454188347,0.056419868022203445,0.05871991068124771
805,0.03069278411567211,82.1063003540039,0.07213199138641357,0.030855674296617508,80.92440795898438,0.07300440967082977,0.05584071949124336,0.058538056910037994,0.05641275644302368,0.05871530994772911
806,0.030685879290103912,82.08870697021484,0.07212339341640472,0.030848508700728416,80.90843963623047,0.07299626618623734,0.05583431199193001,0.058534152805805206,0.05640565976500511,0.05871085077524185
807,0.030679000541567802,82.07112884521484,0.07211484014987946,0.03084137663245201,80.89256286621094,0.07298814505338669,0.05582788214087486,0.058530330657958984,0.05639868974685669,0.05870627239346504
808,0.030672162771224976,82.05374145507812,0.07210637629032135,0.0308342594653368,80.87671661376953,0.07298005372285843,0.05582142248749733,0.05852651968598366,0.05639176815748215,0.05870182439684868
809,0.03066534362733364,82.03627014160156,0.07209785282611847,0.030827149748802185,80.8609848022461,0.07297200709581375,0.05581514164805412,0.05852269008755684,0.05638469383120537,0.05869739130139351
810,0.03065853752195835,82.0187759399414,0.07208932936191559,0.030820075422525406,80.84522247314453,0.07296395301818848,0.055808715522289276,0.05851886048913002,0.05637771263718605,0.05869282782077789
811,0.030651763081550598,82.00140380859375,0.07208086550235748,0.03081303834915161,80.82955169677734,0.07295594364404678,0.05580229312181473,0.05851515009999275,0.056370675563812256,0.058688435703516006
812,0.030645018443465233,81.98424530029297,0.07207250595092773,0.03080601617693901,80.81392669677734,0.07294795662164688,0.05579598620533943,0.058511365205049515,0.05636388435959816,0.05868404731154442
813,0.03063829243183136,81.9668197631836,0.07206399738788605,0.030799031257629395,80.79843139648438,0.07294003665447235,0.05578964948654175,0.05850772187113762,0.05635684356093407,0.058679528534412384
814,0.030631596222519875,81.9496841430664,0.0720556378364563,0.03079208917915821,80.78287506103516,0.07293208688497543,0.055783290416002274,0.05850398540496826,0.05634995922446251,0.05867520719766617
815,0.030624933540821075,81.93241119384766,0.07204721122980118,0.030785175040364265,80.76744842529297,0.0729241892695427,0.05577695742249489,0.05850031226873398,0.056343045085668564,0.05867066979408264
816,0.030618323013186455,81.91532897949219,0.07203886657953262,0.030778300017118454,80.75205993652344,0.07291632890701294,0.05577068403363228,0.058496616780757904,0.05633613094687462,0.0586664043366909
817,0.03061169572174549,81.89810180664062,0.07203046977519989,0.03077145293354988,80.73677825927734,0.07290848344564438,0.055764537304639816,0.05849287658929825,0.05632920563220978,0.05866185948252678
818,0.0306051354855299,81.88104248046875,0.07202213257551193,0.030764682218432426,80.72145080566406,0.07290064543485641,0.05575821176171303,0.058489199727773666,0.05632227286696434,0.05865749716758728
819,0.030598605051636696,81.8640365600586,0.07201381027698517,0.03075793758034706,80.70625305175781,0.07289285212755203,0.055751968175172806,0.05848555639386177,0.05631538853049278,0.058653149753808975
820,0.03059210628271103,81.84710693359375,0.07200556248426437,0.030751194804906845,80.69109344482422,0.07288508862257004,0.055745698511600494,0.058481957763433456,0.056308552622795105,0.05864880606532097
821,0.030585594475269318,81.83010864257812,0.0719972476363182,0.030744461342692375,80.67598724365234,0.07287734746932983,0.05573952570557594,0.05847833305597305,0.056301627308130264,0.05864446237683296
822,0.030579108744859695,81.8132095336914,0.07198900729417801,0.03073776140809059,80.66091918945312,0.07286962121725082,0.055733323097229004,0.05847480148077011,0.05629473924636841,0.058640170842409134
823,0.03057265654206276,81.79634857177734,0.07198074460029602,0.03073108196258545,80.64595794677734,0.07286196202039719,0.05572720617055893,0.05847129970788956,0.05628788843750954,0.058635860681533813
824,0.03056623414158821,81.77958679199219,0.07197253406047821,0.030724400654435158,80.63094329833984,0.07285428047180176,0.055721040815114975,0.05846773833036423,0.056281037628650665,0.05863159894943237
825,0.0305598396807909,81.76274871826172,0.0719643384218216,0.030717765912413597,80.6160888671875,0.07284665107727051,0.05571497231721878,0.0584641732275486,0.0562741756439209,0.05862724408507347
826,0.030553465709090233,81.74612426757812,0.07195617258548737,0.030711131170392036,80.60122680664062,0.07283902168273926,0.055708885192871094,0.05846061930060387,0.05626755207777023,0.05862291902303696
827,0.03054712526500225,81.72943115234375,0.07194799929857254,0.030704515054821968,80.58645629882812,0.07283146679401398,0.05570283532142639,0.058457132428884506,0.05626072734594345,0.058618634939193726
828,0.030540794134140015,81.7127914428711,0.0719398707151413,0.030697884038090706,80.57173919677734,0.07282392680644989,0.055696818977594376,0.05845361948013306,0.05625399202108383,0.0586143434047699
829,0.03053448349237442,81.69625091552734,0.07193176448345184,0.030691316351294518,80.55707550048828,0.0728163868188858,0.05569083243608475,0.05845014378428459,0.056247223168611526,0.05861016362905502
830,0.030528191477060318,81.6795654296875,0.07192358374595642,0.030684728175401688,80.54240417480469,0.0728088766336441,0.05568484216928482,0.05844664201140404,0.05624035745859146,0.058605849742889404
831,0.03052189201116562,81.66304016113281,0.07191550731658936,0.030678173527121544,80.52774047851562,0.07280135154724121,0.05567878112196922,0.05844322219491005,0.056233637034893036,0.05860165134072304
832,0.03051561675965786,81.6466064453125,0.07190746068954468,0.030671613290905952,80.51319885253906,0.07279390096664429,0.05567283183336258,0.05843983218073845,0.05622699484229088,0.05859747529029846
833,0.030509361997246742,81.63015747070312,0.0718994289636612,0.030665090307593346,80.49870300292969,0.07278645783662796,0.05566694214940071,0.058436427265405655,0.05622023344039917,0.05859334394335747
834,0.030503088608384132,81.6136245727539,0.07189132273197174,0.030658524483442307,80.48405456542969,0.07277894765138626,0.05566084012389183,0.05843297019600868,0.05621347576379776,0.05858909711241722
835,0.030496871098876,81.5972900390625,0.07188329100608826,0.030651967972517014,80.46932983398438,0.07277139276266098,0.05565468594431877,0.05842939019203186,0.056206606328487396,0.05858512967824936
836,0.030490631237626076,81.58097839355469,0.07187527418136597,0.0306454598903656,80.45468139648438,0.07276387512683868,0.05564860627055168,0.05842583253979683,0.05619993060827255,0.05858097970485687
837,0.030484456568956375,81.5646743774414,0.07186727970838547,0.03063899092376232,80.44004821777344,0.07275635004043579,0.05564243346452713,0.05842232704162598,0.05619317293167114,0.058576855808496475
838,0.03047827072441578,81.54853057861328,0.07185933738946915,0.030632542446255684,80.42561340332031,0.07274893671274185,0.055636465549468994,0.05841889604926109,0.056186508387327194,0.05857282876968384
839,0.030472084879875183,81.53218841552734,0.07185132801532745,0.03062610514461994,80.41119384765625,0.07274151593446732,0.05563041940331459,0.058415498584508896,0.05617975443601608,0.058568671345710754
840,0.03046591579914093,81.51606750488281,0.07184341549873352,0.030619705095887184,80.39686584472656,0.07273416966199875,0.055624477565288544,0.058412156999111176,0.056173112243413925,0.058564674109220505
841,0.03045978769659996,81.50000762939453,0.07183554023504257,0.030613338574767113,80.38260650634766,0.07272683084011078,0.05561855807900429,0.058408789336681366,0.056166455149650574,0.05856071412563324
842,0.030453655868768692,81.48387145996094,0.07182759791612625,0.030606960877776146,80.3684310913086,0.07271955162286758,0.05561276152729988,0.05840545520186424,0.056159745901823044,0.05855666100978851
843,0.03044750913977623,81.46773529052734,0.07181969285011292,0.030600590631365776,80.35433197021484,0.07271228730678558,0.055606909096241,0.0584021732211113,0.056153006851673126,0.05855268985033035
844,0.030441390350461006,81.4518051147461,0.07181183993816376,0.030594248324632645,80.34020233154297,0.07270503044128418,0.05560102313756943,0.05839891359210014,0.05614646524190903,0.058548733592033386
845,0.030435271561145782,81.43579864501953,0.0718039870262146,0.030587906017899513,80.32615661621094,0.07269781827926636,0.055595193058252335,0.05839567631483078,0.056139759719371796,0.05854480341076851
846,0.030429204925894737,81.4198989868164,0.07179617136716843,0.030581632629036903,80.31221771240234,0.07269065827131271,0.05558939650654793,0.05839246138930321,0.056133199483156204,0.05854083225131035
847,0.03042309731245041,81.4039306640625,0.07178834825754166,0.030575348064303398,80.29837036132812,0.07268352806568146,0.05558362603187561,0.05838928744196892,0.05612649768590927,0.058536916971206665
848,0.03041703999042511,81.38813018798828,0.07178056240081787,0.03056911565363407,80.28450012207031,0.0726763978600502,0.055577851831912994,0.058386124670505524,0.05611994490027428,0.05853303521871567
849,0.03041101060807705,81.37227630615234,0.07177276909351349,0.030562873929739,80.27081298828125,0.07266934961080551,0.0555722750723362,0.058383021503686905,0.056113243103027344,0.05852918326854706
850,0.03040497936308384,81.35649108886719,0.0717650055885315,0.03055664896965027,80.2569580078125,0.07266222685575485,0.055566489696502686,0.05837985500693321,0.056106697767972946,0.058525316417217255
851,0.03039892017841339,81.34076690673828,0.07175727933645248,0.03055034764111042,80.24321746826172,0.07265515625476837,0.05556080862879753,0.05837678536772728,0.05610013008117676,0.05852152034640312
852,0.030392801389098167,81.3250503540039,0.07174956053495407,0.030544022098183632,80.22959899902344,0.07264816015958786,0.05555527284741402,0.058373745530843735,0.05609351396560669,0.05851781740784645
853,0.030386686325073242,81.30929565429688,0.07174179702997208,0.030537666752934456,80.21587371826172,0.07264111191034317,0.055549610406160355,0.05837073177099228,0.056086886674165726,0.058514054864645004
854,0.030380576848983765,81.29377746582031,0.07173418253660202,0.030531395226716995,80.20223236083984,0.07263410091400146,0.05554402992129326,0.05836772546172142,0.05608047544956207,0.05851031094789505
855,0.03037453256547451,81.27818298339844,0.07172650843858719,0.030525093898177147,80.1885757446289,0.07262708246707916,0.05553838238120079,0.058364782482385635,0.05607391148805618,0.058506663888692856
856,0.030368469655513763,81.26251983642578,0.07171881198883057,0.03051883354783058,80.175048828125,0.07262013852596283,0.05553283914923668,0.05836186930537224,0.05606739595532417,0.05850290134549141
857,0.030362490564584732,81.24700164794922,0.07171119004487991,0.03051263466477394,80.16148376464844,0.07261316478252411,0.055527351796627045,0.05835885927081108,0.05606088042259216,0.0584992915391922
858,0.030356531962752342,81.23150634765625,0.07170355319976807,0.030506402254104614,80.14798736572266,0.07260622829198837,0.055521875619888306,0.05835593864321709,0.05605442449450493,0.05849555879831314
859,0.030350569635629654,81.2159652709961,0.07169592380523682,0.030500171706080437,80.13445281982422,0.07259927690029144,0.05551637336611748,0.05835298076272011,0.05604785308241844,0.058491919189691544
860,0.030344605445861816,81.20066833496094,0.07168839871883392,0.030493970960378647,80.12103271484375,0.0725923702120781,0.055510859936475754,0.058350127190351486,0.05604156106710434,0.05848827213048935
861,0.03033863939344883,81.18519592285156,0.07168076932430267,0.030487732961773872,80.10747528076172,0.07258540391921997,0.055505283176898956,0.058347202837467194,0.05603500455617905,0.058484625071287155
862,0.03033270128071308,81.16992950439453,0.07167326658964157,0.030481573194265366,80.0941162109375,0.0725785419344902,0.05549977347254753,0.05834439396858215,0.056028738617897034,0.05848095193505287
863,0.030326826497912407,81.15462493896484,0.07166571915149689,0.030475478619337082,80.08082580566406,0.07257169485092163,0.0554942861199379,0.05834158882498741,0.05602220445871353,0.05847739055752754
864,0.030321059748530388,81.13934326171875,0.0716581717133522,0.030469488352537155,80.06771850585938,0.07256494462490082,0.05548885837197304,0.0583389587700367,0.05601578205823898,0.05847374349832535
865,0.030315235257148743,81.12389373779297,0.07165057957172394,0.03046346828341484,80.05477905273438,0.07255826145410538,0.05548366159200668,0.05833626165986061,0.056009259074926376,0.0584699846804142
866,0.0303094070404768,81.10859680175781,0.07164301723241806,0.03045741841197014,80.04183959960938,0.07255154848098755,0.05547820404171944,0.058333758264780045,0.056002844125032425,0.05846628546714783
867,0.030303530395030975,81.09342193603516,0.07163551449775696,0.030451377853751183,80.02922821044922,0.07254501432180405,0.05547303333878517,0.05833134800195694,0.05599630996584892,0.05846286565065384
868,0.03029758296906948,81.07823944091797,0.07162802666425705,0.0304452795535326,80.01659393310547,0.07253848016262054,0.05546780675649643,0.058328915387392044,0.05598987638950348,0.05845927074551582
869,0.03029165416955948,81.06321716308594,0.07162059843540192,0.03043919801712036,80.00399017333984,0.07253194600343704,0.05546257272362709,0.058326490223407745,0.05598343908786774,0.05845583602786064
870,0.030285699293017387,81.04830932617188,0.07161322236061096,0.0304331686347723,79.99138641357422,0.07252541929483414,0.055457305163145065,0.058324042707681656,0.05597701668739319,0.058452483266592026
871,0.03027978725731373,81.03323364257812,0.07160580158233643,0.0304271150380373,79.9787826538086,0.07251889258623123,0.05545199662446976,0.05832165107131004,0.055970534682273865,0.058448970317840576
872,0.030273862183094025,81.01849365234375,0.07159850001335144,0.030421065166592598,79.96624755859375,0.07251238822937012,0.05544676631689072,0.05831921100616455,0.05596423149108887,0.05844564735889435
873,0.030267950147390366,81.00352478027344,0.0715911015868187,0.030415069311857224,79.95354461669922,0.07250582426786423,0.055441342294216156,0.05831671878695488,0.05595775693655014,0.05844215303659439
874,0.030262038111686707,80.98871612548828,0.07158378511667252,0.030409108847379684,79.941162109375,0.07249940931797028,0.055436260998249054,0.05831431224942207,0.05595135688781738,0.05843883007764816
875,0.03025616519153118,80.97389221191406,0.07157645374536514,0.030403126031160355,79.92850494384766,0.07249286025762558,0.05543086305260658,0.0583118237555027,0.05594494566321373,0.05843544751405716
876,0.030250275507569313,80.95911407470703,0.07156914472579956,0.03039722330868244,79.91610717773438,0.07248645275831223,0.05542571470141411,0.05830938369035721,0.055938586592674255,0.058431994169950485
877,0.03024441748857498,80.9443588256836,0.07156184315681458,0.030391285195946693,79.90371704101562,0.07248003780841827,0.055420536547899246,0.058306984603405,0.05593213438987732,0.058428648859262466
878,0.030238553881645203,80.9296875,0.07155459374189377,0.03038535825908184,79.8912124633789,0.07247357815504074,0.05541525036096573,0.058304496109485626,0.05592576786875725,0.05842529237270355
879,0.030232708901166916,80.91494750976562,0.07154732197523117,0.030379457399249077,79.8788070678711,0.07246716320514679,0.05541006103157997,0.05830202251672745,0.055919356644153595,0.058421894907951355
880,0.030226880684494972,80.9004135131836,0.07154009491205215,0.03037354350090027,79.86639404296875,0.07246072590351105,0.055404745042324066,0.058299604803323746,0.0559130497276783,0.058418601751327515
881,0.030221063643693924,80.88572692871094,0.07153283804655075,0.030367596074938774,79.85394287109375,0.07245428115129471,0.055399417877197266,0.05829712748527527,0.055906567722558975,0.0584152452647686
882,0.03021525777876377,80.87124633789062,0.07152565568685532,0.030361715704202652,79.84169006347656,0.07244793325662613,0.05539429932832718,0.058294687420129776,0.05590016767382622,0.058411985635757446
883,0.030209440737962723,80.85667419433594,0.07151845842599869,0.03035580739378929,79.82928466796875,0.07244151830673218,0.055389028042554855,0.058292206376791,0.05589376389980316,0.05840866640210152
884,0.030203664675354958,80.84222412109375,0.07151128351688385,0.03034999594092369,79.81709289550781,0.07243520766496658,0.05538393184542656,0.05828980356454849,0.05588749796152115,0.0584053099155426
885,0.03019789420068264,80.82784271240234,0.0715041533112526,0.030344124883413315,79.80470275878906,0.07242878526449203,0.05537860468029976,0.05828734487295151,0.05588112026453018,0.05840206891298294
886,0.030192159116268158,80.81354522705078,0.07149707525968552,0.030338343232870102,79.7925796508789,0.07242251187562943,0.05537347123026848,0.058284979313611984,0.05587495490908623,0.058398760855197906
887,0.030186424031853676,80.79914093017578,0.07148993015289307,0.030332518741488457,79.78041076660156,0.07241620868444443,0.0553683303296566,0.058282606303691864,0.05586853623390198,0.058395516127347946
888,0.030180709436535835,80.78484344482422,0.0714828372001648,0.03032674826681614,79.76826477050781,0.07240993529558182,0.05536315590143204,0.058280251920223236,0.05586228519678116,0.05839228630065918
889,0.030174976214766502,80.77050018310547,0.07147572934627533,0.030320944264531136,79.75611877441406,0.07240366190671921,0.05535795912146568,0.0582779124379158,0.05585598200559616,0.05838897451758385
890,0.03016928769648075,80.75634765625,0.07146873325109482,0.030315205454826355,79.74409484863281,0.07239743322134018,0.055352795869112015,0.05827564373612404,0.055849842727184296,0.058385804295539856
891,0.03016357123851776,80.74200439453125,0.07146165519952774,0.03030950203537941,79.73223114013672,0.07239130884408951,0.055347878485918045,0.05827334523200989,0.055843424052000046,0.0583825558423996
892,0.03015788272023201,80.7277603149414,0.07145458459854126,0.030303776264190674,79.72023010253906,0.07238508760929108,0.05534273386001587,0.05827106162905693,0.055837180465459824,0.05837932229042053
893,0.03015216998755932,80.71363067626953,0.07144758850336075,0.030298080295324326,79.70823669433594,0.07237888872623444,0.05533754453063011,0.05826881155371666,0.05583103373646736,0.05837605521082878
894,0.030146509408950806,80.69953918457031,0.07144061475992203,0.030292391777038574,79.6964111328125,0.07237277925014496,0.055332597345113754,0.0582665391266346,0.05582474544644356,0.05837297439575195
895,0.030140835791826248,80.68531799316406,0.07143354415893555,0.030286723747849464,79.68463134765625,0.07236666977405548,0.0553276352584362,0.05826431140303612,0.05581852048635483,0.05836964398622513
896,0.030135145410895348,80.67122650146484,0.07142657786607742,0.030281035229563713,79.67281341552734,0.0723605751991272,0.05532265827059746,0.058262042701244354,0.055812250822782516,0.058366477489471436
897,0.030129455029964447,80.65715026855469,0.0714196115732193,0.030275387689471245,79.66098022460938,0.07235445082187653,0.05531756207346916,0.05825989320874214,0.055806148797273636,0.058363236486911774
898,0.030123842880129814,80.64324188232422,0.07141272723674774,0.03026975505053997,79.64936828613281,0.072348453104496,0.05531271547079086,0.05825772136449814,0.05580003932118416,0.05836011841893196
899,0.030118172988295555,80.62918090820312,0.07140574604272842,0.03026406839489937,79.63776397705078,0.07234244048595428,0.055307786911726,0.05825556442141533,0.055793724954128265,0.05835696682333946
900,0.030112488195300102,80.61515808105469,0.07139880955219269,0.030258411541581154,79.62603759765625,0.07233638316392899,0.055302731692790985,0.05825343728065491,0.05578754469752312,0.058353740721940994
901,0.030106844380497932,80.60140228271484,0.07139197736978531,0.030252784490585327,79.61447143554688,0.07233040034770966,0.05529770627617836,0.058251380920410156,0.055781543254852295,0.05835067853331566
902,0.030101163312792778,80.58753967285156,0.07138510048389435,0.030247097834944725,79.60299682617188,0.0723244696855545,0.05529292672872543,0.058249302208423615,0.0557752288877964,0.05834772810339928
903,0.030095458030700684,80.57362365722656,0.07137822359800339,0.03024144470691681,79.59136962890625,0.07231845706701279,0.05528780445456505,0.058247264474630356,0.05576907470822334,0.05834459140896797
904,0.03008979745209217,80.55968475341797,0.07137129455804825,0.03023582510650158,79.57986450195312,0.07231249660253525,0.05528302863240242,0.0582449696958065,0.05576280131936073,0.05834143981337547
905,0.03008410334587097,80.54573822021484,0.0713643729686737,0.03023025579750538,79.56827545166016,0.07230649888515472,0.05527793988585472,0.0582428053021431,0.05575673654675484,0.058337997645139694
906,0.030078507959842682,80.53216552734375,0.0713576227426529,0.030224790796637535,79.55699920654297,0.07230065762996674,0.055273059755563736,0.058240849524736404,0.05575066804885864,0.058335013687610626
907,0.030072923749685287,80.51834106445312,0.07135073840618134,0.030219318345189095,79.54572296142578,0.07229481637477875,0.055268339812755585,0.05823874473571777,0.05574430152773857,0.05833198502659798
908,0.030067363753914833,80.50477600097656,0.07134402543306351,0.030213799327611923,79.5342788696289,0.0722888931632042,0.05526325851678848,0.05823669210076332,0.05573835223913193,0.05832892656326294
909,0.030061811208724976,80.49116516113281,0.0713372677564621,0.030208323150873184,79.52304077148438,0.0722830668091774,0.05525839701294899,0.058234747499227524,0.055732231587171555,0.05832592770457268
910,0.030056234449148178,80.4773941040039,0.07133042067289352,0.030202826485037804,79.51171112060547,0.07227720320224762,0.055253565311431885,0.05823265761137009,0.05572594702243805,0.05832287296652794
911,0.030050700530409813,80.46406555175781,0.07132379710674286,0.03019736334681511,79.50059509277344,0.0722714513540268,0.05524883791804314,0.058230724185705185,0.05572010949254036,0.05831996724009514
912,0.03004511632025242,80.45011901855469,0.0713169053196907,0.030191821977496147,79.48920440673828,0.07226556539535522,0.05524402856826782,0.058228589594364166,0.055713750422000885,0.05831674486398697
913,0.030039561912417412,80.43677520751953,0.07131025195121765,0.030186321586370468,79.47794342041016,0.07225973904132843,0.055239226669073105,0.05822655186057091,0.05570782721042633,0.05831383541226387
914,0.030034024268388748,80.42320251464844,0.07130352407693863,0.03018087148666382,79.46671295166016,0.07225393503904343,0.05523437261581421,0.05822465941309929,0.055701740086078644,0.058310870081186295
915,0.030028503388166428,80.40977478027344,0.07129686325788498,0.03017544373869896,79.45559692382812,0.0722481980919838,0.05522967129945755,0.05822274461388588,0.05569574609398842,0.05830793082714081
916,0.030022991821169853,80.39629364013672,0.07129015773534775,0.03016994334757328,79.44453430175781,0.07224247604608536,0.055225152522325516,0.05822082608938217,0.05568965524435043,0.05830495432019234
917,0.030017385259270668,80.38282775878906,0.07128345966339111,0.03016446717083454,79.43366241455078,0.07223684340715408,0.05522078648209572,0.05821893736720085,0.05568358674645424,0.05830197036266327
918,0.030011802911758423,80.36933135986328,0.07127675414085388,0.030159035697579384,79.42266845703125,0.07223117351531982,0.05521608144044876,0.058217160403728485,0.05567751079797745,0.05829896032810211
919,0.030006244778633118,80.35620880126953,0.07127024233341217,0.03015362098813057,79.41179656982422,0.07222557067871094,0.055211540311574936,0.058215416967868805,0.055671729147434235,0.05829613283276558
920,0.030000731348991394,80.34278869628906,0.07126358896493912,0.030148249119520187,79.40116882324219,0.07222007215023041,0.05520724877715111,0.05821370333433151,0.0556655190885067,0.05829330533742905
921,0.02999517321586609,80.32937622070312,0.07125694304704666,0.030142871662974358,79.39045715332031,0.07221454381942749,0.05520281195640564,0.05821201205253601,0.05565953254699707,0.058290332555770874
922,0.029989689588546753,80.31623840332031,0.07125041633844376,0.030137551948428154,79.37997436523438,0.07220914214849472,0.05519862100481987,0.05821039527654648,0.05565358325839043,0.058287613093853
923,0.029984181746840477,80.30291748046875,0.07124381512403488,0.030132174491882324,79.36929321289062,0.0722036361694336,0.05519413948059082,0.05820879712700844,0.05564756691455841,0.05828474089503288
924,0.029978690668940544,80.28980255126953,0.07123731821775436,0.03012688457965851,79.35902404785156,0.07219833880662918,0.05519012734293938,0.05820729210972786,0.05564167723059654,0.05828200280666351
925,0.029973171651363373,80.2763900756836,0.0712306872010231,0.03012155182659626,79.34860229492188,0.0721929669380188,0.0551859550178051,0.058205727487802505,0.05563552305102348,0.0582791268825531
926,0.029967691749334335,80.26326751708984,0.07122417539358139,0.0301162451505661,79.33830261230469,0.07218766212463379,0.05518190935254097,0.05820418521761894,0.055629607290029526,0.058276403695344925
927,0.029962187632918358,80.24992370605469,0.07121758908033371,0.030110938474535942,79.3281021118164,0.07218240946531296,0.05517785996198654,0.05820271745324135,0.05562354251742363,0.05827346444129944
928,0.029956689104437828,80.23690795898438,0.07121113687753677,0.030105631798505783,79.31790924072266,0.07217716425657272,0.05517388507723808,0.05820125713944435,0.05561767518520355,0.05827080085873604
929,0.029951157048344612,80.22358703613281,0.0712045431137085,0.03010035865008831,79.30783081054688,0.07217197865247726,0.0551699660718441,0.058199893683195114,0.0556117407977581,0.05826783925294876
930,0.029945677146315575,80.21066284179688,0.07119815796613693,0.030095187947154045,79.29808807373047,0.07216694205999374,0.055166274309158325,0.05819863826036453,0.05560595169663429,0.05826522782444954
931,0.029940202832221985,80.19741821289062,0.07119162380695343,0.03009001724421978,79.28845977783203,0.07216197997331619,0.05516272783279419,0.05819743126630783,0.05559993535280228,0.0582624115049839
932,0.029934709891676903,80.18431091308594,0.07118512690067291,0.03008476458489895,79.27848815917969,0.07215684652328491,0.055158816277980804,0.05819611996412277,0.0555940717458725,0.05825960263609886
933,0.02992921881377697,80.17133331298828,0.07117874175310135,0.030079469084739685,79.26831817626953,0.07215162366628647,0.05515473335981369,0.058194804936647415,0.05558823421597481,0.058257006108760834
934,0.02992372214794159,80.1583480834961,0.07117228955030441,0.03007427416741848,79.25846099853516,0.07214654237031937,0.055150847882032394,0.0581936240196228,0.055582445114851,0.05825432017445564
935,0.02991819754242897,80.14535522460938,0.07116588205099106,0.03006891906261444,79.24847412109375,0.07214141637086868,0.05514703318476677,0.05819230154156685,0.05557664483785629,0.058251671493053436
936,0.02991264872252941,80.13221740722656,0.07115940004587173,0.030063558369874954,79.23860931396484,0.07213634252548218,0.05514322966337204,0.058191101998090744,0.05557076260447502,0.05824894458055496
937,0.02990708500146866,80.11946868896484,0.07115307450294495,0.030058251693844795,79.22895050048828,0.07213135808706284,0.05513954162597656,0.05818995460867882,0.05556510016322136,0.05824635550379753
938,0.029901543632149696,80.10627746582031,0.07114657759666443,0.030053000897169113,79.21967315673828,0.07212655991315842,0.05513609200716019,0.05818890407681465,0.05555911362171173,0.05824357271194458
939,0.0298959631472826,80.09345245361328,0.07114024460315704,0.030047720298171043,79.2103271484375,0.07212173938751221,0.05513259395956993,0.05818784236907959,0.05555345490574837,0.058240845799446106
940,0.02989041805267334,80.08061981201172,0.07113391906023026,0.030042501166462898,79.20136260986328,0.07211711257696152,0.05512959137558937,0.05818683281540871,0.055547501891851425,0.05823837220668793
941,0.029884833842515945,80.06743621826172,0.07112742960453033,0.03003724105656147,79.1921157836914,0.07211236655712128,0.055125974118709564,0.058185968548059464,0.0555417463183403,0.05823531001806259
942,0.029879312962293625,80.05508422851562,0.07112130522727966,0.030032146722078323,79.18360900878906,0.0721079632639885,0.05512315779924393,0.05818527936935425,0.05553616210818291,0.05823301523923874
943,0.029873786494135857,80.04183197021484,0.07111477106809616,0.030026985332369804,79.17475128173828,0.07210340350866318,0.05512003228068352,0.058184411376714706,0.05553007870912552,0.05823009833693504
944,0.02986828051507473,80.02933502197266,0.07110860198736191,0.03002183511853218,79.16581726074219,0.07209878414869308,0.055116672068834305,0.058183636516332626,0.0555245615541935,0.0582275316119194
945,0.029862787574529648,80.0165023803711,0.07110226154327393,0.030016809701919556,79.1574935913086,0.07209449261426926,0.05511384457349777,0.05818311497569084,0.055518705397844315,0.058224890381097794
946,0.029857274144887924,80.00365447998047,0.07109590619802475,0.030011696740984917,79.14871978759766,0.07208997011184692,0.0551106259226799,0.058182358741760254,0.055512815713882446,0.05822218582034111
947,0.029851794242858887,79.9911117553711,0.0710897296667099,0.03000662289559841,79.14009857177734,0.07208552211523056,0.05510730668902397,0.058181848376989365,0.05550722777843475,0.05821958929300308
948,0.029846306890249252,79.97853088378906,0.07108350843191147,0.030001653358340263,79.13195037841797,0.07208128273487091,0.055104464292526245,0.058181460946798325,0.055501602590084076,0.058216966688632965
949,0.029840853065252304,79.96588134765625,0.07107724249362946,0.02999662421643734,79.12378692626953,0.07207705080509186,0.05510181188583374,0.058180902153253555,0.055495817214250565,0.058214347809553146
950,0.029835352674126625,79.95308685302734,0.07107090950012207,0.029991600662469864,79.11552429199219,0.07207276672124863,0.055098872631788254,0.05818044766783714,0.055489953607320786,0.05821164697408676
951,0.029829859733581543,79.94063568115234,0.07106474041938782,0.029986640438437462,79.10733032226562,0.07206851243972778,0.05509581416845322,0.05818011239171028,0.05548453330993652,0.05820893123745918
952,0.029824402183294296,79.92810821533203,0.07105854153633118,0.02998175658285618,79.09973907470703,0.07206454128026962,0.05509340763092041,0.058179911226034164,0.05547882989048958,0.058206357061862946
953,0.02981894463300705,79.91543579101562,0.07105227559804916,0.02997685968875885,79.09204864501953,0.07206051051616669,0.05509095638990402,0.05817960575222969,0.055472973734140396,0.05820378661155701
954,0.02981346659362316,79.90279388427734,0.07104598730802536,0.0299718976020813,79.08407592773438,0.072056345641613,0.05508795753121376,0.058179426938295364,0.05546736717224121,0.058200985193252563
955,0.02980802208185196,79.89061737060547,0.07103993743658066,0.029967110604047775,79.07664489746094,0.07205244153738022,0.055085260421037674,0.058179594576358795,0.055461980402469635,0.058198533952236176
956,0.029802557080984116,79.87799072265625,0.07103364914655685,0.029962273314595222,79.06951141357422,0.07204867899417877,0.05508304759860039,0.05817968025803566,0.05545609071850777,0.058195944875478745
957,0.029797036200761795,79.86543273925781,0.07102743536233902,0.02995741181075573,79.06204986572266,0.0720447450876236,0.05508040636777878,0.058179762214422226,0.0554504469037056,0.058193232864141464
958,0.029791492968797684,79.85311126708984,0.07102126628160477,0.02995261922478676,79.05493927001953,0.07204099744558334,0.05507785826921463,0.05818013474345207,0.05544494464993477,0.058190666139125824
959,0.02978595905005932,79.84050750732422,0.07101500034332275,0.02994784153997898,79.04823303222656,0.07203742116689682,0.055075861513614655,0.05818046256899834,0.055439092218875885,0.05818807706236839
960,0.02978038787841797,79.82794952392578,0.07100873440504074,0.029943035915493965,79.04114532470703,0.07203365862369537,0.055073197931051254,0.05818093568086624,0.05543338879942894,0.05818537250161171
961,0.02977490983903408,79.81556701660156,0.07100255787372589,0.029938435181975365,79.0348129272461,0.07203025370836258,0.055071137845516205,0.05818167328834534,0.055427588522434235,0.05818288400769234
962,0.029769372195005417,79.80279541015625,0.07099615782499313,0.02993389032781124,79.02854919433594,0.07202688604593277,0.05506894737482071,0.058182600885629654,0.05542164295911789,0.05818004161119461
963,0.029763858765363693,79.79029846191406,0.07098992168903351,0.02992931939661503,79.02202606201172,0.07202337682247162,0.05506634712219238,0.05818355455994606,0.05541587993502617,0.05817737430334091
964,0.029758337885141373,79.77761840820312,0.07098357379436493,0.029924897477030754,79.01599884033203,0.07202011346817017,0.05506402999162674,0.05818482115864754,0.05540981888771057,0.058174725621938705
965,0.029752785339951515,79.76468658447266,0.0709770917892456,0.02992047555744648,79.00982666015625,0.07201675325632095,0.05506133660674095,0.05818616598844528,0.0554036907851696,0.05817178264260292
966,0.029747243970632553,79.7517318725586,0.07097064703702927,0.029916098341345787,79.00376892089844,0.07201345264911652,0.05505869910120964,0.0581875815987587,0.05539742112159729,0.05816897749900818
967,0.029741661623120308,79.73858642578125,0.07096407562494278,0.02991170808672905,78.99724578857422,0.07200992852449417,0.05505504459142685,0.0581892766058445,0.05539117008447647,0.05816593021154404
968,0.02973606064915657,79.72517395019531,0.07095737755298615,0.02990739233791828,78.99093627929688,0.07200648635625839,0.05505145341157913,0.05819114297628403,0.05538459122180939,0.058162909001111984
969,0.029730400070548058,79.71121215820312,0.07095041126012802,0.029902949929237366,78.983642578125,0.0720025897026062,0.055046819150447845,0.058192748576402664,0.05537745729088783,0.05815967917442322
970,0.02972462959587574,79.69648742675781,0.07094307243824005,0.02989816665649414,78.97428894042969,0.07199767976999283,0.05503978952765465,0.05819397047162056,0.05536986142396927,0.05815594270825386
971,0.029718691483139992,79.68170928955078,0.07093573361635208,0.029893042519688606,78.96195983886719,0.07199132442474365,0.05502885952591896,0.05819506570696831,0.05536259710788727,0.058151934295892715
972,0.029712671414017677,79.66641235351562,0.07092811912298203,0.029887428507208824,78.94660949707031,0.07198350131511688,0.055014681071043015,0.058195386081933975,0.05535479635000229,0.0581478625535965
973,0.029706398025155067,79.64950561523438,0.07091975212097168,0.029880467802286148,78.92416381835938,0.07197225838899612,0.05499447137117386,0.05819271132349968,0.05534536764025688,0.058143410831689835
974,0.02969968318939209,79.63226318359375,0.0709112212061882,0.02987106516957283,78.8880386352539,0.07195437699556351,0.054960425943136215,0.05818608030676842,0.05533802881836891,0.058136843144893646
975,0.029692627489566803,79.62057495117188,0.07090530544519424,0.02986128441989422,78.8490219116211,0.07193509489297867,0.0549197755753994,0.058181703090667725,0.055340494960546494,0.058128099888563156
976,0.02968769147992134,79.61045837402344,0.0709000900387764,0.02985897660255432,78.85131072998047,0.07193579524755478,0.0549258328974247,0.05818476155400276,0.05532445013523102,0.05813802406191826
977,0.02969076856970787,79.56986236572266,0.07088077068328857,0.02986939810216427,78.9966812133789,0.072005994617939,0.055165234953165054,0.0581548698246479,0.05520292744040489,0.05820685625076294
978,0.029779059812426567,80.4136734008789,0.07127426564693451,0.029710417613387108,78.46411895751953,0.07174794375896454,0.05472974106669426,0.05794564262032509,0.05606354400515556,0.058397918939590454
979,0.029657457023859024,79.28632354736328,0.07074592262506485,0.029759127646684647,78.52745819091797,0.07177848368883133,0.054764170199632645,0.05797910317778587,0.05511245131492615,0.05793706700205803
980,0.02968139946460724,79.58775329589844,0.07088746130466461,0.02978561632335186,78.65328216552734,0.07183895260095596,0.05488740652799606,0.058027226477861404,0.055239878594875336,0.058201756328344345
981,0.029659098014235497,79.49395751953125,0.07084304839372635,0.029780682176351547,78.63725280761719,0.07183081656694412,0.054866839200258255,0.05802818760275841,0.05526594817638397,0.058075498789548874
982,0.029659738764166832,79.59768676757812,0.07089143246412277,0.029781904071569443,78.63980865478516,0.07183147221803665,0.054849158972501755,0.05805197358131409,0.055334124714136124,0.05814823508262634
983,0.02965288795530796,79.55289459228516,0.07086994498968124,0.029782641679048538,78.6572036743164,0.07183951884508133,0.05486598610877991,0.058062247931957245,0.05531434714794159,0.05811811611056328
984,0.0296492837369442,79.55171203613281,0.07086896896362305,0.029781192541122437,78.6653823852539,0.07184308767318726,0.05487687513232231,0.05806802585721016,0.055307045578956604,0.0581301674246788
985,0.029643435031175613,79.53438568115234,0.0708603784441948,0.029778866097331047,78.66771697998047,0.07184379547834396,0.0548790879547596,0.05807408690452576,0.05530223250389099,0.05812028795480728
986,0.02963869273662567,79.52824401855469,0.07085707038640976,0.029776601120829582,78.67102813720703,0.07184499502182007,0.05488302931189537,0.058080043643713,0.055299483239650726,0.05812221020460129
987,0.029633406549692154,79.51467895507812,0.07085025310516357,0.029773904010653496,78.67314147949219,0.07184560596942902,0.05488705262541771,0.05808454379439354,0.0552930012345314,0.05811838060617447
988,0.029628263786435127,79.50395202636719,0.07084477692842484,0.02977091260254383,78.67381286621094,0.07184553891420364,0.05488966032862663,0.05808869004249573,0.055287916213274,0.05811678245663643
989,0.029622983187437057,79.49246215820312,0.07083893567323685,0.029767798259854317,78.67373657226562,0.07184509187936783,0.05489140376448631,0.05809270963072777,0.05528291314840317,0.0581141822040081
990,0.02961774729192257,79.48129272460938,0.0708332359790802,0.029764562845230103,78.67342376708984,0.07184451818466187,0.05489318445324898,0.05809646099805832,0.05527772009372711,0.05811209976673126
991,0.02961249276995659,79.46977996826172,0.07082737237215042,0.029761165380477905,78.67252349853516,0.07184366881847382,0.05489460006356239,0.05809982493519783,0.05527227744460106,0.05810979753732681
992,0.029607193544507027,79.45838928222656,0.07082156836986542,0.029757630079984665,78.67078399658203,0.07184239476919174,0.05489511042833328,0.05810299143195152,0.05526712164282799,0.05810735747218132
993,0.02960192784667015,79.44720458984375,0.07081585377454758,0.029754091054201126,78.66890716552734,0.0718410536646843,0.054895393550395966,0.05810615420341492,0.05526198446750641,0.05810512229800224
994,0.02959664724767208,79.43563842773438,0.07080994546413422,0.029750486835837364,78.6671142578125,0.07183975726366043,0.05489591881632805,0.05810922384262085,0.055256541818380356,0.05810265243053436
995,0.02959132194519043,79.42399597167969,0.07080400735139847,0.02974683977663517,78.66490936279297,0.07183825969696045,0.05489597097039223,0.058112286031246185,0.05525103211402893,0.058100126683712006
996,0.029585987329483032,79.4123764038086,0.0707981213927269,0.029743146151304245,78.66244506835938,0.07183661311864853,0.05489559844136238,0.05811538174748421,0.05524560436606407,0.058097634464502335
997,0.029580622911453247,79.40065002441406,0.07079212367534637,0.029739482328295708,78.66034698486328,0.07183515280485153,0.05489545688033104,0.05811866372823715,0.05524011701345444,0.05809507519006729
998,0.02957521565258503,79.38861083984375,0.0707859992980957,0.02973579242825508,78.65776824951172,0.07183344662189484,0.054894886910915375,0.058121759444475174,0.0552341565489769,0.05809248611330986
999,0.029569774866104126,79.37645721435547,0.07077979296445847,0.02973206900060177,78.65486907958984,0.0718315988779068,0.05489351972937584,0.05812513083219528,0.05522836372256279,0.058089643716812134
