epoch,cotBeta_mae_metric,loss,slim_rmse_metric,val_cotBeta_mae_metric,val_loss,val_slim_rmse_metric,val_x_mae_metric,val_y_mae_metric,x_mae_metric,y_mae_metric
0,0.30319535732269287,2904.974365234375,0.43402624130249023,0.2058972269296646,1223.498046875,0.29076647758483887,0.25820019841194153,0.23069889843463898,0.4182588756084442,0.3677881956100464
1,0.1351984590291977,717.0064697265625,0.21663108468055725,0.1090933308005333,533.245849609375,0.19161057472229004,0.14110852777957916,0.1715373545885086,0.16806542873382568,0.18954402208328247
2,0.10516571998596191,518.2359008789062,0.18534211814403534,0.10140436887741089,483.9436950683594,0.1825217306613922,0.1323324292898178,0.16250215470790863,0.1352406144142151,0.16603818535804749
3,0.09992453455924988,474.2881774902344,0.17723411321640015,0.09703842550516129,434.5627136230469,0.172880619764328,0.12622304260730743,0.15056321024894714,0.1288297176361084,0.1570759266614914
4,0.09521166980266571,402.2657165527344,0.16301660239696503,0.09267230331897736,348.1792297363281,0.15455318987369537,0.11711136251688004,0.12291466444730759,0.12133631855249405,0.137223020195961
5,0.09192956984043121,320.1866455078125,0.1452263444662094,0.09059437364339828,283.1213684082031,0.13912656903266907,0.10675274580717087,0.10088987648487091,0.11161535978317261,0.11027976870536804
6,0.08946084976196289,268.1943664550781,0.1327417641878128,0.08763039112091064,244.7113800048828,0.12912246584892273,0.09665447473526001,0.09132041037082672,0.10139743983745575,0.09511838108301163
7,0.08604196459054947,235.35496520996094,0.12419202923774719,0.08419951051473618,218.8090362548828,0.12191151827573776,0.0883314236998558,0.08607111871242523,0.0921478196978569,0.08813178539276123
8,0.08286336064338684,213.56419372558594,0.11817225813865662,0.08139252662658691,202.11180114746094,0.11702755838632584,0.0829152911901474,0.08271919935941696,0.08527970314025879,0.08393954485654831
9,0.08040405809879303,199.8311004638672,0.11421038955450058,0.0792737752199173,191.5806884765625,0.11383974552154541,0.0800543799996376,0.08040912449359894,0.08128158748149872,0.08117540180683136
10,0.07855355739593506,190.91905212402344,0.11156032979488373,0.07767664641141891,184.404052734375,0.11161645501852036,0.0784563422203064,0.07866714894771576,0.07920040190219879,0.07919267565011978
11,0.07714260369539261,184.55613708496094,0.10962671786546707,0.07646338641643524,179.01051330566406,0.10991750657558441,0.07734765857458115,0.07726683467626572,0.07792608439922333,0.07764315605163574
12,0.07603784650564194,179.6015167236328,0.10809583216905594,0.07549167424440384,174.6601104736328,0.10852895677089691,0.0764629915356636,0.07609478384256363,0.07696139812469482,0.07636695355176926
13,0.0751333013176918,175.51913452148438,0.10681699216365814,0.07467364519834518,170.9984893798828,0.10734634101390839,0.0757061094045639,0.07509993016719818,0.0761488676071167,0.07528828829526901
14,0.07435639202594757,172.03866577148438,0.10571355372667313,0.07395787537097931,167.8296356201172,0.10631174594163895,0.07504094392061234,0.07425378262996674,0.0754372850060463,0.07437162101268768
15,0.07365743070840836,168.995361328125,0.10473859310150146,0.07329932600259781,165.0223388671875,0.10538601875305176,0.07444501668214798,0.07352526485919952,0.0748041421175003,0.0735885426402092
16,0.07300510257482529,166.27102661132812,0.10385767370462418,0.07267282903194427,162.4767608642578,0.1045386865735054,0.07390134036540985,0.07288908213376999,0.07423318922519684,0.07290880382061005
17,0.0723762959241867,163.77310180664062,0.10304318368434906,0.07205896824598312,160.1147918701172,0.10374539345502853,0.07339607179164886,0.07232244312763214,0.0737113431096077,0.07230417430400848
18,0.07175479829311371,161.43101501464844,0.10227344185113907,0.0714472085237503,157.87721252441406,0.1029873639345169,0.07292034476995468,0.0718039721250534,0.0732269361615181,0.07175399363040924
19,0.07113067060709,159.19296264648438,0.10153214633464813,0.07082469761371613,155.72288513183594,0.10225126892328262,0.07246752083301544,0.07131735980510712,0.07276971638202667,0.07124369591474533
20,0.07049702107906342,157.02452087402344,0.10080824047327042,0.07018598169088364,153.624755859375,0.10152842104434967,0.07202877104282379,0.0708615705370903,0.07233171164989471,0.07076478004455566
21,0.06984709948301315,154.9030303955078,0.10009463131427765,0.06952868402004242,151.56643676757812,0.10081382095813751,0.07160275429487228,0.07042965292930603,0.07190970331430435,0.0703144297003746
22,0.06917798519134521,152.81837463378906,0.09938819706439972,0.06884951889514923,149.5443572998047,0.10010664910078049,0.07118679583072662,0.07002771645784378,0.07150313258171082,0.06989096850156784
23,0.06848679482936859,150.76788330078125,0.09868840873241425,0.06814997643232346,147.55934143066406,0.09940767288208008,0.07078377902507782,0.06965908408164978,0.07111136615276337,0.06949404627084732
24,0.06777483224868774,148.75592041015625,0.09799687564373016,0.0674363300204277,145.6180877685547,0.09871944040060043,0.07039289176464081,0.06931883841753006,0.07073530554771423,0.06912615895271301
25,0.06704658269882202,146.79022216796875,0.09731639176607132,0.0667208582162857,143.72760009765625,0.09804487973451614,0.07001238316297531,0.06900674849748611,0.07037223130464554,0.06878944486379623
26,0.06631209701299667,144.87828063964844,0.09664993733167648,0.0660051554441452,141.8921661376953,0.09738609939813614,0.06964059174060822,0.06872066110372543,0.07001973688602448,0.06848045438528061
27,0.0655796229839325,143.0250244140625,0.09599947184324265,0.06529396027326584,140.1140899658203,0.0967441126704216,0.06927914917469025,0.06845665723085403,0.06967491656541824,0.06819631904363632
28,0.06485380977392197,141.23104858398438,0.09536555409431458,0.06458742171525955,138.38804626464844,0.09611762315034866,0.06892453879117966,0.06820902228355408,0.06933654099702835,0.06793401390314102
29,0.06413412094116211,139.48992919921875,0.09474651515483856,0.0638854056596756,136.7066650390625,0.09550436586141586,0.06857152283191681,0.06797618418931961,0.06900165230035782,0.06768990308046341
30,0.06341908127069473,137.79539489746094,0.09414028376340866,0.06318534910678864,135.064697265625,0.09490222483873367,0.06821747124195099,0.06775618344545364,0.06866778433322906,0.06745976954698563
31,0.06270360201597214,136.141357421875,0.09354496002197266,0.062480926513671875,133.45460510253906,0.0943087562918663,0.06786587089300156,0.067543163895607,0.06833497434854507,0.06724107265472412
32,0.06198200583457947,134.5211181640625,0.09295827895402908,0.06176663190126419,131.8751983642578,0.0937231108546257,0.0675162747502327,0.06733762472867966,0.06800523400306702,0.0670323371887207
33,0.06124983727931976,132.929931640625,0.09237849712371826,0.061037179082632065,130.3260955810547,0.09314517676830292,0.06717148423194885,0.06714173406362534,0.06767890602350235,0.06683239340782166
34,0.060499828308820724,131.3644256591797,0.09180452674627304,0.06028858199715614,128.80540466308594,0.09257436543703079,0.06683347374200821,0.0669531598687172,0.06735570728778839,0.06663931906223297
35,0.05973101779818535,129.82827758789062,0.09123799204826355,0.05952079966664314,127.31700897216797,0.09201214462518692,0.06650779396295547,0.06677140295505524,0.06704046577215195,0.06645387411117554
36,0.05894642323255539,128.32904052734375,0.09068162739276886,0.0587351955473423,125.87092590332031,0.09146199375391006,0.06619629263877869,0.0665990486741066,0.06673607230186462,0.06627678126096725
37,0.058152057230472565,126.87651824951172,0.09013920277357101,0.05793812498450279,124.47754669189453,0.09092815965414047,0.06589848548173904,0.06643390655517578,0.0664452314376831,0.06610752642154694
38,0.05735829845070839,125.48240661621094,0.08961546421051025,0.057144735008478165,123.14630889892578,0.0904148742556572,0.06561779975891113,0.06627409905195236,0.06616926938295364,0.065944604575634
39,0.05657835304737091,124.15562438964844,0.08911415189504623,0.056370727717876434,121.88651275634766,0.0899258628487587,0.06535317003726959,0.06611630320549011,0.06590627878904343,0.06578657776117325
40,0.05582292750477791,122.9058609008789,0.08863914012908936,0.05562781170010567,120.7030258178711,0.08946346491575241,0.06510337442159653,0.06596297770738602,0.06565745919942856,0.06563236564397812
41,0.05510310083627701,121.73619842529297,0.08819202333688736,0.054922766983509064,119.5956039428711,0.0890282392501831,0.06487061083316803,0.06581424921751022,0.06542225927114487,0.06548216193914413
42,0.05442170798778534,120.64556884765625,0.08777308464050293,0.054253797978162766,118.56111145019531,0.08861959725618362,0.06465499103069305,0.06567078828811646,0.06520218402147293,0.06533528119325638
43,0.05377835035324097,119.63050842285156,0.08738134056329727,0.05361813306808472,117.59603881835938,0.08823646605014801,0.06445708125829697,0.06553177535533905,0.06499751657247543,0.06519239395856857
44,0.05317059904336929,118.68812561035156,0.08701593428850174,0.05301656946539879,116.6948471069336,0.08787685632705688,0.06427767872810364,0.06540033221244812,0.06481032073497772,0.0650554671883583
45,0.05259469896554947,117.80984497070312,0.08667393028736115,0.05244465917348862,115.85106658935547,0.08753865212202072,0.06411324441432953,0.06527768075466156,0.06463842839002609,0.06492691487073898
46,0.052045270800590515,116.99168395996094,0.08635389804840088,0.051894042640924454,115.0592041015625,0.0872197225689888,0.06396638602018356,0.06516260653734207,0.06448450684547424,0.06480775028467178
47,0.051515985280275345,116.22392272949219,0.08605235069990158,0.05136075243353844,114.31160736083984,0.08691735565662384,0.06383702903985977,0.06505481153726578,0.06434494256973267,0.06469715386629105
48,0.051002513617277145,115.50112915039062,0.0857674852013588,0.05083931237459183,113.60160064697266,0.08662914484739304,0.06372453272342682,0.06495433300733566,0.06422115862369537,0.06459488719701767
49,0.05049942806363106,114.81306457519531,0.08549559116363525,0.050327952951192856,112.92272186279297,0.08635280281305313,0.06362764537334442,0.06485999375581741,0.06410835683345795,0.06449971348047256
50,0.05000469088554382,114.15608978271484,0.08523528277873993,0.04982268810272217,112.27013397216797,0.0860862284898758,0.06354248523712158,0.06477060914039612,0.06400836259126663,0.0644109770655632
51,0.049516741186380386,113.52337646484375,0.08498384058475494,0.04932218790054321,111.63908386230469,0.08582775294780731,0.06346958875656128,0.06468548625707626,0.06391782313585281,0.06432830542325974
52,0.049032967537641525,112.91085052490234,0.08473984897136688,0.04882263019680977,111.02461242675781,0.08557555824518204,0.06340577453374863,0.06460471451282501,0.06383702903985977,0.0642506331205368
53,0.04855047166347504,112.31351470947266,0.08450134843587875,0.04832398518919945,110.42460632324219,0.08532847464084625,0.06334909796714783,0.06452694535255432,0.06376425176858902,0.06417739391326904
54,0.0480671301484108,111.72916412353516,0.08426740765571594,0.04782545939087868,109.8357925415039,0.08508548885583878,0.06330002099275589,0.06445144861936569,0.06370016187429428,0.064107745885849
55,0.0475815124809742,111.15335845947266,0.08403628319501877,0.04732318967580795,109.25659942626953,0.08484584838151932,0.06325751543045044,0.06437981873750687,0.06364185363054276,0.06404086947441101
56,0.047093331813812256,110.58500671386719,0.08380749821662903,0.04681811481714249,108.6854019165039,0.0846090093255043,0.06321940571069717,0.06431183964014053,0.0635906308889389,0.06397807598114014
57,0.04660164564847946,110.02178955078125,0.08358019590377808,0.04630843549966812,108.12100219726562,0.08437449485063553,0.0631856843829155,0.06424597650766373,0.06354507803916931,0.0639176070690155
58,0.046106450259685516,109.46363830566406,0.0833544135093689,0.045795951038599014,107.56353759765625,0.08414234220981598,0.0631556510925293,0.06418274343013763,0.06350468844175339,0.06385865062475204
59,0.04561004787683487,108.91057586669922,0.0831301212310791,0.04528435692191124,107.01410675048828,0.08391314744949341,0.06312873214483261,0.06411979347467422,0.0634680986404419,0.0638006404042244
60,0.04511496052145958,108.36424255371094,0.08290808647871017,0.04477446526288986,106.47421264648438,0.08368761092424393,0.06310396641492844,0.06405793875455856,0.06343523412942886,0.06374385207891464
61,0.044624656438827515,107.82679748535156,0.08268921077251434,0.04427623748779297,105.94636535644531,0.08346685022115707,0.06308034807443619,0.06399566680192947,0.06340496987104416,0.06368772685527802
62,0.04414338618516922,107.30139923095703,0.0824747383594513,0.04379280284047127,105.43346405029297,0.08325199782848358,0.06305701285600662,0.06393307447433472,0.06337633728981018,0.0636315569281578
63,0.04367559403181076,106.79097747802734,0.08226590603590012,0.04332735389471054,104.93688201904297,0.08304375410079956,0.06303198635578156,0.06386862695217133,0.06334821879863739,0.06357492506504059
64,0.04322599247097969,106.2972412109375,0.08206351846456528,0.04288455843925476,104.4580078125,0.08284269273281097,0.06300494074821472,0.06380199640989304,0.06331947445869446,0.06351657211780548
65,0.04279730096459389,105.82157135009766,0.08186814188957214,0.04246724769473076,103.9973373413086,0.08264891058206558,0.06297481805086136,0.06373201310634613,0.06328940391540527,0.06345559656620026
66,0.042391858994960785,105.36394500732422,0.08167983591556549,0.042075175791978836,103.55382537841797,0.08246218413114548,0.06294199079275131,0.06365789473056793,0.06325733661651611,0.06339167058467865
67,0.042009387165308,104.923583984375,0.0814984068274498,0.0417061522603035,103.12664794921875,0.08228223770856857,0.06290675699710846,0.0635809525847435,0.0632232278585434,0.06332491338253021
68,0.04164954274892807,104.49984741210938,0.08132357895374298,0.041359297931194305,102.71561431884766,0.08210892975330353,0.06286951899528503,0.06350208073854446,0.06318742781877518,0.06325533241033554
69,0.04131012782454491,104.09201049804688,0.08115508407354355,0.041033122688531876,102.32036590576172,0.08194208890199661,0.06283105164766312,0.06342143565416336,0.06315013766288757,0.06318381428718567
70,0.040990978479385376,103.69969940185547,0.08099272847175598,0.040728457272052765,101.9408187866211,0.08178167790174484,0.0627918690443039,0.06333997845649719,0.06311163306236267,0.06311090290546417
71,0.04069000110030174,103.32244873046875,0.08083633333444595,0.040442198514938354,101.57584381103516,0.08162723481655121,0.06275199353694916,0.06325855851173401,0.06307259202003479,0.06303682923316956
72,0.04040544107556343,102.95977020263672,0.08068577945232391,0.040172092616558075,101.22427368164062,0.08147832006216049,0.06271111965179443,0.06317790597677231,0.06303336471319199,0.06296243518590927
73,0.04013654589653015,102.6102523803711,0.08054058253765106,0.039917685091495514,100.88528442382812,0.08133471757173538,0.0626700147986412,0.06309825927019119,0.06299392133951187,0.06288816779851913
74,0.0398826003074646,102.27375793457031,0.08040063083171844,0.039677370339632034,100.5587158203125,0.08119624108076096,0.06262897700071335,0.06301949173212051,0.06295429170131683,0.06281428784132004
75,0.03964268043637276,101.94949340820312,0.0802655816078186,0.039450597018003464,100.24400329589844,0.0810626670718193,0.06258838623762131,0.06294170767068863,0.06291497498750687,0.06274043023586273
76,0.03941589593887329,101.63737487792969,0.08013537526130676,0.03923588991165161,99.94073486328125,0.08093386143445969,0.06254799664020538,0.06286507844924927,0.06287650018930435,0.06266724318265915
77,0.03920145705342293,101.33710479736328,0.08000992238521576,0.03903207555413246,99.64775085449219,0.08080935478210449,0.06250781565904617,0.06278902292251587,0.06283832341432571,0.06259530037641525
78,0.03899861499667168,101.04743194580078,0.07988874614238739,0.03883831948041916,99.36492156982422,0.08068911731243134,0.0624677948653698,0.06271456927061081,0.06279996782541275,0.06252440810203552
79,0.03880677372217178,100.76802062988281,0.0797717422246933,0.038654692471027374,99.09139251708984,0.08057279139757156,0.06242816522717476,0.06264204531908035,0.06276233494281769,0.06245472654700279
80,0.038625337183475494,100.49835205078125,0.07965868711471558,0.03848051652312279,98.82686614990234,0.0804603099822998,0.06238918378949165,0.06257093697786331,0.0627252608537674,0.06238609552383423
81,0.038453180342912674,100.23758697509766,0.07954929769039154,0.0383145846426487,98.57125854492188,0.08035159856081009,0.062350716441869736,0.06250200420618057,0.06268873065710068,0.06231856346130371
82,0.038289569318294525,99.9854736328125,0.07944341748952866,0.03815599903464317,98.32466125488281,0.08024659007787704,0.062312424182891846,0.06243505701422691,0.06265266239643097,0.0622522234916687
83,0.0381336584687233,99.74212646484375,0.07934095710515976,0.03800395876169205,98.08625793457031,0.08014486730098724,0.062274377793073654,0.06237050145864487,0.06261712312698364,0.06218769773840904
84,0.03798544034361839,99.50677490234375,0.07924173027276993,0.03785955160856247,97.85574340820312,0.0800464078783989,0.06223669648170471,0.06230732798576355,0.06258196383714676,0.06212441995739937
85,0.03784448653459549,99.27886962890625,0.07914551347494125,0.03772234171628952,97.63267517089844,0.07995108515024185,0.06220000237226486,0.062245290726423264,0.06254725903272629,0.06206206977367401
86,0.03771020472049713,99.05787658691406,0.07905212789773941,0.03759220987558365,97.41647338867188,0.07985862344503403,0.06216435879468918,0.062184374779462814,0.0625133290886879,0.062000636011362076
87,0.03758205473423004,98.8432846069336,0.07896135002374649,0.03746860846877098,97.20675659179688,0.07976893335580826,0.06212912127375603,0.06212440878152847,0.06247999891638756,0.06193983927369118
88,0.037459712475538254,98.63446044921875,0.07887294143438339,0.037349943071603775,97.0030746459961,0.07968167960643768,0.06209450960159302,0.06206506863236427,0.06244731694459915,0.061879388988018036
89,0.03734342381358147,98.43168640136719,0.07878701388835907,0.03723646327853203,96.80510711669922,0.07959676533937454,0.06206066161394119,0.06200627237558365,0.06241580471396446,0.06181952729821205
90,0.03723243623971939,98.2349624633789,0.07870346307754517,0.0371273048222065,96.61282348632812,0.07951419055461884,0.0620269812643528,0.061948735266923904,0.06238503009080887,0.06176058575510979
91,0.03712579235434532,98.04345703125,0.078622005879879,0.03702256828546524,96.42657470703125,0.0794340968132019,0.06199362874031067,0.06189246103167534,0.062354061752557755,0.06170263886451721
92,0.03702384978532791,97.85675811767578,0.07854248583316803,0.03692286089062691,96.24565124511719,0.07935621589422226,0.06196052208542824,0.061837516725063324,0.06232317164540291,0.06164522469043732
93,0.0369265042245388,97.67486572265625,0.078465037047863,0.03682728484272957,96.0694808959961,0.07928035408258438,0.06192775443196297,0.06178351119160652,0.06229277700185776,0.06158849224448204
94,0.03683297336101532,97.49788665771484,0.0783894881606102,0.03673535957932472,95.89797973632812,0.07920629531145096,0.06189548596739769,0.06173006817698479,0.06226279214024544,0.06153297424316406
95,0.036743033677339554,97.32538604736328,0.07831576466560364,0.036646805703639984,95.73026275634766,0.0791337713599205,0.06186364218592644,0.06167685613036156,0.06223298981785774,0.06147858873009682
96,0.03665657341480255,97.15681457519531,0.0782436951994896,0.03656161576509476,95.56653594970703,0.07906297594308853,0.061831843107938766,0.06162421032786369,0.06220359355211258,0.061424706131219864
97,0.03657330572605133,96.9920654296875,0.07817322015762329,0.03647894039750099,95.4067153930664,0.0789937898516655,0.061800360679626465,0.061572279781103134,0.06217452511191368,0.06137153133749962
98,0.03649294003844261,96.83084106445312,0.07810421288013458,0.036398496478796005,95.2503662109375,0.07892608642578125,0.06176947429776192,0.06152059882879257,0.0621456652879715,0.0613187700510025
99,0.036415308713912964,96.6734619140625,0.07803679257631302,0.03632073476910591,95.09754180908203,0.07885978370904922,0.06173913553357124,0.06146952137351036,0.06211726740002632,0.06126677617430687
100,0.036339905112981796,96.51927185058594,0.07797063887119293,0.03624466806650162,94.94793701171875,0.07879477739334106,0.061709072440862656,0.061418261379003525,0.0620892308652401,0.061215393245220184
101,0.036266762763261795,96.36817169189453,0.07790575921535492,0.03617102652788162,94.80177307128906,0.07873116433620453,0.06167932227253914,0.06136731058359146,0.062061380594968796,0.06116430088877678
102,0.03619569540023804,96.22020721435547,0.07784220576286316,0.036099690943956375,94.65890502929688,0.07866890728473663,0.061649829149246216,0.06131701543927193,0.06203366070985794,0.06111416965723038
103,0.03612653538584709,96.07503509521484,0.07777976989746094,0.036030083894729614,94.51901245117188,0.07860784232616425,0.06162068620324135,0.06126675754785538,0.06200598552823067,0.061064597219228745
104,0.03605932742357254,95.93302917480469,0.07771865278482437,0.03596220538020134,94.3818130493164,0.07854790985584259,0.06159170717000961,0.06121698021888733,0.06197858974337578,0.061015523970127106
105,0.035993777215480804,95.79373931884766,0.07765863835811615,0.03589576482772827,94.24751281738281,0.07848920673131943,0.0615629181265831,0.06116819381713867,0.061951443552970886,0.06096717342734337
106,0.03593001142144203,95.65691375732422,0.07759968936443329,0.03583099693059921,94.11587524414062,0.07843153923749924,0.06153428554534912,0.06111997738480568,0.061924707144498825,0.06091931089758873
107,0.03586753085255623,95.52275085449219,0.077541783452034,0.03576737642288208,93.9868392944336,0.07837487757205963,0.061506085097789764,0.06107215955853462,0.06189826503396034,0.060872066766023636
108,0.035806115716695786,95.39051055908203,0.07748468220233917,0.0357050821185112,93.86001586914062,0.07831913977861404,0.06147807836532593,0.06102438643574715,0.06187162548303604,0.06082560494542122
109,0.03574608638882637,95.26083374023438,0.07742863893508911,0.03564399853348732,93.73570251464844,0.07826441526412964,0.0614502839744091,0.06097731366753578,0.06184545159339905,0.060779817402362823
110,0.0356871634721756,95.13330841064453,0.07737348228693008,0.03558389097452164,93.61348724365234,0.07821053266525269,0.06142299249768257,0.060930609703063965,0.06181957945227623,0.060734428465366364
111,0.03562956303358078,95.00816345214844,0.07731933146715164,0.03552473336458206,93.4935073852539,0.07815758138895035,0.06139618903398514,0.06088430806994438,0.06179441139101982,0.060689520090818405
112,0.035572681576013565,94.88458251953125,0.07726585119962692,0.03546665981411934,93.37537384033203,0.0781053826212883,0.061369605362415314,0.06083841994404793,0.06176925450563431,0.06064509600400925
113,0.03551679849624634,94.76288604736328,0.07721317559480667,0.035409484058618546,93.25914001464844,0.07805397361516953,0.061343275010585785,0.06079315394163132,0.06174430996179581,0.06060119718313217
114,0.03546186536550522,94.64311981201172,0.07716129720211029,0.03535318747162819,93.14517211914062,0.07800348103046417,0.0613173209130764,0.06074889749288559,0.061719559133052826,0.06055799126625061
115,0.03540758043527603,94.52507781982422,0.0771101638674736,0.03529777005314827,93.03290557861328,0.07795368134975433,0.06129175052046776,0.06070484593510628,0.0616949200630188,0.06051558256149292
116,0.03535391017794609,94.40843963623047,0.07705957442522049,0.0352431945502758,92.92253112792969,0.07790463417768478,0.06126667931675911,0.06066109985113144,0.0616702139377594,0.06047359108924866
117,0.03530171141028404,94.29405975341797,0.0770099088549614,0.03518975153565407,92.81411743164062,0.07785637676715851,0.061242181807756424,0.06061790511012077,0.06164628267288208,0.06043190509080887
118,0.035250551998615265,94.18186950683594,0.07696118205785751,0.03513706102967262,92.70735931396484,0.07780881971120834,0.06121795251965523,0.06057531014084816,0.06162296608090401,0.06039110943675041
119,0.03519945964217186,94.06990051269531,0.0769125297665596,0.03508483245968819,92.60204315185547,0.07776184380054474,0.06119399890303612,0.06053317338228226,0.06159864738583565,0.06035054847598076
120,0.03514949232339859,93.9604263305664,0.07686489075422287,0.03503311425447464,92.49871063232422,0.07771570235490799,0.061170436441898346,0.06049200892448425,0.06157538667321205,0.06031063571572304
121,0.0350995771586895,93.85214233398438,0.07681777328252792,0.03498149290680885,92.39702606201172,0.07767021656036377,0.06114724278450012,0.06045118719339371,0.06155213713645935,0.06027132645249367
122,0.035050321370363235,93.74555206298828,0.07677134871482849,0.03493095934391022,92.29711151123047,0.07762544602155685,0.061124350875616074,0.060410838574171066,0.06152915209531784,0.06023252382874489
123,0.035001665353775024,93.64039611816406,0.07672552019357681,0.03488116338849068,92.19886016845703,0.07758139073848724,0.06110184267163277,0.06037101894617081,0.061506547033786774,0.06019404157996178
124,0.03495343029499054,93.53638458251953,0.07668020576238632,0.034832097589969635,92.10195922851562,0.0775379166007042,0.06107956916093826,0.060331620275974274,0.06148397549986839,0.060156211256980896
125,0.03490591049194336,93.4341049194336,0.07663564383983612,0.034783829003572464,92.00668334960938,0.07749512046575546,0.06105761602520943,0.06029278412461281,0.06146189197897911,0.06011899188160896
126,0.03485879674553871,93.33301544189453,0.07659156620502472,0.034736283123493195,91.9127197265625,0.07745283097028732,0.061035968363285065,0.06025413051247597,0.06143989413976669,0.06008234620094299
127,0.03481251373887062,93.23388671875,0.07654833048582077,0.034689366817474365,91.82035827636719,0.07741118967533112,0.061014723032712936,0.0602160207927227,0.06141850724816322,0.060046467930078506
128,0.03476680442690849,93.13558197021484,0.07650544494390488,0.03464343398809433,91.72972106933594,0.07737033814191818,0.06099389120936394,0.06017867103219032,0.06139707565307617,0.06001074239611626
129,0.03472205251455307,93.03910064697266,0.07646334916353226,0.03459806367754936,91.640625,0.07733016461133957,0.06097327917814255,0.0601419098675251,0.06137637794017792,0.05997556447982788
130,0.0346774123609066,92.94351959228516,0.07642167806625366,0.03455308824777603,91.55270385742188,0.07729051262140274,0.060953013598918915,0.060105375945568085,0.061355628073215485,0.059940874576568604
131,0.03463348001241684,92.84935760498047,0.07638060301542282,0.034508753567934036,91.46626281738281,0.07725151628255844,0.060933347791433334,0.06006947159767151,0.061335377395153046,0.05990650877356529
132,0.03458992391824722,92.75653076171875,0.07634013146162033,0.03446482867002487,91.38087463378906,0.07721299678087234,0.06091413274407387,0.060034025460481644,0.06131536886096001,0.059872813522815704
133,0.03454682603478432,92.66487121582031,0.07630018144845963,0.034421470016241074,91.29674530029297,0.0771750658750534,0.06089523062109947,0.05999928340315819,0.0612955205142498,0.05983956903219223
134,0.034504398703575134,92.57474517822266,0.07626092433929443,0.034378744661808014,91.21392822265625,0.07713767141103745,0.060876693576574326,0.059965189546346664,0.061276115477085114,0.0598069466650486
135,0.03446248918771744,92.48571014404297,0.07622216641902924,0.034336794167757034,91.1324691772461,0.07710091024637222,0.06085830554366112,0.059931714087724686,0.06125685200095177,0.05977488309144974
136,0.03442097827792168,92.39778137207031,0.07618387043476105,0.03429562225937843,91.05231475830078,0.07706470787525177,0.0608401782810688,0.059898894280195236,0.0612376369535923,0.05974334105849266
137,0.03438036888837814,92.31159210205078,0.07614634186029434,0.03425542637705803,90.9737319946289,0.07702922075986862,0.06082244589924812,0.05986654758453369,0.06121893227100372,0.05971236526966095
138,0.03434041887521744,92.22611999511719,0.07610912621021271,0.03421599045395851,90.89627838134766,0.07699425518512726,0.06080498918890953,0.05983458086848259,0.06120012328028679,0.05968153104186058
139,0.034301355481147766,92.14274597167969,0.07607283443212509,0.03417687490582466,90.81993865966797,0.07695979624986649,0.06078777834773064,0.05980319157242775,0.06118215247988701,0.05965147167444229
140,0.03426235914230347,92.05974578857422,0.07603680342435837,0.03413809463381767,90.74465942382812,0.07692582905292511,0.060770925134420395,0.05977240949869156,0.06116389483213425,0.05962168052792549
141,0.034223854541778564,91.97846984863281,0.07600148767232895,0.03409997373819351,90.67080688476562,0.07689250260591507,0.06075441092252731,0.05974263697862625,0.061146195977926254,0.05959269031882286
142,0.034185975790023804,91.89825439453125,0.07596660405397415,0.034062646329402924,90.59819030761719,0.0768597349524498,0.060737889260053635,0.05971353128552437,0.061128582805395126,0.05956443026661873
143,0.03414876386523247,91.8193588256836,0.07593231648206711,0.03402570262551308,90.5267333984375,0.07682748138904572,0.060721658170223236,0.05968505144119263,0.06111111491918564,0.059536851942539215
144,0.03411198779940605,91.74147033691406,0.07589849829673767,0.03398919105529785,90.45635986328125,0.07679571211338043,0.060705725103616714,0.05965713784098625,0.0610937625169754,0.05950969457626343
145,0.03407583013176918,91.6648178100586,0.07586520165205002,0.03395317494869232,90.38692474365234,0.07676439732313156,0.06068992614746094,0.0596294179558754,0.061076827347278595,0.05948281288146973
146,0.03403989225625992,91.58893585205078,0.075832299888134,0.03391754627227783,90.3185806274414,0.07673356682062149,0.060674335807561874,0.059602122753858566,0.06105993315577507,0.059455931186676025
147,0.03400474786758423,91.51476287841797,0.07580011337995529,0.03388257697224617,90.25129699707031,0.07670321315526962,0.06065893545746803,0.05957518145442009,0.06104357913136482,0.05942963808774948
148,0.03396976739168167,91.4412612915039,0.07576823234558105,0.03384801000356674,90.18478393554688,0.076673224568367,0.060643501579761505,0.05954870954155922,0.06102711334824562,0.0594039149582386
149,0.033935680985450745,91.36909484863281,0.07573696225881577,0.033814217895269394,90.11925506591797,0.07664370536804199,0.060628216713666916,0.059522535651922226,0.06101103872060776,0.059378571808338165
150,0.03390204906463623,91.29781341552734,0.0757061094045639,0.033780891448259354,90.05465698242188,0.07661460340023041,0.06061294674873352,0.059497084468603134,0.06099509447813034,0.0593537762761116
151,0.03386898338794708,91.22762298583984,0.07567571103572845,0.03374803438782692,89.99105072021484,0.07658596336841583,0.060597896575927734,0.05947216600179672,0.06097928807139397,0.05932953581213951
152,0.03383638709783554,91.15843200683594,0.0756458193063736,0.033715732395648956,89.92833709716797,0.07655777037143707,0.06058294698596001,0.059447627514600754,0.06096363067626953,0.05930578336119652
153,0.03380428999662399,91.09038543701172,0.07561640441417694,0.033683892339468,89.86659240722656,0.07652997970581055,0.06056816130876541,0.059423405677080154,0.06094825640320778,0.059282392263412476
154,0.03377262502908707,91.0233383178711,0.07558739185333252,0.03365253284573555,89.80582427978516,0.07650264352560043,0.06055348739027977,0.059399865567684174,0.06093315780162811,0.05925934389233589
155,0.033741410821676254,90.95735931396484,0.07555888593196869,0.03362152352929115,89.74571228027344,0.07647562026977539,0.06053899973630905,0.05937688797712326,0.06091827154159546,0.05923695117235184
156,0.03371015936136246,90.89163970947266,0.07553049176931381,0.0335908867418766,89.68616485595703,0.07644883543252945,0.060524534434080124,0.05935412272810936,0.06090306118130684,0.059214793145656586
157,0.033679571002721786,90.82710266113281,0.07550259679555893,0.03356102854013443,89.62759399414062,0.07642250508069992,0.06051027402281761,0.059331852942705154,0.06088801473379135,0.059193242341279984
158,0.033649664372205734,90.76370239257812,0.07547523826360703,0.03353174403309822,89.5698471069336,0.07639653980731964,0.060496117919683456,0.059310100972652435,0.060873448848724365,0.05917203798890114
159,0.03361997380852699,90.7007064819336,0.07544807344675064,0.03350305184721947,89.51285552978516,0.076370969414711,0.06048201397061348,0.05928892269730568,0.06085871905088425,0.059151094406843185
160,0.03359109163284302,90.6390151977539,0.07542148977518082,0.03347475826740265,89.45651245117188,0.07634572684764862,0.06046808138489723,0.05926808714866638,0.060844410210847855,0.059130772948265076
161,0.03356235474348068,90.57756805419922,0.07539504766464233,0.03344681113958359,89.40066528320312,0.07632072269916534,0.060454096645116806,0.059247732162475586,0.06082987040281296,0.059110675007104874
162,0.033534348011016846,90.51739501953125,0.07536917924880981,0.03341948240995407,89.3456039428711,0.0762961283326149,0.06044018268585205,0.05922788381576538,0.06081566959619522,0.05909118056297302
163,0.033506590873003006,90.45758056640625,0.07534348964691162,0.03339254483580589,89.29103088378906,0.07627178728580475,0.06042632833123207,0.05920833721756935,0.06080132722854614,0.059071850031614304
164,0.033479273319244385,90.3985366821289,0.07531819492578506,0.03336610272526741,89.23716735839844,0.07624777406454086,0.060412585735321045,0.05918920785188675,0.0607871413230896,0.059052880853414536
165,0.03345241770148277,90.34038543701172,0.07529325783252716,0.03333980217576027,89.18368530273438,0.07622396945953369,0.06039900705218315,0.059170376509428024,0.06077324226498604,0.059034258127212524
166,0.033425912261009216,90.28268432617188,0.07526853680610657,0.03331413492560387,89.13087463378906,0.07620043307542801,0.06038561835885048,0.05915187671780586,0.06075930595397949,0.059015873819589615
167,0.03340057656168938,90.2262191772461,0.07524435222148895,0.033289048820734024,89.07866668701172,0.076177217066288,0.060372401028871536,0.05913370102643967,0.06074589118361473,0.058997880667448044
168,0.0333748459815979,90.16966247558594,0.07522013783454895,0.03326398879289627,89.02693939208984,0.0761542096734047,0.060359057039022446,0.059115856885910034,0.06073208153247833,0.05897999554872513
169,0.03334986791014671,90.11444091796875,0.0751965269446373,0.033239345997571945,88.9759750366211,0.07613157480955124,0.06034589558839798,0.059098612517118454,0.060718730092048645,0.058962564915418625
170,0.033324915915727615,90.05941009521484,0.075173020362854,0.03321516141295433,88.92557525634766,0.07610921561717987,0.0603327639400959,0.05908161774277687,0.06070518493652344,0.05894527584314346
171,0.03330063074827194,90.00537109375,0.07514997571706772,0.03319130092859268,88.87580871582031,0.07608716934919357,0.060319822281599045,0.05906509980559349,0.06069200858473778,0.0589282400906086
172,0.0332765206694603,89.9515609741211,0.0751270055770874,0.03316764906048775,88.82640838623047,0.0760653018951416,0.060306817293167114,0.05904880538582802,0.06067867577075958,0.05891126021742821
173,0.03325297310948372,89.89856719970703,0.07510445266962051,0.03314424306154251,88.77745819091797,0.07604366540908813,0.06029389426112175,0.05903274193406105,0.0606655478477478,0.05889478325843811
174,0.033229608088731766,89.8459243774414,0.07508205622434616,0.0331210121512413,88.72894287109375,0.07602223008871078,0.06028105691075325,0.05901702120900154,0.06065237894654274,0.05887845531105995
175,0.033206552267074585,89.79377746582031,0.07505989074707031,0.03309803828597069,88.68070220947266,0.07600091397762299,0.060268204659223557,0.05900134891271591,0.06063919514417648,0.05886246636509895
176,0.03318401426076889,89.74238586425781,0.07503806799650192,0.03307544067502022,88.63302612304688,0.07597990334033966,0.0602555051445961,0.05898606777191162,0.060626257210969925,0.05884677171707153
177,0.033161845058202744,89.6915054321289,0.07501648366451263,0.033053066581487656,88.58584594726562,0.07595910876989365,0.06024279445409775,0.05897117033600807,0.06061342731118202,0.05883127823472023
178,0.03313985466957092,89.64088439941406,0.0749950259923935,0.03303101286292076,88.53907775878906,0.07593852281570435,0.060229867696762085,0.0589565709233284,0.06060057878494263,0.0588158518075943
179,0.03311815857887268,89.59097290039062,0.07497386634349823,0.03300919383764267,88.49269104003906,0.07591809332370758,0.06021704897284508,0.05894211307168007,0.06058777868747711,0.058800820261240005
180,0.03309674933552742,89.54139709472656,0.0749528780579567,0.03298775479197502,88.44683074951172,0.0758979469537735,0.06020433083176613,0.05892794951796532,0.06057501956820488,0.05878586322069168
181,0.0330757275223732,89.49243927001953,0.07493214309215546,0.03296644613146782,88.40116119384766,0.07587786763906479,0.06019166484475136,0.058913763612508774,0.06056247651576996,0.05877109616994858
182,0.033055126667022705,89.44384765625,0.07491160929203033,0.032945532351732254,88.3561782836914,0.07585813105106354,0.06017917022109032,0.05890011414885521,0.060550082474946976,0.05875636264681816
183,0.033034857362508774,89.39576721191406,0.07489129900932312,0.03292500600218773,88.31165313720703,0.0758386179804802,0.06016691401600838,0.05888671427965164,0.06053781509399414,0.058741938322782516
184,0.03301478549838066,89.34810638427734,0.07487116754055023,0.03290478512644768,88.26731872558594,0.07581920921802521,0.06015463545918465,0.05887338146567345,0.06052566319704056,0.05872767046093941
185,0.0329950712621212,89.30094146728516,0.07485125958919525,0.03288500756025314,88.22366333007812,0.07580007612705231,0.060142453759908676,0.058860499411821365,0.060513414442539215,0.058713629841804504
186,0.032975248992443085,89.25423431396484,0.074831523001194,0.032865267246961594,88.18024444580078,0.07578103244304657,0.06013047695159912,0.058847539126873016,0.06050118803977966,0.05869989097118378
187,0.032955750823020935,89.20805358886719,0.07481205463409424,0.03284568339586258,88.13729095458984,0.07576221972703934,0.06011860445141792,0.05883496254682541,0.060489293187856674,0.05868619307875633
188,0.0329362154006958,89.16210174560547,0.07479263097047806,0.03282642737030983,88.0948715209961,0.0757436752319336,0.060106802731752396,0.058822594583034515,0.060477275401353836,0.05867256969213486
189,0.032917171716690063,89.11682891845703,0.07477355003356934,0.03280766308307648,88.05305480957031,0.07572542130947113,0.06009514257311821,0.05881044641137123,0.06046542525291443,0.05865930765867233
190,0.032898057252168655,89.07173919677734,0.07475454360246658,0.032789163291454315,88.01144409179688,0.07570725679397583,0.06008346751332283,0.05879828333854675,0.06045351177453995,0.058646202087402344
191,0.032879505306482315,89.0271987915039,0.07473578304052353,0.032771170139312744,87.97026824951172,0.07568927854299545,0.060071974992752075,0.058786265552043915,0.0604417584836483,0.05863317847251892
192,0.03286110237240791,88.98301696777344,0.07471716403961182,0.03275320306420326,87.9291763305664,0.07567135989665985,0.06006047502160072,0.05877428874373436,0.06043016538023949,0.05862032249569893
193,0.032843124121427536,88.9392318725586,0.07469871640205383,0.03273554891347885,87.8885269165039,0.07565360516309738,0.060049060732126236,0.058762483298778534,0.06041859835386276,0.05860751494765282
194,0.03282524272799492,88.89578247070312,0.07468042522668839,0.032717712223529816,87.84799194335938,0.07563590258359909,0.060037676244974136,0.05875081941485405,0.060407187789678574,0.05859486386179924
195,0.032807618379592896,88.85255432128906,0.07466219365596771,0.03270029276609421,87.80790710449219,0.07561840862035751,0.06002635136246681,0.05873934179544449,0.060395680367946625,0.058582235127687454
196,0.03279014676809311,88.80976867675781,0.07464417815208435,0.03268294036388397,87.7680892944336,0.07560102641582489,0.06001504510641098,0.05872806906700134,0.060384299606084824,0.05856983736157417
197,0.032772812992334366,88.76720428466797,0.07462622225284576,0.03266601637005806,87.72869873046875,0.07558383047580719,0.06000373885035515,0.05871695652604103,0.060372889041900635,0.058557529002428055
198,0.0327557697892189,88.72533416748047,0.07460854202508926,0.03264911100268364,87.68949127197266,0.07556670159101486,0.05999250337481499,0.0587058961391449,0.060361798852682114,0.05854545906186104
199,0.03273879736661911,88.68350219726562,0.07459092140197754,0.03263241425156593,87.6505355834961,0.07554967701435089,0.059981320053339005,0.058694981038570404,0.06035058572888374,0.05853348225355148
200,0.032722316682338715,88.64228057861328,0.07457352429628372,0.032616011798381805,87.61189270019531,0.07553283870220184,0.059970226138830185,0.05868417024612427,0.06033966317772865,0.05852164328098297
201,0.03270575404167175,88.60108184814453,0.07455618679523468,0.03259967640042305,87.57351684570312,0.07551608234643936,0.059959135949611664,0.05867348983883858,0.060328640043735504,0.05850987136363983
202,0.03268972039222717,88.56049346923828,0.07453908026218414,0.032583680003881454,87.53551483154297,0.07549949735403061,0.05994819477200508,0.05866282433271408,0.0603177435696125,0.058498408645391464
203,0.032673586159944534,88.51995086669922,0.07452201098203659,0.03256773203611374,87.49758911132812,0.07548297196626663,0.05993715673685074,0.05865224823355675,0.06030679866671562,0.05848696455359459
204,0.03265786170959473,88.4799575805664,0.07450519502162933,0.03255202993750572,87.45994567871094,0.0754665806889534,0.05992617458105087,0.05864190310239792,0.06029609218239784,0.05847576633095741
205,0.03264208883047104,88.4398422241211,0.07448829710483551,0.0325365886092186,87.4224853515625,0.07545027881860733,0.059915218502283096,0.058631531894207,0.06028512865304947,0.05846453830599785
206,0.03262653946876526,88.40006256103516,0.07447158545255661,0.03252115473151207,87.38543701171875,0.07543417066335678,0.05990435555577278,0.05862170830368996,0.06027431786060333,0.05845344439148903
207,0.03261110931634903,88.36038208007812,0.07445487380027771,0.03250592201948166,87.34871673583984,0.07541822642087936,0.05989355966448784,0.05861204117536545,0.060263607650995255,0.05844208225607872
208,0.03259603679180145,88.32115173339844,0.07443837076425552,0.03249085694551468,87.31229400634766,0.0754023939371109,0.05988262966275215,0.05860244110226631,0.06025313585996628,0.05843068286776543
209,0.03258093446493149,88.2821044921875,0.0744219422340393,0.032476235181093216,87.27603149414062,0.07538660615682602,0.05987178534269333,0.058592576533555984,0.06024235114455223,0.058419741690158844
210,0.03256626054644585,88.24383544921875,0.07440583407878876,0.03246153146028519,87.23979949951172,0.07537085562944412,0.059860967099666595,0.05858275294303894,0.06023199483752251,0.058409079909324646
211,0.0325513556599617,88.20520782470703,0.07438957691192627,0.032446932047605515,87.2037582397461,0.075355164706707,0.059850193560123444,0.05857294425368309,0.06022131070494652,0.05839834362268448
212,0.03253679350018501,88.16729736328125,0.07437365502119064,0.032432518899440765,87.16802215576172,0.07533961534500122,0.059839457273483276,0.058563414961099625,0.06021096184849739,0.05838799476623535
213,0.03252211585640907,88.12928771972656,0.07435767352581024,0.03241824731230736,87.1323471069336,0.07532409578561783,0.059828732162714005,0.05855391547083855,0.060200415551662445,0.05837763845920563
214,0.03250783681869507,88.0916976928711,0.07434189319610596,0.03240404278039932,87.09683990478516,0.0753086656332016,0.05981820821762085,0.05854446068406105,0.060190122574567795,0.058367304503917694
215,0.032493796199560165,88.05476379394531,0.07432639598846436,0.03238985314965248,87.0617446899414,0.07529342174530029,0.05980789661407471,0.05853530019521713,0.06018035486340523,0.05835701897740364
216,0.03247901797294617,88.01717376708984,0.07431059330701828,0.032375533133745193,87.02655792236328,0.07527811080217361,0.059797536581754684,0.05852600932121277,0.06017012894153595,0.058346714824438095
217,0.03246505931019783,87.98027801513672,0.07429506629705429,0.0323619581758976,86.99192810058594,0.07526303827762604,0.059787314385175705,0.05851685628294945,0.0601600706577301,0.058336444199085236
218,0.032451000064611435,87.94354248046875,0.07427961379289627,0.032348137348890305,86.95721435546875,0.07524792104959488,0.05977702885866165,0.05850778892636299,0.06015004217624664,0.05832627788186073
219,0.032437071204185486,87.90685272216797,0.07426419109106064,0.03233474865555763,86.92276763916016,0.07523293793201447,0.059766776859760284,0.05849883705377579,0.06013992056250572,0.05831625685095787
220,0.03242352977395058,87.87075805664062,0.0742490142583847,0.03232133761048317,86.88833618164062,0.07521796971559525,0.05975651368498802,0.05848991125822067,0.060130082070827484,0.05830644816160202
221,0.032409749925136566,87.83427429199219,0.07423370331525803,0.03230814263224602,86.85420989990234,0.07520312815904617,0.05974632129073143,0.058481089770793915,0.060120001435279846,0.058296576142311096
222,0.03239637240767479,87.79845428466797,0.07421863079071045,0.03229522705078125,86.82034301757812,0.07518842071294785,0.059736188501119614,0.058472443372011185,0.06011020019650459,0.058286912739276886
223,0.032382916659116745,87.76260375976562,0.07420356571674347,0.03228241205215454,86.78654479980469,0.0751737430691719,0.0597260408103466,0.05846380814909935,0.060100309550762177,0.05827735736966133
224,0.03236975520849228,87.72708129882812,0.07418862730264664,0.03226960450410843,86.75292205810547,0.07515915483236313,0.05971595272421837,0.05845515802502632,0.0600905604660511,0.05826781317591667
225,0.03235656023025513,87.6915054321289,0.07417368143796921,0.03225702419877052,86.71935272216797,0.07514458894729614,0.059705886989831924,0.05844651907682419,0.06008070334792137,0.058258313685655594
226,0.0323435440659523,87.6563491821289,0.0741589218378067,0.03224439173936844,86.6859359741211,0.07513009756803513,0.05969589203596115,0.0584380105137825,0.06007100269198418,0.0582491010427475
227,0.03233051300048828,87.62109375,0.07414409518241882,0.032231975346803665,86.65262603759766,0.07511567324399948,0.05968597158789635,0.05842946842312813,0.06006117910146713,0.058239806443452835
228,0.032318007200956345,87.58650970458984,0.0741296261548996,0.03221961110830307,86.61954498291016,0.075101338326931,0.059676140546798706,0.0584210529923439,0.060051653534173965,0.058230772614479065
229,0.032304950058460236,87.55136108398438,0.0741148516535759,0.03220735862851143,86.5865249633789,0.0750870555639267,0.05966634303331375,0.05841255933046341,0.0600416399538517,0.058221668004989624
230,0.03229263424873352,87.5171890258789,0.07410051673650742,0.032195307314395905,86.55381774902344,0.07507292926311493,0.05965650826692581,0.05840424820780754,0.06003212928771973,0.05821282044053078
231,0.03227986767888069,87.4825210571289,0.07408597320318222,0.03218332678079605,86.52107238769531,0.07505877315998077,0.05964672937989235,0.058395855128765106,0.06002222001552582,0.058203935623168945
232,0.03226781636476517,87.44860076904297,0.07407176494598389,0.0321715846657753,86.48863220214844,0.07504475861787796,0.05963706597685814,0.058387719094753265,0.06001277267932892,0.05819518491625786
233,0.032255250960588455,87.41429138183594,0.07405732572078705,0.03215959668159485,86.45608520507812,0.07503066956996918,0.059627383947372437,0.0583794079720974,0.060002971440553665,0.05818643420934677
234,0.03224312514066696,87.3804702758789,0.0740431472659111,0.03214802220463753,86.4239501953125,0.07501677423715591,0.059617701917886734,0.058371271938085556,0.05999340862035751,0.058177586644887924
235,0.03223094344139099,87.3466567993164,0.07402895390987396,0.03213644027709961,86.39190673828125,0.07500291615724564,0.05960807204246521,0.05836322903633118,0.05998387187719345,0.058168791234493256
236,0.03221893310546875,87.31304168701172,0.074014812707901,0.03212510421872139,86.36006164550781,0.07498914003372192,0.05959848687052727,0.058355074375867844,0.05997432768344879,0.05816013738512993
237,0.03220690041780472,87.27950286865234,0.07400069385766983,0.03211396187543869,86.32865142822266,0.07497545331716537,0.05958894267678261,0.05834715813398361,0.059964876621961594,0.058151405304670334
238,0.03219496086239815,87.24657440185547,0.07398683577775955,0.03210301697254181,86.29754638671875,0.07496190816164017,0.05957939103245735,0.05833950266242027,0.05995561555027962,0.05814311280846596
239,0.03218208998441696,87.21223449707031,0.07397228479385376,0.03209240362048149,86.26642608642578,0.07494835555553436,0.059569768607616425,0.058331627398729324,0.05994534492492676,0.05813449248671532
240,0.03217108175158501,87.18029022216797,0.07395883649587631,0.03208213299512863,86.23602294921875,0.07493513077497482,0.05956019088625908,0.05832440406084061,0.05993671715259552,0.05812615156173706
241,0.03215893730521202,87.1470947265625,0.0739448219537735,0.03207151219248772,86.20532989501953,0.07492176443338394,0.05955065041780472,0.0583169050514698,0.059927213937044144,0.058117784559726715
242,0.032147910445928574,87.11511993408203,0.07393134385347366,0.03206108883023262,86.17513275146484,0.07490862905979156,0.05954115837812424,0.05830974131822586,0.05991841107606888,0.058109626173973083
243,0.032136060297489166,87.08232879638672,0.0739174634218216,0.03205052763223648,86.14473724365234,0.07489538937807083,0.05953167751431465,0.058302320539951324,0.05990898236632347,0.05810142308473587
244,0.032124776393175125,87.05028533935547,0.07390391826629639,0.03204013779759407,86.11466979980469,0.07488229125738144,0.059522323310375214,0.0582951121032238,0.05989997461438179,0.05809340626001358
245,0.032113105058670044,87.0179672241211,0.07389026135206223,0.03202970325946808,86.08458709716797,0.07486920058727264,0.05951300263404846,0.05828787758946419,0.0598907396197319,0.05808553844690323
246,0.03210205212235451,86.98627471923828,0.07387685775756836,0.032019536942243576,86.05475616455078,0.07485620677471161,0.05950373783707619,0.05828075483441353,0.059881776571273804,0.058077722787857056
247,0.032090481370687485,86.9542007446289,0.07386329025030136,0.032009102404117584,86.02469635009766,0.07484311610460281,0.0594944953918457,0.05827345699071884,0.059872619807720184,0.0580698661506176
248,0.0320795401930809,86.92276763916016,0.07385002076625824,0.03199905529618263,85.99507141113281,0.07483021914958954,0.059485290199518204,0.05826634168624878,0.05986379459500313,0.05806208774447441
249,0.03206790238618851,86.89083862304688,0.07383651286363602,0.03198862075805664,85.96511840820312,0.07481716573238373,0.05947606638073921,0.05825912952423096,0.059854570776224136,0.05805438756942749
250,0.03205674886703491,86.85928344726562,0.07382318377494812,0.03197864443063736,85.9355239868164,0.07480430603027344,0.059466879814863205,0.058252133429050446,0.05984552577137947,0.05804663151502609
251,0.03204544633626938,86.8277816772461,0.07380984723567963,0.03196835145354271,85.90583801269531,0.07479139417409897,0.059457749128341675,0.05824517086148262,0.0598364919424057,0.058038968592882156
252,0.03203413262963295,86.79615020751953,0.07379650324583054,0.03195834532380104,85.87635803222656,0.07477860897779465,0.05944867059588432,0.05823830887675285,0.05982733890414238,0.05803126096725464
253,0.03202306106686592,86.76493072509766,0.07378332316875458,0.03194821998476982,85.84687805175781,0.07476579397916794,0.05943960323929787,0.05823135748505592,0.05981846898794174,0.05802369862794876
254,0.0320117324590683,86.73348236083984,0.07377000898122787,0.03193820267915726,85.81745147705078,0.07475300133228302,0.059430502355098724,0.05822434648871422,0.05980931594967842,0.05801605433225632
255,0.032000698149204254,86.70246887207031,0.07375694066286087,0.03192822262644768,85.78817749023438,0.07474027574062347,0.059421490877866745,0.05821740999817848,0.0598003976047039,0.05800863355398178
256,0.03198935464024544,86.67119598388672,0.07374370098114014,0.03191827982664108,85.75896453857422,0.07472755014896393,0.05941251665353775,0.05821043625473976,0.05979131534695625,0.058001093566417694
257,0.03197833150625229,86.64041137695312,0.07373069226741791,0.03190835937857628,85.72982025146484,0.07471489161252975,0.05940350890159607,0.05820348486304283,0.0597824789583683,0.057993728667497635
258,0.031966954469680786,86.60941314697266,0.07371759414672852,0.031898368149995804,85.70054626464844,0.07470215111970901,0.05939453840255737,0.058196328580379486,0.059773508459329605,0.057986415922641754
259,0.031955987215042114,86.5787353515625,0.07370465248823166,0.03188864886760712,85.67157745361328,0.07468956708908081,0.05938564985990524,0.05818944424390793,0.05976473167538643,0.05797911435365677
260,0.031944580376148224,86.5478515625,0.07369159162044525,0.03187863156199455,85.6424331665039,0.07467688620090485,0.05937677621841431,0.058182310312986374,0.05975590646266937,0.05797187611460686
261,0.0319332592189312,86.51708221435547,0.07367859780788422,0.03186917304992676,85.61371612548828,0.07466436177492142,0.059367891401052475,0.05817539617419243,0.059747014194726944,0.057964783161878586
262,0.03192174434661865,86.48661804199219,0.07366563379764557,0.031859736889600754,85.58509063720703,0.07465182989835739,0.05935902148485184,0.058168359100818634,0.05973814055323601,0.05795782804489136
263,0.03191046044230461,86.45610046386719,0.07365264743566513,0.03185082972049713,85.5568618774414,0.07463948428630829,0.05935016646981239,0.05816150829195976,0.059729136526584625,0.05795075371861458
264,0.0318995863199234,86.42616271972656,0.07363991439342499,0.031842030584812164,85.52880859375,0.07462722063064575,0.05934141203761101,0.058154817670583725,0.05972052365541458,0.05794379487633705
265,0.03188834711909294,86.39576721191406,0.07362696528434753,0.03183334320783615,85.5008316040039,0.0746149867773056,0.059332650154829025,0.05814805254340172,0.05971158668398857,0.05793675780296326
266,0.03187769651412964,86.36602020263672,0.07361430674791336,0.03182464838027954,85.4729995727539,0.07460279762744904,0.059323910623788834,0.058141376823186874,0.05970301479101181,0.05792969465255737
267,0.03186636418104172,86.33564758300781,0.07360135018825531,0.03181576728820801,85.44513702392578,0.07459060847759247,0.05931524187326431,0.058134645223617554,0.05969400703907013,0.05792267993092537
268,0.03185538202524185,86.30583190917969,0.07358860224485397,0.03180719539523125,85.41773986816406,0.07457859814167023,0.05930662900209427,0.05812816694378853,0.059685371816158295,0.057915739715099335
269,0.0318441241979599,86.27589416503906,0.07357580959796906,0.031798604875802994,85.3902587890625,0.0745665580034256,0.05929812043905258,0.058121562004089355,0.059676628559827805,0.05790885537862778
270,0.03183317929506302,86.24628448486328,0.07356317341327667,0.03179008513689041,85.3630142211914,0.07455462217330933,0.05928964540362358,0.058115195482969284,0.05966800078749657,0.05790206044912338
271,0.03182210028171539,86.21673583984375,0.0735505074262619,0.03178175166249275,85.3359146118164,0.07454274594783783,0.05928116291761398,0.058108944445848465,0.05965934693813324,0.05789537727832794
272,0.03181105852127075,86.18734741210938,0.07353795319795609,0.031773440539836884,85.30904388427734,0.07453098148107529,0.05927279219031334,0.05810284614562988,0.059650808572769165,0.05788872018456459
273,0.03179967775940895,86.15775299072266,0.07352526485919952,0.031765419989824295,85.28226470947266,0.07451926171779633,0.05926436558365822,0.05809670314192772,0.05964208394289017,0.05788210406899452
274,0.03178870677947998,86.12861633300781,0.07351280748844147,0.03175743669271469,85.25570678710938,0.07450763881206512,0.05925605073571205,0.058090660721063614,0.059633705765008926,0.05787546560168266
275,0.03177698329091072,86.09892272949219,0.07350005209445953,0.03174920007586479,85.22903442382812,0.07449594885110855,0.05924784392118454,0.058084432035684586,0.05962503328919411,0.05786878243088722
276,0.03176622465252876,86.07008361816406,0.07348771393299103,0.03174177557229996,85.20294952392578,0.07448454201221466,0.05923972651362419,0.05807853490114212,0.0596168115735054,0.05786210298538208
277,0.03175453096628189,86.04061126708984,0.07347505539655685,0.031733863055706024,85.1764907836914,0.07447295635938644,0.059231724590063095,0.05807224661111832,0.059608280658721924,0.0578555092215538
278,0.031743720173835754,86.01166534423828,0.07346267998218536,0.03172701224684715,85.15074920654297,0.07446169853210449,0.059223681688308716,0.058066483587026596,0.059600044041872025,0.05784871056675911
279,0.031732361763715744,85.98252868652344,0.07345016300678253,0.03171973302960396,85.12483978271484,0.07445033639669418,0.059215690940618515,0.05806047469377518,0.059591613709926605,0.05784217268228531
280,0.031721409410238266,85.9534912109375,0.07343767583370209,0.03171306475996971,85.09941864013672,0.07443922013044357,0.05920768156647682,0.05805468559265137,0.0595831535756588,0.057835500687360764
281,0.03171059861779213,85.92489624023438,0.07342541217803955,0.03170603886246681,85.07391357421875,0.07442804425954819,0.059199780225753784,0.05804881453514099,0.05957508087158203,0.057828884571790695
282,0.0316990464925766,85.89584350585938,0.0734129548072815,0.03169882297515869,85.04822540283203,0.07441677898168564,0.05919204279780388,0.058042604476213455,0.059566840529441833,0.05782226473093033
283,0.0316881500184536,85.8673324584961,0.07340066134929657,0.03169262036681175,85.02323913574219,0.07440583407878876,0.05918428674340248,0.058036692440509796,0.059558894485235214,0.0578155592083931
284,0.03167704492807388,85.8388442993164,0.07338842004537582,0.03168598562479019,84.99805450439453,0.07439479976892471,0.05917667597532272,0.058030612766742706,0.05955090373754501,0.057808972895145416
285,0.031665999442338943,85.81034851074219,0.07337615638971329,0.03167972341179848,84.97319793701172,0.07438390702009201,0.05916924402117729,0.058024533092975616,0.05954296514391899,0.0578022263944149
286,0.03165499120950699,85.78205108642578,0.07336398214101791,0.031673260033130646,84.94823455810547,0.07437290996313095,0.05916183069348335,0.058018241077661514,0.05953517556190491,0.05779557675123215
287,0.031643521040678024,85.75346374511719,0.0733516663312912,0.03166716918349266,84.9233169555664,0.07436197996139526,0.059154391288757324,0.05801183357834816,0.05952722951769829,0.05778883025050163
288,0.03163307160139084,85.72572326660156,0.07333969324827194,0.03166188299655914,84.89888000488281,0.0743512436747551,0.05914695933461189,0.05800554156303406,0.05951962620019913,0.057782094925642014
289,0.03162127733230591,85.69710540771484,0.07332733273506165,0.03165531903505325,84.87368774414062,0.07434015721082687,0.05913965031504631,0.05799877643585205,0.05951162427663803,0.057775434106588364
290,0.03161044418811798,85.66926574707031,0.0733153373003006,0.03165040165185928,84.84942626953125,0.07432950288057327,0.05913226678967476,0.057992301881313324,0.05950397998094559,0.05776884779334068
291,0.03159891813993454,85.64118957519531,0.07330322265625,0.03164412081241608,84.82452392578125,0.0743185356259346,0.05912505462765694,0.05798552185297012,0.05949625372886658,0.05776242911815643
292,0.03158742934465408,85.613037109375,0.07329104095697403,0.03163943439722061,84.80032348632812,0.07430791854858398,0.059117767959833145,0.057979051023721695,0.05948859825730324,0.05775580555200577
293,0.03157667815685272,85.58570098876953,0.07327928394079208,0.031633634120225906,84.77565002441406,0.07429707050323486,0.0591106191277504,0.05797243118286133,0.05948127433657646,0.05774948373436928
294,0.031564295291900635,85.55709838867188,0.07326693832874298,0.03162741661071777,84.7505874633789,0.07428603619337082,0.05910348892211914,0.05796543508768082,0.05947350710630417,0.05774294212460518
295,0.03155442327260971,85.53031921386719,0.07325537502765656,0.03162306174635887,84.72688293457031,0.0742756575345993,0.059096306562423706,0.057959411293268204,0.05946660786867142,0.057736389338970184
296,0.031541451811790466,85.50176239013672,0.07324305921792984,0.03161472827196121,84.70077514648438,0.07426411658525467,0.059089403599500656,0.057951949536800385,0.05945879593491554,0.05773017928004265
297,0.031530577689409256,85.4742202758789,0.07323116809129715,0.03161197900772095,84.67767333984375,0.07425402104854584,0.059082288295030594,0.05794589966535568,0.05945166200399399,0.057723354548215866
298,0.031519923359155655,85.44761657714844,0.07321971654891968,0.031605254858732224,84.65272521972656,0.07424301654100418,0.059075456112623215,0.057939041405916214,0.05944463983178139,0.05771749094128609
299,0.03150516003370285,85.41790008544922,0.0732068195939064,0.031598445028066635,84.62732696533203,0.07423178106546402,0.0590687021613121,0.05793147161602974,0.05943683162331581,0.05771072953939438
300,0.03149790316820145,85.39317321777344,0.073196180164814,0.03159882500767708,84.60655212402344,0.07422272115945816,0.059061747044324875,0.05792656168341637,0.059430625289678574,0.05770425498485565
301,0.03148229047656059,85.36385345458984,0.07318344712257385,0.031585417687892914,84.57794189453125,0.07420994341373444,0.05905544385313988,0.057917434722185135,0.05942274257540703,0.05769830197095871
302,0.031472016125917435,85.33659362792969,0.07317164540290833,0.03158854693174362,84.55787658691406,0.07420124113559723,0.059048473834991455,0.05791214480996132,0.059416137635707855,0.05769062787294388
303,0.03146466240286827,85.312744140625,0.07316138595342636,0.03157981485128403,84.53273010253906,0.07419012486934662,0.05904201418161392,0.057905469089746475,0.05940970778465271,0.0576854906976223
304,0.031442973762750626,85.2791519165039,0.07314669340848923,0.0315663143992424,84.50334930419922,0.07417700439691544,0.05903562530875206,0.057895176112651825,0.059401072561740875,0.057678211480379105
305,0.031445447355508804,85.25995635986328,0.07313857972621918,0.031581852585077286,84.49089813232422,0.07417191565036774,0.05902830883860588,0.05789418891072273,0.05939671769738197,0.05767129734158516
306,0.031422946602106094,85.22782897949219,0.07312452793121338,0.03154606744647026,84.45124816894531,0.07415388524532318,0.05902296304702759,0.05788039788603783,0.05938754975795746,0.05766695365309715
307,0.031409651041030884,85.19794464111328,0.07311152666807175,0.031564321368932724,84.4377212524414,0.0741482600569725,0.05901547148823738,0.05787644907832146,0.059381380677223206,0.057657260447740555
308,0.0314202718436718,85.18574523925781,0.07310658693313599,0.03155900910496712,84.4168472290039,0.07413915544748306,0.059009332209825516,0.057873569428920746,0.05937706306576729,0.05765454098582268
309,0.03136766329407692,85.13457489013672,0.07308385521173477,0.03150520846247673,84.36534118652344,0.07411545515060425,0.05900438502430916,0.057851966470479965,0.059364378452301025,0.05764647573232651
310,0.03140190988779068,85.13174438476562,0.07308317720890045,0.031599368900060654,84.39392852783203,0.07412979751825333,0.05899481102824211,0.05786783620715141,0.05936537683010101,0.0576368011534214
311,0.03136727958917618,85.09769439697266,0.07306824624538422,0.031480204313993454,84.31503295898438,0.0740930587053299,0.058992624282836914,0.05784035101532936,0.059353042393922806,0.057639848440885544
312,0.03131471574306488,85.04364776611328,0.07304413616657257,0.03150676563382149,84.29917907714844,0.0740862563252449,0.05898408219218254,0.057828810065984726,0.059345025569200516,0.05762338638305664
313,0.03143233060836792,85.09034729003906,0.07306606322526932,0.03158772364258766,84.3331527709961,0.07410317659378052,0.05897655710577965,0.05785759910941124,0.0593518391251564,0.05762363225221634
314,0.03125488758087158,84.96978759765625,0.07301155477762222,0.031322330236434937,84.17520141601562,0.07402875274419785,0.05897849425673485,0.05779048055410385,0.059321049600839615,0.057615913450717926
315,0.03128384053707123,84.96919250488281,0.07301194965839386,0.03164992481470108,84.30162048339844,0.0740896612405777,0.058958712965250015,0.05782874673604965,0.05933482572436333,0.05759982764720917
316,0.031460952013731,85.06778717041016,0.07305746525526047,0.031412240117788315,84.18914031982422,0.07403694093227386,0.05896402522921562,0.057812273502349854,0.059335071593523026,0.05763736367225647
317,0.03114514797925949,84.83109283447266,0.07294981181621552,0.03113606385886669,84.0311508178711,0.07396215200424194,0.058971673250198364,0.05773547664284706,0.05928530544042587,0.05758001282811165
318,0.03123803809285164,84.90045166015625,0.07298187911510468,0.03120543621480465,84.08541870117188,0.07398688793182373,0.05901790410280228,0.057708073407411575,0.05930187180638313,0.057623423635959625
319,0.03158354014158249,84.87906646728516,0.07297278195619583,0.031065920367836952,83.99078369140625,0.07394460588693619,0.05897485464811325,0.05774369463324547,0.05919409543275833,0.05751227214932442
320,0.0313250795006752,85.00160217285156,0.07302890717983246,0.031179096549749374,84.02266693115234,0.07396115362644196,0.058908212929964066,0.057818640023469925,0.05952686816453934,0.057490844279527664
321,0.031164532527327538,84.7403793334961,0.07291053980588913,0.031099172309041023,83.93125915527344,0.07391761988401413,0.05893218517303467,0.057719092816114426,0.05921412259340286,0.057583924382925034
322,0.03126610070466995,84.7887954711914,0.0729331225156784,0.031250253319740295,83.99195098876953,0.0739477202296257,0.05889946222305298,0.057781897485256195,0.059278454631567,0.05753675848245621
323,0.03125521168112755,84.84674835205078,0.07296004146337509,0.031148109585046768,83.93272399902344,0.07391992956399918,0.05890367552638054,0.05776239186525345,0.05928552523255348,0.05762464180588722
324,0.03109830431640148,84.67906188964844,0.07288385182619095,0.031055349856615067,83.84329986572266,0.07387746125459671,0.05890830233693123,0.05768856778740883,0.059234973043203354,0.05756288021802902
325,0.031205222010612488,84.71208190917969,0.07289960235357285,0.03140920400619507,84.0168685913086,0.07396160811185837,0.05888256058096886,0.05779903009533882,0.05928272753953934,0.05750798061490059
326,0.031289033591747284,84.83224487304688,0.07295496761798859,0.031144695356488228,83.88249206542969,0.07389790564775467,0.058897800743579865,0.057750049978494644,0.05926932394504547,0.05764132738113403
327,0.031024973839521408,84.56851196289062,0.0728347897529602,0.030985534191131592,83.77042388916016,0.0738445296883583,0.05890890955924988,0.0576668418943882,0.05921409651637077,0.05752255395054817
328,0.031158344820141792,84.65054321289062,0.07287265360355377,0.03103543259203434,83.81270599365234,0.07386405766010284,0.05895140767097473,0.05764523521065712,0.05923988297581673,0.057547323405742645
329,0.03135024011135101,84.59757232666016,0.07284905761480331,0.030947884544730186,83.7303466796875,0.07382707297801971,0.05890275910496712,0.05766904726624489,0.0591670386493206,0.05745070055127144
330,0.03125893697142601,84.7403793334961,0.07291463017463684,0.03112943284213543,83.818359375,0.07387058436870575,0.05884317681193352,0.057785581797361374,0.059436649084091187,0.057424359023571014
331,0.03106808103621006,84.52184295654297,0.07281550765037537,0.0309941116720438,83.69662475585938,0.07381246238946915,0.05886819586157799,0.057669274508953094,0.059167295694351196,0.05754361301660538
332,0.031096303835511208,84.50772094726562,0.07280945032835007,0.031070521101355553,83.70320892333984,0.07381647080183029,0.05884554982185364,0.057681117206811905,0.05920565500855446,0.05748366191983223
333,0.031194297596812248,84.60218811035156,0.07285306602716446,0.031065968796610832,83.71074676513672,0.0738208144903183,0.058842044323682785,0.057715948671102524,0.059237707406282425,0.057530827820301056
334,0.030980003997683525,84.43256378173828,0.0727759599685669,0.030928436666727066,83.59825897216797,0.07376705855131149,0.058851439505815506,0.05762449651956558,0.05917562544345856,0.05751119926571846
335,0.03098352812230587,84.42792510986328,0.07277428358793259,0.03096664324402809,83.58570861816406,0.07376193255186081,0.05883612483739853,0.05762095004320145,0.05921484902501106,0.057477518916130066
336,0.03141212835907936,84.6412124633789,0.0728720873594284,0.03101222589612007,83.66195678710938,0.07379936426877975,0.0588388666510582,0.05772703140974045,0.059226833283901215,0.05750557407736778
337,0.03088599257171154,84.32141876220703,0.07272642105817795,0.03084944188594818,83.52104187011719,0.07373138517141342,0.05885130539536476,0.05759118124842644,0.059147898107767105,0.05748867988586426
338,0.030988741666078568,84.38812255859375,0.07275735586881638,0.030864624306559563,83.51714324951172,0.07372958213090897,0.05885907635092735,0.05757100507616997,0.05920178070664406,0.057479362934827805
339,0.031093627214431763,84.35328674316406,0.07274197787046432,0.03083081729710102,83.49805450439453,0.07372157275676727,0.058874908834695816,0.05756937712430954,0.05915793031454086,0.057431723922491074
340,0.031005453318357468,84.31082916259766,0.07272300124168396,0.030819956213235855,83.4387435913086,0.07369454950094223,0.05882459506392479,0.05756859853863716,0.05920690298080444,0.05738920718431473
341,0.031216422095894814,84.39962005615234,0.07276441156864166,0.031305257230997086,83.75627136230469,0.07384814321994781,0.05877738445997238,0.0578475221991539,0.059242140501737595,0.05736035853624344
342,0.03093096613883972,84.34960174560547,0.07274191081523895,0.03085276111960411,83.44095611572266,0.07369732111692429,0.05880735069513321,0.05761538818478584,0.05913684144616127,0.057581476867198944
343,0.030861280858516693,84.18551635742188,0.07266698777675629,0.03080652467906475,83.37545013427734,0.07366613298654556,0.05880652740597725,0.05755463242530823,0.05912391096353531,0.05743301287293434
344,0.030881302431225777,84.20805358886719,0.07267781347036362,0.03087993897497654,83.37800598144531,0.07366842776536942,0.05878390744328499,0.0575651116669178,0.05917922407388687,0.05740894004702568
345,0.03136207163333893,84.48795318603516,0.07280603796243668,0.030855387449264526,83.416748046875,0.07368762046098709,0.0587867833673954,0.057650547474622726,0.059198688715696335,0.05748426541686058
346,0.030778072774410248,84.05147552490234,0.07260692864656448,0.03074641525745392,83.32359313964844,0.07364290207624435,0.05881362408399582,0.05754776671528816,0.05907658115029335,0.057391367852687836
347,0.030833085998892784,84.13358306884766,0.07264493405818939,0.030726641416549683,83.27983856201172,0.07362208515405655,0.058797817677259445,0.057515282183885574,0.05915858969092369,0.05740276724100113
348,0.03096824698150158,84.16524505615234,0.07265990972518921,0.030780447646975517,83.33112335205078,0.07364613562822342,0.05885208025574684,0.05749914050102234,0.05911775678396225,0.05742663890123367
349,0.030993886291980743,84.08431243896484,0.0726233720779419,0.03069901652634144,83.24159240722656,0.07360540330410004,0.05880088359117508,0.05750875920057297,0.059101685881614685,0.057331621646881104
350,0.030979614704847336,84.14653778076172,0.07265236973762512,0.03097161091864109,83.36815643310547,0.07366814464330673,0.058730125427246094,0.057658787816762924,0.05924252048134804,0.05728761479258537
351,0.030890487134456635,84.16675567626953,0.07266212999820709,0.030797328799962997,83.25328063964844,0.07361310720443726,0.0587521530687809,0.057575490325689316,0.05910467356443405,0.05752203240990639
352,0.030750077217817307,83.95641326904297,0.07256601005792618,0.03070901893079281,83.17273712158203,0.0735744759440422,0.05876195430755615,0.05750143155455589,0.059063397347927094,0.057381875813007355
353,0.030790584161877632,83.99090576171875,0.07258228957653046,0.030875125899910927,83.21808624267578,0.07359740883111954,0.058732785284519196,0.057534754276275635,0.05912929028272629,0.05735061690211296
354,0.03113539144396782,84.21782684326172,0.07268659770488739,0.03079707734286785,83.21965026855469,0.07359862327575684,0.058745648711919785,0.05758333206176758,0.05913017317652702,0.0574570931494236
355,0.030673066154122353,83.84934997558594,0.07251808047294617,0.030634960159659386,83.11021423339844,0.07354597747325897,0.05876147747039795,0.05749214068055153,0.059049155563116074,0.05733827129006386
356,0.03076697327196598,83.94268798828125,0.07256125658750534,0.03064519353210926,83.10137176513672,0.07354123890399933,0.05876427888870239,0.057462092489004135,0.059111084789037704,0.05736443027853966
357,0.030947037041187286,83.9370346069336,0.0725591853260994,0.030608084052801132,83.0865249633789,0.07353512197732925,0.05878889188170433,0.057459164410829544,0.059052981436252594,0.057326897978782654
358,0.030781906098127365,83.87133026123047,0.07252942770719528,0.030622130259871483,83.02474212646484,0.07350719720125198,0.058716122061014175,0.05747246369719505,0.05913444608449936,0.057261787354946136
359,0.03098527528345585,84.00086212158203,0.07258934527635574,0.030833428725600243,83.16251373291016,0.07357462495565414,0.05869316682219505,0.05761400982737541,0.05914617329835892,0.05731779709458351
360,0.03066323883831501,83.81068420410156,0.072502501308918,0.030603060498833656,82.99349975585938,0.07349300384521484,0.05871908739209175,0.05746576562523842,0.059017859399318695,0.05739846080541611
361,0.030635898932814598,83.78032684326172,0.07248880714178085,0.030556634068489075,82.93902587890625,0.0734667181968689,0.058709148317575455,0.05742472782731056,0.059061456471681595,0.05734417960047722
362,0.03075665421783924,83.88844299316406,0.07253868877887726,0.03096771240234375,83.17305755615234,0.07357532531023026,0.058774061501026154,0.05741340294480324,0.05906982719898224,0.057432871311903
363,0.030959906056523323,83.75953674316406,0.07248030602931976,0.030527902767062187,82.93740844726562,0.07346773892641068,0.058726124465465546,0.05745888128876686,0.058995310217142105,0.057223495095968246
364,0.030681464821100235,83.78670501708984,0.07249291241168976,0.030616438016295433,82.9289779663086,0.07346480339765549,0.05867501720786095,0.057477597147226334,0.05918223038315773,0.057237450033426285
365,0.03073158487677574,83.73362731933594,0.07246919721364975,0.03072347305715084,82.97018432617188,0.07348520308732986,0.05868103727698326,0.05749638006091118,0.05902658775448799,0.057315994054079056
366,0.030678194016218185,83.72080993652344,0.07246363162994385,0.03065485693514347,82.9170913696289,0.07345999777317047,0.058680079877376556,0.0574694387614727,0.05902848392724991,0.0573403500020504
367,0.03060508705675602,83.65966796875,0.0724358782172203,0.030631229281425476,82.8789291381836,0.07344203442335129,0.0586770698428154,0.057442981749773026,0.05903155729174614,0.05731181800365448
368,0.03076041303575039,83.7076416015625,0.07245849817991257,0.03093547560274601,83.03700256347656,0.07351873815059662,0.05868121236562729,0.057529035955667496,0.0590391606092453,0.05729023739695549
369,0.03058607131242752,83.63388061523438,0.07242492586374283,0.03058311529457569,82.83876037597656,0.07342369109392166,0.05868047848343849,0.05743725970387459,0.05901471525430679,0.05733019486069679
370,0.030509894713759422,83.61111450195312,0.0724145695567131,0.03056781366467476,82.81855773925781,0.07341192662715912,0.058665018528699875,0.05738818272948265,0.05905436724424362,0.05732313543558121
371,0.031034376472234726,83.70317077636719,0.07245738804340363,0.030419232323765755,82.76311492919922,0.07338794320821762,0.0586872324347496,0.057419776916503906,0.05899251624941826,0.05721544101834297
372,0.03049769625067711,83.51043701171875,0.07236914336681366,0.03042731061577797,82.71046447753906,0.07336319983005524,0.05865967273712158,0.057386018335819244,0.05905945226550102,0.05721278488636017
373,0.030487369745969772,83.49634552001953,0.07236309349536896,0.030402371659874916,82.67459106445312,0.073345847427845,0.05866172909736633,0.057352133095264435,0.05902651697397232,0.05725272744894028
374,0.03060159832239151,83.59484100341797,0.07240866124629974,0.03084593079984188,82.91932678222656,0.07345910370349884,0.05871651694178581,0.05734261870384216,0.05900556966662407,0.057365693151950836
375,0.03084362857043743,83.49906158447266,0.07236534357070923,0.03037007711827755,82.66571807861328,0.07334307581186295,0.05867832526564598,0.05737403780221939,0.05893977731466293,0.05716725438833237
376,0.030501635745167732,83.48275756835938,0.07235793769359589,0.030426884070038795,82.63601684570312,0.07332982867956161,0.058623407036066055,0.05738149955868721,0.059113044291734695,0.05717294290661812
377,0.030553707852959633,83.43507385253906,0.07233664393424988,0.030583227053284645,82.69898223876953,0.07336093485355377,0.05862627550959587,0.057412903755903244,0.058976732194423676,0.05723784491419792
378,0.03056260012090206,83.4751205444336,0.07235542684793472,0.03054044581949711,82.67118835449219,0.07334790378808975,0.0586274079978466,0.05740853771567345,0.05897458642721176,0.05729886144399643
379,0.030390864238142967,83.35832214355469,0.0723019391298294,0.030377212911844254,82.56338500976562,0.07329581677913666,0.05862506479024887,0.0573427677154541,0.058972250670194626,0.0572577565908432
380,0.030382588505744934,83.3873519897461,0.0723155289888382,0.03057088330388069,82.65160369873047,0.07333508878946304,0.05862331762909889,0.05731279030442238,0.05900043249130249,0.057293616235256195
381,0.031012235209345818,83.4896011352539,0.07236316800117493,0.030289089307188988,82.53948211669922,0.07328518480062485,0.058645110577344894,0.05735525116324425,0.058932434767484665,0.057141710072755814
382,0.030358372256159782,83.2887191772461,0.07227090001106262,0.03029606305062771,82.4864730834961,0.07326025515794754,0.05860912799835205,0.05732934921979904,0.059045277535915375,0.05714630335569382
383,0.030356574803590775,83.25395965576172,0.07225535809993744,0.030279036611318588,82.4547348022461,0.0732448548078537,0.05861542373895645,0.057295408099889755,0.058970168232917786,0.05719893053174019
384,0.03034237213432789,83.26467895507812,0.07226062566041946,0.030322859063744545,82.47460174560547,0.07325234264135361,0.05861515551805496,0.05727514252066612,0.05896519869565964,0.057246074080467224
385,0.03092905320227146,83.44983673095703,0.07234631478786469,0.03023715130984783,82.49497985839844,0.07326466590166092,0.05871681123971939,0.057296235114336014,0.058890052139759064,0.05723755434155464
386,0.030317500233650208,83.17713165283203,0.07222097367048264,0.030261332169175148,82.40931701660156,0.0732252225279808,0.05858802795410156,0.057320185005664825,0.059050340205430984,0.05706863850355148
387,0.030324701219797134,83.18163299560547,0.07222355157136917,0.030283762142062187,82.39227294921875,0.07321728020906448,0.05859149619936943,0.057295314967632294,0.058970656245946884,0.05717343091964722
388,0.030409200116991997,83.18650817871094,0.07222626358270645,0.030538922175765038,82.49323272705078,0.07326702028512955,0.058578405529260635,0.057347752153873444,0.05893336609005928,0.05718400701880455
389,0.03044387511909008,83.25442504882812,0.07225783914327621,0.03042568266391754,82.4449462890625,0.07324405759572983,0.0585879348218441,0.05734047293663025,0.05892057716846466,0.05727511644363403
390,0.030208036303520203,83.0976791381836,0.07218567281961441,0.030177297070622444,82.30412292480469,0.07317542284727097,0.058574896305799484,0.05726902559399605,0.058938123285770416,0.05719644948840141
391,0.030570201575756073,83.24626159667969,0.07225431501865387,0.030194582417607307,82.34403228759766,0.07319483906030655,0.05859844759106636,0.05729305371642113,0.058952074497938156,0.057190120220184326
392,0.03034457005560398,83.042236328125,0.07216077297925949,0.03017752803862095,82.28882598876953,0.07316993176937103,0.05857521668076515,0.057286400347948074,0.05891895294189453,0.05709129571914673
393,0.03024357743561268,83.05531311035156,0.07216702401638031,0.030170295387506485,82.24856567382812,0.07315059751272202,0.05856264382600784,0.05725487694144249,0.05896956846117973,0.05712829902768135
394,0.03021722473204136,83.01515197753906,0.07214885950088501,0.030246878042817116,82.25238037109375,0.073153056204319,0.05855635181069374,0.057246893644332886,0.05892695486545563,0.05714910849928856
395,0.0308279599994421,83.33322143554688,0.07229527086019516,0.030222365632653236,82.30081176757812,0.07317716628313065,0.05857125669717789,0.05733362212777138,0.0589250884950161,0.057222880423069
396,0.03012225031852722,82.87718200683594,0.0720856562256813,0.03010723926126957,82.20435333251953,0.07313045114278793,0.058565106242895126,0.05726110190153122,0.058878377079963684,0.05708624795079231
397,0.030194804072380066,82.97986602783203,0.07213328033685684,0.030087172985076904,82.16777038574219,0.07311240583658218,0.05855043977499008,0.057229917496442795,0.05895503610372543,0.05712207406759262
398,0.03035174496471882,82.99821472167969,0.07214207202196121,0.030087022110819817,82.17108917236328,0.07311417162418365,0.058571819216012955,0.05722227692604065,0.0588991716504097,0.05713135004043579
399,0.03026438318192959,82.92296600341797,0.0721077024936676,0.030055290088057518,82.13018798828125,0.07309531420469284,0.05856126546859741,0.05721311643719673,0.058901917189359665,0.057089339941740036
400,0.030222084373235703,82.91913604736328,0.07210619002580643,0.030063901096582413,82.12316131591797,0.07309138774871826,0.05856283754110336,0.057195764034986496,0.05891852825880051,0.057106539607048035
401,0.030357524752616882,82.952880859375,0.07212209701538086,0.030093654990196228,82.16651916503906,0.0731118768453598,0.05861559510231018,0.05719154328107834,0.05887925252318382,0.05713096261024475
402,0.03024589642882347,82.83544921875,0.0720682218670845,0.030014315620064735,82.06395721435547,0.07306457310914993,0.058554507791996,0.057187288999557495,0.05890033766627312,0.05702405422925949
403,0.030208606272935867,82.83842468261719,0.07206989079713821,0.030135011300444603,82.07252502441406,0.07307072728872299,0.0585041381418705,0.057224009186029434,0.058952558785676956,0.057007189840078354
404,0.030344026163220406,83.01832580566406,0.07215322554111481,0.03019113652408123,82.125244140625,0.07309680432081223,0.05851597338914871,0.05727987363934517,0.05887691304087639,0.05725646764039993
405,0.030023401603102684,82.72091674804688,0.0720161646604538,0.02998674474656582,81.99794006347656,0.07303442806005478,0.05852324143052101,0.05718786641955376,0.05882994085550308,0.05710263550281525
406,0.03016658127307892,82.83587646484375,0.07206939160823822,0.03005370870232582,82.03179931640625,0.07304965704679489,0.05852193385362625,0.05718257650732994,0.05890389531850815,0.05711759254336357
407,0.030296744778752327,82.77715301513672,0.07204271107912064,0.029947832226753235,81.9711685180664,0.07302247732877731,0.058527540415525436,0.05718851089477539,0.05885449796915054,0.05702569708228111
408,0.03006298467516899,82.7119369506836,0.07201280444860458,0.029939891770482063,81.9280014038086,0.07300188392400742,0.058507658541202545,0.05716400593519211,0.05890517681837082,0.05703173950314522
409,0.030058080330491066,82.7235107421875,0.07201842218637466,0.030052168294787407,81.99799346923828,0.07303301990032196,0.05852975696325302,0.05715218558907509,0.058874569833278656,0.05710209906101227
410,0.030493849888443947,82.81546020507812,0.07206133753061295,0.029910340905189514,81.95774841308594,0.07301614433526993,0.058595720678567886,0.05715041607618332,0.05879926681518555,0.05706207826733589
411,0.030018024146556854,82.62718963623047,0.07197441160678864,0.029933428391814232,81.8747329711914,0.07297806441783905,0.05848383530974388,0.05716355890035629,0.05894213169813156,0.05694102123379707
412,0.030049201101064682,82.6455307006836,0.07198338955640793,0.03007321059703827,81.92036437988281,0.07300110906362534,0.05847839638590813,0.05718773975968361,0.058872126042842865,0.05703775957226753
413,0.030118094757199287,82.69266510009766,0.07200554758310318,0.030172165483236313,81.96566009521484,0.07302349805831909,0.05848905071616173,0.057209644466638565,0.05881594493985176,0.057129763066768646
414,0.029932286590337753,82.57988739013672,0.07195354998111725,0.029933912679553032,81.82862091064453,0.0729568600654602,0.05847824364900589,0.05714638903737068,0.05882350727915764,0.05708684027194977
415,0.029972655698657036,82.64116668701172,0.07198193669319153,0.03021259233355522,81.9525375366211,0.073013074696064,0.058452825993299484,0.057140108197927475,0.05887346714735031,0.05711565166711807
416,0.030453665181994438,82.6935043334961,0.07200668007135391,0.029829034581780434,81.79359436035156,0.07294090837240219,0.05847647413611412,0.05717313289642334,0.058825891464948654,0.05696405470371246
417,0.029877543449401855,82.47909545898438,0.07190760970115662,0.029821431264281273,81.74769592285156,0.07291866838932037,0.05847129598259926,0.057126425206661224,0.05885171890258789,0.056990474462509155
418,0.02990669757127762,82.51730346679688,0.07192553579807281,0.02984141930937767,81.75216674804688,0.07291928678750992,0.058472905308008194,0.05710495635867119,0.058853015303611755,0.057044170796871185
419,0.030205518007278442,82.5975341796875,0.07196293026208878,0.02980131283402443,81.74551391601562,0.07291720807552338,0.058506451547145844,0.05710720270872116,0.05881296470761299,0.05703631043434143
420,0.029909584671258926,82.42052459716797,0.07188127189874649,0.029778730124235153,81.6882553100586,0.07289097458124161,0.0584699921309948,0.05710284039378166,0.058841221034526825,0.05694623291492462
421,0.029870718717575073,82.44175720214844,0.07189133763313293,0.029767509549856186,81.67352294921875,0.07288271933794022,0.058463793247938156,0.0570865161716938,0.05885125324130058,0.0570039376616478
422,0.030217276886105537,82.60562896728516,0.07196737080812454,0.029784822836518288,81.73564910888672,0.07291290909051895,0.05855095013976097,0.05709054321050644,0.05878762900829315,0.057107847183942795
423,0.02987772785127163,82.32243347167969,0.0718366727232933,0.029775217175483704,81.64334106445312,0.07287115603685379,0.05845523625612259,0.057104092091321945,0.058820176869630814,0.056890301406383514
424,0.029842205345630646,82.3812484741211,0.07186416536569595,0.02985943853855133,81.64188385009766,0.07287101447582245,0.05843273550271988,0.05709926038980484,0.058869246393442154,0.056953076273202896
425,0.030119763687253,82.47563934326172,0.0719083622097969,0.03018418326973915,81.80901336669922,0.07295286655426025,0.05844815820455551,0.05718229338526726,0.05878649652004242,0.057019464671611786
426,0.029774457216262817,82.31197357177734,0.07183267176151276,0.029738685116171837,81.5774917602539,0.0728401392698288,0.05843612924218178,0.057086002081632614,0.058766480535268784,0.05702603980898857
427,0.029822736978530884,82.38976287841797,0.07186862081289291,0.02986466884613037,81.62580108642578,0.07286091148853302,0.05841204896569252,0.057073865085840225,0.05883888155221939,0.05704948678612709
428,0.030124451965093613,82.37823486328125,0.07186376303434372,0.029661288484930992,81.53759002685547,0.07282153517007828,0.05843307822942734,0.05709103122353554,0.0587884783744812,0.05692150816321373
429,0.029735486954450607,82.23298645019531,0.07179663330316544,0.029650453478097916,81.50089263916016,0.07280366122722626,0.05842876806855202,0.05705839768052101,0.05880601331591606,0.05694117397069931
430,0.02981238067150116,82.29829406738281,0.07182707637548447,0.02973187156021595,81.54308319091797,0.07282222807407379,0.05843446031212807,0.05705074593424797,0.05880830064415932,0.057003408670425415
431,0.030011896044015884,82.29191589355469,0.07182447612285614,0.029620347544550896,81.48274993896484,0.07279518991708755,0.05844666808843613,0.057048916816711426,0.05876939371228218,0.05693085119128227
432,0.029734469950199127,82.18224334716797,0.07177382707595825,0.029605815187096596,81.4400405883789,0.07277499884366989,0.05842209979891777,0.05703618377447128,0.05881237983703613,0.056907061487436295
433,0.029761701822280884,82.22801208496094,0.07179528474807739,0.02973165549337864,81.51964569091797,0.07281078398227692,0.058435164391994476,0.05704645439982414,0.0587955117225647,0.05699188634753227
434,0.03005261719226837,82.2687759399414,0.07181456685066223,0.029579762369394302,81.4449462890625,0.07277742773294449,0.05846956744790077,0.05702885240316391,0.05874117091298103,0.05694563314318657
435,0.02968132123351097,82.0998764038086,0.07173637300729752,0.0295792855322361,81.38089752197266,0.07274787127971649,0.05840880051255226,0.05702284350991249,0.05881668999791145,0.056857939809560776
436,0.029667003080248833,82.0989761352539,0.07173627614974976,0.029595332220196724,81.36051940917969,0.0727384090423584,0.05839497596025467,0.05701399967074394,0.058794181793928146,0.05690498650074005
437,0.030066754668951035,82.23322296142578,0.07179902493953705,0.03006749227643013,81.6426010131836,0.07287753373384476,0.05840706825256348,0.05720624327659607,0.05874916538596153,0.056916333734989166
438,0.029584050178527832,82.0928955078125,0.07173403352499008,0.02953908033668995,81.31893157958984,0.07271938025951385,0.05837688222527504,0.0570293664932251,0.05870702490210533,0.057051025331020355
439,0.029670847579836845,82.16368865966797,0.07176677882671356,0.029567476361989975,81.32173919677734,0.07271946221590042,0.058360278606414795,0.05701783671975136,0.058827005326747894,0.056989818811416626
440,0.029791921377182007,82.06453704833984,0.07172129303216934,0.029492033645510674,81.28863525390625,0.07270544022321701,0.058383818715810776,0.05702506750822067,0.05875023081898689,0.05687790364027023
441,0.02961319126188755,82.0053482055664,0.071694016456604,0.029476406052708626,81.2611312866211,0.07269183546304703,0.05838259682059288,0.057001251727342606,0.058761391788721085,0.05690133199095726
442,0.029724324122071266,82.05538177490234,0.07171744108200073,0.029489666223526,81.2652359008789,0.07269344478845596,0.05838804692029953,0.05699622631072998,0.05876275151968002,0.05692075937986374
443,0.029707258567214012,81.99386596679688,0.0716891884803772,0.02944839932024479,81.23165130615234,0.07267812639474869,0.058390360325574875,0.056989867240190506,0.05874469503760338,0.05687731131911278
444,0.029616333544254303,81.96648406982422,0.07167671620845795,0.029446661472320557,81.22026824951172,0.07267214357852936,0.0583876296877861,0.05698150023818016,0.05876079946756363,0.05688894912600517
445,0.029726270586252213,82.0071029663086,0.07169581949710846,0.02946656011044979,81.24087524414062,0.07268177717924118,0.05841190740466118,0.05698179826140404,0.05874035134911537,0.056918203830718994
446,0.029635606333613396,81.90591430664062,0.07164915651082993,0.029404399916529655,81.17936706542969,0.07265342772006989,0.058393482118844986,0.05697139352560043,0.05874010547995567,0.05684228986501694
447,0.02956990897655487,81.90503692626953,0.07164891809225082,0.02941923215985298,81.18328094482422,0.07265429198741913,0.058385223150253296,0.05697688087821007,0.058764148503541946,0.056868746876716614
448,0.029761726036667824,81.99844360351562,0.0716925859451294,0.029420077800750732,81.21849822998047,0.07267139852046967,0.058447208255529404,0.056977663189172745,0.058715447783470154,0.05695321038365364
449,0.029527802020311356,81.79115295410156,0.07159657031297684,0.029373034834861755,81.11382293701172,0.07262345403432846,0.05837926268577576,0.05695635452866554,0.05873383581638336,0.0567902997136116
450,0.029470771551132202,81.81192016601562,0.07160643488168716,0.02936689555644989,81.07656860351562,0.07260556519031525,0.05834820121526718,0.05694814398884773,0.05877364054322243,0.056823622435331345
451,0.029558738693594933,81.78565979003906,0.07159475982189178,0.02995389699935913,81.2988052368164,0.07271579653024673,0.0583355538547039,0.057016704231500626,0.05871431902050972,0.056813523173332214
452,0.029705064371228218,82.02002716064453,0.07170366495847702,0.02952245995402336,81.14340209960938,0.0726405531167984,0.05836055055260658,0.057001013308763504,0.05865422636270523,0.05710957571864128
453,0.029383879154920578,81.73286437988281,0.07157038152217865,0.029342079535126686,81.0272216796875,0.0725838914513588,0.05832531675696373,0.056960973888635635,0.05875548720359802,0.05681188032031059
454,0.029534194618463516,81.7940673828125,0.07159899175167084,0.029294371604919434,81.00494384765625,0.07257243245840073,0.058323536068201065,0.056950975209474564,0.058740340173244476,0.05684562772512436
455,0.02958819642663002,81.7703628540039,0.07158829271793365,0.029271678999066353,80.98363494873047,0.07256273180246353,0.05833371356129646,0.0569416806101799,0.058699607849121094,0.05683785676956177
456,0.02941729873418808,81.70382690429688,0.07155757397413254,0.029257789254188538,80.9638900756836,0.07255280762910843,0.0583343505859375,0.05692717060446739,0.05871179327368736,0.05684402212500572
457,0.029514435678720474,81.75194549560547,0.07158013433218002,0.029291655868291855,80.98627471923828,0.07256297022104263,0.05834794044494629,0.05692743882536888,0.05871187150478363,0.05687000975012779
458,0.029509685933589935,81.67819213867188,0.07154618948698044,0.029228154569864273,80.93838500976562,0.07254114001989365,0.05834624543786049,0.05691967159509659,0.0586969330906868,0.05679818615317345
459,0.029384084045886993,81.64360046386719,0.0715302899479866,0.029223093762993813,80.9259033203125,0.0725344642996788,0.05833829194307327,0.056917253881692886,0.05872263014316559,0.05680874362587929
460,0.0295406486839056,81.7328872680664,0.07157202810049057,0.029268363490700722,80.97588348388672,0.07255791127681732,0.05838066339492798,0.05692531540989876,0.058691419661045074,0.05689195543527603
461,0.029400644823908806,81.56422424316406,0.07149391621351242,0.029186295345425606,80.88060760498047,0.07251428067684174,0.05834329500794411,0.05690385773777962,0.05868694558739662,0.056752488017082214
462,0.029306253418326378,81.57000732421875,0.07149676233530045,0.029169155284762383,80.85700225830078,0.0725020095705986,0.05831959843635559,0.056904975324869156,0.05873055011034012,0.05678223446011543
463,0.029581807553768158,81.77205657958984,0.0715908333659172,0.02922011725604534,80.92637634277344,0.07253504544496536,0.0583910308778286,0.05691002681851387,0.05867171287536621,0.05698230490088463
464,0.02930380217730999,81.4468765258789,0.07144000381231308,0.029205624014139175,80.83769989013672,0.07249566167593002,0.05832487344741821,0.0569019690155983,0.058662813156843185,0.056706011295318604
465,0.029224859550595284,81.49951171875,0.07146468758583069,0.029210327193140984,80.80216979980469,0.0724782794713974,0.05829779431223869,0.05688503757119179,0.05873272940516472,0.056761451065540314
466,0.0295153446495533,81.55448913574219,0.07149107754230499,0.030269237235188484,81.2718505859375,0.07270780950784683,0.05830938369035721,0.05702856928110123,0.05866502970457077,0.05675722286105156
467,0.02932164818048477,81.55844116210938,0.07149296253919601,0.029212411493062973,80.79972839355469,0.0724785327911377,0.05830196663737297,0.056909095495939255,0.058614034205675125,0.056928034871816635
468,0.02916010096669197,81.47667694091797,0.07145459949970245,0.029086897149682045,80.72010803222656,0.07243818044662476,0.0582670196890831,0.056878287345170975,0.05872103199362755,0.05681387707591057
469,0.029479270800948143,81.54927062988281,0.0714886263012886,0.029062723740935326,80.71019744873047,0.07243432849645615,0.058281634002923965,0.0568816252052784,0.058685850352048874,0.0567852221429348
470,0.029188867658376694,81.37857818603516,0.07140948623418808,0.029051480814814568,80.69198608398438,0.0724257230758667,0.05829225108027458,0.056866683065891266,0.05865032598376274,0.05676443502306938
471,0.029238130897283554,81.43981170654297,0.07143814861774445,0.029072577133774757,80.69713592529297,0.07242707163095474,0.05828390270471573,0.0568663515150547,0.05868030712008476,0.056805308908224106
472,0.029365185648202896,81.43080139160156,0.07143425196409225,0.029017137363553047,80.6616439819336,0.07241116464138031,0.05829264968633652,0.05685969814658165,0.05865556001663208,0.05675854533910751
473,0.029159825295209885,81.33992004394531,0.07139215618371964,0.029001517221331596,80.64232635498047,0.07240162044763565,0.0582888200879097,0.05685454607009888,0.0586632639169693,0.056753359735012054
474,0.02926056832075119,81.41426086425781,0.07142694294452667,0.029049774631857872,80.67450714111328,0.07241614907979965,0.058299243450164795,0.05686316266655922,0.05866251885890961,0.05681617185473442
475,0.0292561836540699,81.32347869873047,0.07138501852750778,0.0289700236171484,80.60969543457031,0.07238668203353882,0.05829465389251709,0.056845810264348984,0.05864173546433449,0.05672495439648628
476,0.029115786775946617,81.28948211669922,0.07136933505535126,0.02896152250468731,80.59898376464844,0.0723806768655777,0.05828282609581947,0.05685057118535042,0.058668650686740875,0.056741803884506226
477,0.029296118766069412,81.39595031738281,0.07141916453838348,0.02898547612130642,80.6294174194336,0.07239504158496857,0.0583152137696743,0.056855469942092896,0.05864115059375763,0.05683180317282677
478,0.029124611988663673,81.20944213867188,0.07133255898952484,0.028935445472598076,80.5522232055664,0.07235998660326004,0.05828651785850525,0.05683131143450737,0.05863416567444801,0.05668589845299721
479,0.029041877016425133,81.22579956054688,0.07134034484624863,0.028917210176587105,80.54376983642578,0.07235439866781235,0.05826737731695175,0.056844331324100494,0.05867163464426994,0.05673006922006607
480,0.029377097263932228,81.40933227539062,0.07142608612775803,0.028908440843224525,80.56534576416016,0.07236547023057938,0.058327816426754,0.05683615431189537,0.05861731991171837,0.05686526000499725
481,0.02901313826441765,81.10086059570312,0.07128260284662247,0.02894129417836666,80.50714111328125,0.07233977317810059,0.0582757368683815,0.05681999772787094,0.05862405523657799,0.05664299055933952
482,0.028965380042791367,81.13980102539062,0.07130100578069687,0.028954843059182167,80.47828674316406,0.07232564687728882,0.05824737995862961,0.056810323148965836,0.058674149215221405,0.05668390914797783
483,0.02944079600274563,81.27185821533203,0.07136329263448715,0.029682623222470284,80.84534454345703,0.07250677794218063,0.05827781930565834,0.056968845427036285,0.05860772728919983,0.0566798597574234
484,0.028934050351381302,81.14543151855469,0.07130435109138489,0.028875306248664856,80.42635345458984,0.07230151444673538,0.058232638984918594,0.056817155331373215,0.058558642864227295,0.05684852600097656
485,0.02894606441259384,81.20304870605469,0.07133100926876068,0.028864862397313118,80.40786743164062,0.07229047268629074,0.05820353701710701,0.056808508932590485,0.05868709459900856,0.056804507970809937
486,0.02914758026599884,81.15234375,0.07130780071020126,0.02880074642598629,80.37777709960938,0.0722779780626297,0.058226700872182846,0.05680834501981735,0.0586235411465168,0.05670095607638359
487,0.028919925913214684,81.04403686523438,0.07125748693943024,0.028785083442926407,80.36138916015625,0.0722697451710701,0.05823299661278725,0.056796591728925705,0.05860596150159836,0.05671048164367676
488,0.029031263664364815,81.11190032958984,0.07128932327032089,0.02878596819937229,80.35387420654297,0.07226568460464478,0.05822564288973808,0.056796230375766754,0.05863067880272865,0.056730907410383224
489,0.029028529301285744,81.05106353759766,0.07126125693321228,0.0287528894841671,80.32762145996094,0.07225388288497925,0.05823293700814247,0.056789420545101166,0.05860711261630058,0.05668511986732483
490,0.028921162709593773,81.01864624023438,0.07124633342027664,0.028742874041199684,80.32112121582031,0.07225001603364944,0.058233167976140976,0.05678992345929146,0.058610934764146805,0.056710004806518555
491,0.02903914451599121,81.06305694580078,0.07126732915639877,0.028735579922795296,80.31523132324219,0.07224728167057037,0.0582413412630558,0.05678777024149895,0.05860687047243118,0.05672331899404526
492,0.028926081955432892,80.96375274658203,0.071221262216568,0.028705935925245285,80.28406524658203,0.07223298400640488,0.05823930725455284,0.05677909031510353,0.058599844574928284,0.056667521595954895
493,0.028904583305120468,80.98410034179688,0.07123096287250519,0.028721870854496956,80.30168151855469,0.07224029302597046,0.05823927000164986,0.05679455026984215,0.058611638844013214,0.056710243225097656
494,0.029029591009020805,80.99685668945312,0.0712372437119484,0.02867811918258667,80.2700424194336,0.07222605496644974,0.05825293809175491,0.05677933618426323,0.05858778953552246,0.056694772094488144
495,0.02883251942694187,80.88481140136719,0.07118508964776993,0.028659608215093613,80.24005126953125,0.07221188396215439,0.05823871120810509,0.05677466839551926,0.058600373566150665,0.05664708837866783
496,0.028894301503896713,80.96552276611328,0.07122299820184708,0.02871810272336006,80.29657745361328,0.07223747670650482,0.05824807286262512,0.05680831894278526,0.05860394239425659,0.05673806741833687
497,0.028963269665837288,80.8972396850586,0.0711914524435997,0.028627784922719002,80.20722198486328,0.07219672203063965,0.05824597552418709,0.05676281824707985,0.0585714690387249,0.05664752051234245
498,0.028757601976394653,80.82372283935547,0.07115725427865982,0.02861274592578411,80.18839263916016,0.072187140583992,0.058225397020578384,0.05677155405282974,0.05860420688986778,0.05663694441318512
499,0.028921877965331078,80.9730453491211,0.07122714817523956,0.028661290183663368,80.2424087524414,0.07221206277608871,0.0582549050450325,0.05679181218147278,0.05858541280031204,0.056789830327034
500,0.02881743386387825,80.76506805419922,0.07113034278154373,0.028615256771445274,80.14287567138672,0.07216719537973404,0.058225542306900024,0.056741863489151,0.058561060577631,0.056590497493743896
501,0.028676368296146393,80.7590103149414,0.07112759351730347,0.028577771037817,80.11739349365234,0.07215376943349838,0.058202099055051804,0.0567501001060009,0.05860712006688118,0.056623831391334534
502,0.02895861677825451,80.98201751708984,0.07123181968927383,0.028637003153562546,80.16338348388672,0.07217507064342499,0.058228109031915665,0.056755758821964264,0.058570366352796555,0.05683378130197525
503,0.028769293799996376,80.68528747558594,0.07109364867210388,0.028650028631091118,80.10369110107422,0.07214992493391037,0.05820099264383316,0.05673716589808464,0.0585445761680603,0.05655684322118759
504,0.028628984466195107,80.69633483886719,0.07109902799129486,0.028677884489297867,80.08929443359375,0.07214232534170151,0.058189380913972855,0.05672160163521767,0.05859507620334625,0.05660727247595787
505,0.029035117477178574,80.79122161865234,0.07114408910274506,0.029461612924933434,80.42938995361328,0.07231011241674423,0.05821942910552025,0.05680615454912186,0.05855268985033035,0.05656871199607849
506,0.028656888753175735,80.71875,0.07111019641160965,0.028576286509633064,80.03422546386719,0.07211669534444809,0.05818118900060654,0.056728728115558624,0.05850488319993019,0.05673525109887123
507,0.028550447896122932,80.7274169921875,0.07111400365829468,0.02851279452443123,80.00090789794922,0.07209733873605728,0.05814262852072716,0.05672801658511162,0.05861007794737816,0.056714702397584915
508,0.028905004262924194,80.78772735595703,0.07114258408546448,0.028450896963477135,79.96185302734375,0.07208078354597092,0.0581648163497448,0.05671527236700058,0.05857997387647629,0.056643594056367874
509,0.028541093692183495,80.56935119628906,0.07104065269231796,0.028452381491661072,79.96099090576172,0.07208044826984406,0.0581856407225132,0.05670686811208725,0.05852694809436798,0.056611113250255585
510,0.028621699661016464,80.66082763671875,0.07108353823423386,0.02845899388194084,79.95677185058594,0.07207702845335007,0.0581616573035717,0.0567142628133297,0.058573342859745026,0.0566604919731617
511,0.028779638931155205,80.64850616455078,0.07107808440923691,0.02840506099164486,79.91387939453125,0.07205797731876373,0.05816962569952011,0.05670082941651344,0.05855343118309975,0.056586749851703644
512,0.02852342277765274,80.54762268066406,0.07103108614683151,0.02838866412639618,79.9140853881836,0.07205723971128464,0.058178793638944626,0.05670614168047905,0.05853714793920517,0.05661911517381668
513,0.028669318184256554,80.6515121459961,0.07107982784509659,0.02840002439916134,79.91824340820312,0.0720587745308876,0.05817961320281029,0.05670874938368797,0.0585506409406662,0.0566827617585659
514,0.02861625701189041,80.5199966430664,0.07101859152317047,0.02837100625038147,79.87007141113281,0.07203738391399384,0.0581749752163887,0.05668732151389122,0.058534886687994,0.0565546452999115
515,0.028479482978582382,80.50563049316406,0.07101203501224518,0.028340917080640793,79.87505340576172,0.07203811407089233,0.058170877397060394,0.05671083182096481,0.05854959040880203,0.05660898610949516
516,0.02876235358417034,80.6417465209961,0.07107595354318619,0.028325561434030533,79.86669921875,0.0720348209142685,0.058199260383844376,0.056695159524679184,0.05852819234132767,0.05667586624622345
517,0.028467288240790367,80.40867614746094,0.07096711546182632,0.028369080275297165,79.83853912353516,0.07202283293008804,0.05818239971995354,0.056674063205718994,0.05852304771542549,0.05652898550033569
518,0.028387991711497307,80.41522216796875,0.07097038626670837,0.028313158079981804,79.82487487792969,0.07201476395130157,0.058163732290267944,0.0567002110183239,0.058555807918310165,0.056561559438705444
519,0.028792813420295715,80.71660614013672,0.07111135125160217,0.028277862817049026,79.80834197998047,0.07200785726308823,0.058201003819704056,0.056674689054489136,0.058521393686532974,0.056804109364748
520,0.028441976755857468,80.31466674804688,0.07092373073101044,0.028517967090010643,79.83985137939453,0.07202566415071487,0.058165132999420166,0.056666288524866104,0.05850205570459366,0.05646594613790512
521,0.028393181040883064,80.36061096191406,0.07094559073448181,0.028635233640670776,79.86003112792969,0.07203487306833267,0.05815678834915161,0.05665098503232002,0.058548592031002045,0.05652015283703804
522,0.028769368305802345,80.47662353515625,0.07100032269954681,0.028792541474103928,79.93952178955078,0.07207480818033218,0.05820098891854286,0.05666172876954079,0.058492835611104965,0.056543029844760895
523,0.028341786935925484,80.31331634521484,0.07092377543449402,0.028290044516324997,79.7166976928711,0.07196464389562607,0.05814091116189957,0.05664828047156334,0.058480605483055115,0.056577038019895554
524,0.028330927714705467,80.46223449707031,0.07099352031946182,0.02836727164685726,79.78958892822266,0.0719955712556839,0.05809224024415016,0.05673002451658249,0.05855764448642731,0.056730784475803375
525,0.028620848432183266,80.4222183227539,0.07097532600164413,0.02819637395441532,79.6513671875,0.07193370908498764,0.058121778070926666,0.0566435344517231,0.05852452665567398,0.056551482528448105
526,0.028249792754650116,80.24591064453125,0.07089272141456604,0.028183553367853165,79.65290069580078,0.07193386554718018,0.058140818029642105,0.05664098262786865,0.058480147272348404,0.0565711110830307
527,0.0283680260181427,80.3451156616211,0.07093929499387741,0.028173567727208138,79.63472747802734,0.07192415744066238,0.05811232700943947,0.05664565786719322,0.05852660536766052,0.056609030812978745
528,0.02847869321703911,80.29671478271484,0.07091695070266724,0.028143437579274178,79.5982437133789,0.07190833240747452,0.058118704706430435,0.05662965774536133,0.05851145088672638,0.05650582164525986
529,0.0282457135617733,80.22117614746094,0.07088177651166916,0.028117520734667778,79.60789489746094,0.07191169261932373,0.05813223123550415,0.05664561316370964,0.0584871843457222,0.05656971037387848
530,0.028415780514478683,80.32669830322266,0.07093136012554169,0.028106689453125,79.5924072265625,0.07190421968698502,0.05813154578208923,0.056637994945049286,0.058501359075307846,0.05662013962864876
531,0.028324514627456665,80.1791763305664,0.07086247950792313,0.02812207117676735,79.56307983398438,0.07189172506332397,0.05812770500779152,0.05661642551422119,0.058490313589572906,0.056485213339328766
532,0.028188003227114677,80.17046356201172,0.07085859775543213,0.028065145015716553,79.57357788085938,0.0718948170542717,0.05812782049179077,0.056655894964933395,0.05849944055080414,0.05655350536108017
533,0.02853039838373661,80.32732391357422,0.07093232125043869,0.02804703451693058,79.54936218261719,0.07188421487808228,0.05815299600362778,0.05662485957145691,0.05848238989710808,0.05661112070083618
534,0.028194943442940712,80.07612609863281,0.07081475108861923,0.02816564217209816,79.55269622802734,0.07188739627599716,0.05814236029982567,0.0566033199429512,0.058475565165281296,0.05646219104528427
535,0.028230000287294388,80.08690643310547,0.07082023471593857,0.028611604124307632,79.68246459960938,0.0719514861702919,0.058132510632276535,0.05659174546599388,0.05850226804614067,0.05644148588180542
536,0.028571441769599915,80.29330444335938,0.07091733068227768,0.028309177607297897,79.59315490722656,0.07190895080566406,0.05816606432199478,0.05660237744450569,0.05842546001076698,0.05662642791867256
537,0.028032377362251282,80.05953979492188,0.07080745697021484,0.02801787480711937,79.45610809326172,0.07183980196714401,0.05810181051492691,0.05660321190953255,0.058484043926000595,0.05654967203736305
538,0.02817884273827076,80.16224670410156,0.0708557739853859,0.02798193320631981,79.4257583618164,0.07182436436414719,0.05807451531291008,0.05660426616668701,0.05852556973695755,0.05658390000462532
539,0.028263365849852562,80.06999969482422,0.07081284373998642,0.02798035740852356,79.40071105957031,0.07181410491466522,0.05808745697140694,0.05658319592475891,0.05847887694835663,0.056468408554792404
540,0.028070930391550064,80.017578125,0.07078840583562851,0.02794494293630123,79.41133117675781,0.07181788235902786,0.05809957906603813,0.056607406586408615,0.05845379829406738,0.05654248595237732
541,0.02822965942323208,80.09651947021484,0.07082559913396835,0.027919549494981766,79.3790054321289,0.07180251181125641,0.05809178948402405,0.056591954082250595,0.05847271531820297,0.05655672773718834
542,0.028152788057923317,79.98148345947266,0.07077186554670334,0.027949662879109383,79.36434936523438,0.07179663330316544,0.058093197643756866,0.05657430738210678,0.05846284702420235,0.056458137929439545
543,0.02802121639251709,79.97164154052734,0.07076741755008698,0.027890104800462723,79.38238525390625,0.07180355489253998,0.05810054391622543,0.05662175267934799,0.05846046656370163,0.056533705443143845
544,0.028304200619459152,80.07849884033203,0.07081777602434158,0.027871429920196533,79.34133911132812,0.0717848539352417,0.0581093393266201,0.056581854820251465,0.058456648141145706,0.056541334837675095
545,0.02803717739880085,79.89025115966797,0.07072965800762177,0.027991577982902527,79.35831451416016,0.07179423421621323,0.05810881778597832,0.05656615272164345,0.058450113981962204,0.056441325694322586
546,0.028056662529706955,79.89385986328125,0.0707317665219307,0.028476865962147713,79.52304077148438,0.07187509536743164,0.05812472477555275,0.056558120995759964,0.05845988914370537,0.05643746629357338
547,0.028502879664301872,80.086181640625,0.07082226127386093,0.028057752177119255,79.37421417236328,0.07180405408143997,0.058148257434368134,0.05655249208211899,0.058389533311128616,0.0565364733338356
548,0.02785084955394268,79.85452270507812,0.07071332633495331,0.027840709313750267,79.26721954345703,0.07174944877624512,0.05807780846953392,0.056567009538412094,0.05846990644931793,0.05650002881884575
549,0.02794669382274151,79.93453216552734,0.07075110077857971,0.027796247974038124,79.24861907958984,0.07173950225114822,0.058061543852090836,0.05657988414168358,0.05848594754934311,0.056558433920145035
550,0.02807605266571045,79.86980438232422,0.07072101533412933,0.027796179056167603,79.2076416015625,0.07172150164842606,0.05806345120072365,0.05654215067625046,0.05845680832862854,0.056438297033309937
551,0.027919134125113487,79.81317901611328,0.07069461047649384,0.027776379138231277,79.2216567993164,0.07172738015651703,0.058074794709682465,0.056567829102277756,0.05842963606119156,0.05648815259337425
552,0.02801586128771305,79.86300659179688,0.07071816921234131,0.027743583545088768,79.19274139404297,0.071713387966156,0.05806741118431091,0.0565592423081398,0.05843840539455414,0.056507762521505356
553,0.028002068400382996,79.78837585449219,0.07068334519863129,0.02777092345058918,79.17235565185547,0.07170461118221283,0.058063142001628876,0.05653828755021095,0.05843701958656311,0.05642199516296387
554,0.027858009561896324,79.77040100097656,0.07067515701055527,0.027731528505682945,79.20802307128906,0.07172045856714249,0.058078888803720474,0.056596171110868454,0.05842561274766922,0.05650191009044647
555,0.028024502098560333,79.83208465576172,0.07070427387952805,0.02769714593887329,79.1553955078125,0.07169582694768906,0.05808273330330849,0.056549426168203354,0.05842159315943718,0.05651134252548218
556,0.027933262288570404,79.70244598388672,0.07064355164766312,0.027802323922514915,79.1430892944336,0.07169129699468613,0.058059196919202805,0.056521397083997726,0.058433204889297485,0.05637621879577637
557,0.027875671163201332,79.71561431884766,0.07065030932426453,0.028435293585062027,79.40629577636719,0.07181916385889053,0.058096807450056076,0.056554485112428665,0.05842515081167221,0.05644931644201279
558,0.028445936739444733,79.87777709960938,0.07072654366493225,0.02781030349433422,79.15813446044922,0.0717000961303711,0.05813024565577507,0.056500498205423355,0.05835205689072609,0.05643876641988754
559,0.02768392115831375,79.65056610107422,0.0706196278333664,0.027650849893689156,79.09303283691406,0.07166580110788345,0.058060504496097565,0.056547023355960846,0.05844167247414589,0.0564570352435112
560,0.02774258516728878,79.74102020263672,0.0706624835729599,0.027620675042271614,79.09322357177734,0.07166536152362823,0.058068446815013885,0.05656149610877037,0.05844767764210701,0.05655941367149353
561,0.027821654453873634,79.63407897949219,0.07061245292425156,0.027620509266853333,79.02842712402344,0.0716358944773674,0.05805542320013046,0.05650228261947632,0.0584232434630394,0.05640212818980217
562,0.027792206034064293,79.61945343017578,0.07060573995113373,0.027589216828346252,79.01927185058594,0.07163064926862717,0.05804361775517464,0.05652140825986862,0.05842263624072075,0.05641312152147293
563,0.027887901291251183,79.6465072631836,0.07061874121427536,0.027580052614212036,79.00901794433594,0.0716257318854332,0.05804167315363884,0.05652457848191261,0.05841332674026489,0.05642230436205864
564,0.02774776890873909,79.58665466308594,0.07059084624052048,0.02762654609978199,79.05079650878906,0.07164601981639862,0.05806436017155647,0.056551363319158554,0.05839095264673233,0.056450579315423965
565,0.027642488479614258,79.58721923828125,0.0705912858247757,0.027611350640654564,79.07500457763672,0.07165773957967758,0.05810504034161568,0.056564707309007645,0.058383677154779434,0.056525178253650665
566,0.02757258713245392,79.50035858154297,0.07055056840181351,0.027633288875222206,79.05386352539062,0.07164839655160904,0.05811517313122749,0.05652860179543495,0.05838228017091751,0.056450095027685165
567,0.028917750343680382,79.97798919677734,0.07077456265687943,0.027566170319914818,79.22696685791016,0.07173540443181992,0.058465566486120224,0.05648059397935867,0.058310456573963165,0.05642840638756752
568,0.02747834101319313,79.29960632324219,0.07045600563287735,0.027508093044161797,78.89669799804688,0.07157435268163681,0.05804336816072464,0.05646656081080437,0.058375753462314606,0.056232284754514694
569,0.02751125581562519,79.47235870361328,0.07053770869970322,0.027502145618200302,78.87279510498047,0.07156122475862503,0.05800260975956917,0.056473132222890854,0.05855673551559448,0.05628107860684395
570,0.02760947123169899,79.6007308959961,0.07059863954782486,0.027478430420160294,79.06843566894531,0.0716521367430687,0.05805002897977829,0.0567135326564312,0.058363091200590134,0.05664452910423279
571,0.027638930827379227,79.44474792480469,0.07052556425333023,0.02756018564105034,78.89334106445312,0.07157240808010101,0.058054596185684204,0.05645563825964928,0.058359190821647644,0.05641108751296997
572,0.02751346491277218,79.37890625,0.07049454748630524,0.02747201919555664,78.86791229248047,0.07155895978212357,0.05803702399134636,0.05648272484540939,0.05838312953710556,0.05637313798069954
573,0.02789008617401123,79.47694396972656,0.07054075598716736,0.027464047074317932,78.79297637939453,0.0715230256319046,0.05797085911035538,0.05644875392317772,0.058413971215486526,0.05628962069749832
574,0.027837425470352173,79.5074234008789,0.0705551877617836,0.027483774349093437,78.77682495117188,0.07151730358600616,0.057976990938186646,0.05643641948699951,0.05839648097753525,0.05638263002038002
575,0.02754560299217701,79.37063598632812,0.07049137353897095,0.027533788233995438,78.87195587158203,0.07156107574701309,0.058032166212797165,0.056496888399124146,0.05831574648618698,0.05645179748535156
576,0.027473952621221542,79.47683715820312,0.07054124027490616,0.027414586395025253,78.84966278076172,0.07154902070760727,0.05806383118033409,0.056495875120162964,0.058344364166259766,0.056611619889736176
577,0.027761591598391533,79.37178802490234,0.07049211114645004,0.027369258925318718,78.7288818359375,0.07149392366409302,0.058007411658763885,0.056424640119075775,0.05839371681213379,0.056260593235492706
578,0.027472296729683876,79.28190612792969,0.07045000791549683,0.027383258566260338,78.76459503173828,0.07150989025831223,0.05803385749459267,0.05644843354821205,0.05838717520236969,0.05631519481539726
579,0.027577651664614677,79.41726684570312,0.07051390409469604,0.027383599430322647,78.78929901123047,0.07152032852172852,0.058043502271175385,0.056476760655641556,0.0583588108420372,0.05649491399526596
580,0.027707554399967194,79.28642272949219,0.07045255601406097,0.02743634022772312,78.70624542236328,0.0714835375547409,0.0579950250685215,0.05640541762113571,0.05837630107998848,0.056227535009384155
581,0.02748824842274189,79.25343322753906,0.07043749839067459,0.02781049720942974,78.9093017578125,0.07158119976520538,0.058050114661455154,0.056464891880750656,0.05835292115807533,0.05634166672825813
582,0.02807670645415783,79.3626708984375,0.0704888105392456,0.027449462562799454,78.77227783203125,0.07151567190885544,0.05810919776558876,0.05640587955713272,0.05828605592250824,0.05624909698963165
583,0.02735114097595215,79.2630844116211,0.07044212520122528,0.02727869153022766,78.8518295288086,0.07154874503612518,0.05801127105951309,0.05668037757277489,0.0583660788834095,0.05643557384610176
584,0.027388842776417732,79.38411712646484,0.07049951702356339,0.02730967476963997,78.71212768554688,0.07148558646440506,0.05809301510453224,0.05642094835639,0.05836785212159157,0.05658142641186714
585,0.027292100712656975,79.08101654052734,0.07035665959119797,0.02738264575600624,78.68453216552734,0.07147326320409775,0.058055002242326736,0.05639618635177612,0.058346137404441833,0.056242793798446655
586,0.027336817234754562,79.15367889404297,0.07039159536361694,0.02810942567884922,79.05513763427734,0.07165317982435226,0.058155059814453125,0.056471098214387894,0.05836448818445206,0.05631948634982109
587,0.028181487694382668,79.4220199584961,0.07051889598369598,0.027374843135476112,78.9017562866211,0.07157962769269943,0.0583951510488987,0.056393999606370926,0.058247219771146774,0.056367386132478714
588,0.027222996577620506,79.07544708251953,0.07035456597805023,0.027206452563405037,78.63845825195312,0.0714496299624443,0.058071695268154144,0.05642556771636009,0.05831897631287575,0.0563306026160717
589,0.027284573763608932,79.17789459228516,0.0704030767083168,0.027185609564185143,78.58085632324219,0.07142049819231033,0.057973287999629974,0.056448645889759064,0.058464888483285904,0.05629931762814522
590,0.0274540726095438,79.14559173583984,0.07038833945989609,0.027195865288376808,78.57530212402344,0.07141853868961334,0.05797824263572693,0.05644534155726433,0.05837159603834152,0.05628093332052231
591,0.027265101671218872,79.13682556152344,0.07038457691669464,0.027436403557658195,78.79902648925781,0.07152693718671799,0.05807352066040039,0.0565681979060173,0.058305397629737854,0.056455083191394806
592,0.027776237577199936,79.27910614013672,0.07045163959264755,0.027580512687563896,78.8458251953125,0.07155483961105347,0.05831361189484596,0.05635502189397812,0.058283381164073944,0.05639345571398735
593,0.027361975982785225,78.85978698730469,0.07025361806154251,0.027192840352654457,78.51571655273438,0.07139325886964798,0.05803951248526573,0.05635416507720947,0.058236703276634216,0.0560893677175045
594,0.02746417745947838,79.01253509521484,0.07032604515552521,0.02781469188630581,78.82424926757812,0.07154877483844757,0.05798398330807686,0.05657796189188957,0.05840378254652023,0.05608483776450157
595,0.02719973959028721,79.22543334960938,0.07042700052261353,0.02723197638988495,78.4590835571289,0.07136710733175278,0.05794564634561539,0.05636870861053467,0.058251962065696716,0.056689731776714325
596,0.02721952088177204,79.09660339355469,0.07036598026752472,0.027078526094555855,78.37175750732422,0.07132132351398468,0.0579042062163353,0.05634776130318642,0.058413054794073105,0.05634026229381561
597,0.02739759162068367,79.03434753417969,0.07033703476190567,0.027138736099004745,78.38822174072266,0.07133045792579651,0.05792645737528801,0.05633890628814697,0.05834360420703888,0.056247588247060776
598,0.027162494137883186,78.97188568115234,0.07030787318944931,0.027270261198282242,78.50264739990234,0.07138533145189285,0.057982437312603,0.05639558285474777,0.05827738717198372,0.056371625512838364
599,0.0273736584931612,79.05772399902344,0.07034887373447418,0.028257906436920166,78.94542694091797,0.07160476595163345,0.05821990966796875,0.05632082000374794,0.058273255825042725,0.056388720870018005
600,0.02759987860918045,78.90958404541016,0.0702790915966034,0.02721097134053707,78.5366439819336,0.07140543311834335,0.05816968157887459,0.056324176490306854,0.058194052428007126,0.0561462864279747
601,0.02706892043352127,78.87529754638672,0.07026245445013046,0.027024084702134132,78.41468811035156,0.07134052366018295,0.05794572830200195,0.05644144490361214,0.058366406708955765,0.0562148354947567
602,0.02746938355267048,79.23255157470703,0.0704318955540657,0.02707679569721222,78.38270568847656,0.07132767140865326,0.05798959359526634,0.056353382766246796,0.05842987447977066,0.05643993616104126
603,0.027085980400443077,78.79779052734375,0.07022667676210403,0.02738313563168049,78.54692840576172,0.07140909135341644,0.05810561403632164,0.05633975937962532,0.058245304971933365,0.056246500462293625
604,0.027201024815440178,78.8769302368164,0.07026436179876328,0.027361050248146057,78.63253784179688,0.07145056873559952,0.05822939798235893,0.05635850504040718,0.05825577676296234,0.056296031922101974
605,0.02755453810095787,78.80941772460938,0.07023254781961441,0.027356823906302452,78.59400939941406,0.07143456488847733,0.05825641006231308,0.05629867687821388,0.058227408677339554,0.056048501282930374
606,0.027219874784350395,78.76142883300781,0.07020943611860275,0.027083856984972954,78.27372741699219,0.07127849012613297,0.057919614017009735,0.05631836876273155,0.0582636296749115,0.05613326281309128
607,0.02697320654988289,78.94335174560547,0.07029526680707932,0.026928622275590897,78.18742370605469,0.07123236358165741,0.057865533977746964,0.0563034750521183,0.05842907354235649,0.05635583773255348
608,0.027314472943544388,79.293212890625,0.0704604759812355,0.027045467868447304,78.22527313232422,0.07125332206487656,0.0579124316573143,0.05628853291273117,0.05831324681639671,0.05677551031112671
609,0.027010098099708557,78.5878677368164,0.07012803852558136,0.027333389967679977,78.37858581542969,0.07133037596940994,0.05801011994481087,0.05629025027155876,0.058189474046230316,0.05609794706106186
610,0.026990916579961777,78.70198059082031,0.07018240541219711,0.02734743058681488,78.41343688964844,0.07134581357240677,0.05806344747543335,0.05628354102373123,0.05825076252222061,0.05621926859021187
611,0.027651596814393997,78.92852783203125,0.07029003649950027,0.027240516617894173,78.6993408203125,0.07148615270853043,0.058533910661935806,0.05627623572945595,0.05824835225939751,0.05619451776146889
612,0.026969710364937782,78.6437759399414,0.070155069231987,0.026881882920861244,78.26422119140625,0.07126890122890472,0.05798465013504028,0.05637829378247261,0.05819292366504669,0.05623333528637886
613,0.027100902050733566,78.96478271484375,0.07030687481164932,0.026855995878577232,78.1203384399414,0.07120101898908615,0.05789632350206375,0.05628398060798645,0.058492060750722885,0.056295208632946014
614,0.026927875354886055,78.61260223388672,0.07014093548059464,0.027145301923155785,78.29427337646484,0.07128676027059555,0.058004219084978104,0.05630579590797424,0.05823475122451782,0.05618853121995926
615,0.0270828977227211,78.7862777709961,0.07022339105606079,0.027469223365187645,78.56180572509766,0.07141803205013275,0.058239154517650604,0.05630547180771828,0.058233633637428284,0.05636181682348251
616,0.027432622388005257,78.63002014160156,0.07014960795640945,0.027085673063993454,78.3698501586914,0.07132651656866074,0.0582253560423851,0.05625327676534653,0.05816721171140671,0.05602899193763733
617,0.026962196454405785,78.51924896240234,0.07009684294462204,0.026815637946128845,78.13661193847656,0.07120821624994278,0.05792699009180069,0.05633678287267685,0.05823047086596489,0.056073419749736786
618,0.027112867683172226,79.18660736083984,0.07041232287883759,0.027012091130018234,78.1850357055664,0.07123497873544693,0.05801602825522423,0.056248195469379425,0.05843636766076088,0.05669281259179115
619,0.026879018172621727,78.43583679199219,0.07005806267261505,0.02733355388045311,78.3406753540039,0.07131225615739822,0.05810364708304405,0.056236471980810165,0.058193884789943695,0.0560479611158371
620,0.026998192071914673,78.62039184570312,0.07014591991901398,0.027346009388566017,78.52801513671875,0.07140190899372101,0.05829441919922829,0.05630803108215332,0.05823328718543053,0.05621921643614769
621,0.02716737799346447,78.5855484008789,0.07012954354286194,0.026968007907271385,78.38609313964844,0.07133258134126663,0.05831146240234375,0.056284092366695404,0.05819965526461601,0.05612419173121452
622,0.02690800093114376,78.71231079101562,0.07018889486789703,0.0269466545432806,78.27549743652344,0.07127317786216736,0.05799556151032448,0.05644615367054939,0.05819341912865639,0.05646151304244995
623,0.026955967769026756,78.57525634765625,0.0701243057847023,0.02674165554344654,77.94062042236328,0.07111584395170212,0.05785885825753212,0.0562245137989521,0.05839670076966286,0.05602148920297623
624,0.026855915784835815,78.51699829101562,0.07009704411029816,0.026742219924926758,78.02092742919922,0.07115239650011063,0.057896558195352554,0.056306399405002594,0.058249685913324356,0.05617285892367363
625,0.026849426329135895,78.59319305419922,0.07013337314128876,0.02689163200557232,78.12517547607422,0.07120371609926224,0.05795753374695778,0.05633955076336861,0.05821846053004265,0.056327831000089645
626,0.027448618784546852,78.81082153320312,0.07023604214191437,0.02714717574417591,78.30281829833984,0.0712951123714447,0.0582355335354805,0.05621177703142166,0.05823053419589996,0.05629346892237663
627,0.026770099997520447,78.28007507324219,0.06998482346534729,0.02667599730193615,77.95974731445312,0.07112366706132889,0.05795364826917648,0.05623195692896843,0.0581197552382946,0.056039005517959595
628,0.02691681496798992,78.6972427368164,0.07018253207206726,0.02666035294532776,77.90829467773438,0.07109881192445755,0.05790536850690842,0.05622238665819168,0.05831517279148102,0.05634727329015732
629,0.02674170210957527,78.32886505126953,0.0700085386633873,0.026952803134918213,78.01950073242188,0.07115520536899567,0.05795830488204956,0.056203413754701614,0.05823517590761185,0.056021541357040405
630,0.027030834928154945,78.54518127441406,0.07011164724826813,0.02739657275378704,78.40217590332031,0.0713416039943695,0.05822920799255371,0.05626634880900383,0.05822215974330902,0.05620580166578293
631,0.027136122807860374,78.33811950683594,0.07001344114542007,0.026781167834997177,78.04784393310547,0.07116890698671341,0.058101389557123184,0.056205060333013535,0.058131907135248184,0.05595726519823074
632,0.02677382156252861,78.765869140625,0.07021474093198776,0.02663257159292698,77.9846420288086,0.07113395631313324,0.05796746164560318,0.05632110312581062,0.05823703855276108,0.056648049503564835
633,0.026638804003596306,78.22261047363281,0.06995844095945358,0.026852667331695557,77.90364074707031,0.07110000401735306,0.05791022256016731,0.05617528781294823,0.058248572051525116,0.0559416264295578
634,0.02662450633943081,78.32415771484375,0.07000714540481567,0.02697131596505642,78.11418151855469,0.07119922339916229,0.05798395350575447,0.05634336918592453,0.05824708938598633,0.05611561983823776
635,0.027671685442328453,78.86722564697266,0.07026419043540955,0.02662530541419983,77.97688293457031,0.07113441079854965,0.05814294144511223,0.05617576465010643,0.05821206048130989,0.05634710565209389
636,0.02658778987824917,78.16753387451172,0.06993233412504196,0.026569072157144547,77.76802062988281,0.07103066146373749,0.05786658450961113,0.05618152767419815,0.0580906942486763,0.05608675256371498
637,0.02662934735417366,78.37451934814453,0.07003090530633926,0.0265575610101223,77.76398468017578,0.0710279792547226,0.05784880742430687,0.05620240420103073,0.05829785391688347,0.056145843118429184
638,0.026664014905691147,78.31832885742188,0.07000473141670227,0.02658838964998722,77.80418395996094,0.07104825228452682,0.05789411440491676,0.05621565133333206,0.05822962522506714,0.056136105209589005
639,0.02661583386361599,78.3089370727539,0.07000041753053665,0.026643576100468636,77.86785125732422,0.07107917964458466,0.05793239548802376,0.05625288933515549,0.058194126933813095,0.05619858577847481
640,0.02717151865363121,78.53627014160156,0.070108562707901,0.027738744392991066,78.39751434326172,0.0713433101773262,0.0582750141620636,0.0561416819691658,0.058214690536260605,0.056207746267318726
641,0.02680482342839241,78.10517120361328,0.06990398466587067,0.026544610038399696,77.76626586914062,0.07103152573108673,0.05796148627996445,0.056152936071157455,0.05808471515774727,0.05593712255358696
642,0.026663893833756447,78.50010681152344,0.07009079307317734,0.026546284556388855,77.78665924072266,0.0710376724600792,0.057879738509655,0.05625816807150841,0.05825461447238922,0.056402452290058136
643,0.02658880688250065,78.129150390625,0.06991555541753769,0.0267613735049963,77.77727508544922,0.07103786617517471,0.057903796434402466,0.05613740533590317,0.05821659788489342,0.05596352368593216
644,0.026769261807203293,78.33248138427734,0.07001267373561859,0.02740636095404625,78.25861358642578,0.07127245515584946,0.058190613985061646,0.05622716620564461,0.058191344141960144,0.05620152875781059
645,0.027047008275985718,78.19261169433594,0.06994636356830597,0.026607897132635117,77.88652801513672,0.07109081745147705,0.05814000964164734,0.05615020543336868,0.05809671804308891,0.05595952644944191
646,0.026583440601825714,78.41213989257812,0.07004952430725098,0.026489021256566048,77.7686767578125,0.07102920860052109,0.05793179199099541,0.056251160800457,0.058165233582258224,0.056450121104717255
647,0.026494495570659637,78.06826782226562,0.06988687068223953,0.0265309177339077,77.61648559570312,0.07095920294523239,0.057841669768095016,0.056116145104169846,0.05826190486550331,0.055908557027578354
648,0.026575138792395592,78.15328979492188,0.06992758065462112,0.02643650583922863,77.66035461425781,0.07097651064395905,0.05782172083854675,0.05624041333794594,0.0582253560423851,0.056048277765512466
649,0.026810962706804276,78.17092895507812,0.06993624567985535,0.026490163058042526,77.66243743896484,0.07097847014665604,0.05781405791640282,0.05623633414506912,0.05820979177951813,0.05598025023937225
650,0.027034025639295578,78.75484466552734,0.07021019607782364,0.026515379548072815,77.6876449584961,0.0709945559501648,0.057980503886938095,0.05612141266465187,0.05816022679209709,0.05669671669602394
651,0.026430068537592888,77.79889678955078,0.06975890696048737,0.026400012895464897,77.54608917236328,0.07092467695474625,0.05785144492983818,0.05610935017466545,0.058029256761074066,0.05583975836634636
652,0.026597417891025543,78.21060943603516,0.06995498389005661,0.026566216722130775,77.61434173583984,0.07095415890216827,0.057816240936517715,0.056155767291784286,0.058221351355314255,0.05614762008190155
653,0.02657952532172203,78.0462417602539,0.06987748295068741,0.026489967480301857,77.5705795288086,0.07093622535467148,0.057862572371959686,0.05610579997301102,0.058203961700201035,0.05595175176858902
654,0.02645387314260006,78.10919952392578,0.06990762799978256,0.026611266657710075,77.81988525390625,0.07105614989995956,0.05800376087427139,0.05626916512846947,0.05815305560827255,0.05617888644337654
655,0.027064459398388863,78.16725158691406,0.06993526220321655,0.02676107920706272,77.85443878173828,0.07107778638601303,0.05818365141749382,0.056078940629959106,0.05811992287635803,0.055972516536712646
656,0.026749515905976295,77.89605712890625,0.06980596482753754,0.02645701728761196,77.51942443847656,0.0709141194820404,0.057842228561639786,0.05610552057623863,0.05807734280824661,0.055810533463954926
657,0.02641325630247593,78.08263397216797,0.06989438086748123,0.02644188702106476,77.4498291015625,0.070879265666008,0.05776670202612877,0.05608595535159111,0.05825728178024292,0.05607151240110397
658,0.026422807946801186,77.98295593261719,0.06984793394804001,0.026419609785079956,77.64990234375,0.0709705576300621,0.0577644445002079,0.05637768656015396,0.058111269026994705,0.0561053566634655
659,0.026688741520047188,78.5736312866211,0.07012858241796494,0.026675093919038773,77.58538055419922,0.07094604521989822,0.05789579823613167,0.05606330558657646,0.05821982026100159,0.056645236909389496
660,0.02642783708870411,77.81315612792969,0.0697672888636589,0.026778969913721085,77.65542602539062,0.07098082453012466,0.057965509593486786,0.05605388060212135,0.058072179555892944,0.05589275807142258
661,0.026550251990556717,77.96890258789062,0.06984176486730576,0.026771584525704384,77.79549407958984,0.07104787230491638,0.05813605338335037,0.05608974024653435,0.0581166036427021,0.05601957067847252
662,0.026813674718141556,77.97832489013672,0.0698465034365654,0.026460442692041397,77.82073974609375,0.07105934619903564,0.05829824134707451,0.056115902960300446,0.058091241866350174,0.05593100190162659
663,0.026415571570396423,78.20417022705078,0.06995267421007156,0.02628384716808796,77.46774291992188,0.07088500261306763,0.057931769639253616,0.05608528107404709,0.05808459594845772,0.05646190792322159
664,0.026297075673937798,77.822021484375,0.06977132707834244,0.026288822293281555,77.32439422607422,0.07081753760576248,0.05775376409292221,0.05605284497141838,0.05830465629696846,0.05575331300497055
665,0.026557518169283867,77.96153259277344,0.06983836740255356,0.026255352422595024,77.35113525390625,0.07082702219486237,0.057761795818805695,0.05610326677560806,0.05820862203836441,0.05594639480113983
666,0.026428112760186195,78.01618957519531,0.06986496597528458,0.026674527674913406,77.7284927368164,0.07101134955883026,0.05789740011096001,0.056323226541280746,0.058107029646635056,0.05621479079127312
667,0.026768473908305168,78.07788848876953,0.06989395618438721,0.026521828025579453,77.5732650756836,0.07094001024961472,0.05805893614888191,0.05602695792913437,0.058067385107278824,0.05615299567580223
668,0.026360107585787773,77.71149444580078,0.06971949338912964,0.026234161108732224,77.39588928222656,0.07084926962852478,0.05788726732134819,0.05609026551246643,0.058035142719745636,0.05589635297656059
669,0.026562733575701714,78.14179229736328,0.06992429494857788,0.026249174028635025,77.32992553710938,0.07081924378871918,0.05785771459341049,0.056031230837106705,0.058202821761369705,0.056214649230241776
670,0.026305735111236572,77.71823120117188,0.06972330063581467,0.026629237458109856,77.521728515625,0.07091424614191055,0.057947177439928055,0.05603933334350586,0.058119870722293854,0.05586002394556999
671,0.026621898636221886,77.96236419677734,0.06983984261751175,0.026446985080838203,77.71913146972656,0.07100897282361984,0.058210860937833786,0.05614417791366577,0.05811472237110138,0.05606072023510933
672,0.02631530910730362,77.95375061035156,0.06983520835638046,0.02624971978366375,77.41474151611328,0.0708581805229187,0.05794847756624222,0.056085146963596344,0.05805058777332306,0.05627460032701492
673,0.02628476358950138,77.69099426269531,0.06971023976802826,0.026227165013551712,77.23652648925781,0.07077406346797943,0.05779318884015083,0.05600485950708389,0.05816641449928284,0.055801548063755035
674,0.02633850648999214,77.80564880371094,0.0697651132941246,0.0261995829641819,77.31444549560547,0.07080813497304916,0.057785410434007645,0.056137651205062866,0.05816225707530975,0.0559626929461956
675,0.026559200137853622,77.7942123413086,0.0697600468993187,0.02628256194293499,77.3156509399414,0.07081041485071182,0.05777695029973984,0.05611731484532356,0.05814228951931,0.0558645986020565
676,0.02672896347939968,78.3237075805664,0.07000943273305893,0.02621876262128353,77.317626953125,0.07081397622823715,0.057953350245952606,0.055994682013988495,0.058091674000024796,0.056545812636613846
677,0.026195604354143143,77.45732879638672,0.06959889084100723,0.026145268231630325,77.18683624267578,0.07074926793575287,0.05781296640634537,0.05599218234419823,0.05797635018825531,0.05574825778603554
678,0.02637329325079918,77.89775085449219,0.06980901956558228,0.026217946782708168,77.23395538330078,0.07076993584632874,0.057807158678770065,0.056034620851278305,0.05814885348081589,0.056108687072992325
679,0.026271982118487358,77.62630462646484,0.0696803405880928,0.026388291269540787,77.28375244140625,0.07079772651195526,0.057850804179906845,0.055991243571043015,0.058121468871831894,0.055816806852817535
680,0.026517266407608986,77.80561065673828,0.0697660744190216,0.026480678468942642,77.54467010498047,0.07092434167861938,0.05808117985725403,0.05609028786420822,0.05809301137924194,0.0559910424053669
681,0.026274424046278,77.8747329711914,0.06979857385158539,0.02626821957528591,77.41903686523438,0.07085900753736496,0.05796993896365166,0.05613422021269798,0.058037642389535904,0.05627462640404701
682,0.02624346688389778,77.57587432861328,0.0696563646197319,0.02616683579981327,77.1366958618164,0.07072566449642181,0.05779966711997986,0.055965203791856766,0.058108534663915634,0.05579259619116783
683,0.026134584099054337,77.65741729736328,0.06969550251960754,0.026116490364074707,77.29367065429688,0.07079862803220749,0.05784856155514717,0.056166864931583405,0.058138661086559296,0.05595250427722931
684,0.026324572041630745,77.76985931396484,0.06974922120571136,0.02623283863067627,77.25017547607422,0.07078023999929428,0.057895414531230927,0.056016236543655396,0.058051805943250656,0.056107424199581146
685,0.02710198052227497,78.15359497070312,0.06993043422698975,0.02615174651145935,77.2824935913086,0.0707981288433075,0.05804247409105301,0.05595991015434265,0.058138370513916016,0.05612792819738388
686,0.026083089411258698,77.35508728027344,0.06955107301473618,0.026073286309838295,77.07896423339844,0.07069716602563858,0.05781177803874016,0.05595244839787483,0.05796438455581665,0.0557437464594841
687,0.026117075234651566,77.58004760742188,0.06965877115726471,0.02606857195496559,77.20124053955078,0.07075315713882446,0.05782652646303177,0.05611395463347435,0.05812184140086174,0.05589703097939491
688,0.026207955554127693,77.78204345703125,0.06975545734167099,0.026127850636839867,77.24427795410156,0.0707768052816391,0.05796242505311966,0.056022949516773224,0.05808832123875618,0.056173175573349
689,0.026225080713629723,77.53630065917969,0.06963856518268585,0.026671631261706352,77.43043518066406,0.07087085396051407,0.05803501605987549,0.05595953390002251,0.05805765092372894,0.05586041510105133
690,0.026671238243579865,77.60382080078125,0.06967084109783173,0.026167813688516617,77.34259033203125,0.07082600146532059,0.05811581760644913,0.05600103735923767,0.05802229791879654,0.055770717561244965
691,0.026088792830705643,77.88687133789062,0.06980488449335098,0.026050856336951256,77.2870101928711,0.07079865783452988,0.05813831090927124,0.055967092514038086,0.05805978924036026,0.056422993540763855
692,0.026084821671247482,77.33788299560547,0.06954359263181686,0.026346394792199135,77.17817687988281,0.07074818760156631,0.0579049251973629,0.05591753497719765,0.058039337396621704,0.05568555369973183
693,0.02645685151219368,77.56234741210938,0.0696512907743454,0.026528868824243546,77.50769805908203,0.07090799510478973,0.058195799589157104,0.056002795696258545,0.05809294059872627,0.05577293038368225
694,0.02616972289979458,77.9229965209961,0.06982233375310898,0.02600659802556038,77.32799530029297,0.07081715762615204,0.05819151550531387,0.05601425841450691,0.05808595195412636,0.05643331632018089
695,0.02600995823740959,77.28430938720703,0.06951796263456345,0.026074785739183426,76.98397064208984,0.07065180689096451,0.05779176950454712,0.05590983107686043,0.05800813436508179,0.0557020865380764
696,0.026002798229455948,77.45872497558594,0.06960143148899078,0.026030588895082474,77.06396484375,0.07068551331758499,0.05776161700487137,0.056072574108839035,0.05813363939523697,0.055839404463768005
697,0.02683432772755623,77.77730560302734,0.06975400447845459,0.02607964538037777,76.98259735107422,0.07064855843782425,0.057745013386011124,0.05596087500452995,0.05815890058875084,0.0558311827480793
698,0.02611098252236843,77.61766815185547,0.06967751681804657,0.026158448308706284,77.17887115478516,0.07074452191591263,0.05793459340929985,0.05602438002824783,0.058006659150123596,0.05615983158349991
699,0.026053745299577713,77.38245391845703,0.06956537067890167,0.026028621941804886,77.02513885498047,0.07067015767097473,0.05788547173142433,0.055926613509655,0.05797172337770462,0.05589335784316063
700,0.02601771615445614,77.47795867919922,0.06961087137460709,0.025988325476646423,77.02772521972656,0.07066874206066132,0.057836029678583145,0.0560055747628212,0.05803648382425308,0.055989254266023636
701,0.026289697736501694,77.48873138427734,0.06961629539728165,0.025985892862081528,76.89208221435547,0.07060465961694717,0.05774487182497978,0.05591096729040146,0.05811427906155586,0.05578559637069702
702,0.02610652707517147,77.4848403930664,0.06961491703987122,0.026653721928596497,77.369140625,0.07083851099014282,0.05793803185224533,0.05608389154076576,0.05805569142103195,0.05595773085951805
703,0.02656661532819271,77.52349090576172,0.06963326781988144,0.025979191064834595,77.10023498535156,0.07070659101009369,0.05802023038268089,0.05594788119196892,0.05797678232192993,0.05585462227463722
704,0.026030749082565308,77.58419799804688,0.06966152042150497,0.025929046794772148,76.97506713867188,0.07064466923475266,0.05790885165333748,0.05591968446969986,0.05799437686800957,0.056196488440036774
705,0.02597690559923649,77.2224349975586,0.06948909163475037,0.026105625554919243,76.91973114013672,0.07062037289142609,0.05780768394470215,0.05586543306708336,0.058048054575920105,0.055664822459220886
706,0.026227612048387527,77.39476776123047,0.06957206130027771,0.026498252525925636,77.26393127441406,0.07078803330659866,0.057988010346889496,0.05598727986216545,0.05808163806796074,0.05576592683792114
707,0.026238752529025078,77.63270568847656,0.06968552619218826,0.026050586253404617,77.45524597167969,0.07087492942810059,0.05809875950217247,0.05636873096227646,0.058011479675769806,0.05618163198232651
708,0.02605745568871498,77.32833862304688,0.06954021751880646,0.025904778391122818,76.80663299560547,0.07056351006031036,0.057772088795900345,0.055860456079244614,0.05798383057117462,0.05586141347885132
709,0.025940099731087685,77.31515502929688,0.06953370571136475,0.02589285373687744,76.84986114501953,0.070582315325737,0.0577518530189991,0.055950868874788284,0.058105770498514175,0.0557885617017746
710,0.026096928864717484,77.43811798095703,0.06959284842014313,0.02601480484008789,76.95423126220703,0.07063431292772293,0.05781916156411171,0.05598398670554161,0.058047160506248474,0.05595630034804344
711,0.02652995102107525,77.61213684082031,0.06967536360025406,0.026135092601180077,77.04151916503906,0.07068043947219849,0.05802684649825096,0.05584416165947914,0.058036644011735916,0.05598532781004906
712,0.02595868520438671,77.14170837402344,0.0694509744644165,0.025885552167892456,76.85352325439453,0.07058406621217728,0.05781253054738045,0.05592421814799309,0.057927027344703674,0.05574272200465202
713,0.026022424921393394,77.4447021484375,0.06959587335586548,0.025863781571388245,76.84367370605469,0.07058053463697433,0.05785205960273743,0.055889930576086044,0.058030322194099426,0.05603203922510147
714,0.025951026007533073,77.18255615234375,0.06947093456983566,0.026188300922513008,76.95289611816406,0.07063619792461395,0.0578773133456707,0.05586925148963928,0.05802694708108902,0.05571400001645088
715,0.026413580402731895,77.39733123779297,0.0695737972855568,0.02596336230635643,77.1565170288086,0.07073422521352768,0.058157000690698624,0.05598596855998039,0.0580117367208004,0.0558079332113266
716,0.0259340051561594,77.50775909423828,0.06962602585554123,0.02585369348526001,76.869140625,0.07059460878372192,0.05796760693192482,0.0558372363448143,0.05796823650598526,0.05624176934361458
717,0.025903478264808655,77.04560089111328,0.06940528750419617,0.026122789829969406,76.8267593383789,0.07057593017816544,0.05781494453549385,0.05581040307879448,0.05799796059727669,0.055588871240615845
718,0.02627304568886757,77.25016784667969,0.06950368732213974,0.026300713419914246,77.0931396484375,0.07070518285036087,0.05801955237984657,0.055898427963256836,0.05804111436009407,0.055663179606199265
719,0.025928670540452003,77.66511535644531,0.06970062106847763,0.025832241401076317,76.92089080810547,0.07061944156885147,0.05806048959493637,0.055848073214292526,0.05801445618271828,0.056439220905303955
720,0.025900594890117645,76.97516632080078,0.0693717822432518,0.02629147283732891,76.86262512207031,0.07059501856565475,0.05781475082039833,0.055805712938308716,0.057953763753175735,0.05555602163076401
721,0.026318667456507683,77.22972869873047,0.06949412822723389,0.026192819699645042,77.06645965576172,0.07069303095340729,0.05811164528131485,0.05583985894918442,0.0579969547688961,0.05567425489425659
722,0.025937505066394806,77.3920669555664,0.06957146525382996,0.025811899453401566,77.061767578125,0.0706859603524208,0.05810750648379326,0.05603141710162163,0.05798683315515518,0.05611907318234444
723,0.0258182343095541,77.06702423095703,0.06941601634025574,0.02581554464995861,76.66646575927734,0.07049485296010971,0.05777943506836891,0.05581020191311836,0.05797722563147545,0.055728472769260406
724,0.026006480678915977,77.22981262207031,0.06949371099472046,0.02586439438164234,76.62189483642578,0.07047037035226822,0.05765486881136894,0.05584898963570595,0.058101166039705276,0.055744804441928864
725,0.02612348645925522,77.15069580078125,0.06945617496967316,0.025876682251691818,76.5790786743164,0.07045172154903412,0.05763671174645424,0.05580559000372887,0.058093708008527756,0.05559388920664787
726,0.026102621108293533,77.67568969726562,0.06970492005348206,0.025909433141350746,76.70232391357422,0.07051235437393188,0.05781708285212517,0.055802393704652786,0.05797911435365677,0.0564623661339283
727,0.02585024945437908,76.85702514648438,0.06931544840335846,0.025808049365878105,76.56920623779297,0.07044864445924759,0.05771183595061302,0.055776357650756836,0.057860117405653,0.05556124076247215
728,0.025916557759046555,77.03195190429688,0.06939952820539474,0.0257907472550869,76.65464782714844,0.07048775255680084,0.05776447057723999,0.05585743859410286,0.05798902362585068,0.05565857142210007
729,0.02630683034658432,77.49372863769531,0.06962050497531891,0.025863919407129288,76.68211364746094,0.07050453126430511,0.05786600336432457,0.055767327547073364,0.05797514319419861,0.05610893294215202
730,0.02585800364613533,76.93778228759766,0.0693548172712326,0.026000112295150757,76.71781158447266,0.07052204012870789,0.05784985050559044,0.05577433109283447,0.05796901136636734,0.0555829294025898
731,0.025925640016794205,77.1598892211914,0.06946151703596115,0.025854583829641342,77.00484466552734,0.070659339427948,0.058064308017492294,0.056041352450847626,0.058004606515169144,0.055843837559223175
732,0.02580973505973816,77.24678039550781,0.06950307637453079,0.025763513520359993,76.76874542236328,0.07054542750120163,0.05801459401845932,0.05580638721585274,0.05795678496360779,0.05606718361377716
733,0.02586604282259941,76.94017028808594,0.06935631483793259,0.026354152709245682,76.82079315185547,0.07057420164346695,0.05787643417716026,0.05574682727456093,0.05795733258128166,0.05561596527695656
734,0.026473820209503174,77.12407684326172,0.06944460421800613,0.025843093171715736,76.78585052490234,0.07055450230836868,0.05800718069076538,0.05581386014819145,0.057925187051296234,0.05561230704188347
735,0.02577229216694832,77.35897827148438,0.06955643743276596,0.02578127197921276,76.95057678222656,0.07063532620668411,0.05826517567038536,0.05581922456622124,0.058001402765512466,0.05621497705578804
736,0.025784213095903397,76.84561920166016,0.06931100785732269,0.025870079174637794,76.62374877929688,0.07047652453184128,0.05786094814538956,0.05573718994855881,0.0579218789935112,0.05557714402675629
737,0.025863580405712128,76.98033142089844,0.06937570124864578,0.02582070231437683,76.76251983642578,0.07054134458303452,0.05790818855166435,0.0559164397418499,0.058002542704343796,0.05566045269370079
738,0.02586362138390541,77.35659790039062,0.06955574452877045,0.025978628545999527,76.84088134765625,0.07058361917734146,0.058117784559726715,0.055742379277944565,0.05796610191464424,0.05621309578418732
739,0.026175469160079956,77.00981140136719,0.06939038634300232,0.026303274556994438,76.95613098144531,0.0706421509385109,0.05815254896879196,0.05571931228041649,0.05797252804040909,0.055575840175151825
740,0.025838151574134827,76.8999252319336,0.06933761388063431,0.025722330436110497,76.67951202392578,0.07050111144781113,0.057933516800403595,0.05584057420492172,0.057931218296289444,0.05565015599131584
741,0.025744901970028877,77.16637420654297,0.06946501135826111,0.025709744542837143,76.71796417236328,0.07052061706781387,0.058032866567373276,0.055806875228881836,0.05796501412987709,0.05604061484336853
742,0.025891510769724846,76.89122772216797,0.06933372467756271,0.026522735133767128,76.89995574951172,0.070614293217659,0.0580005943775177,0.05571567639708519,0.05795713886618614,0.05559537932276726
743,0.026223333552479744,76.97223663330078,0.0693727508187294,0.02575632743537426,76.78015899658203,0.07055114209651947,0.05805967375636101,0.05585869401693344,0.05792305991053581,0.05558979883790016
744,0.025711514055728912,77.32230377197266,0.06953959912061691,0.025758059695363045,76.75812530517578,0.07054262608289719,0.0581669807434082,0.05572321638464928,0.05798105150461197,0.05626486614346504
745,0.025751236826181412,76.71371459960938,0.06924820691347122,0.025923822075128555,76.52020263671875,0.0704270601272583,0.057795703411102295,0.0556982047855854,0.057900700718164444,0.055487483739852905
746,0.026001397520303726,76.86776733398438,0.06932228803634644,0.025995861738920212,76.61963653564453,0.07047418504953384,0.05785607174038887,0.05574629083275795,0.05797849968075752,0.05551445856690407
747,0.025766028091311455,77.38262176513672,0.06956744194030762,0.025654932484030724,76.65180969238281,0.07048807293176651,0.05804356560111046,0.055771730840206146,0.0579717792570591,0.056362584233284
748,0.025746088474988937,76.68379974365234,0.06923405826091766,0.026277359575033188,76.61387634277344,0.07047456502914429,0.05779189616441727,0.05568709596991539,0.0579068660736084,0.0554606132209301
749,0.02611537277698517,76.95329284667969,0.0693637877702713,0.025936184450984,76.81158447265625,0.07056868821382523,0.058148350566625595,0.05576525256037712,0.05794001743197441,0.055636193603277206
750,0.025718994438648224,77.05084228515625,0.06941007077693939,0.025633957237005234,76.63526153564453,0.07047896832227707,0.057998914271593094,0.05582423880696297,0.05792441964149475,0.055995792150497437
751,0.02564203552901745,76.74917602539062,0.06926536560058594,0.025659993290901184,76.35317993164062,0.07034210860729218,0.05772329121828079,0.05570128560066223,0.057930514216423035,0.055603988468647
752,0.025715649127960205,76.90542602539062,0.069340281188488,0.025680502876639366,76.40536499023438,0.07036431133747101,0.057672496885061264,0.055823300033807755,0.05800390988588333,0.05572560057044029
753,0.02606315165758133,76.86196899414062,0.06931956112384796,0.025669792667031288,76.24705505371094,0.0702894777059555,0.05758075788617134,0.055695872753858566,0.05804426595568657,0.0554526187479496
754,0.026021301746368408,77.41417694091797,0.06958158314228058,0.025745630264282227,76.39391326904297,0.07036205381155014,0.05777100846171379,0.05569211393594742,0.05795471742749214,0.056346286088228226
755,0.025668084621429443,76.54708862304688,0.06916828453540802,0.025613095611333847,76.2359619140625,0.07028521597385406,0.057646315544843674,0.055664848536252975,0.05779794603586197,0.0554649643599987
756,0.025706181302666664,76.87333679199219,0.06932508945465088,0.025787780061364174,76.44975280761719,0.07038524001836777,0.05769319459795952,0.05584489554166794,0.057926882058382034,0.05579197034239769
757,0.025842588394880295,76.82595825195312,0.06930287182331085,0.025695886462926865,76.31221008300781,0.07032213360071182,0.057700518518686295,0.0556916669011116,0.057941921055316925,0.05564039945602417
758,0.025763534009456635,76.85929870605469,0.06931880861520767,0.02582833543419838,76.53943634033203,0.07043350487947464,0.05787006393074989,0.05578557029366493,0.05792878195643425,0.0557560920715332
759,0.025713622570037842,76.84765625,0.06931321322917938,0.025610309094190598,76.5121841430664,0.07041747868061066,0.05788131803274155,0.05584495887160301,0.05788904428482056,0.0558106005191803
760,0.025941461324691772,76.86715698242188,0.06932274997234344,0.025618212297558784,76.26534271240234,0.07029978930950165,0.05772804468870163,0.05565671995282173,0.057902734726667404,0.05570022016763687
761,0.025704894214868546,76.71636962890625,0.06925037503242493,0.02589140646159649,76.46097564697266,0.07039587199687958,0.05780521035194397,0.05573045462369919,0.057953156530857086,0.05557249113917351
762,0.02584303356707096,76.94326782226562,0.06935924291610718,0.025576641783118248,76.6473617553711,0.07048414647579193,0.05802592635154724,0.05592519789934158,0.05792347714304924,0.05586595833301544
763,0.025745511054992676,76.81690216064453,0.06929872930049896,0.02556714415550232,76.26142883300781,0.07029764354228973,0.05777224898338318,0.055650800466537476,0.05785834416747093,0.05579407140612602
764,0.025641081854701042,76.63388061523438,0.06921074539422989,0.025804614648222923,76.33463287353516,0.07033431529998779,0.05775120481848717,0.055668652057647705,0.05793875455856323,0.05551799386739731
765,0.026121841743588448,76.81153106689453,0.06929631531238556,0.025636374950408936,76.57283020019531,0.07044952362775803,0.05800751596689224,0.055828213691711426,0.05790816619992256,0.055571600794792175
766,0.025641420856118202,77.06938934326172,0.06941965222358704,0.02561875246465206,76.39013671875,0.07036276161670685,0.05796648934483528,0.05562793090939522,0.057888828217983246,0.056177668273448944
767,0.025612609460949898,76.48458862304688,0.06913895905017853,0.025731956586241722,76.23771667480469,0.07028841227293015,0.05772555619478226,0.05561461299657822,0.057866159826517105,0.05540885776281357
768,0.02572576515376568,76.65501403808594,0.06922115385532379,0.02576185204088688,76.39397430419922,0.0703621655702591,0.05778154730796814,0.05577081814408302,0.057966187596321106,0.05550742149353027
769,0.02562314085662365,77.14057159423828,0.06945323199033737,0.02574719488620758,76.41452026367188,0.07037518918514252,0.057970453053712845,0.055617183446884155,0.057920604944229126,0.056271031498909
770,0.025885334238409996,76.54681396484375,0.06916938722133636,0.026286378502845764,76.48026275634766,0.07041057199239731,0.05783018842339516,0.05560541898012161,0.057855650782585144,0.055388811975717545
771,0.025743642821907997,76.58348083496094,0.06918701529502869,0.025627676397562027,76.29655456542969,0.0703149065375328,0.05780700221657753,0.05568863824009895,0.05788500979542732,0.05549708753824234
772,0.025565044954419136,76.94522094726562,0.06936010718345642,0.025540364906191826,76.4104995727539,0.07037074118852615,0.05800166353583336,0.05569779500365257,0.057920489460229874,0.056060515344142914
773,0.02572079747915268,76.53021240234375,0.06916159391403198,0.026308925822377205,76.47654724121094,0.07040814310312271,0.05785141512751579,0.055586714297533035,0.05787430703639984,0.05545094236731529
774,0.02597026713192463,76.61530303955078,0.06920254975557327,0.025610366836190224,76.3479995727539,0.07034029811620712,0.057884663343429565,0.05570892617106438,0.057864684611558914,0.0554698146879673
775,0.025543270632624626,77.033935546875,0.06940262764692307,0.025604333728551865,76.43228149414062,0.07038374990224838,0.05810119956731796,0.05561301112174988,0.05792956054210663,0.05619172751903534
776,0.025621110573410988,76.41063690185547,0.06910388171672821,0.025860514491796494,76.24059295654297,0.07029137760400772,0.057761698961257935,0.05557979270815849,0.05783979967236519,0.055381711572408676
777,0.025819597765803337,76.5518569946289,0.06917192041873932,0.025697940960526466,76.28131103515625,0.07030828297138214,0.05781470984220505,0.05566558614373207,0.05789881944656372,0.05543731525540352
778,0.025539539754390717,77.04792022705078,0.06940900534391403,0.02560618706047535,76.35933685302734,0.07034801691770554,0.05803436413407326,0.055598460137844086,0.057920075953006744,0.056239400058984756
779,0.025706810876727104,76.41466522216797,0.06910611689090729,0.02619275636970997,76.37200164794922,0.07035756856203079,0.057817909866571426,0.05556831881403923,0.05784473568201065,0.05535716563463211
780,0.025763314217329025,76.53990173339844,0.06916648149490356,0.025635024532675743,76.3193130493164,0.07032687216997147,0.05789888650178909,0.05568170174956322,0.05787266418337822,0.0554935485124588
781,0.0255162101238966,76.87325286865234,0.0693259909749031,0.025506939738988876,76.35088348388672,0.07034260034561157,0.0580502450466156,0.05563695356249809,0.05790239945054054,0.05605265125632286
782,0.025645535439252853,76.41552734375,0.06910666823387146,0.026199612766504288,76.35601806640625,0.07034952193498611,0.05782635137438774,0.055553365498781204,0.05785257741808891,0.055401481688022614
783,0.02594037726521492,76.53565979003906,0.06916463375091553,0.025578875094652176,76.28716278076172,0.07031114399433136,0.05790850147604942,0.05567223206162453,0.05784417316317558,0.055447403341531754
784,0.02549191191792488,76.9370346069336,0.06935656815767288,0.025570625439286232,76.38439178466797,0.07036089152097702,0.05813716724514961,0.05558238551020622,0.057915203273296356,0.0561503991484642
785,0.02556852623820305,76.32841491699219,0.06906469166278839,0.025813788175582886,76.16065979003906,0.07025255262851715,0.05776263400912285,0.05554648116230965,0.057826679199934006,0.055359017103910446
786,0.025776419788599014,76.47301483154297,0.06913439929485321,0.025632377713918686,76.23224639892578,0.07028447091579437,0.05784708261489868,0.05565280094742775,0.0578746423125267,0.055426713079214096
787,0.025489594787359238,76.94505310058594,0.06936030834913254,0.025595856830477715,76.32411193847656,0.07033170014619827,0.05808187276124954,0.05556213855743408,0.05790390074253082,0.056189414113759995
788,0.025674257427453995,76.33936309814453,0.06907028704881668,0.026138940826058388,76.30829620361328,0.07032690197229385,0.05784334987401962,0.055535588413476944,0.05783258378505707,0.05533284693956375
789,0.025710290297865868,76.45425415039062,0.06912575662136078,0.025561390444636345,76.24930572509766,0.07029277831315994,0.057910893112421036,0.055663708597421646,0.05785178020596504,0.055474456399679184
790,0.025466429069638252,76.78487396240234,0.06928408145904541,0.025487763807177544,76.28874969482422,0.07031314820051193,0.05807292461395264,0.05559225752949715,0.057887088507413864,0.056020788848400116
791,0.025643711909651756,76.3460464477539,0.06907369196414948,0.026169439777731895,76.3112564086914,0.07032839208841324,0.05786574259400368,0.05552137643098831,0.057840496301651,0.05536962300539017
792,0.025830840691924095,76.43077087402344,0.06911462545394897,0.025510312989354134,76.20414733886719,0.07027046382427216,0.057891763746738434,0.05566331371665001,0.057828355580568314,0.05542437359690666
793,0.02545096166431904,76.8569564819336,0.06931876391172409,0.02556842751801014,76.32398986816406,0.07033228129148483,0.05814926698803902,0.0555427186191082,0.05790046602487564,0.056125279515981674
794,0.02555089257657528,76.25343322753906,0.06902909278869629,0.02581799402832985,76.10555267333984,0.07022630423307419,0.05777284502983093,0.05551379919052124,0.05781351029872894,0.055328380316495895
795,0.025720369070768356,76.38753509521484,0.06909377872943878,0.025554554536938667,76.1563949584961,0.07024746388196945,0.05784868076443672,0.05563914030790329,0.05785156413912773,0.05541137233376503
796,0.02544507384300232,76.8432388305664,0.06931216269731522,0.025578344240784645,76.2708511352539,0.07030637562274933,0.058103252202272415,0.05553031340241432,0.05789059028029442,0.05613590404391289
797,0.025640815496444702,76.26441955566406,0.06903471052646637,0.026053978130221367,76.21648406982422,0.07028228789567947,0.05784441903233528,0.055502939969301224,0.057818349450826645,0.05531148612499237
798,0.02565782703459263,76.3623275756836,0.06908195465803146,0.025494471192359924,76.14561462402344,0.07024205476045609,0.057874467223882675,0.055644869804382324,0.05783427879214287,0.055442534387111664
799,0.025423459708690643,76.71442413330078,0.06925079971551895,0.025487612932920456,76.21469116210938,0.07027795165777206,0.058070920407772064,0.05554712563753128,0.05787128210067749,0.05601038038730621
800,0.025645507499575615,76.27774810791016,0.06904138624668121,0.02608298324048519,76.2405014038086,0.07029429823160172,0.05789428949356079,0.055490005761384964,0.05782768502831459,0.05533796548843384
801,0.025696735829114914,76.33531188964844,0.06906919926404953,0.025441834703087807,76.1260986328125,0.07023212313652039,0.05786848068237305,0.05566798895597458,0.05781969428062439,0.055419038981199265
802,0.02542155422270298,76.7305908203125,0.06925883889198303,0.025544362142682076,76.22325897216797,0.0702834203839302,0.05810633301734924,0.05551394075155258,0.05786970630288124,0.056048788130283356
803,0.0255589596927166,76.20832061767578,0.06900802254676819,0.02585429884493351,76.09676361083984,0.0702228993177414,0.05783092975616455,0.05548098310828209,0.057810086756944656,0.055317915976047516
804,0.025664836168289185,76.31954193115234,0.06906170397996902,0.025452401489019394,76.13611602783203,0.07023748010396957,0.057897359132766724,0.055666420608758926,0.05782751739025116,0.05542205646634102
805,0.02541053481400013,76.71031188964844,0.06924931704998016,0.0255427248775959,76.1917495727539,0.07026832550764084,0.058097224682569504,0.05549858137965202,0.057867880910634995,0.05604403093457222
806,0.025573689490556717,76.18470001220703,0.06899678707122803,0.02589706890285015,76.08587646484375,0.07021815329790115,0.0578254833817482,0.055470000952482224,0.057803940027952194,0.055300455540418625
807,0.025641243904829025,76.27960968017578,0.06904266029596329,0.0254367608577013,76.06477355957031,0.07020260393619537,0.05785033851861954,0.05564083531498909,0.0578199066221714,0.055402304977178574
808,0.02539563924074173,76.68709564208984,0.06923830509185791,0.02553645335137844,76.17572784423828,0.07026065140962601,0.05810273811221123,0.05549218878149986,0.05786486715078354,0.05603983625769615
809,0.025573501363396645,76.16486358642578,0.06898748874664307,0.025895297527313232,76.0708999633789,0.07021109759807587,0.057834357023239136,0.05545937269926071,0.057800691574811935,0.05529336631298065
810,0.02561017870903015,76.2509536743164,0.06902901828289032,0.02541552111506462,76.03514099121094,0.07018812745809555,0.057841695845127106,0.0556371808052063,0.05781472101807594,0.05540003627538681
811,0.0253849308937788,76.64151000976562,0.06921660900115967,0.025517834350466728,76.13383483886719,0.07024013251066208,0.05807957798242569,0.05548495799303055,0.0578542985022068,0.05601048469543457
812,0.025570884346961975,76.15005493164062,0.06898053735494614,0.025889916345477104,76.05941772460938,0.07020565122365952,0.05784938111901283,0.05544888973236084,0.05779964104294777,0.05529261380434036
813,0.02559071034193039,76.229248046875,0.06901879608631134,0.025390971451997757,76.02462768554688,0.07018297910690308,0.05784955248236656,0.05564499273896217,0.05780915915966034,0.05540252849459648
814,0.025375710800290108,76.5986557006836,0.06919629871845245,0.025501782074570656,76.09613037109375,0.07022180408239365,0.05806347355246544,0.05547487735748291,0.05784474313259125,0.055982768535614014
815,0.02554928883910179,76.12493896484375,0.06896863132715225,0.025852907449007034,76.02391815185547,0.0701882541179657,0.05784571170806885,0.05543907731771469,0.0577954538166523,0.05528991296887398
816,0.025583678856492043,76.20747375488281,0.06900851428508759,0.0253746397793293,76.01315307617188,0.07017749547958374,0.05785632133483887,0.055648498237133026,0.057804662734270096,0.055397599935531616
817,0.02536715194582939,76.57429504394531,0.06918483972549438,0.025497538968920708,76.07093048095703,0.0702098086476326,0.05806202441453934,0.05546151474118233,0.057839322835206985,0.05597526207566261
818,0.02552224136888981,76.09075927734375,0.0689522996544838,0.025809481739997864,75.97474670410156,0.07016414403915405,0.0578266903758049,0.0554291307926178,0.057788100093603134,0.05527990683913231
819,0.025572383776307106,76.1817855834961,0.06899631768465042,0.02536609210073948,75.98700714111328,0.07016488164663315,0.05785093083977699,0.055640120059251785,0.05780135467648506,0.055387742817401886
820,0.025355717167258263,76.55580139160156,0.06917615979909897,0.025495996698737144,76.05004119873047,0.07019989937543869,0.05806392431259155,0.055449582636356354,0.05783650651574135,0.055974703282117844
821,0.025509150698781013,76.06039428710938,0.06893785297870636,0.02579321898519993,75.93902587890625,0.07014680653810501,0.05781390145421028,0.0554187186062336,0.05778127908706665,0.05526763200759888
822,0.025553029030561447,76.15164947509766,0.06898196041584015,0.025356221944093704,75.94666290283203,0.07014525681734085,0.057832688093185425,0.055625684559345245,0.057797033339738846,0.05537645146250725
823,0.02534310147166252,76.53192901611328,0.06916484236717224,0.025490744039416313,76.02555847167969,0.07018809020519257,0.058059968054294586,0.05544039607048035,0.057832472026348114,0.05596892163157463
824,0.02550426498055458,76.03656768798828,0.06892656534910202,0.025790560990571976,75.91679382324219,0.0701361671090126,0.05781283229589462,0.055408500134944916,0.05777651071548462,0.05525854974985123
825,0.02553049474954605,76.12373352050781,0.06896871328353882,0.02534138225018978,75.91365814208984,0.07012917846441269,0.05782072991132736,0.05561726167798042,0.05779203772544861,0.055370621383190155
826,0.025330891832709312,76.49685668945312,0.06914816796779633,0.025476491078734398,75.99175262451172,0.07017160952091217,0.05804607272148132,0.05543261393904686,0.05782528966665268,0.05595092475414276
827,0.025498390197753906,76.01656341552734,0.06891714781522751,0.02578446827828884,75.89833068847656,0.07012730091810226,0.057817816734313965,0.05539867281913757,0.05777331441640854,0.05525395646691322
828,0.02551289275288582,76.0997543334961,0.06895735114812851,0.025323403999209404,75.89359283447266,0.07011941820383072,0.05781995505094528,0.05561688914895058,0.05778655409812927,0.05536862462759018
829,0.025320254266262054,76.45988464355469,0.06913062185049057,0.02546084113419056,75.9574203491211,0.07015489786863327,0.058032989501953125,0.05542362481355667,0.05781742185354233,0.05593007430434227
830,0.025482872501015663,75.99276733398438,0.06890584528446198,0.025762129575014114,75.87000274658203,0.07011350244283676,0.05781632289290428,0.055389318615198135,0.05776924639940262,0.05524962767958641
831,0.025501249358057976,76.07776641845703,0.0689469575881958,0.02530759572982788,75.87934112548828,0.07011257112026215,0.057824183255434036,0.05561837926506996,0.057781659066677094,0.05536576360464096
832,0.025310128927230835,76.42893981933594,0.06911598145961761,0.0254503320902586,75.928466796875,0.07014095038175583,0.05802648141980171,0.055412739515304565,0.0578107051551342,0.055915575474500656
833,0.025464218109846115,75.96564483642578,0.06889292597770691,0.025735093280673027,75.83680725097656,0.07009733468294144,0.05781044811010361,0.05537981167435646,0.057764019817113876,0.055242884904146194
834,0.025489183142781258,76.05531311035156,0.0689363181591034,0.0252945926040411,75.86268615722656,0.07010460644960403,0.057827744632959366,0.05561576038599014,0.05777693912386894,0.055362068116664886
835,0.025297872722148895,76.39871215820312,0.06910164654254913,0.025439659133553505,75.90132141113281,0.07012788206338882,0.05802208185195923,0.055402252823114395,0.05780463665723801,0.05590243637561798
836,0.025451332330703735,75.94036102294922,0.06888091564178467,0.02571828104555607,75.81039428710938,0.0700845792889595,0.057809289544820786,0.05537010356783867,0.05775922164320946,0.05523548275232315
837,0.025475192815065384,76.03177642822266,0.06892514228820801,0.025280924513936043,75.84254455566406,0.07009492814540863,0.05782913789153099,0.05561068654060364,0.057771600782871246,0.05535837635397911
838,0.02528437413275242,76.36627197265625,0.0690862387418747,0.025426793843507767,75.874755859375,0.07011508196592331,0.05801859125494957,0.05539282411336899,0.05779854580760002,0.05588692054152489
839,0.025441357865929604,75.91752624511719,0.06887006759643555,0.02570490725338459,75.78907775878906,0.07007434219121933,0.05781319737434387,0.05536050349473953,0.05775522068142891,0.055229175835847855
840,0.025460954755544662,76.00877380371094,0.06891421973705292,0.025265902280807495,75.82429504394531,0.07008615136146545,0.05783231928944588,0.05560703203082085,0.05776594951748848,0.05535581335425377
841,0.025271113961935043,76.33125305175781,0.06906957924365997,0.025411713868379593,75.84611511230469,0.07010122388601303,0.05801304429769516,0.055383600294589996,0.05779170244932175,0.05586836859583855
842,0.025430602952837944,75.89578247070312,0.0688597708940506,0.025689098984003067,75.76892852783203,0.07006467133760452,0.057819537818431854,0.05535130947828293,0.057751644402742386,0.05522448197007179
843,0.02544756606221199,75.9881591796875,0.06890447437763214,0.0252505112439394,75.8112564086914,0.07007995247840881,0.0578407347202301,0.05560561642050743,0.05776037275791168,0.05535616725683212
844,0.0252578966319561,76.29206848144531,0.06905088573694229,0.025392476469278336,75.81246948242188,0.07008484750986099,0.058002498000860214,0.05537448450922966,0.0577835850417614,0.05584541708230972
845,0.025419136509299278,75.8752670288086,0.06885003298521042,0.0256735198199749,75.75192260742188,0.07005652040243149,0.057829491794109344,0.05534270033240318,0.057748615741729736,0.055221281945705414
846,0.025436414405703545,75.97117614746094,0.06889647245407104,0.025234978646039963,75.80663299560547,0.07007790356874466,0.057858604937791824,0.05560614541172981,0.05775503069162369,0.055360253900289536
847,0.025243433192372322,76.24773406982422,0.06902971863746643,0.02536686323583126,75.77246856689453,0.07006529718637466,0.05798594281077385,0.05536560341715813,0.05777409300208092,0.05581725761294365
848,0.02540602721273899,75.85550689697266,0.0688406378030777,0.025657912716269493,75.73748779296875,0.07004962116479874,0.057842254638671875,0.0553346611559391,0.05774591490626335,0.0552196241915226
849,0.025429420173168182,75.9581298828125,0.06889034062623978,0.025219785049557686,75.809814453125,0.07007968425750732,0.05788581818342209,0.05560769513249397,0.057750243693590164,0.05536715313792229
850,0.025228293612599373,76.19898986816406,0.06900633126497269,0.02533361315727234,75.71885681152344,0.07003889977931976,0.057954996824264526,0.05535632744431496,0.0577627532184124,0.0557849146425724
851,0.025385672226548195,75.83385467529297,0.06883027404546738,0.025645649060606956,75.7221450805664,0.0700422078371048,0.0578516460955143,0.055327363312244415,0.05774348974227905,0.05521860718727112
852,0.025432942435145378,75.95675659179688,0.06888983398675919,0.02520778216421604,75.83968353271484,0.0700947567820549,0.05794565752148628,0.05561145767569542,0.05774909630417824,0.05538159981369972
853,0.025210080668330193,76.1436538696289,0.06897978484630585,0.025288477540016174,75.64786529541016,0.07000378519296646,0.05790601298213005,0.05534673109650612,0.05775025859475136,0.055745892226696014
854,0.025348296388983727,75.80290222167969,0.06881538033485413,0.02563202567398548,75.68306732177734,0.07002295553684235,0.05782952159643173,0.05532004311680794,0.05773933604359627,0.055214572697877884
855,0.02546796202659607,75.97027587890625,0.06889653950929642,0.025203512981534004,75.90779876708984,0.0701289102435112,0.05805316939949989,0.055615462362766266,0.05775359645485878,0.055395424365997314
856,0.025191061198711395,76.09358215332031,0.0689556822180748,0.02523924969136715,75.55708312988281,0.06995876878499985,0.05783404782414436,0.05533501133322716,0.05773747339844704,0.055714234709739685
857,0.025265365839004517,75.75027465820312,0.06878983974456787,0.025552423670887947,75.54639434814453,0.06995491683483124,0.057705964893102646,0.055311884731054306,0.05773704871535301,0.05519985035061836
858,0.025545507669448853,75.99285888671875,0.06890753656625748,0.025227654725313187,75.9959487915039,0.07017319649457932,0.05817991495132446,0.05561397597193718,0.05776384100317955,0.05539458617568016
859,0.02517450414597988,76.07323455810547,0.06894584745168686,0.0252118818461895,75.4808349609375,0.06992097198963165,0.0577724315226078,0.05532221123576164,0.05773065611720085,0.05571630224585533
860,0.02518915757536888,75.70109558105469,0.06876587867736816,0.025407886132597923,75.38585662841797,0.06987474858760834,0.05757948011159897,0.0553014874458313,0.05774051323533058,0.05517970025539398
861,0.02550973929464817,75.93213653564453,0.06887802481651306,0.02530999295413494,75.83731842041016,0.07009526342153549,0.05798650532960892,0.05557100102305412,0.05776505172252655,0.05534220486879349
862,0.02517954632639885,76.13955688476562,0.0689777135848999,0.025270268321037292,75.50554656982422,0.06993409991264343,0.057814743369817734,0.05530313774943352,0.05773507431149483,0.0558161735534668
863,0.025250645354390144,75.66583251953125,0.06874904781579971,0.02565637230873108,75.49773406982422,0.0699320137500763,0.05765863135457039,0.05527873709797859,0.05771501734852791,0.05514052137732506
864,0.02544476091861725,75.88042449951172,0.06885316222906113,0.025266598910093307,75.7522201538086,0.07005350291728973,0.05795193091034889,0.05552472919225693,0.057738400995731354,0.05534423515200615
865,0.025152871385216713,76.06592559814453,0.06894226372241974,0.02522127330303192,75.5177993774414,0.06993967294692993,0.057857997715473175,0.05531636252999306,0.05773688480257988,0.055743925273418427
866,0.02525172382593155,75.66578674316406,0.0687490925192833,0.025636956095695496,75.4978256225586,0.06993215531110764,0.05769151821732521,0.05527161434292793,0.05771015211939812,0.05516223609447479
867,0.025496141985058784,75.82788848876953,0.06882783770561218,0.025219202041625977,75.70027923583984,0.07002788037061691,0.05793258920311928,0.0555107556283474,0.05771345645189285,0.055286046117544174
868,0.025139229372143745,76.10235595703125,0.06895983219146729,0.02526913583278656,75.55799102783203,0.06996080279350281,0.057934362441301346,0.05528790503740311,0.057741615921258926,0.05580946058034897
869,0.025221407413482666,75.61173248291016,0.06872288137674332,0.025490928441286087,75.40328979492188,0.06988532841205597,0.057656317949295044,0.055260661989450455,0.057693686336278915,0.05513213947415352
870,0.025383466854691505,75.78514862060547,0.06880699098110199,0.025215372443199158,75.63414764404297,0.06999528408050537,0.05787670239806175,0.05549486353993416,0.05772070586681366,0.05528941750526428
871,0.025130273774266243,76.10955810546875,0.06896337866783142,0.025303585454821587,75.60254669189453,0.06998340040445328,0.05800485983490944,0.05527803674340248,0.05776618793606758,0.05581376329064369
872,0.025302832946181297,75.6072769165039,0.06872086226940155,0.025628233328461647,75.46407318115234,0.06991671025753021,0.0577048659324646,0.05524919182062149,0.05768543481826782,0.05510910227894783
873,0.02535509131848812,75.70217895507812,0.06876682490110397,0.025166913866996765,75.42927551269531,0.06989375501871109,0.05769191309809685,0.05543786287307739,0.05769705772399902,0.055225249379873276
874,0.025127224624156952,76.08597564697266,0.068951815366745,0.025356588885188103,75.64120483398438,0.07000284641981125,0.0580504946410656,0.05527786538004875,0.05774402618408203,0.05582185089588165
875,0.025341186672449112,75.64794921875,0.06874081492424011,0.025606239214539528,75.57161712646484,0.06997005641460419,0.057881053537130356,0.05524296686053276,0.057712677866220474,0.05513621121644974
876,0.02524757571518421,75.72286987304688,0.0687769204378128,0.02513108029961586,75.48138427734375,0.0699196383357048,0.05778779834508896,0.05544523522257805,0.057700853794813156,0.05531862750649452
877,0.025104515254497528,75.87189483642578,0.068848617374897,0.02516818605363369,75.40132141113281,0.0698821172118187,0.05780147761106491,0.05530567839741707,0.05770789459347725,0.05559108033776283
878,0.02535194531083107,75.70206451416016,0.0687669962644577,0.0256708562374115,75.67972564697266,0.07002325356006622,0.0580025315284729,0.05525593087077141,0.05773191899061203,0.05520836263895035
879,0.025298185646533966,75.74505615234375,0.0687878280878067,0.025096461176872253,75.54241943359375,0.06994888931512833,0.0578266903758049,0.05552517995238304,0.05770047381520271,0.055343832820653915
880,0.025115467607975006,75.81996154785156,0.06882353872060776,0.025148460641503334,75.24357604980469,0.06980417668819427,0.05765072628855705,0.055266495794057846,0.05768998712301254,0.05554458871483803
881,0.02516881562769413,75.60108184814453,0.068717822432518,0.025593610480427742,75.42957305908203,0.06989791244268417,0.05770047754049301,0.05527422949671745,0.05772845819592476,0.0551765076816082
882,0.025443587452173233,75.95661926269531,0.06888984888792038,0.02512701228260994,75.64835357666016,0.07000299543142319,0.058035653084516525,0.05545899644494057,0.05777738615870476,0.0555054247379303
883,0.02509164623916149,75.65650177001953,0.06874442100524902,0.025073470547795296,75.0865707397461,0.06972496956586838,0.0574914924800396,0.05526142939925194,0.057642724364995956,0.05539100989699364
884,0.02507517673075199,75.61392974853516,0.06872369349002838,0.025129804387688637,75.08695220947266,0.0697251707315445,0.057449378073215485,0.05528431758284569,0.05775030329823494,0.05523281544446945
885,0.025164466351270676,75.78343200683594,0.0688060075044632,0.025643179193139076,75.4841079711914,0.06992363184690475,0.05769616365432739,0.0553608313202858,0.05773095786571503,0.055466458201408386
886,0.025555353611707687,75.63485717773438,0.06873437762260437,0.02516043744981289,75.24739074707031,0.06980611383914948,0.05767342448234558,0.05527544766664505,0.05764010176062584,0.05515407770872116
887,0.025103377178311348,75.8987808227539,0.06886079162359238,0.025097304955124855,75.1458511352539,0.06975550204515457,0.05759661644697189,0.05525066331028938,0.05768756568431854,0.055699482560157776
888,0.025103311985731125,75.45793151855469,0.06864835321903229,0.025445671752095222,75.17517852783203,0.06977260112762451,0.057526376098394394,0.05520438030362129,0.05769066512584686,0.05507723242044449
889,0.025226283818483353,75.71678161621094,0.06877393275499344,0.02524818666279316,75.47090911865234,0.06991549581289291,0.05778008699417114,0.05546131357550621,0.05772365257143974,0.05537029355764389
890,0.025076311081647873,75.76136779785156,0.06879522651433945,0.025090286508202553,75.21939086914062,0.06979183852672577,0.057691145688295364,0.05527469143271446,0.05767339468002319,0.05555613711476326
891,0.025128522887825966,75.50364685058594,0.06867063790559769,0.025603368878364563,75.27800750732422,0.0698239728808403,0.05761077627539635,0.055206239223480225,0.057677533477544785,0.055163100361824036
892,0.025564365088939667,75.6158447265625,0.06872529536485672,0.025150323286652565,75.36180877685547,0.06986241042613983,0.05778708681464195,0.055359065532684326,0.05764508247375488,0.05515449866652489
893,0.025049936026334763,75.9360580444336,0.06887932866811752,0.025200603529810905,75.357421875,0.06986306607723236,0.05790669471025467,0.05520955100655556,0.05770401656627655,0.055789265781641006
894,0.025086838752031326,75.37833404541016,0.06860975921154022,0.02529396302998066,75.09191131591797,0.06973189860582352,0.05753784626722336,0.055180590599775314,0.05764510855078697,0.05504894256591797
895,0.025127917528152466,75.56694793701172,0.06870121508836746,0.02515229396522045,75.25714111328125,0.06980927288532257,0.05760081857442856,0.05542391538619995,0.057734858244657516,0.05522222816944122
896,0.02505623549222946,75.89631652832031,0.06886034458875656,0.02534806914627552,75.37112426757812,0.06986992061138153,0.05786970257759094,0.055215440690517426,0.05771496519446373,0.05573917552828789
897,0.025423256680369377,75.48342895507812,0.06866101175546646,0.025527844205498695,75.2752914428711,0.06982479989528656,0.05770823732018471,0.0551694817841053,0.05764942616224289,0.0550437867641449
898,0.02512156032025814,75.49077606201172,0.06866443157196045,0.025036169216036797,75.14678955078125,0.06975381821393967,0.0575421042740345,0.05539894476532936,0.05766093358397484,0.05521049350500107
899,0.025063732638955116,75.74853515625,0.06878898292779922,0.025208668783307076,75.18389129638672,0.06977594643831253,0.057680096477270126,0.05523304268717766,0.0576934888958931,0.05556774139404297
900,0.0252290740609169,75.50423431396484,0.06867120414972305,0.02555651031434536,75.36295318603516,0.06986689567565918,0.05780218914151192,0.05519874766469002,0.057678427547216415,0.055162254720926285
901,0.02515743300318718,75.58131408691406,0.06870844215154648,0.025038233026862144,75.28717803955078,0.06982439011335373,0.05774439498782158,0.0554034598171711,0.05766354501247406,0.05533561855554581
902,0.02503081224858761,75.58967590332031,0.06871219724416733,0.02506599947810173,75.04965209960938,0.06970874220132828,0.057593490928411484,0.055216748267412186,0.05765145644545555,0.05541936680674553
903,0.025143548846244812,75.46499633789062,0.06865207105875015,0.025687813758850098,75.3148422241211,0.06984300166368484,0.057694219052791595,0.05520067363977432,0.0576879158616066,0.05515599995851517
904,0.025375250726938248,75.58149719238281,0.06870879232883453,0.02504800446331501,75.40342712402344,0.06988225877285004,0.05785876512527466,0.055462829768657684,0.05765784904360771,0.0552520826458931
905,0.025024430826306343,75.6835708618164,0.06875762343406677,0.025098713114857674,75.07656860351562,0.06972355395555496,0.05767056345939636,0.05517568439245224,0.057641152292490005,0.05557738244533539
906,0.025046706199645996,75.33502197265625,0.06858880817890167,0.025319857522845268,75.03948211669922,0.06970593333244324,0.05753988400101662,0.055160559713840485,0.05765831843018532,0.055060528218746185
907,0.025224126875400543,75.58641052246094,0.06871091574430466,0.025103937834501266,75.43730163574219,0.06989973038434982,0.05790296569466591,0.055456481873989105,0.057688888162374496,0.05531778186559677
908,0.0250142402946949,75.63523864746094,0.0687342956662178,0.025066031143069267,75.05546569824219,0.06971283257007599,0.05767177417874336,0.05517622455954552,0.05764176324009895,0.05553027614951134
909,0.025130081921815872,75.34880065917969,0.06859567016363144,0.025679076090455055,75.2101821899414,0.0697924867272377,0.05764603614807129,0.05514005944132805,0.05765501409769058,0.05505886673927307
910,0.025310436263680458,75.51527404785156,0.06867672502994537,0.025057749822735786,75.37409210205078,0.06986848264932632,0.057873692363500595,0.05543553829193115,0.05764826014637947,0.05523157864809036
911,0.024991579353809357,75.65916442871094,0.06874588131904602,0.02511294186115265,75.11729431152344,0.06974448263645172,0.05776546150445938,0.0551605150103569,0.05764724686741829,0.055584121495485306
912,0.025061504915356636,75.28939056396484,0.06856672465801239,0.025343384593725204,75.04702758789062,0.06971064954996109,0.05759703367948532,0.055134572088718414,0.05763011425733566,0.05504864454269409
913,0.025231461971998215,75.49942016601562,0.06866884231567383,0.02505735494196415,75.40001678466797,0.06988179683685303,0.057943034917116165,0.05541599914431572,0.057656995952129364,0.055254045873880386
914,0.02498352900147438,75.62395477294922,0.06872882694005966,0.02508159913122654,75.08684539794922,0.06972945481538773,0.057764288038015366,0.05514984577894211,0.05764545127749443,0.05555478855967522
915,0.02510698325932026,75.28125762939453,0.06856280565261841,0.025486614555120468,75.1265640258789,0.06975124031305313,0.057671647518873215,0.05511901155114174,0.057627491652965546,0.05503286421298981
916,0.025263579562306404,75.49784851074219,0.0686681866645813,0.025037553161382675,75.44297790527344,0.06990351527929306,0.05804009363055229,0.0554005466401577,0.05765228718519211,0.05525560677051544
917,0.024968475103378296,75.55313873291016,0.06869447231292725,0.02503817155957222,75.00837707519531,0.06969017535448074,0.05769922584295273,0.05514426901936531,0.05762917920947075,0.055495623499155045
918,0.02500058524310589,75.2420425415039,0.0685434490442276,0.02522672899067402,74.9129638671875,0.069643534719944,0.057512883096933365,0.055120907723903656,0.057629842311143875,0.05504319444298744
919,0.02529308758676052,75.51355743408203,0.06867565214633942,0.025085467845201492,75.5424575805664,0.06995338946580887,0.05816365405917168,0.05540662258863449,0.05767152085900307,0.055258918553590775
920,0.02496955730021,75.55370330810547,0.06869465857744217,0.025017792358994484,74.926025390625,0.06964928656816483,0.05763000622391701,0.055126938968896866,0.057624656707048416,0.05551408976316452
921,0.02496057190001011,75.19808959960938,0.06852197647094727,0.025228479877114296,74.82831573486328,0.06960155069828033,0.057429708540439606,0.05510365962982178,0.05764085426926613,0.05500241369009018
922,0.025291524827480316,75.47261810302734,0.06865567713975906,0.025181323289871216,75.39116668701172,0.06987866014242172,0.057962801307439804,0.05537588521838188,0.05766793340444565,0.055222105234861374
923,0.024968117475509644,75.5715103149414,0.06870310008525848,0.025042729452252388,74.93183135986328,0.06965240836143494,0.05764954909682274,0.05512020364403725,0.05761713534593582,0.05556368827819824
924,0.02498362585902214,75.1666030883789,0.06850679218769073,0.02538451738655567,74.90328979492188,0.0696399062871933,0.05749291926622391,0.05508945509791374,0.05761430040001869,0.05498968064785004
925,0.025261467322707176,75.45543670654297,0.0686473622918129,0.025133943185210228,75.36152648925781,0.06986437737941742,0.058002643287181854,0.055330224335193634,0.0576494000852108,0.055246502161026
926,0.024954836815595627,75.46417999267578,0.06865108758211136,0.02499302104115486,74.88410949707031,0.06962801516056061,0.057613518089056015,0.055130425840616226,0.05760274827480316,0.055452462285757065
927,0.024934859946370125,75.17443084716797,0.06851039081811905,0.025173893198370934,74.79058837890625,0.06958246976137161,0.057440757751464844,0.05509836599230766,0.05762413889169693,0.05503200367093086
928,0.025308914482593536,75.47179412841797,0.06865512579679489,0.02514493465423584,75.3717041015625,0.06986980140209198,0.05804554373025894,0.05531039088964462,0.05766761675477028,0.05524169281125069
929,0.024959523230791092,75.44157409667969,0.06863988190889359,0.024966610595583916,74.76671600341797,0.06956956535577774,0.05750569701194763,0.0551070012152195,0.057581812143325806,0.05545319616794586
930,0.02490858919918537,75.14078521728516,0.06849388778209686,0.025169620290398598,74.71134948730469,0.06954311579465866,0.057366933673620224,0.05508101359009743,0.05765095353126526,0.054981838911771774
931,0.02519686333835125,75.46649169921875,0.06865227967500687,0.025294287130236626,75.23157501220703,0.06980039924383163,0.05783059075474739,0.05528713017702103,0.05767234414815903,0.05530291795730591
932,0.024973241612315178,75.3605728149414,0.06860063225030899,0.02492840774357319,74.75149536132812,0.06956055015325546,0.05748090147972107,0.05514475703239441,0.05756319686770439,0.055372416973114014
933,0.024908509105443954,75.16832733154297,0.06850718706846237,0.025032568722963333,74.64726257324219,0.06951011717319489,0.057348430156707764,0.05509009584784508,0.057633958756923676,0.05505666881799698
934,0.025236615911126137,75.42942810058594,0.06863415986299515,0.025515958666801453,75.14701080322266,0.06976018846035004,0.057750534266233444,0.05516156554222107,0.05766862630844116,0.055246707051992416
935,0.0250268392264843,75.28559112548828,0.0685642883181572,0.024927500635385513,74.80647277832031,0.06958595663309097,0.05746440961956978,0.055258460342884064,0.05754890292882919,0.05527576804161072
936,0.024945596233010292,75.25375366210938,0.06854861974716187,0.024989882484078407,74.6245346069336,0.06949863582849503,0.0573577918112278,0.05508610978722572,0.05762186646461487,0.05518873780965805
937,0.024963978677988052,75.24479675292969,0.06854463368654251,0.025554919615387917,74.9985122680664,0.06968572735786438,0.05754002183675766,0.055172890424728394,0.057639606297016144,0.055162012577056885
938,0.025219498202204704,75.3797836303711,0.06861010938882828,0.02501724101603031,74.92803192138672,0.06964945793151855,0.0576857291162014,0.055173542350530624,0.057597167789936066,0.055279411375522614
939,0.024922270327806473,75.24314880371094,0.0685432106256485,0.024908805266022682,74.61681365966797,0.06949399411678314,0.05739264562726021,0.055094145238399506,0.057549167424440384,0.055278100073337555
940,0.02489270642399788,75.1390609741211,0.06849279254674911,0.025093311443924904,74.63811492919922,0.0695057362318039,0.05735118314623833,0.05508597567677498,0.05764733627438545,0.055046215653419495
941,0.0252238716930151,75.40149688720703,0.0686202272772789,0.025174038484692574,74.9747543334961,0.0696735829114914,0.057712066918611526,0.05515597388148308,0.05763383209705353,0.055285628885030746
942,0.02494381181895733,75.23297882080078,0.06853821873664856,0.024896293878555298,74.61661529541016,0.06949315220117569,0.05739586800336838,0.05511249974370003,0.05753053352236748,0.05529022961854935
943,0.024889115244150162,75.10799407958984,0.068477563560009,0.0250422153621912,74.58364868164062,0.06947874277830124,0.05733733996748924,0.055063553154468536,0.05762498453259468,0.05504174530506134
944,0.02507723495364189,75.30473327636719,0.06857330352067947,0.025361360982060432,74.97244262695312,0.06967274844646454,0.05764290690422058,0.05515668913722038,0.05762282758951187,0.055248357355594635
945,0.025015857070684433,75.17713928222656,0.06851137429475784,0.024892810732126236,74.75475311279297,0.06956104189157486,0.05750303715467453,0.05521605163812637,0.05753866583108902,0.05518878996372223
946,0.024994824081659317,75.26851654052734,0.06855525076389313,0.024973394349217415,74.54159545898438,0.06945817172527313,0.05735393613576889,0.05503805726766586,0.057595666497945786,0.055259548127651215
947,0.024973100051283836,75.09980773925781,0.06847386062145233,0.02561349794268608,74.886474609375,0.06963114440441132,0.05749506503343582,0.05508701130747795,0.057621799409389496,0.05501754209399223
948,0.025083716958761215,75.35095977783203,0.0685955211520195,0.024986350908875465,74.87384796142578,0.06962228566408157,0.05768132582306862,0.05517302080988884,0.057593751698732376,0.055361516773700714
949,0.024874025955796242,75.0738296508789,0.06846079230308533,0.024910153821110725,74.56851196289062,0.06947056204080582,0.05740987882018089,0.05506167933344841,0.05752788484096527,0.05513563007116318
950,0.024868832901120186,75.13487243652344,0.06849024444818497,0.02490798942744732,74.56201171875,0.06946640461683273,0.057367973029613495,0.055102862417697906,0.0576026625931263,0.05515319108963013
951,0.02510727010667324,75.2313003540039,0.06853751838207245,0.025921685621142387,75.07473754882812,0.06972629576921463,0.05766681209206581,0.05504998564720154,0.05761752277612686,0.05516751483082771
952,0.02513633854687214,75.05005645751953,0.06844957917928696,0.024890419095754623,74.69828796386719,0.06953353434801102,0.05748499184846878,0.055195100605487823,0.05751911923289299,0.055004995316267014
953,0.02491082437336445,75.36988830566406,0.06860405951738358,0.025045111775398254,74.68749237060547,0.06953190267086029,0.0575709342956543,0.055024124681949615,0.05757419019937515,0.055502999573946
954,0.024932440370321274,74.9432601928711,0.06839726120233536,0.025302747264504433,74.70404815673828,0.06954118609428406,0.057498570531606674,0.055007465183734894,0.05755551904439926,0.05491427332162857
955,0.024980269372463226,75.21074676513672,0.06852731108665466,0.02499113604426384,74.96954345703125,0.06966954469680786,0.0577794685959816,0.05524429306387901,0.057596348226070404,0.05524690821766853
956,0.02486465498805046,75.14118957519531,0.06849341094493866,0.024957502260804176,74.70791625976562,0.06954082101583481,0.05761469155550003,0.05506214499473572,0.05755337327718735,0.05524726212024689
957,0.024932675063610077,75.00830841064453,0.06842873245477676,0.02512388490140438,74.71450805664062,0.06954493373632431,0.05757158622145653,0.05504395440220833,0.05755046382546425,0.05503271147608757
958,0.025214282795786858,75.05386352539062,0.06845104694366455,0.02490200474858284,74.90248107910156,0.06963575631380081,0.057746898382902145,0.05523836612701416,0.05753457173705101,0.054987043142318726
959,0.02490033581852913,75.3667984008789,0.06860242784023285,0.02506651170551777,74.73506927490234,0.06955718249082565,0.05769452452659607,0.05498557537794113,0.0575401671230793,0.05556446686387062
960,0.024876343086361885,74.84237670898438,0.06834757328033447,0.025122029706835747,74.53221893310547,0.06945563852787018,0.057408008724451065,0.054976679384708405,0.05752848461270332,0.0548541285097599
961,0.02489754557609558,75.0779037475586,0.06846217066049576,0.02499224804341793,74.82220458984375,0.069595567882061,0.05759637802839279,0.05525924637913704,0.05761454626917839,0.05510846897959709
962,0.024983305484056473,75.48958587646484,0.06866136938333511,0.025098532438278198,74.63356018066406,0.06950575858354568,0.05756472796201706,0.054974354803562164,0.057731762528419495,0.055513232946395874
963,0.02487241104245186,74.7782974243164,0.06831605732440948,0.024869117885828018,74.32766723632812,0.06935130804777145,0.057258766144514084,0.054972853511571884,0.057436536997556686,0.05487664416432381
964,0.02498949132859707,75.18238830566406,0.06851176172494888,0.024830931797623634,74.29496765136719,0.06933359801769257,0.057220447808504105,0.05498978868126869,0.057575393468141556,0.055253781378269196
965,0.024933714419603348,74.92938995361328,0.0683899074792862,0.025644689798355103,74.6486587524414,0.06951314955949783,0.057342011481523514,0.05499221757054329,0.057585034519433975,0.054923418909311295
966,0.025004038587212563,75.17632293701172,0.0685095563530922,0.025067374110221863,74.64239501953125,0.06950795650482178,0.05753764510154724,0.05505484342575073,0.05753466859459877,0.05530513450503349
967,0.024838728830218315,74.90972900390625,0.06837987899780273,0.02492186427116394,74.4351577758789,0.06940440833568573,0.057375963777303696,0.055001262575387955,0.05748962238430977,0.05505140870809555
968,0.02481597103178501,75.01422119140625,0.06843042373657227,0.024868980050086975,74.45782470703125,0.06941407918930054,0.057366907596588135,0.05507311969995499,0.05755466967821121,0.05515189468860626
969,0.024849265813827515,75.00556945800781,0.0684264525771141,0.025373190641403198,74.6962890625,0.06953570246696472,0.05750856548547745,0.05503523722290993,0.05755211040377617,0.0551324337720871
970,0.02528284303843975,75.02690124511719,0.0684371069073677,0.024942684918642044,74.7081298828125,0.0695406049489975,0.057694315910339355,0.05506031587719917,0.05750786140561104,0.055001091212034225
971,0.024816181510686874,75.1181411743164,0.0684804692864418,0.024880947545170784,74.46995544433594,0.06942189484834671,0.05747430399060249,0.05498984083533287,0.05751137435436249,0.05535311996936798
972,0.024808425456285477,74.79927825927734,0.06832554191350937,0.025104286149144173,74.4114990234375,0.06939399987459183,0.0573333315551281,0.05495434254407883,0.05754294991493225,0.05487392470240593
973,0.024906674399971962,75.06205749511719,0.06845355778932571,0.025019574910402298,74.79621887207031,0.06958252936601639,0.05763933062553406,0.0552300326526165,0.05757686868309975,0.055185019969940186
974,0.024825548753142357,75.05776977539062,0.06845136731863022,0.024922192096710205,74.5789566040039,0.06947609037160873,0.057598043233156204,0.05500921979546547,0.05752056464552879,0.055273666977882385
975,0.024947768077254295,74.83150482177734,0.06834123283624649,0.025266114622354507,74.58614349365234,0.06948204338550568,0.05752233788371086,0.05494494363665581,0.05749974399805069,0.05491509288549423
976,0.025139642879366875,74.80690002441406,0.06832919269800186,0.02486281469464302,74.49211120605469,0.06943073123693466,0.0574212409555912,0.05511151999235153,0.057467635720968246,0.05483400449156761
977,0.024854710325598717,75.3936996459961,0.0686139166355133,0.025185104459524155,74.88882446289062,0.06963424384593964,0.0579892136156559,0.05493096634745598,0.05756177008152008,0.055689290165901184
978,0.024835579097270966,74.68596649169922,0.0682699903845787,0.025093549862504005,74.41883850097656,0.06939896196126938,0.05741313099861145,0.05492022633552551,0.05747636407613754,0.054793667048215866
979,0.024802211672067642,74.87357330322266,0.06836099922657013,0.02492091991007328,74.45475769042969,0.06941197067499161,0.05736907199025154,0.05510253086686134,0.0575777068734169,0.054988518357276917
980,0.024861663579940796,75.23683166503906,0.0685373842716217,0.025231653824448586,74.78317260742188,0.0695793479681015,0.057797908782958984,0.05497556924819946,0.057611335068941116,0.055441662669181824
981,0.024895591661334038,74.69529724121094,0.06827416270971298,0.025020524859428406,74.32810974121094,0.06935233622789383,0.05734190344810486,0.0549142025411129,0.05743880569934845,0.05483629181981087
982,0.024890759959816933,74.80599975585938,0.0683279037475586,0.024806255474686623,74.43639373779297,0.06940076500177383,0.05733109638094902,0.05518442019820213,0.05750614404678345,0.054944805800914764
983,0.024964123964309692,75.15635681152344,0.06849808990955353,0.025104623287916183,74.41477966308594,0.06939537078142166,0.05742504447698593,0.05492271110415459,0.05752559006214142,0.05537259206175804
984,0.02485397644340992,74.74247741699219,0.06829696893692017,0.025279494002461433,74.529541015625,0.06945256143808365,0.05748122185468674,0.054947853088378906,0.05749750882387161,0.05488099902868271
985,0.024860292673110962,75.0162353515625,0.06842991709709167,0.024992186576128006,74.65792083740234,0.06951460987329483,0.05769345164299011,0.05504867061972618,0.0575302354991436,0.05524583160877228
986,0.0247900802642107,74.7652587890625,0.06830766052007675,0.024923617020249367,74.36250305175781,0.06936761736869812,0.057422589510679245,0.05494838207960129,0.057459425181150436,0.05499608442187309
987,0.024782845750451088,74.84075927734375,0.0683441087603569,0.024816716089844704,74.39157104492188,0.06937983632087708,0.05741669982671738,0.05505196005105972,0.05749385431408882,0.05508142709732056
988,0.024751577526330948,74.86636352539062,0.06835639476776123,0.024858862161636353,74.3639144897461,0.0693671703338623,0.057430583983659744,0.05498284101486206,0.057488396763801575,0.05514127388596535
989,0.025312401354312897,75.02999877929688,0.06843609362840652,0.02499822899699211,74.6468505859375,0.06951086968183517,0.05780204385519028,0.054930638521909714,0.05758215859532356,0.05499621853232384
990,0.02475951425731182,74.79480743408203,0.06832115352153778,0.0247877836227417,74.19328308105469,0.06928133964538574,0.05727789178490639,0.05494440346956253,0.05742291361093521,0.05511071905493736
991,0.0247274748980999,74.72613525390625,0.06828760355710983,0.024881413206458092,74.18203735351562,0.06927628070116043,0.057237688452005386,0.05493124574422836,0.05750691518187523,0.054943621158599854
992,0.024754535406827927,74.86387634277344,0.06835469603538513,0.025036368519067764,74.40836334228516,0.06938878446817398,0.05738864094018936,0.055032532662153244,0.05751268193125725,0.05513424426317215
993,0.024902408942580223,74.83551025390625,0.0683409795165062,0.025099745020270348,74.48291015625,0.06942788511514664,0.0575500950217247,0.054940517991781235,0.05746947601437569,0.05506960302591324
994,0.024821996688842773,74.75077056884766,0.06829936802387238,0.024759236723184586,74.30086517333984,0.06933332234621048,0.05737198144197464,0.05503218621015549,0.05743368715047836,0.055032093077898026
995,0.02482498623430729,74.84966278076172,0.06834695488214493,0.024847988039255142,74.11915588378906,0.06924492120742798,0.05722234770655632,0.054896000772714615,0.05750914663076401,0.0550847165286541
996,0.024874212220311165,74.74858856201172,0.06829836219549179,0.025710279121994972,74.61341094970703,0.06949328631162643,0.057445503771305084,0.05496778339147568,0.057522084563970566,0.054919276386499405
997,0.0248890221118927,74.94059753417969,0.06839144229888916,0.024882469326257706,74.41556549072266,0.06939227879047394,0.05753662437200546,0.054983288049697876,0.057473357766866684,0.05524354428052902
998,0.024731725454330444,74.63091278076172,0.06824033707380295,0.02486380748450756,74.17282104492188,0.06927159428596497,0.05730248615145683,0.05489710718393326,0.0574161671102047,0.05493684113025665
999,0.024730868637561798,74.74549865722656,0.06829587370157242,0.02480201981961727,74.23495483398438,0.06930043548345566,0.057317089289426804,0.05500490218400955,0.05747992917895317,0.055044908076524734
