epoch,cotBeta_mae_metric,loss,slim_rmse_metric,val_cotBeta_mae_metric,val_loss,val_slim_rmse_metric,val_x_mae_metric,val_y_mae_metric,x_mae_metric,y_mae_metric
0,0.1889471709728241,2042.3385009765625,0.3545449376106262,0.1030881479382515,692.7755737304688,0.21839797496795654,0.1799098402261734,0.20956654846668243,0.31874212622642517,0.34006568789482117
1,0.08515451848506927,483.3427734375,0.1778707355260849,0.07410090416669846,350.91546630859375,0.15495412051677704,0.11927511543035507,0.14012934267520905,0.13710252940654755,0.16939976811408997
2,0.07006781548261642,285.2995300292969,0.13640102744102478,0.06559472531080246,226.3164825439453,0.12383478134870529,0.10298547893762589,0.09450186789035797,0.10968305915594101,0.11360989511013031
3,0.06356658041477203,206.74948120117188,0.1157921701669693,0.060526419430971146,184.9722442626953,0.11154570430517197,0.09108076244592667,0.08344227820634842,0.09600537270307541,0.08763401955366135
4,0.0588090755045414,175.62838745117188,0.10640871524810791,0.05621905252337456,162.31663513183594,0.10418783128261566,0.08339563757181168,0.07818038016557693,0.08635017275810242,0.08006685227155685
5,0.05464934557676315,157.29847717285156,0.10045695304870605,0.052519433200359344,148.04898071289062,0.0992744043469429,0.07886885106563568,0.07487138360738754,0.08058122545480728,0.07590905576944351
6,0.05116977542638779,145.09239196777344,0.09628854691982269,0.0493859127163887,137.89215087890625,0.09562834352254868,0.07580268383026123,0.07251973450183868,0.07699771970510483,0.07316992431879044
7,0.04821401089429855,135.93882751464844,0.09304157644510269,0.04665539041161537,129.88473510742188,0.09265575557947159,0.07343549281358719,0.07067705690860748,0.0743960589170456,0.07114186882972717
8,0.04561685770750046,128.4727783203125,0.09030687808990479,0.044247180223464966,123.17676544189453,0.09009069949388504,0.07145675271749496,0.06911023706197739,0.07229497283697128,0.06948636472225189
9,0.04333525523543358,122.10893249511719,0.08790821582078934,0.042140305042266846,117.40233612060547,0.08782213181257248,0.0697321966290474,0.06772104650735855,0.07048552483320236,0.06804686039686203
10,0.04136854410171509,116.5949935913086,0.08577480912208557,0.040328893810510635,112.35137176513672,0.08578724414110184,0.06819034367799759,0.0664537250995636,0.06889025121927261,0.06675362586975098
11,0.039693474769592285,111.78089141845703,0.08386677503585815,0.03877410665154457,107.88043975830078,0.08394409716129303,0.06677091866731644,0.06527338176965714,0.06746473908424377,0.06557527929544449
12,0.03825351968407631,107.48968505859375,0.08212903141975403,0.03742333874106407,103.87509155273438,0.08225786685943604,0.0654536709189415,0.06417015194892883,0.06613676249980927,0.06447718292474747
13,0.036990124732255936,103.59115600585938,0.08051877468824387,0.0362292043864727,100.2204360961914,0.0806887224316597,0.06421135365962982,0.06311284005641937,0.06487539410591125,0.06343691796064377
14,0.03586169332265854,100.00627899169922,0.07900974154472351,0.03515822812914848,96.83560180664062,0.07920870929956436,0.06302165240049362,0.0620998740196228,0.06367205083370209,0.06243343651294708
15,0.034848280251026154,96.68629455566406,0.0775868371129036,0.034193601459264755,93.68864440917969,0.07780905067920685,0.06187117472290993,0.061121974140405655,0.06252013891935349,0.061466436833143234
16,0.03394058346748352,93.62696075439453,0.07625214755535126,0.03333376720547676,90.79081726074219,0.07649888098239899,0.06076892837882042,0.06020357832312584,0.06142023950815201,0.060549426823854446
17,0.03313540667295456,90.83948516845703,0.07501576095819473,0.032570432871580124,88.15840911865234,0.07529126107692719,0.059728290885686874,0.05936794728040695,0.060377996414899826,0.059695687144994736
18,0.032423701137304306,88.3252182006836,0.07388348132371902,0.03189847618341446,85.79790496826172,0.07419329881668091,0.05877600982785225,0.05861115828156471,0.05940030887722969,0.05891183391213417
19,0.03179124742746353,86.07308197021484,0.07285449653863907,0.03130333870649338,83.6837158203125,0.07319699227809906,0.057903267443180084,0.057917144149541855,0.05849356949329376,0.05819528177380562
20,0.031226374208927155,84.06594848632812,0.07192521542310715,0.03076581284403801,81.76545715332031,0.0722818374633789,0.057090241461992264,0.057266026735305786,0.05765903368592262,0.05754404515028
21,0.030718667432665825,82.30082702636719,0.07109768688678741,0.030271021649241447,80.00631713867188,0.0714324489235878,0.056334011256694794,0.056648265570402145,0.05691596493124962,0.05696270242333412
22,0.030262280255556107,80.74092864990234,0.07035812735557556,0.029825355857610703,78.44380187988281,0.0706697404384613,0.055652547627687454,0.056092459708452225,0.05625474825501442,0.05643390491604805
23,0.029845554381608963,79.30532836914062,0.06967093795537949,0.029424725100398064,77.04894256591797,0.06998229771852493,0.05503024905920029,0.05558539181947708,0.05562509596347809,0.05592986196279526
24,0.029468005523085594,77.99779510498047,0.06903897225856781,0.029063668102025986,75.78719329833984,0.06935440748929977,0.05445760115981102,0.05511874333024025,0.055038221180438995,0.055456213653087616
25,0.029127513989806175,76.81161499023438,0.06846030056476593,0.028735579922795296,74.63822174072266,0.06877760589122772,0.053933918476104736,0.05468059703707695,0.054499875754117966,0.055014003068208694
26,0.02881789579987526,75.7240219116211,0.06792543083429337,0.02843623422086239,73.58523559570312,0.06824474036693573,0.053451474756002426,0.05426390841603279,0.05400409176945686,0.05459390953183174
27,0.028536329045891762,74.71875762939453,0.06742747128009796,0.0281636081635952,72.61412048339844,0.06774959713220596,0.05300521478056908,0.053864382207393646,0.05354377254843712,0.054189953953027725
28,0.02828008495271206,73.78459167480469,0.06696145981550217,0.02791540138423443,71.7147216796875,0.06728727370500565,0.052591193467378616,0.053480468690395355,0.053115617483854294,0.05380043387413025
29,0.028045503422617912,72.91313934326172,0.06652378290891647,0.027687013149261475,70.8758544921875,0.06685292720794678,0.05220786854624748,0.05311140790581703,0.05271589383482933,0.05342354625463486
30,0.027829021215438843,72.0949478149414,0.06611037999391556,0.027477029711008072,70.09017944335938,0.06644324213266373,0.05185184255242348,0.052752815186977386,0.05234154313802719,0.05305882543325424
31,0.027628805488348007,71.3243179321289,0.06571879237890244,0.027283811941742897,69.3512954711914,0.0660553127527237,0.051520753651857376,0.05240572243928909,0.051990408450365067,0.05270491912961006
32,0.027442269027233124,70.5955581665039,0.0653463751077652,0.027104634791612625,68.65510559082031,0.06568718701601028,0.05121134966611862,0.05206969380378723,0.05166022479534149,0.0523613877594471
33,0.02726716361939907,69.90514373779297,0.06499158591032028,0.026938023045659065,67.9973373413086,0.06533689051866531,0.050923045724630356,0.05174826830625534,0.05135023966431618,0.05202793329954147
34,0.0271019097417593,69.25072479248047,0.06465328484773636,0.026782644912600517,67.37565612792969,0.06500338762998581,0.05065377429127693,0.051438141614198685,0.05105898529291153,0.05170475319027901
35,0.02694590762257576,68.62873077392578,0.06432979553937912,0.026637032628059387,66.7883529663086,0.06468606740236282,0.050402186810970306,0.05113912373781204,0.050784192979335785,0.051391828805208206
36,0.02679833583533764,68.03662109375,0.06402017921209335,0.026499630883336067,66.23099517822266,0.06438300758600235,0.05016572028398514,0.05085116624832153,0.05052540451288223,0.051088668406009674
37,0.0266577061265707,67.471923828125,0.06372348964214325,0.02636883035302162,65.70120239257812,0.06409328430891037,0.049944765865802765,0.05057359114289284,0.05028139427304268,0.050795216113328934
38,0.02652355097234249,66.93177795410156,0.06343849748373032,0.026244377717375755,65.19595336914062,0.06381570547819138,0.04973694682121277,0.05030684918165207,0.05005050078034401,0.05051105096936226
39,0.0263950377702713,66.41419219970703,0.0631643682718277,0.02612549252808094,64.71353912353516,0.0635494515299797,0.04954089969396591,0.05004908889532089,0.049832120537757874,0.050236377865076065
40,0.0262723620980978,65.91779327392578,0.06290045380592346,0.02601127326488495,64.25238037109375,0.0632936879992485,0.0493541955947876,0.04980115219950676,0.04962487891316414,0.04997081682085991
41,0.026154227554798126,65.44075012207031,0.06264585256576538,0.025900691747665405,63.81093978881836,0.06304789334535599,0.049177009612321854,0.04956331476569176,0.04942716285586357,0.049714211374521255
42,0.026040177792310715,64.98124694824219,0.06239975988864899,0.025794077664613724,63.38802719116211,0.06281144917011261,0.049009770154953,0.04933491721749306,0.04923836886882782,0.04946628957986832
43,0.025930041447281837,64.53854370117188,0.06216181442141533,0.025690386071801186,62.98208236694336,0.0625835731625557,0.04885157570242882,0.0491144135594368,0.04905807599425316,0.04922642186284065
44,0.025822577998042107,64.11186981201172,0.06193161755800247,0.025589043274521828,62.5917854309082,0.062363624572753906,0.04870022460818291,0.04890358820557594,0.04888609051704407,0.048994533717632294
45,0.02571733295917511,63.6989860534668,0.06170813366770744,0.02549019083380699,62.21542739868164,0.06215089559555054,0.0485554002225399,0.04870139807462692,0.048721663653850555,0.04877001792192459
46,0.02561437152326107,63.299293518066406,0.06149103865027428,0.025393903255462646,61.85209274291992,0.0619448721408844,0.0484151616692543,0.04850718751549721,0.04856429249048233,0.04855292662978172
47,0.025513513013720512,62.911956787109375,0.061279986053705215,0.02529868669807911,61.50037384033203,0.06174493581056595,0.04827909916639328,0.048319458961486816,0.04841262474656105,0.04834340885281563
48,0.02541401982307434,62.53556823730469,0.06107436120510101,0.025204185396432877,61.15907669067383,0.061550531536340714,0.048146750777959824,0.048138327896595,0.04826679453253746,0.048139750957489014
49,0.025315258651971817,62.169578552246094,0.06087380647659302,0.025110766291618347,60.8277587890625,0.06136127561330795,0.048017024993896484,0.04796372726559639,0.04812619090080261,0.04794253036379814
50,0.02521730773150921,61.81317138671875,0.06067792698740959,0.02501785196363926,60.5050163269043,0.061176639050245285,0.04789053276181221,0.047794196754693985,0.047990284860134125,0.04775118827819824
51,0.0251202080398798,61.46563720703125,0.06048644706606865,0.02492501027882099,60.19076156616211,0.06099659577012062,0.047767192125320435,0.04762943834066391,0.047858141362667084,0.047566007822752
52,0.02502407878637314,61.126869201660156,0.06029941514134407,0.024833979085087776,59.88410186767578,0.06082075834274292,0.04764552041888237,0.04746990650892258,0.047729745507240295,0.047386251389980316
53,0.024928873404860497,60.796226501464844,0.060116469860076904,0.02474335767328739,59.58436965942383,0.060648687183856964,0.04752589017152786,0.047314710915088654,0.04760533943772316,0.04721187427639961
54,0.024834107607603073,60.473602294921875,0.05993751063942909,0.02465379238128662,59.29180145263672,0.06048039346933365,0.04740864038467407,0.04716318100690842,0.04748443514108658,0.04704252630472183
55,0.024740252643823624,60.15888977050781,0.05976245924830437,0.024565424770116806,59.00634765625,0.060315974056720734,0.047292765229940414,0.04701661318540573,0.04736674949526787,0.04687771946191788
56,0.024647181853652,59.851348876953125,0.059591107070446014,0.024477815255522728,58.72704315185547,0.06015503406524658,0.047178227454423904,0.04687395319342613,0.04725142568349838,0.04671774432063103
57,0.02455465868115425,59.551246643066406,0.059423595666885376,0.024391207844018936,58.45382308959961,0.05999745801091194,0.04706423357129097,0.04673570767045021,0.04713866114616394,0.04656302183866501
58,0.02446240745484829,59.25798416137695,0.059259653091430664,0.024305328726768494,58.18691635131836,0.05984348803758621,0.04695185646414757,0.04660213738679886,0.04702821746468544,0.04641300439834595
59,0.024370474740862846,58.971519470214844,0.05909927561879158,0.024220215156674385,57.926273345947266,0.05969294533133507,0.04684067890048027,0.04647325724363327,0.04692013934254646,0.046267375349998474
60,0.02427905797958374,58.69233703613281,0.05894256383180618,0.024135610088706017,57.67206954956055,0.05954562872648239,0.0467304103076458,0.046348053961992264,0.046814072877168655,0.04612533375620842
61,0.024187961593270302,58.42034149169922,0.058789465576410294,0.02405155636370182,57.42350769042969,0.05940128490328789,0.04662126675248146,0.046225640922784805,0.04671051353216171,0.045986853539943695
62,0.024097098037600517,58.154808044433594,0.058639705181121826,0.023967653512954712,57.180511474609375,0.05926006659865379,0.04651353135704994,0.04610682651400566,0.04660899192094803,0.04585167020559311
63,0.02400728315114975,57.89594650268555,0.05849352478981018,0.023885082453489304,56.944183349609375,0.05912259221076965,0.0464075542986393,0.0459926463663578,0.046509161591529846,0.04572103172540665
64,0.02391870692372322,57.64435577392578,0.05835108458995819,0.02380436845123768,56.71466064453125,0.05898874253034592,0.046303749084472656,0.045882079750299454,0.046411480754613876,0.04559459909796715
65,0.023831473663449287,57.399532318115234,0.05821211263537407,0.023724934086203575,56.49106216430664,0.058858130127191544,0.04620135575532913,0.04577508568763733,0.046315714716911316,0.04547179117798805
66,0.023745451122522354,57.16141128540039,0.05807667225599289,0.023647833615541458,56.27365493774414,0.058730896562337875,0.046100351959466934,0.045671671628952026,0.04622141271829605,0.04535340145230293
67,0.023660819977521896,56.929649353027344,0.05794451758265495,0.02357158064842224,56.061161041259766,0.05860610678792,0.046000830829143524,0.0455690436065197,0.04612869769334793,0.04523822292685509
68,0.023577140644192696,56.70439529418945,0.057815730571746826,0.023496834561228752,55.85545349121094,0.05848509073257446,0.04590318724513054,0.04547053202986717,0.04603784531354904,0.04512599855661392
69,0.023495063185691833,56.485233306884766,0.057690225541591644,0.023424729704856873,55.65524673461914,0.05836714059114456,0.04580659046769142,0.04537456855177879,0.045948345214128494,0.04501710832118988
70,0.023414943367242813,56.27199935913086,0.05756783485412598,0.023354006931185722,55.459781646728516,0.058251846581697464,0.0457114651799202,0.04527953639626503,0.04586024582386017,0.044911086559295654
71,0.023336447775363922,56.06410217285156,0.057448308914899826,0.023283956572413445,55.26862716674805,0.058138925582170486,0.04561737924814224,0.04518553242087364,0.04577364772558212,0.04480763524770737
72,0.023259880021214485,55.86174774169922,0.057331718504428864,0.023215290158987045,55.082767486572266,0.058028947561979294,0.045524392277002335,0.04509458690881729,0.04568758234381676,0.04470757767558098
73,0.023184817284345627,55.66482162475586,0.05721796676516533,0.02314755693078041,54.90230941772461,0.05792201682925224,0.04543343558907509,0.045006245374679565,0.045602720230817795,0.044610291719436646
74,0.023111319169402122,55.472862243652344,0.057106953114271164,0.02308119460940361,54.72657012939453,0.05781775340437889,0.045343924313783646,0.044920679181814194,0.045519307255744934,0.04451512545347214
75,0.023039374500513077,55.28586959838867,0.056998658925294876,0.02301584556698799,54.555030822753906,0.0577160008251667,0.04525549337267876,0.0448383167386055,0.04543691873550415,0.044422879815101624
76,0.022968847304582596,55.10333251953125,0.05689283832907677,0.022951703518629074,54.38684844970703,0.05761611834168434,0.045168161392211914,0.04475652053952217,0.04535573348402977,0.04433306306600571
77,0.02290014550089836,54.92561340332031,0.056789547204971313,0.022888915613293648,54.22395324707031,0.057519134134054184,0.045082081109285355,0.04467820003628731,0.04527530074119568,0.044245749711990356
78,0.02283327840268612,54.7526741027832,0.056688785552978516,0.022826913744211197,54.064491271972656,0.05742410197854042,0.04499714821577072,0.04460112005472183,0.04519566893577576,0.044161356985569
79,0.022768191993236542,54.58332443237305,0.056589893996715546,0.022766264155507088,53.908531188964844,0.057330984622240067,0.0449134036898613,0.04452429339289665,0.04511689767241478,0.044077906757593155
80,0.02270488254725933,54.41777801513672,0.056493133306503296,0.022707287222146988,53.756168365478516,0.05724003538489342,0.044830966740846634,0.04444916918873787,0.04503918066620827,0.04399605840444565
81,0.022643333300948143,54.25592803955078,0.05639846995472908,0.022649751976132393,53.60773849487305,0.05715138837695122,0.044749680906534195,0.04437684267759323,0.04496225342154503,0.04391610249876976
82,0.022583700716495514,54.098236083984375,0.05630604550242424,0.02259347029030323,53.46315383911133,0.05706492438912392,0.04466975852847099,0.04430701956152916,0.04488668218255043,0.04383829981088638
83,0.022525964304804802,53.94371032714844,0.05621526017785072,0.022538039833307266,53.32161331176758,0.05698005110025406,0.04459182173013687,0.0442369282245636,0.0448114350438118,0.04376189783215523
84,0.022469552233815193,53.793277740478516,0.0561266727745533,0.022483529523015022,53.18394088745117,0.05689738318324089,0.04451502114534378,0.04416996240615845,0.044738370925188065,0.04368693009018898
85,0.022414762526750565,53.64611053466797,0.05603981763124466,0.022430697456002235,53.04947280883789,0.05681644007563591,0.04443954676389694,0.04410411790013313,0.04466578736901283,0.04361410811543465
86,0.022361785173416138,53.50284194946289,0.05595506727695465,0.022379746660590172,52.91935729980469,0.0567379966378212,0.044365283101797104,0.04404159262776375,0.04459445923566818,0.043543312698602676
87,0.022310342639684677,53.36265563964844,0.05587196350097656,0.022329751402139664,52.79161834716797,0.05666091665625572,0.044292282313108444,0.04397920146584511,0.044523537158966064,0.04347417131066322
88,0.02226029895246029,53.2254753112793,0.0557904876768589,0.022280042991042137,52.66518783569336,0.05658452957868576,0.04422042891383171,0.04391567036509514,0.044453587383031845,0.043406181037425995
89,0.022211255505681038,53.091148376464844,0.055710580199956894,0.022231345996260643,52.541934967041016,0.056509871035814285,0.044149693101644516,0.043853938579559326,0.0443849079310894,0.043339334428310394
90,0.02216322161257267,52.959659576416016,0.05563225597143173,0.022183293476700783,52.42084884643555,0.05643642321228981,0.04407990723848343,0.043792903423309326,0.04431714117527008,0.04327385872602463
91,0.022115975618362427,52.83064651489258,0.05555526539683342,0.022136231884360313,52.30195617675781,0.05636417120695114,0.044011421501636505,0.04373253136873245,0.04425012692809105,0.043209608644247055
92,0.022069694474339485,52.7044563293457,0.05547980219125748,0.022090274840593338,52.18553161621094,0.05629320815205574,0.04394414648413658,0.043673183768987656,0.04418416693806648,0.04314694553613663
93,0.022024627774953842,52.58072280883789,0.05540560558438301,0.022045761346817017,52.07270812988281,0.056224171072244644,0.0438784584403038,0.04361606389284134,0.04411947354674339,0.043084871023893356
94,0.021980928257107735,52.45976638793945,0.055332887917757034,0.02200211025774479,51.96110534667969,0.05615582317113876,0.043814241886138916,0.0435582734644413,0.04405594989657402,0.04302411898970604
95,0.021938506513834,52.34099197387695,0.055261433124542236,0.021959004923701286,51.85063171386719,0.056088123470544815,0.04375093802809715,0.043499939143657684,0.04399335756897926,0.04296427592635155
96,0.02189689315855503,52.22425079345703,0.055191103368997574,0.021916300058364868,51.74213409423828,0.05602157860994339,0.043689094483852386,0.04344240203499794,0.04393196105957031,0.04290497675538063
97,0.021856017410755157,52.10951232910156,0.055121880024671555,0.021874111145734787,51.63518524169922,0.055955879390239716,0.043628208339214325,0.043384846299886703,0.04387153312563896,0.042846571654081345
98,0.02181587740778923,51.99683380126953,0.055053774267435074,0.02183208055794239,51.529136657714844,0.05589059367775917,0.04356839880347252,0.04332658275961876,0.04381187632679939,0.04278906434774399
99,0.02177620679140091,51.88632583618164,0.05498690903186798,0.021790724247694016,51.42556381225586,0.055826783180236816,0.04350968450307846,0.04327034577727318,0.04375386983156204,0.04273223504424095
100,0.021737264469265938,51.77772903442383,0.05492111295461655,0.021749602630734444,51.323116302490234,0.055763568729162216,0.04345224052667618,0.043213628232479095,0.043696142733097076,0.042676959186792374
101,0.021698810160160065,51.67082214355469,0.05485626310110092,0.021709097549319267,51.22217559814453,0.05570126697421074,0.04339567944407463,0.043157435953617096,0.043639618903398514,0.04262197017669678
102,0.021661024540662766,51.565372467041016,0.054792217910289764,0.021669691428542137,51.12353515625,0.055640287697315216,0.04334014654159546,0.04310319200158119,0.043583083897829056,0.042568184435367584
103,0.021623920649290085,51.4620361328125,0.054729390889406204,0.021630804985761642,51.02659225463867,0.05558019503951073,0.043286118656396866,0.04304927960038185,0.04352809488773346,0.042515553534030914
104,0.021587127819657326,51.36014175415039,0.054667312651872635,0.02159217931330204,50.93087387084961,0.05552072450518608,0.04323304444551468,0.042995989322662354,0.04347408562898636,0.04246322065591812
105,0.021550877019762993,51.25957489013672,0.054605986922979355,0.021554451435804367,50.83713912963867,0.05546242371201515,0.04318107292056084,0.042944736778736115,0.04342036321759224,0.042411476373672485
106,0.021515117958188057,51.16081619262695,0.054545674473047256,0.021517440676689148,50.74589538574219,0.055405616760253906,0.04313010349869728,0.042896028608083725,0.04336783289909363,0.0423605777323246
107,0.021479835733771324,51.06284713745117,0.054485760629177094,0.021480681374669075,50.65449142456055,0.05534863844513893,0.04307946562767029,0.04284590482711792,0.04331526532769203,0.042310118675231934
108,0.02144523896276951,50.96632385253906,0.05442667752504349,0.02144443430006504,50.564361572265625,0.05529237911105156,0.043029580265283585,0.04279671236872673,0.04326355829834938,0.04226027429103851
109,0.02141117863357067,50.87084197998047,0.05436818674206734,0.02140876092016697,50.474830627441406,0.05523639917373657,0.042979899793863297,0.04274727776646614,0.04321174696087837,0.04221126809716225
110,0.021377531811594963,50.77681350708008,0.05431051552295685,0.021373320370912552,50.386417388916016,0.055181022733449936,0.04293113574385643,0.04269825294613838,0.04316098615527153,0.04216276481747627
111,0.021344119682908058,50.68350601196289,0.054253216832876205,0.021338200196623802,50.298641204833984,0.05512595549225807,0.042882829904556274,0.04264936223626137,0.04311039298772812,0.04211468994617462
112,0.021311068907380104,50.59151077270508,0.05419667810201645,0.021303420886397362,50.211360931396484,0.055071134120225906,0.042835112661123276,0.04260009527206421,0.04306064173579216,0.042067185044288635
113,0.021278148517012596,50.50016403198242,0.05414047837257385,0.021268634125590324,50.12421798706055,0.05501633137464523,0.0427878275513649,0.04255017638206482,0.043011374771595,0.042019784450531006
114,0.021245412528514862,50.40956497192383,0.05408468097448349,0.02123391069471836,50.037696838378906,0.05496181920170784,0.042741190642118454,0.04250028356909752,0.04296252876520157,0.04197269305586815
115,0.02121313475072384,50.32085418701172,0.054029952734708786,0.021199403330683708,49.95259094238281,0.05490811914205551,0.042695917189121246,0.0424511693418026,0.04291541129350662,0.041926201432943344
116,0.021181220188736916,50.232852935791016,0.05397552251815796,0.021165216341614723,49.86671829223633,0.05485377460718155,0.042650241404771805,0.04240032285451889,0.042868200689554214,0.04188001528382301
117,0.021149767562747,50.14488220214844,0.05392106622457504,0.021131811663508415,49.7813835144043,0.05479973927140236,0.04260474070906639,0.04234962537884712,0.04282059893012047,0.041833650320768356
118,0.02111886627972126,50.058128356933594,0.05386727303266525,0.021098893135786057,49.69721984863281,0.054746318608522415,0.0425599105656147,0.04229963570833206,0.04277355596423149,0.0417880117893219
119,0.021088242530822754,49.9721794128418,0.05381390079855919,0.021066173911094666,49.613189697265625,0.05469287186861038,0.04251576215028763,0.04224839434027672,0.04272744059562683,0.04174235463142395
120,0.021057913079857826,49.88681411743164,0.053760748356580734,0.021033653989434242,49.5296745300293,0.0546395480632782,0.042472027242183685,0.04219706729054451,0.04268179088830948,0.041696641594171524
121,0.021027809008955956,49.802371978759766,0.05370801314711571,0.021001430228352547,49.446842193603516,0.054586563259363174,0.042428892105817795,0.04214594140648842,0.04263659939169884,0.04165145009756088
122,0.020997971296310425,49.71846389770508,0.05365551635622978,0.020969409495592117,49.363563537597656,0.054533086717128754,0.04238583520054817,0.0420934297144413,0.04259153828024864,0.04160638526082039
123,0.020968321710824966,49.63542938232422,0.05360337346792221,0.02093753032386303,49.282039642333984,0.054480575025081635,0.042343638837337494,0.04204297065734863,0.04254702478647232,0.04156120866537094
124,0.020938653498888016,49.55302810668945,0.05355153977870941,0.020905951038002968,49.200862884521484,0.054428182542324066,0.04230131953954697,0.04199278727173805,0.0425025038421154,0.04151679202914238
125,0.02090924233198166,49.47149658203125,0.053500182926654816,0.020874466747045517,49.11933898925781,0.05437551811337471,0.042259011417627335,0.04194178804755211,0.04245828464627266,0.041472937911748886
126,0.020879901945590973,49.38996887207031,0.053448762744665146,0.020843258127570152,49.03759765625,0.05432262271642685,0.04221653565764427,0.041890185326337814,0.042413730174303055,0.041428886353969574
127,0.02085079625248909,49.3088264465332,0.05339747294783592,0.020812252536416054,48.95563888549805,0.054269466549158096,0.042173415422439575,0.041838210076093674,0.042368996888399124,0.041385211050510406
128,0.020821934565901756,49.22832107543945,0.05334652587771416,0.020781297236680984,48.87452697753906,0.05421675369143486,0.0421309731900692,0.0417863130569458,0.04232482239603996,0.041341520845890045
129,0.02079319953918457,49.148441314697266,0.05329587683081627,0.020750518888235092,48.793113708496094,0.054163750261068344,0.04208838939666748,0.041733477264642715,0.04228119179606438,0.04129781201481819
130,0.020764650776982307,49.06837844848633,0.05324505642056465,0.0207199864089489,48.71135330200195,0.054110411554574966,0.042044755071401596,0.04168044403195381,0.0422370508313179,0.04125393554568291
131,0.02073635160923004,48.989280700683594,0.05319473147392273,0.020689871162176132,48.630313873291016,0.05405748635530472,0.042001932859420776,0.041628096252679825,0.04219416156411171,0.041210148483514786
132,0.020708443596959114,48.91040802001953,0.053144440054893494,0.02066030539572239,48.54859924316406,0.05400397628545761,0.0419575572013855,0.04157518222928047,0.042150963097810745,0.041166484355926514
133,0.020680850371718407,48.83201217651367,0.053094349801540375,0.02063097432255745,48.46641540527344,0.05395004525780678,0.04191254824399948,0.04152154549956322,0.042107801884412766,0.041122905910015106
134,0.020653387531638145,48.75377655029297,0.053044334053993225,0.020601918920874596,48.38436508178711,0.053896088153123856,0.04186737537384033,0.04146828502416611,0.0420646071434021,0.04107935354113579
135,0.02062622644007206,48.675846099853516,0.05299437791109085,0.020573092624545097,48.30201721191406,0.053841810673475266,0.04182165116071701,0.041414711624383926,0.04202159121632576,0.041035838425159454
136,0.020599275827407837,48.59815979003906,0.05294453725218773,0.020544692873954773,48.22011184692383,0.05378778651356697,0.041775621473789215,0.041361767798662186,0.041978657245635986,0.04099229350686073
137,0.020572593435645103,48.5208740234375,0.052894845604896545,0.020516594871878624,48.137939453125,0.0537334606051445,0.04172903671860695,0.041308529675006866,0.041935522109270096,0.04094919189810753
138,0.020546235144138336,48.444175720214844,0.05284546688199043,0.020489079877734184,48.05630874633789,0.05367937311530113,0.04168223589658737,0.04125599190592766,0.04189290478825569,0.04090605303645134
139,0.020520290359854698,48.36773681640625,0.05279616266489029,0.020462168380618095,47.97486114501953,0.053625281900167465,0.041634660214185715,0.04120398685336113,0.04184988886117935,0.04086332395672798
140,0.020494740456342697,48.292091369628906,0.05274730548262596,0.020435702055692673,47.89354705810547,0.05357116833329201,0.04158656671643257,0.04115179181098938,0.04180723801255226,0.04082098230719566
141,0.020469414070248604,48.216529846191406,0.05269838497042656,0.020409831777215004,47.812496185302734,0.05351713299751282,0.04153776913881302,0.041100211441516876,0.0417642705142498,0.04077863320708275
142,0.02044449932873249,48.141456604003906,0.05264972522854805,0.020384490489959717,47.731666564941406,0.05346309766173363,0.041488874703645706,0.041048865765333176,0.04172138869762421,0.040736474096775055
143,0.020419949665665627,48.066650390625,0.05260106176137924,0.02035990171134472,47.65146255493164,0.05340931937098503,0.041440002620220184,0.04099779203534126,0.041678402572870255,0.040694333612918854
144,0.020395787432789803,47.99259948730469,0.052552830427885056,0.020335528999567032,47.57229232788086,0.05335615202784538,0.04139167442917824,0.04094738885760307,0.04163552075624466,0.04065273702144623
145,0.02037183567881584,47.91913986206055,0.052504897117614746,0.020311245694756508,47.4940071105957,0.053303517401218414,0.04134375974535942,0.04089754447340965,0.04159297049045563,0.04061146453022957
146,0.020348023623228073,47.84577941894531,0.052456993609666824,0.02028711698949337,47.41555404663086,0.05325067415833473,0.04129549115896225,0.04084717854857445,0.041549939662218094,0.04057038575410843
147,0.020324360579252243,47.77295684814453,0.052409350872039795,0.02026323415338993,47.33784103393555,0.053198281675577164,0.04124775156378746,0.04079711064696312,0.041507162153720856,0.040529437363147736
148,0.020301075652241707,47.70058822631836,0.052361905574798584,0.02023976482450962,47.26046371459961,0.05314596742391586,0.04120013862848282,0.04074695333838463,0.041464630514383316,0.04048854857683182
149,0.020278148353099823,47.62883758544922,0.052314743399620056,0.02021651901304722,47.18415832519531,0.0530942901968956,0.04115261882543564,0.04069820046424866,0.041422002017498016,0.04044816270470619
150,0.020255431532859802,47.557010650634766,0.052267469465732574,0.020193353295326233,47.10740661621094,0.05304223299026489,0.04110488295555115,0.04064837843179703,0.041378896683454514,0.040407776832580566
151,0.02023283578455448,47.486106872558594,0.052220676094293594,0.020170511677861214,47.03247833251953,0.052991289645433426,0.041058462113142014,0.040599606931209564,0.04133657366037369,0.04036764055490494
152,0.02021040953695774,47.41568374633789,0.052174028009176254,0.02014755830168724,46.9570426940918,0.052939869463443756,0.04101219028234482,0.04054870456457138,0.04129370301961899,0.040327925235033035
153,0.020188147202134132,47.34541320800781,0.052127379924058914,0.02012491412460804,46.88214111328125,0.052888691425323486,0.04096616059541702,0.040498413145542145,0.04125094786286354,0.04028782621026039
154,0.02016623690724373,47.27605056762695,0.05208120122551918,0.02010246552526951,46.807838439941406,0.052837856113910675,0.04092028737068176,0.040448568761348724,0.04120854288339615,0.04024837166070938
155,0.02014472894370556,47.20718765258789,0.05203526094555855,0.020080426707863808,46.73365020751953,0.05278701335191727,0.04087512940168381,0.04039796441793442,0.041166286915540695,0.040209099650382996
156,0.020123520866036415,47.13849639892578,0.0519893541932106,0.020058780908584595,46.65960693359375,0.05273617058992386,0.04083039239048958,0.04034703969955444,0.041124388575553894,0.040169429033994675
157,0.020102597773075104,47.06988525390625,0.05194340646266937,0.020037353038787842,46.58621597290039,0.05268564820289612,0.04078594595193863,0.040296681225299835,0.04108212888240814,0.040129899978637695
158,0.02008192054927349,47.002235412597656,0.051897965371608734,0.020016027614474297,46.5135498046875,0.052635543048381805,0.04074246063828468,0.040246088057756424,0.0410405695438385,0.04009076580405235
159,0.020061379298567772,46.93436050415039,0.05185231193900108,0.019994989037513733,46.4409065246582,0.05258539691567421,0.040698565542697906,0.04019543156027794,0.04099823907017708,0.04005176201462746
160,0.020041054114699364,46.8669319152832,0.051806867122650146,0.01997392438352108,46.36874008178711,0.05253545567393303,0.04065542295575142,0.04014432057738304,0.04095586761832237,0.04001305624842644
161,0.02002074383199215,46.79961395263672,0.05176140367984772,0.019953055307269096,46.29727554321289,0.052485909312963486,0.04061278700828552,0.04009372368454933,0.040913403034210205,0.03997422382235527
162,0.020000601187348366,46.73264694213867,0.05171610042452812,0.01993235945701599,46.22622299194336,0.05243656411767006,0.040570832788944244,0.04004264622926712,0.040870893746614456,0.03993562236428261
163,0.01998055726289749,46.66574478149414,0.05167075991630554,0.01991179585456848,46.15537643432617,0.05238727480173111,0.04052913933992386,0.039991237223148346,0.04082835838198662,0.03989683464169502
164,0.019960667937994003,46.5990104675293,0.05162549391388893,0.019891144707798958,46.08531951904297,0.05233844742178917,0.040488094091415405,0.03993998095393181,0.0407857708632946,0.03985804319381714
165,0.019940756261348724,46.532630920410156,0.05158035457134247,0.019870415329933167,46.01538848876953,0.05228964239358902,0.040447112172842026,0.03988858684897423,0.04074341058731079,0.03981936722993851
166,0.019920850172638893,46.466217041015625,0.05153515189886093,0.019849935546517372,45.946205139160156,0.0522412545979023,0.04040626063942909,0.039838142693042755,0.04070050269365311,0.039781127125024796
167,0.019901122897863388,46.40028381347656,0.05149020627140999,0.019829485565423965,45.87726593017578,0.05219293758273125,0.040366027504205704,0.03978705033659935,0.0406576469540596,0.039743151515722275
168,0.01988142356276512,46.334320068359375,0.05144510418176651,0.019808949902653694,45.80874252319336,0.05214483663439751,0.040326476097106934,0.0397355780005455,0.04061470925807953,0.0397048182785511
169,0.019861657172441483,46.268638610839844,0.051400117576122284,0.019788427278399467,45.7409782409668,0.0520971454679966,0.04028763622045517,0.03968434780836105,0.04057195410132408,0.039666373282670975
170,0.019841931760311127,46.202728271484375,0.051354922354221344,0.01976804807782173,45.673152923583984,0.05204932764172554,0.04024840146303177,0.039632778614759445,0.04052847623825073,0.03962797671556473
171,0.019822442904114723,46.13707733154297,0.05130983516573906,0.019747981801629066,45.60625076293945,0.05200204253196716,0.040210090577602386,0.03958166390657425,0.040484681725502014,0.03958989307284355
172,0.019803134724497795,46.07148742675781,0.05126471817493439,0.019728243350982666,45.540035247802734,0.05195514112710953,0.04017218202352524,0.039530716836452484,0.04044092819094658,0.039551589637994766
173,0.01978406310081482,46.00594711303711,0.051219552755355835,0.01970854587852955,45.47428512573242,0.051908496767282486,0.040135204792022705,0.03947923704981804,0.04039661958813667,0.039513371884822845
174,0.019765092059969902,45.94036102294922,0.051174283027648926,0.019688863307237625,45.40894317626953,0.05186203867197037,0.040099434554576874,0.03942674398422241,0.04035194218158722,0.03947500139474869
175,0.019746219739317894,45.874725341796875,0.051128946244716644,0.01966930367052555,45.345088958740234,0.05181652680039406,0.04006568714976311,0.03937477618455887,0.04030679538846016,0.03943667560815811
176,0.019727477803826332,45.809303283691406,0.05108366534113884,0.01964980736374855,45.282230377197266,0.05177158862352371,0.0400337316095829,0.039322275668382645,0.040261730551719666,0.039398327469825745
177,0.019708720967173576,45.7436408996582,0.05103816092014313,0.019630495458841324,45.22046661376953,0.051727332174777985,0.04000330716371536,0.03926992416381836,0.04021624103188515,0.03935962915420532
178,0.019690006971359253,45.677894592285156,0.05099254101514816,0.019611332565546036,45.16024398803711,0.05168401822447777,0.0399748869240284,0.039218220859766006,0.04016982764005661,0.03932156413793564
179,0.019671453163027763,45.61240768432617,0.050946980714797974,0.019592422991991043,45.10174560546875,0.051641788333654404,0.039949964731931686,0.03916550800204277,0.04012399911880493,0.0392829105257988
180,0.019653040915727615,45.546817779541016,0.05090128257870674,0.01957390084862709,45.044517517089844,0.05160031095147133,0.039926592260599136,0.03911275416612625,0.040077388286590576,0.03924451768398285
181,0.01963474228978157,45.48065185546875,0.050855156034231186,0.019555794075131416,44.99011993408203,0.05156070366501808,0.03990599140524864,0.039061982184648514,0.04002879932522774,0.039206866174936295
182,0.019616741687059402,45.415531158447266,0.05080965533852577,0.019537951797246933,44.93974304199219,0.05152377113699913,0.03989351540803909,0.039009906351566315,0.039980851113796234,0.039169780910015106
183,0.01959843933582306,45.34938049316406,0.05076349526643753,0.019520577043294907,44.8917236328125,0.051488447934389114,0.03988578915596008,0.038956109434366226,0.039932731539011,0.03913092240691185
184,0.019580131396651268,45.28135299682617,0.05071606859564781,0.01950361393392086,44.848106384277344,0.051456037908792496,0.03988255187869072,0.03890528902411461,0.039879899471998215,0.039093267172575
185,0.019561922177672386,45.21543502807617,0.050669942051172256,0.0194870512932539,44.81339645385742,0.0514296218752861,0.03989790752530098,0.03885119780898094,0.039830345660448074,0.03905549645423889
186,0.01954289898276329,45.14781951904297,0.05062267556786537,0.01947130635380745,44.78090286254883,0.051404692232608795,0.039919164031744,0.03879434987902641,0.039779938757419586,0.039015498012304306
187,0.019523650407791138,45.0723762512207,0.050570353865623474,0.019455505535006523,44.75492477416992,0.0513840913772583,0.03993400186300278,0.0387582965195179,0.03971050679683685,0.03898147866129875
188,0.019506996497511864,45.018348693847656,0.050531886518001556,0.019444556906819344,44.772125244140625,0.051393188536167145,0.0400632806122303,0.03867897391319275,0.03967940807342529,0.03894397243857384
189,0.019487803801894188,44.993412017822266,0.050511911511421204,0.019453270360827446,44.72633743286133,0.051359765231609344,0.04015442728996277,0.03849616274237633,0.039742209017276764,0.03885989636182785
190,0.019486645236611366,44.78978729248047,0.05037564039230347,0.01948939450085163,44.479434967041016,0.05117857828736305,0.039023879915475845,0.039224784821271896,0.0392579548060894,0.03902113810181618
191,0.01952485367655754,44.950157165527344,0.050474863499403,0.019433435052633286,44.115962982177734,0.050927840173244476,0.038968849927186966,0.03860427811741829,0.03978308290243149,0.03874552622437477
192,0.01948237046599388,45.27910232543945,0.050678957253694534,0.01941298320889473,44.043792724609375,0.0508715845644474,0.03894326835870743,0.038512859493494034,0.04036146402359009,0.03874994069337845
193,0.019396573305130005,44.40115737915039,0.05010698363184929,0.019387738779187202,43.97591018676758,0.050826869904994965,0.038859669119119644,0.0385139063000679,0.03918352723121643,0.03847188130021095
194,0.019431915134191513,44.66735076904297,0.050279710441827774,0.019357725977897644,44.055904388427734,0.050879355520009995,0.03891294449567795,0.03867611289024353,0.039355289191007614,0.03878294304013252
195,0.019401676952838898,44.59855651855469,0.050230905413627625,0.01933063194155693,44.00651931762695,0.05084327980875969,0.038978464901447296,0.038545843213796616,0.03938157111406326,0.03866161033511162
196,0.01937779411673546,44.50971603393555,0.050169236958026886,0.019312946125864983,43.94078826904297,0.050795163959264755,0.03895501419901848,0.03846803680062294,0.03930933028459549,0.038604985922575
197,0.019364384934306145,44.454261779785156,0.050129350274801254,0.01929629035294056,43.90096664428711,0.050764765590429306,0.038969509303569794,0.03840215131640434,0.039254628121852875,0.03858558088541031
198,0.019347116351127625,44.39048767089844,0.05008396878838539,0.01928110234439373,43.86612319946289,0.05073774233460426,0.03899579122662544,0.038332175463438034,0.03920966759324074,0.0385422520339489
199,0.019329553470015526,44.31913757324219,0.05003364384174347,0.01926698163151741,43.83646774291992,0.05071417614817619,0.03901621326804161,0.03827902302145958,0.0391450859606266,0.038505710661411285
200,0.019313713535666466,44.25453186035156,0.04998776316642761,0.01925433799624443,43.82684326171875,0.05070441961288452,0.039075274020433426,0.03822418674826622,0.03908735513687134,0.03847314044833183
201,0.019295770674943924,44.188411712646484,0.04994083568453789,0.019243698567152023,43.82304000854492,0.050698716193437576,0.03915401175618172,0.03815793991088867,0.03903726488351822,0.03843024745583534
202,0.019276613369584084,44.1030158996582,0.04988132044672966,0.019229646772146225,43.8107795715332,0.05068684741854668,0.03917882591485977,0.03813629224896431,0.0389421172440052,0.03839963302016258
203,0.01926293782889843,44.06099319458008,0.049850281327962875,0.019233549013733864,43.9131965637207,0.0507546067237854,0.0394880436360836,0.03802953287959099,0.03892631456255913,0.03836247697472572
204,0.0193013958632946,44.31928634643555,0.0500112883746624,0.019401127472519875,43.78294372558594,0.05065935477614403,0.03910420462489128,0.03802867606282234,0.039484653621912,0.03822364658117294
205,0.019220774993300438,43.705997467041016,0.04960394650697708,0.019349411129951477,43.45225524902344,0.050428565591573715,0.03850224241614342,0.038035355508327484,0.03882790729403496,0.03784219175577164
206,0.019318563863635063,44.18645095825195,0.0499199703335762,0.01918870583176613,43.235233306884766,0.050265152007341385,0.03819366917014122,0.038120899349451065,0.0386463925242424,0.038898296654224396
207,0.019194990396499634,43.78213882446289,0.049645259976387024,0.019154353067278862,43.338497161865234,0.05033830925822258,0.03854558244347572,0.038004595786333084,0.03897924721240997,0.037870682775974274
208,0.01917663961648941,43.685340881347656,0.049580175429582596,0.01914043538272381,43.16878128051758,0.05021679028868675,0.03825032338500023,0.03799555078148842,0.03862971067428589,0.03808796405792236
209,0.019190412014722824,43.733421325683594,0.04960869997739792,0.019126426428556442,43.19050979614258,0.05022913217544556,0.03841499611735344,0.0378929004073143,0.038635820150375366,0.038181059062480927
210,0.019159561023116112,43.641822814941406,0.04954451695084572,0.019116714596748352,43.1679801940918,0.0502103790640831,0.038476116955280304,0.037804484367370605,0.03861738368868828,0.03806048631668091
211,0.019145745784044266,43.54257583618164,0.04947555810213089,0.01910017803311348,43.15084457397461,0.050194673240184784,0.03843703866004944,0.03784221410751343,0.038450688123703,0.03807438164949417
212,0.019138503819704056,43.54365158081055,0.049472786486148834,0.019115516915917397,43.32154083251953,0.0503108911216259,0.03893198445439339,0.03767021372914314,0.03851834684610367,0.03802480921149254
213,0.019101452082395554,43.45792770385742,0.04941222816705704,0.019133461639285088,43.15220260620117,0.05019030347466469,0.038743529468774796,0.037514712661504745,0.038557302206754684,0.037854500114917755
214,0.019191201776266098,43.50820541381836,0.04944080114364624,0.019092688336968422,42.78581619262695,0.04992150142788887,0.03773386403918266,0.037889864295721054,0.0381823405623436,0.03830020874738693
215,0.019123762845993042,43.6766357421875,0.04953847452998161,0.019056115299463272,42.924808502197266,0.050017792731523514,0.03827299550175667,0.037670236080884933,0.039148103445768356,0.0376259945333004
216,0.019041651859879494,43.012237548828125,0.049100253731012344,0.019037412479519844,42.60690689086914,0.049793802201747894,0.037667181342840195,0.037668611854314804,0.03805220499634743,0.03760999068617821
217,0.019099002704024315,43.30562973022461,0.04929446056485176,0.019025171175599098,42.69972610473633,0.04985606297850609,0.03792789950966835,0.03762347623705864,0.038200657814741135,0.0379972979426384
218,0.019046081230044365,43.174217224121094,0.04920349270105362,0.01902206428349018,42.71699523925781,0.04986539110541344,0.03808150812983513,0.03751388192176819,0.038257770240306854,0.037733472883701324
219,0.01903688535094261,43.055458068847656,0.0491214394569397,0.018997520208358765,42.67300796508789,0.04983026906847954,0.03791021183133125,0.03764229640364647,0.03798973560333252,0.03781098499894142
220,0.019037889316678047,43.113155364990234,0.04915636405348778,0.019051119685173035,43.035552978515625,0.050081927329301834,0.038848649710416794,0.03736916929483414,0.03818245977163315,0.03773326054215431
221,0.019033282995224,43.11961364746094,0.049155283719301224,0.019254524260759354,42.91413497924805,0.049992743879556656,0.03826236352324486,0.03755233436822891,0.038452159613370895,0.037460606545209885
222,0.0191756971180439,43.21442794799805,0.0492100827395916,0.018995940685272217,42.137847900390625,0.04943499341607094,0.03735644370317459,0.03714943677186966,0.03804846107959747,0.037959400564432144
223,0.01895051635801792,42.89842224121094,0.04899485781788826,0.01899208128452301,42.69196319580078,0.04982123523950577,0.0374462865293026,0.03824157640337944,0.03823753073811531,0.03734883666038513
224,0.01896621659398079,42.70503234863281,0.048865485936403275,0.01893903687596321,42.22612380981445,0.049495961517095566,0.03732709959149361,0.0374465174973011,0.03773897886276245,0.037504468113183975
225,0.018963085487484932,42.81196212768555,0.048935987055301666,0.018927011638879776,42.29616165161133,0.04954248666763306,0.03751768544316292,0.037426263093948364,0.03786564618349075,0.03759870305657387
226,0.018943479284644127,42.70111083984375,0.04885837435722351,0.018922919407486916,42.29921340942383,0.049542393535375595,0.03764933720231056,0.03731311485171318,0.037771690636873245,0.03751085326075554
227,0.018932390958070755,42.641536712646484,0.04881593957543373,0.01891331374645233,42.34283447265625,0.04957008734345436,0.03776133805513382,0.03731179237365723,0.037665218114852905,0.03753089904785156
228,0.018917471170425415,42.613975524902344,0.0487947054207325,0.018949568271636963,42.55238723754883,0.0497153140604496,0.038321513682603836,0.03714245930314064,0.037710655480623245,0.037454694509506226
229,0.01900268904864788,42.963809967041016,0.04901907965540886,0.019267229363322258,42.67205047607422,0.04979085922241211,0.03786465525627136,0.037592966109514236,0.038365624845027924,0.03736425191164017
230,0.01896193064749241,42.39176940917969,0.0486317053437233,0.0190323106944561,41.976104736328125,0.04929744824767113,0.03706689924001694,0.03715834394097328,0.03751440346240997,0.037205591797828674
231,0.018898293375968933,42.71614456176758,0.04884929582476616,0.01887289248406887,41.93878936767578,0.04926265403628349,0.03694800287485123,0.03740366920828819,0.037748731672763824,0.037653274834156036
232,0.01885182037949562,42.17863082885742,0.04848324880003929,0.01886804774403572,41.9010124206543,0.04924095794558525,0.037276871502399445,0.03700343146920204,0.037390630692243576,0.0370359793305397
233,0.018861383199691772,42.36334991455078,0.04860902950167656,0.018838051706552505,42.030372619628906,0.04932841286063194,0.03739223629236221,0.03720098361372948,0.037379492074251175,0.03742021322250366
234,0.01885039359331131,42.34970474243164,0.04859662428498268,0.018928753212094307,42.40816879272461,0.04959368705749512,0.03836635500192642,0.03690838813781738,0.037538379430770874,0.03724699467420578
235,0.019008968025445938,42.78970718383789,0.048878394067287445,0.018929656594991684,41.63584899902344,0.04903469607234001,0.036882974207401276,0.0368448831140995,0.03811624273657799,0.03734524920582771
236,0.01876707375049591,41.886383056640625,0.048270028084516525,0.018820660188794136,42.0535774230957,0.049331001937389374,0.036889977753162384,0.037847984582185745,0.03722350299358368,0.03674652427434921
237,0.01885080710053444,42.30925750732422,0.04855646193027496,0.01879568211734295,41.62806701660156,0.049028780311346054,0.03689153864979744,0.03697439655661583,0.03726670518517494,0.037474218755960464
238,0.018783671781420708,42.104827880859375,0.04841769486665726,0.01878780499100685,41.78512191772461,0.04913822188973427,0.03717952221632004,0.03703095391392708,0.03734831511974335,0.03706088662147522
239,0.01879154145717621,42.014095306396484,0.048354219645261765,0.0187672208994627,41.73113250732422,0.049097005277872086,0.037022631615400314,0.037114981561899185,0.03703298419713974,0.03722444176673889
240,0.01880834624171257,42.25556564331055,0.04851353541016579,0.018981991335749626,42.348785400390625,0.04953140765428543,0.0384087972342968,0.036798298358917236,0.03760861977934837,0.03708747774362564
241,0.018919959664344788,42.24909210205078,0.04850529134273529,0.01879236102104187,41.27812576293945,0.048763126134872437,0.03658362850546837,0.03661316633224487,0.03747399523854256,0.03713670372962952
242,0.018709639087319374,41.81600570678711,0.048206400126218796,0.018747294321656227,41.84088134765625,0.04916157200932503,0.03678516671061516,0.03766462206840515,0.03720356151461601,0.03674907609820366
243,0.018756801262497902,41.89784622192383,0.04826158657670021,0.018739687278866768,41.4427375793457,0.04887960106134415,0.03681692108511925,0.03679799288511276,0.03697432950139046,0.03712580353021622
244,0.018716156482696533,41.83219909667969,0.04821692779660225,0.01872384548187256,41.60535430908203,0.048992954194545746,0.03708001598715782,0.03690091893076897,0.03703015670180321,0.03698735684156418
245,0.018728356808423996,41.713748931884766,0.04813394695520401,0.018696224316954613,41.46654510498047,0.04888993501663208,0.0365714468061924,0.03717725723981857,0.036689188331365585,0.03711577504873276
246,0.01884065940976143,42.55287170410156,0.048681121319532394,0.01880967803299427,41.320640563964844,0.04877658933401108,0.03678172454237938,0.036579668521881104,0.03821356222033501,0.03701237589120865
247,0.01865379884839058,41.287750244140625,0.04783095046877861,0.018750756978988647,41.11405944824219,0.04863344877958298,0.036391206085681915,0.03657600283622742,0.0366242453455925,0.03641020506620407
248,0.018736010417342186,41.80207443237305,0.04818660020828247,0.018664121627807617,41.26380157470703,0.04873521253466606,0.03642966225743294,0.03696870058774948,0.036712776869535446,0.03730117157101631
249,0.018703047186136246,41.800506591796875,0.04817871376872063,0.01880009099841118,41.486328125,0.0488932803273201,0.03717847913503647,0.03656402602791786,0.03731660172343254,0.036688849329948425
250,0.01862894371151924,41.42182540893555,0.04792042076587677,0.01871423050761223,41.709903717041016,0.04904545471072197,0.03630571812391281,0.03802359104156494,0.03662283718585968,0.036740053445100784
251,0.018734226003289223,41.704315185546875,0.04810876026749611,0.01871647499501705,41.52082824707031,0.04891418293118477,0.03728228434920311,0.03663734346628189,0.03673647344112396,0.03710854426026344
252,0.01874375343322754,41.842830657958984,0.04820375144481659,0.01875298097729683,41.02023696899414,0.048549849539995193,0.03638530895113945,0.03645268455147743,0.03743790462613106,0.036654312163591385
253,0.018585795536637306,41.323753356933594,0.04784442111849785,0.01865052618086338,41.57805633544922,0.048944707959890366,0.036366406828165054,0.037785254418849945,0.03669189289212227,0.0365457609295845
254,0.01866735704243183,41.52273178100586,0.047978609800338745,0.01866176538169384,41.17607879638672,0.04866012558341026,0.036771927028894424,0.03651029244065285,0.036598313599824905,0.03698348626494408
255,0.018666952848434448,41.61903381347656,0.04804233834147453,0.018902676180005074,41.383399963378906,0.048803772777318954,0.03682371601462364,0.0366894006729126,0.03721560165286064,0.036538537591695786
256,0.018710171803832054,41.40763473510742,0.04789280146360397,0.01878310553729534,40.96861267089844,0.048501648008823395,0.036134086549282074,0.0365985669195652,0.036608725786209106,0.036737438291311264
257,0.018589239567518234,41.58306121826172,0.04801212251186371,0.01858370378613472,40.95045471191406,0.04848315194249153,0.036025386303663254,0.03690751641988754,0.03696666285395622,0.036822300404310226
258,0.01855030469596386,41.03071975708008,0.04763169586658478,0.018592553213238716,40.89155578613281,0.04844658449292183,0.03636450320482254,0.03642838075757027,0.03636063262820244,0.0363994836807251
259,0.018577223643660545,41.23759841918945,0.04777657240629196,0.01854730024933815,40.99559020996094,0.048517484217882156,0.0362456850707531,0.03683838993310928,0.03629684075713158,0.03687471151351929
260,0.018693557009100914,41.89584732055664,0.048211269080638885,0.0186794251203537,40.78767395019531,0.04835967347025871,0.03625410050153732,0.036285459995269775,0.03760542348027229,0.03667839989066124
261,0.018496312201023102,40.744171142578125,0.04742572084069252,0.018572906032204628,40.62860870361328,0.04824993759393692,0.035987354815006256,0.03630242869257927,0.036193929612636566,0.03607451915740967
262,0.018571021035313606,41.26320266723633,0.047787126153707504,0.018520882353186607,40.77768325805664,0.04835376888513565,0.036104295402765274,0.03658077120780945,0.036274731159210205,0.03699033707380295
263,0.01857575960457325,41.365238189697266,0.04785168170928955,0.018768800422549248,41.17898178100586,0.04863959550857544,0.03692938759922981,0.03639046475291252,0.03698154538869858,0.0364513024687767
264,0.01864018663764,41.17749786376953,0.04771961271762848,0.018642950803041458,40.58062744140625,0.048204243183135986,0.03591400012373924,0.036241255700588226,0.03647281974554062,0.03657695651054382
265,0.018480386584997177,41.09454345703125,0.0476614385843277,0.01851533353328705,41.010005950927734,0.04850968345999718,0.03594664856791496,0.03729819506406784,0.03658408299088478,0.0364387109875679
266,0.01849129982292652,40.882568359375,0.04751487821340561,0.01851837895810604,40.71037292480469,0.04829835146665573,0.03627321124076843,0.036312125623226166,0.03615466132760048,0.03646122291684151
267,0.018464254215359688,40.91438674926758,0.04753876477479935,0.018468499183654785,40.816680908203125,0.048372410237789154,0.0362260676920414,0.0366523377597332,0.03619471937417984,0.03651982545852661
268,0.01858247071504593,41.11456298828125,0.047673579305410385,0.01850774511694908,40.68684387207031,0.04826900735497475,0.03608420491218567,0.03645027056336403,0.03624684736132622,0.036796726286411285
269,0.018456310033798218,40.739593505859375,0.047411974519491196,0.018474552780389786,40.55164337158203,0.048171963542699814,0.03620890900492668,0.03602370247244835,0.03632465749979019,0.036077678203582764
270,0.01850298047065735,41.09314727783203,0.04765702411532402,0.018521087244153023,40.46660614013672,0.048108432441949844,0.035933755338191986,0.03608612343668938,0.036859773099422455,0.036215316504240036
271,0.01849566027522087,41.296573638916016,0.04779350757598877,0.018450571224093437,40.37949752807617,0.04804260656237602,0.035740382969379425,0.03629142418503761,0.03659230098128319,0.03689520061016083
272,0.01853155344724655,40.92679214477539,0.04752976819872856,0.0186077319085598,40.58522415161133,0.04819220304489136,0.036187250167131424,0.03614864498376846,0.03658341243863106,0.036137085407972336
273,0.018387960270047188,40.49866485595703,0.04723551496863365,0.018461721017956734,40.4964714050293,0.04812976345419884,0.03605683520436287,0.036220185458660126,0.03612065687775612,0.03589261695742607
274,0.018445920199155807,40.858219146728516,0.04748579114675522,0.01840074360370636,40.373233795166016,0.04803693667054176,0.03575094789266586,0.0363275408744812,0.03591909259557724,0.036796510219573975
275,0.01852014660835266,41.19015121459961,0.04770540073513985,0.018649833276867867,40.64625549316406,0.048228949308395386,0.03628508001565933,0.03617722913622856,0.03693602979183197,0.036323972046375275
276,0.018402915447950363,40.40656661987305,0.04716528207063675,0.01860433630645275,40.43170928955078,0.04807620495557785,0.035843249410390854,0.03617236390709877,0.03595707565546036,0.03590388968586922
277,0.018475301563739777,40.97987747192383,0.0475650280714035,0.018373701721429825,40.21665573120117,0.04791279882192612,0.03548877686262131,0.03631683439016342,0.03603940084576607,0.03692610561847687
278,0.018396276980638504,40.662132263183594,0.04733823612332344,0.018495965749025345,40.55589294433594,0.04816113039851189,0.03643175959587097,0.03599115461111069,0.03645680844783783,0.0359160453081131
279,0.018319755792617798,40.33889389038086,0.047115910798311234,0.018391737714409828,40.325809478759766,0.04799536615610123,0.035945720970630646,0.036088671535253525,0.03597006946802139,0.035850510001182556
280,0.018423527479171753,40.71446990966797,0.0473763644695282,0.018340572714805603,40.141178131103516,0.047856979072093964,0.03553707152605057,0.03616274148225784,0.03572548180818558,0.03679509088397026
281,0.01849665865302086,41.13037109375,0.04765895754098892,0.01840963028371334,39.99703598022461,0.04774430766701698,0.035500384867191315,0.035850394517183304,0.03704608604311943,0.03618430718779564
282,0.018279055133461952,40.08982849121094,0.04693397507071495,0.018324365839362144,40.1719970703125,0.04787629470229149,0.035539913922548294,0.03627672791481018,0.03567717969417572,0.03571628779172897
283,0.018359027802944183,40.588470458984375,0.04728356748819351,0.01835068129003048,40.235103607177734,0.04792111739516258,0.03585568442940712,0.03608061000704765,0.035786282271146774,0.03656071051955223
284,0.018483737483620644,40.92898941040039,0.04751426354050636,0.018442420288920403,40.02898025512695,0.047763753682374954,0.03557540476322174,0.03585926443338394,0.036652956157922745,0.03624330461025238
285,0.018254408612847328,40.08024597167969,0.046923182904720306,0.018299177289009094,40.394012451171875,0.048031218349933624,0.03564802184700966,0.03671955317258835,0.03573578596115112,0.0356924869120121
286,0.01833522319793701,40.52284240722656,0.04723232612013817,0.018347617238759995,40.18498229980469,0.04787954315543175,0.035898592323064804,0.035963024944067,0.035774510353803635,0.03648776188492775
287,0.018449783325195312,40.771785736083984,0.04740326479077339,0.01839102990925312,39.905696868896484,0.04766923189163208,0.03546426072716713,0.03578060865402222,0.03648895025253296,0.036167703568935394
288,0.018231455236673355,40.079132080078125,0.04691852256655693,0.01828869618475437,40.50448226928711,0.0481049083173275,0.03562358394265175,0.03703265264630318,0.03574654087424278,0.03573247045278549
289,0.018303565680980682,40.391109466552734,0.047136493027210236,0.0183300469070673,40.15359115600586,0.04785176366567612,0.03592529520392418,0.035917941480875015,0.03569759055972099,0.03636119142174721
290,0.018424196168780327,40.67830276489258,0.047336090356111526,0.018340453505516052,39.79136276245117,0.047580819576978683,0.03536489978432655,0.03570997342467308,0.036401063203811646,0.036132048815488815
291,0.018205929547548294,40.019569396972656,0.04687274992465973,0.0182578656822443,40.40338134765625,0.048026736825704575,0.03558175638318062,0.036918360739946365,0.035708948969841,0.03570473566651344
292,0.018268920481204987,40.27665710449219,0.04705286771059036,0.01830436848104,40.09994888305664,0.047807853668928146,0.03590428829193115,0.03587988018989563,0.035620011389255524,0.03627357631921768
293,0.01840561255812645,40.61924743652344,0.04729243367910385,0.018292194232344627,39.68406677246094,0.04749725013971329,0.03526763990521431,0.035650841891765594,0.03635323420166969,0.03611652925610542
294,0.01817912608385086,39.9299201965332,0.04680568724870682,0.018223434686660767,40.266448974609375,0.047922879457473755,0.0355510376393795,0.03671685978770256,0.03564449027180672,0.03564399108290672
295,0.01823597401380539,40.17856216430664,0.046980589628219604,0.01827244460582733,40.0284538269043,0.047750990837812424,0.035845790058374405,0.03584664314985275,0.035546980798244476,0.036212146282196045
296,0.018387041985988617,40.56825256347656,0.04725391045212746,0.018252423033118248,39.59381866455078,0.047426093369722366,0.035186149179935455,0.035604946315288544,0.03632248565554619,0.036097340285778046
297,0.018152372911572456,39.83125305175781,0.04673220217227936,0.01819177158176899,40.1359748840332,0.047823719680309296,0.03552042320370674,0.0365261435508728,0.03556878864765167,0.0355759933590889
298,0.01820538379251957,40.08845901489258,0.04691383242607117,0.018234550952911377,39.941043853759766,0.047682516276836395,0.03575114160776138,0.03582042455673218,0.03547190502285957,0.036166559904813766
299,0.018369346857070923,40.52698516845703,0.04722169041633606,0.018219206482172012,39.51166534423828,0.04736078530550003,0.035112425684928894,0.03556346893310547,0.03631029650568962,0.03607570007443428
300,0.01812604069709778,39.726436614990234,0.046654317528009415,0.018163470551371574,40.01333999633789,0.04773011431097984,0.03547418862581253,0.03636392578482628,0.03548232465982437,0.03550581634044647
301,0.018176544457674026,40.00537109375,0.04685192555189133,0.018196025863289833,39.84796905517578,0.04760982468724251,0.03563842922449112,0.035799551755189896,0.035404518246650696,0.03612508624792099
302,0.01835283264517784,40.49085235595703,0.04719242826104164,0.018190903589129448,39.43404769897461,0.04729871824383736,0.035045281052589417,0.03552171587944031,0.036305781453847885,0.03605342283844948
303,0.01809975691139698,39.62118148803711,0.046575937420129776,0.01813700795173645,39.90336608886719,0.0476454496383667,0.035400353372097015,0.03625469282269478,0.035389576107263565,0.035440534353256226
304,0.01814890280365944,39.92933654785156,0.04679485410451889,0.018165165558457375,39.77009963989258,0.04754827171564102,0.03555811569094658,0.03577229753136635,0.03535371646285057,0.03607885167002678
305,0.018332451581954956,40.43119430541992,0.047146864235401154,0.01816455088555813,39.36215591430664,0.047241099178791046,0.0349874384701252,0.03547994792461395,0.0362670011818409,0.036022502928972244
306,0.018074406310915947,39.534000396728516,0.04651040956377983,0.018111255019903183,39.817874908447266,0.047578539699316025,0.035336364060640335,0.03618789091706276,0.03531808778643608,0.03538917750120163
307,0.01812242902815342,39.85145568847656,0.04673641175031662,0.01813756860792637,39.70014572143555,0.047492582350969315,0.035496633499860764,0.03573969379067421,0.0352986641228199,0.03603125736117363
308,0.01830938458442688,40.3604850769043,0.04709412157535553,0.018137170001864433,39.29220962524414,0.04718516394495964,0.03493093326687813,0.03544031083583832,0.03621634095907211,0.03598477691411972
309,0.01805010437965393,39.45745849609375,0.04645252600312233,0.018086662515997887,39.73653030395508,0.047514744102954865,0.0352926179766655,0.03610815480351448,0.03526105359196663,0.03534331172704697
310,0.01809622161090374,39.768150329589844,0.0466742180287838,0.01810400001704693,39.619808197021484,0.04742928966879845,0.03540269657969475,0.03572272136807442,0.03522862121462822,0.03598799183964729
311,0.018291262909770012,40.320953369140625,0.047062598168849945,0.018111413344740868,39.219688415527344,0.047127000987529755,0.03486938402056694,0.03539925441145897,0.0362105667591095,0.035956550389528275
312,0.01802506111562252,39.36415481567383,0.04638255760073662,0.01806185208261013,39.6360969543457,0.04743686690926552,0.03521391376852989,0.03602146357297897,0.035179175436496735,0.0352884978055954
313,0.018070023506879807,39.69301223754883,0.04661768302321434,0.018076064065098763,39.5510368347168,0.04737437888979912,0.03533532842993736,0.03569769114255905,0.03517812490463257,0.03593976050615311
314,0.018271157518029213,40.26247024536133,0.04701777175068855,0.018086733296513557,39.15153121948242,0.04707206040620804,0.034814994782209396,0.03535773232579231,0.03617282956838608,0.035924382507801056
315,0.018000978976488113,39.28350830078125,0.04632146283984184,0.018037451431155205,39.55470275878906,0.04737274721264839,0.03514967858791351,0.03596044331789017,0.035113513469696045,0.035240959376096725
316,0.018044577911496162,39.61742401123047,0.04656074568629265,0.01805064268410206,39.48701858520508,0.047322988510131836,0.03528224304318428,0.03566497564315796,0.035127200186252594,0.03588969260454178
317,0.01824945956468582,40.196136474609375,0.046967945992946625,0.01806088350713253,39.0846061706543,0.047018323093652725,0.03476163372397423,0.03531769663095474,0.03612501546740532,0.03588929772377014
318,0.017977457493543625,39.211124420166016,0.04626646637916565,0.01801384799182415,39.481868743896484,0.047315023839473724,0.03510432317852974,0.035898033529520035,0.035059038549661636,0.035198185592889786
319,0.01801949180662632,39.53989028930664,0.046502478420734406,0.018022119998931885,39.417266845703125,0.04726741835474968,0.03520859032869339,0.03564363718032837,0.03506801649928093,0.03584384173154831
320,0.018231719732284546,40.15332794189453,0.04693397879600525,0.01803712733089924,39.01691818237305,0.046963710337877274,0.0347074493765831,0.03527593985199928,0.036110103130340576,0.03586156666278839
321,0.017953524366021156,39.12735366821289,0.04620314761996269,0.01798986829817295,39.396034240722656,0.047247618436813354,0.03502538800239563,0.03584057837724686,0.034986816346645355,0.03515012562274933
322,0.017994550988078117,39.46931838989258,0.04644905403256416,0.018001066520810127,39.36394119262695,0.047223955392837524,0.035182174295186996,0.035602230578660965,0.0350278839468956,0.035791631788015366
323,0.018206745386123657,40.06809997558594,0.046871524304151535,0.018010396510362625,38.9539794921875,0.04691307619214058,0.03465769812464714,0.03523901849985123,0.03603312373161316,0.03582199662923813
324,0.017931697890162468,39.07039260864258,0.04615912213921547,0.017968717962503433,39.339500427246094,0.04720180854201317,0.035016242414712906,0.03577302768826485,0.03495417907834053,0.035113733261823654
325,0.017970535904169083,39.388675689697266,0.046388398855924606,0.017965955659747124,39.27859115600586,0.04715658351778984,0.03505077585577965,0.035609953105449677,0.034951984882354736,0.03575431555509567
326,0.018200723454356194,40.08884048461914,0.04687883332371712,0.017996130511164665,38.888187408447266,0.04685888811945915,0.034610163420438766,0.03518994525074959,0.03610418364405632,0.03581162542104721
327,0.01790531724691391,38.95429229736328,0.046071894466876984,0.017940251156687737,39.21208190917969,0.047103118151426315,0.034825511276721954,0.03573806956410408,0.034830834716558456,0.035051584243774414
328,0.01794629730284214,39.33585739135742,0.046347275376319885,0.017969435080885887,39.27968978881836,0.047153450548648834,0.03518066927790642,0.03550558164715767,0.0349634625017643,0.035682614892721176
329,0.018147654831409454,39.8533821105957,0.04671499505639076,0.01795843057334423,38.8409538269043,0.04682194069027901,0.03457589074969292,0.035171348601579666,0.03581703454256058,0.03572217375040054
330,0.017891746014356613,38.992332458496094,0.04609708487987518,0.01793518476188183,39.24766540527344,0.04712623730301857,0.03507860004901886,0.03559190034866333,0.03494551032781601,0.035052914172410965
331,0.01794332079589367,39.25127410888672,0.04628413915634155,0.017913149669766426,39.123477935791016,0.047031503170728683,0.034553833305835724,0.035871196538209915,0.034740447998046875,0.03577379882335663
332,0.017920680344104767,39.10441207885742,0.04617943614721298,0.017987003549933434,39.98743438720703,0.04766952991485596,0.036521054804325104,0.03569359704852104,0.03472064435482025,0.03551652282476425
333,0.018132228404283524,39.97803497314453,0.04678259789943695,0.017900487408041954,38.70903396606445,0.0467190183699131,0.03437655791640282,0.03512958437204361,0.0363338440656662,0.03544243425130844
334,0.01785779930651188,38.88862609863281,0.04602063074707985,0.0178842730820179,39.14830017089844,0.047048117965459824,0.03485770896077156,0.035678278654813766,0.034668609499931335,0.0351870097219944
335,0.017982855439186096,39.230445861816406,0.04626528173685074,0.01795125938951969,39.15141677856445,0.04704293608665466,0.03472081571817398,0.03574494272470474,0.034632641822099686,0.03585726022720337
336,0.017957834526896477,39.38227081298828,0.04637101665139198,0.01787405088543892,38.73788070678711,0.046735942363739014,0.034356556832790375,0.035261623561382294,0.0355883352458477,0.035223834216594696
337,0.017970865592360497,39.51836395263672,0.046466778963804245,0.017969539389014244,38.86827087402344,0.046832483261823654,0.03467702120542526,0.0352180190384388,0.03580056130886078,0.035262953490018845
338,0.01789323054254055,38.91520309448242,0.046033937484025955,0.01820913515985012,39.303531646728516,0.047157663851976395,0.03514339029788971,0.03549345210194588,0.034868840128183365,0.03505364805459976
339,0.018045978620648384,39.3387336730957,0.04633883759379387,0.017904803156852722,38.5975456237793,0.046628840267658234,0.03435567766427994,0.034982625395059586,0.03505178540945053,0.03566201776266098
340,0.01784692332148552,39.14242172241211,0.046194661408662796,0.017848795279860497,39.035316467285156,0.046952538192272186,0.034552622586488724,0.03583824634552002,0.03517721965909004,0.035273145884275436
341,0.017844319343566895,38.94794845581055,0.0460553877055645,0.017960956320166588,39.23279571533203,0.04710250347852707,0.03542455658316612,0.03528204932808876,0.034746598452329636,0.03531494736671448
342,0.018036548048257828,39.44477844238281,0.04641159251332283,0.017851214855909348,38.58561325073242,0.046616535633802414,0.03438154608011246,0.03500918671488762,0.035441335290670395,0.035491038113832474
343,0.01780609041452408,38.84992599487305,0.04598216339945793,0.017869610339403152,39.01491165161133,0.04693782329559326,0.035075534135103226,0.035254161804914474,0.03492683917284012,0.034975383430719376
344,0.017925327643752098,39.117218017578125,0.04617427662014961,0.017837682738900185,38.769405364990234,0.04674896225333214,0.03427388146519661,0.035559915006160736,0.03454387187957764,0.03585003688931465
345,0.017955221235752106,39.58343505859375,0.046492815017700195,0.017904790118336678,38.610740661621094,0.046627264469861984,0.03445376083254814,0.035005513578653336,0.03606894612312317,0.035152651369571686
346,0.01778121292591095,38.51167297363281,0.04573360085487366,0.017883341759443283,38.64237594604492,0.04665693640708923,0.034456610679626465,0.035075198858976364,0.0344725027680397,0.03478998318314552
347,0.01790664903819561,39.08364486694336,0.046147629618644714,0.017801880836486816,38.66618347167969,0.0466693714261055,0.03420381247997284,0.03546876832842827,0.03450969606637955,0.035862185060977936
348,0.017929304391145706,39.37449645996094,0.04635179787874222,0.017852941527962685,38.526248931884766,0.046562548726797104,0.034367796033620834,0.034965869039297104,0.03579629212617874,0.035101667046546936
349,0.0177649836987257,38.53159713745117,0.04574606195092201,0.01787267066538334,38.743309020996094,0.04672924429178238,0.03468557819724083,0.03510865941643715,0.034549061208963394,0.03479478135704994
350,0.01789090596139431,39.04950714111328,0.046120449900627136,0.01779540441930294,38.65413284301758,0.046656135469675064,0.03417794778943062,0.03550140932202339,0.03451776131987572,0.03582536801695824
351,0.017923666164278984,39.4035530090332,0.04636373743414879,0.01785050332546234,38.47942352294922,0.046522896736860275,0.034342747181653976,0.03492497652769089,0.03587824106216431,0.03508688136935234
352,0.017740998417139053,38.41075134277344,0.04565506428480148,0.01783074252307415,38.575660705566406,0.046600341796875,0.03444332629442215,0.0350433848798275,0.034418925642967224,0.034726668149232864
353,0.017853736877441406,38.92777633666992,0.04603053629398346,0.017773551866412163,38.61848831176758,0.04662671685218811,0.03413041681051254,0.035518497228622437,0.03441191464662552,0.0357416495680809
354,0.017923424020409584,39.39613723754883,0.046357374638319016,0.01781994104385376,38.39353561401367,0.046454984694719315,0.03424951806664467,0.034878913313150406,0.03586999326944351,0.035114895552396774
355,0.017720215022563934,38.34764099121094,0.04560641944408417,0.017799068242311478,38.52334213256836,0.04655768349766731,0.03439021483063698,0.03503662720322609,0.034370578825473785,0.034691039472818375
356,0.01782284677028656,38.83157730102539,0.045958761125802994,0.017761733382940292,38.613887786865234,0.0466199591755867,0.034099627286195755,0.03557906672358513,0.03435135260224342,0.03565717861056328
357,0.01792641170322895,39.43341064453125,0.04637500271201134,0.01782088354229927,38.36415481567383,0.04642878845334053,0.03425081446766853,0.0348479300737381,0.03591117262840271,0.035152263939380646
358,0.017699474468827248,38.25542068481445,0.04553612321615219,0.017763730138540268,38.405887603759766,0.04646595939993858,0.034237079322338104,0.034985002130270004,0.03428400680422783,0.03463398292660713
359,0.017789246514439583,38.72259521484375,0.04587751254439354,0.01773875206708908,38.578914642333984,0.04659103602170944,0.03406315669417381,0.03558686003088951,0.034271251410245895,0.03556733950972557
360,0.017923977226018906,39.40139389038086,0.04635228216648102,0.017787015065550804,38.27899932861328,0.046361569315195084,0.03416242450475693,0.034799378365278244,0.035868894308805466,0.03517192602157593
361,0.01768028549849987,38.20039749145508,0.04549335315823555,0.017737893387675285,38.369632720947266,0.04643535986542702,0.03420627489686012,0.03498655930161476,0.03424613177776337,0.034602560102939606
362,0.017757050693035126,38.63105392456055,0.04580886289477348,0.017724668607115746,38.57395935058594,0.04658430814743042,0.03403939679265022,0.03563983738422394,0.03423064947128296,0.03547295182943344
363,0.01791391335427761,39.40900421142578,0.0463428720831871,0.01786528155207634,38.44591522216797,0.046483371406793594,0.03445722907781601,0.034857697784900665,0.035832781344652176,0.035225760191679
364,0.017668884247541428,38.130775451660156,0.04543943703174591,0.017721058800816536,38.2610969543457,0.046350546181201935,0.03411012142896652,0.03487604856491089,0.03420284390449524,0.03454292193055153
365,0.0177434291690588,38.56523895263672,0.04575854539871216,0.017709555104374886,38.52562713623047,0.0465446375310421,0.03399542719125748,0.035618916153907776,0.034165479242801666,0.03544257953763008
366,0.017900293692946434,39.34981155395508,0.04630351811647415,0.01777634397149086,38.215152740478516,0.046306632459163666,0.03415144234895706,0.03474027290940285,0.03583817183971405,0.03515368700027466
367,0.017645973712205887,38.06596755981445,0.04538952186703682,0.017693767324090004,38.224945068359375,0.04631999880075455,0.03405948355793953,0.034900400787591934,0.03413979709148407,0.03451806306838989
368,0.017713425680994987,38.48127746582031,0.04569506272673607,0.017685526981949806,38.482662200927734,0.046510037034749985,0.03397820144891739,0.03558937460184097,0.03412766009569168,0.0353589728474617
369,0.017901763319969177,39.339622497558594,0.0462893471121788,0.017788711935281754,38.22283172607422,0.04630925506353378,0.03420519456267357,0.034728098660707474,0.035790104418992996,0.035200219601392746
370,0.017629506066441536,38.00303649902344,0.0453406497836113,0.017669040709733963,38.162750244140625,0.04626993089914322,0.033996667712926865,0.03487091884016991,0.03409666195511818,0.03447433561086655
371,0.01768438145518303,38.39684295654297,0.045631229877471924,0.017659541219472885,38.43937301635742,0.04647526890039444,0.03398825228214264,0.035535778850317,0.03409348428249359,0.03526958078145981
372,0.017902905121445656,39.31404113769531,0.04626923426985741,0.01775786466896534,38.132728576660156,0.0462382510304451,0.03411434218287468,0.0346687026321888,0.03575066477060318,0.035221539437770844
373,0.01761065609753132,37.94353485107422,0.0452943854033947,0.017643621191382408,38.122989654541016,0.04623669385910034,0.03394726291298866,0.03488129377365112,0.03405076637864113,0.03444119542837143
374,0.01765042543411255,38.319210052490234,0.0455721877515316,0.017629489302635193,38.39492416381836,0.04644044116139412,0.034126169979572296,0.03535241633653641,0.03410669416189194,0.03514977544546127
375,0.01791045255959034,39.21828842163086,0.04621070995926857,0.017677834257483482,37.97708511352539,0.046118758618831635,0.03392023220658302,0.034594833850860596,0.035602644085884094,0.035250224173069
376,0.017594126984477043,37.925601959228516,0.04527917504310608,0.01762670837342739,38.163448333740234,0.04626437649130821,0.03402138128876686,0.03494582697749138,0.03405915945768356,0.03443826362490654
377,0.017625559121370316,38.323612213134766,0.04557289183139801,0.017759131267666817,38.609642028808594,0.046600766479969025,0.03491872176527977,0.03491039201617241,0.03435317799448967,0.03495783731341362
378,0.01785479113459587,38.75552749633789,0.04588307440280914,0.017614567652344704,37.93674850463867,0.04608995467424393,0.033846694976091385,0.03463011980056763,0.0349605418741703,0.03507310152053833
379,0.017604444175958633,38.21072006225586,0.04548724368214607,0.017712363973259926,38.46043014526367,0.04648657515645027,0.034814681857824326,0.034725021570920944,0.034483183175325394,0.03461824730038643
380,0.017830776050686836,38.78982162475586,0.04590063914656639,0.017702225595712662,37.949623107910156,0.04609527066349983,0.0339367501437664,0.03452957794070244,0.034913551062345505,0.0352211557328701
381,0.01757957600057125,38.0158576965332,0.04534098878502846,0.017603663727641106,38.50429153442383,0.04651348665356636,0.03420799970626831,0.0356057733297348,0.03424163535237312,0.03450533002614975
382,0.017631512135267258,38.335243225097656,0.04557491093873978,0.017808448523283005,38.63554382324219,0.046614620834589005,0.03505611792206764,0.03481951355934143,0.034360967576503754,0.035014450550079346
383,0.01777317188680172,38.4993896484375,0.04569479450583458,0.017597731202840805,37.87592315673828,0.04604008048772812,0.033852096647024155,0.03454122319817543,0.03480185195803642,0.03481850400567055
384,0.01756816729903221,38.110225677490234,0.04541062191128731,0.017590558156371117,38.27427673339844,0.046341389417648315,0.03437638655304909,0.03492884337902069,0.034289997071027756,0.03468826413154602
385,0.017717894166707993,38.38578796386719,0.045609697699546814,0.017636975273489952,38.215904235839844,0.04628853127360344,0.03413710743188858,0.03501908853650093,0.0340760201215744,0.0353814959526062
386,0.017575178295373917,37.87446594238281,0.04523716866970062,0.017648043110966682,38.3448600769043,0.046385668218135834,0.034498006105422974,0.03490627557039261,0.03402351960539818,0.03449035808444023
387,0.017683781683444977,38.68180847167969,0.04581884294748306,0.0175698883831501,37.97858810424805,0.04611196741461754,0.03376937285065651,0.03494413569569588,0.035389188677072525,0.034694500267505646
388,0.017669685184955597,38.374549865722656,0.0455998070538044,0.017693955451250076,38.05671310424805,0.04617257043719292,0.03411255031824112,0.03466799855232239,0.03471451625227928,0.034777265042066574
389,0.017678964883089066,38.226593017578125,0.04549002647399902,0.017836982384324074,38.21410369873047,0.046290695667266846,0.034245360642671585,0.034745264798402786,0.034544721245765686,0.034640759229660034
390,0.017576437443494797,38.089481353759766,0.04539051279425621,0.01772688515484333,39.064579010009766,0.04691868647933006,0.033922817558050156,0.037127915769815445,0.03429090976715088,0.0347009114921093
391,0.017644580453634262,38.262535095214844,0.04551088064908981,0.017731236293911934,38.506553649902344,0.04650963097810745,0.03497903794050217,0.03476149961352348,0.03416234254837036,0.03513152897357941
392,0.017695505172014236,38.29174041748047,0.045536406338214874,0.017563819885253906,37.75879669189453,0.045943986624479294,0.033784423023462296,0.034447021782398224,0.03476580232381821,0.03456758335232735
393,0.017529983073472977,37.97060012817383,0.04530160129070282,0.017654884606599808,38.239139556884766,0.04630864039063454,0.03461023047566414,0.034606121480464935,0.034298934042453766,0.034499406814575195
394,0.017780674621462822,38.551475524902344,0.045722831040620804,0.017550285905599594,37.65612030029297,0.04586104676127434,0.03367117792367935,0.03438715264201164,0.03471853584051132,0.035119034349918365
395,0.017507804557681084,37.807437896728516,0.04517781734466553,0.01752381958067417,38.12961196899414,0.04622134566307068,0.034150876104831696,0.03499479219317436,0.034125953912734985,0.03437434136867523
396,0.01752418838441372,37.95111846923828,0.045285165309906006,0.017581572756171227,38.14713668823242,0.046236734837293625,0.03442785143852234,0.03468779847025871,0.03400423377752304,0.034794535487890244
397,0.01776687055826187,38.531497955322266,0.04570499807596207,0.01751515455543995,37.625518798828125,0.045836303383111954,0.03361092507839203,0.03441948816180229,0.03487512841820717,0.034938663244247437
398,0.017517711967229843,37.87784957885742,0.04522790014743805,0.017655009403824806,38.20253372192383,0.04627615585923195,0.03465406224131584,0.034508198499679565,0.03430106118321419,0.034355275332927704
399,0.01769661158323288,38.2955207824707,0.045533403754234314,0.01756845973432064,37.629241943359375,0.04583781585097313,0.03369935229420662,0.034303463995456696,0.034555092453956604,0.03486579656600952
400,0.017486684024333954,37.78152847290039,0.04515578970313072,0.017500292509794235,38.165164947509766,0.04624271020293236,0.03393026813864708,0.03537549450993538,0.03408707305788994,0.034423135221004486
401,0.01751849055290222,37.90226745605469,0.04524488374590874,0.017589086666703224,38.21416473388672,0.0462832972407341,0.03463425114750862,0.03465718775987625,0.03389011695981026,0.03485702723264694
402,0.01770962029695511,38.35886001586914,0.045576062053442,0.017488442361354828,37.54969024658203,0.04577558860182762,0.03354739770293236,0.034367091953754425,0.03485189378261566,0.03469984605908394
403,0.01747480034828186,37.769168853759766,0.045146290212869644,0.017586300149559975,38.161808013916016,0.046242546290159225,0.0346590057015419,0.03451640531420708,0.034115832298994064,0.034398920834064484
404,0.01769910380244255,38.31944274902344,0.04554818570613861,0.01749657839536667,37.51974105834961,0.04575043171644211,0.033579107373952866,0.034292686730623245,0.03461610898375511,0.0348951555788517
405,0.017459021881222725,37.657493591308594,0.04506170377135277,0.017487285658717155,37.94853210449219,0.046078335493803024,0.03414751961827278,0.03469112142920494,0.03403297811746597,0.03428403660655022
406,0.01754411868751049,37.8604850769043,0.04521278664469719,0.017566541209816933,38.06962203979492,0.046162523329257965,0.0337090827524662,0.03538086637854576,0.03366374969482422,0.03503495827317238
407,0.017577463760972023,38.06755447387695,0.04536097124218941,0.01748943142592907,37.68605422973633,0.04587099328637123,0.033787377178668976,0.034474026411771774,0.03449822589755058,0.03461014851927757
408,0.01758476160466671,38.31532287597656,0.045537836849689484,0.01751910150051117,37.55883026123047,0.04577553644776344,0.033593714237213135,0.03438776731491089,0.0351223386824131,0.03445567563176155
409,0.017471523955464363,37.49042892456055,0.04493657872080803,0.01767038181424141,37.87184143066406,0.04601869359612465,0.034009937196969986,0.034529171884059906,0.03379861265420914,0.034203849732875824
410,0.017682554200291634,38.144412994384766,0.045418061316013336,0.017498841509222984,37.44244384765625,0.04568804055452347,0.03353923186659813,0.0342002734541893,0.034400444477796555,0.034836508333683014
411,0.017439017072319984,37.675376892089844,0.045071233063936234,0.01744568534195423,37.958534240722656,0.04607873409986496,0.033761776983737946,0.03521920368075371,0.03403272479772568,0.03439712151885033
412,0.01746724545955658,37.73292922973633,0.04511423036456108,0.01761905662715435,38.25117111206055,0.046303655952215195,0.03483287990093231,0.0345919169485569,0.03385715186595917,0.034680187702178955
413,0.0176547821611166,38.11857223510742,0.0453939326107502,0.017430169507861137,37.40256118774414,0.04565591737627983,0.03342853859066963,0.034296490252017975,0.0346522219479084,0.034552037715911865
414,0.017419323325157166,37.588871002197266,0.045007575303316116,0.01744925044476986,37.89440155029297,0.04603227600455284,0.034224677830934525,0.03458837792277336,0.0338573083281517,0.03443041071295738
415,0.017690736800432205,38.39011001586914,0.04558511823415756,0.017491500824689865,37.387245178222656,0.04563969746232033,0.03353002667427063,0.034149982035160065,0.034847427159547806,0.034888528287410736
416,0.01739525981247425,37.31018829345703,0.0447973869740963,0.01740892417728901,37.70445251464844,0.04588427022099495,0.033648278564214706,0.03481673449277878,0.03365350887179375,0.03409081697463989
417,0.017455797642469406,37.78032684326172,0.045146096497774124,0.017703281715512276,38.34254837036133,0.04636872559785843,0.035011112689971924,0.034568045288324356,0.03404569998383522,0.03464202210307121
418,0.017607564106583595,37.90777587890625,0.04523871839046478,0.017409000545740128,37.354366302490234,0.04561657831072807,0.033428702503442764,0.034242723137140274,0.03440878912806511,0.03444790095090866
419,0.017399512231349945,37.543155670166016,0.04497130587697029,0.017405545338988304,37.77228546142578,0.04593610018491745,0.033991314470767975,0.034636400640010834,0.033780720084905624,0.034473080188035965
420,0.017519952729344368,37.986480712890625,0.04529109224677086,0.018326397985219955,39.73125076293945,0.04739602655172348,0.03642371669411659,0.03562707081437111,0.034449487924575806,0.034627411514520645
421,0.017519544810056686,37.575286865234375,0.044992219656705856,0.017403753474354744,37.35225296020508,0.04561450704932213,0.03348102420568466,0.03420450910925865,0.034099992364645004,0.034157633781433105
422,0.017421815544366837,37.55665969848633,0.04497981444001198,0.017393654212355614,37.63243865966797,0.045825500041246414,0.033434152603149414,0.03494613617658615,0.03348817303776741,0.03481220826506615
423,0.017616527155041695,38.4493293762207,0.04561229795217514,0.017490310594439507,37.33344650268555,0.04559203237295151,0.033497657626867294,0.034128136932849884,0.03523377329111099,0.03467317670583725
424,0.01735830120742321,37.095645904541016,0.04463415592908859,0.01737610064446926,37.35673522949219,0.045615412294864655,0.033335715532302856,0.03442758321762085,0.03343721851706505,0.033954937011003494
425,0.017419610172510147,37.46549606323242,0.04491191729903221,0.01738383248448372,37.579505920410156,0.04578419402241707,0.03337412327528,0.03491927310824394,0.03341442346572876,0.03472233563661575
426,0.017648285254836082,38.437313079833984,0.04561132192611694,0.017413701862096786,37.20790100097656,0.045494500547647476,0.03332758694887161,0.03409957140684128,0.03525002673268318,0.03466914966702461
427,0.017343221232295036,37.071266174316406,0.04461509361863136,0.01736685074865818,37.34885787963867,0.045608218759298325,0.03335688263177872,0.03441916033625603,0.03342210873961449,0.03395640105009079
428,0.017367854714393616,37.429344177246094,0.044884636998176575,0.017424171790480614,37.7938117980957,0.04594949632883072,0.034186385571956635,0.0345330648124218,0.033648375421762466,0.03447232022881508
429,0.01763232983648777,38.02165603637695,0.04531562328338623,0.017356785014271736,37.177146911621094,0.04547413811087608,0.03326365351676941,0.03414957970380783,0.0345308780670166,0.034638963639736176
430,0.01737181469798088,37.425193786621094,0.04487760737538338,0.017535869032144547,37.85508346557617,0.04599440470337868,0.034473251551389694,0.034257031977176666,0.03399909660220146,0.03411751240491867
431,0.017532499507069588,37.709468841552734,0.04508913680911064,0.017387237399816513,37.184852600097656,0.04548034816980362,0.033381033688783646,0.03403010964393616,0.03416311368346214,0.03446412831544876
432,0.0173358004540205,37.31388854980469,0.04479551315307617,0.017337823286652565,37.60751724243164,0.0458030067384243,0.03361981362104416,0.03481970727443695,0.033731959760189056,0.034207362681627274
433,0.017408983781933784,37.39253616333008,0.04485391080379486,0.017394019290804863,37.505767822265625,0.04572185501456261,0.033327363431453705,0.03485788777470589,0.033302538096904755,0.03476235270500183
434,0.017472080886363983,37.84347915649414,0.04518379271030426,0.017336314544081688,37.174888610839844,0.04546711966395378,0.03323576599359512,0.03423896059393883,0.03454231470823288,0.03442470356822014
435,0.017443977296352386,37.68915557861328,0.045071087777614594,0.017386673018336296,37.289981842041016,0.04555821791291237,0.03347811847925186,0.03421423211693764,0.03448174148797989,0.034179531037807465
436,0.017371058464050293,37.240257263183594,0.0447397381067276,0.017572592943906784,37.65047073364258,0.04583689197897911,0.03400744870305061,0.03431664779782295,0.03373952955007553,0.03405909240245819
437,0.017544632777571678,37.684207916259766,0.04506891965866089,0.017389532178640366,37.11298370361328,0.04542293772101402,0.03331112116575241,0.03398248553276062,0.034113168716430664,0.0345197357237339
438,0.017320364713668823,37.30432891845703,0.04478606581687927,0.01732758991420269,37.60330581665039,0.045795608311891556,0.03343511372804642,0.03506805747747421,0.03374973684549332,0.034237850457429886
439,0.017348656430840492,37.344444274902344,0.0448162704706192,0.01751355640590191,38.01579666137695,0.04611348360776901,0.03479190543293953,0.03441024199128151,0.033585190773010254,0.0344712994992733
440,0.017525523900985718,37.71569061279297,0.04508703947067261,0.017304377630352974,37.05058670043945,0.04537377506494522,0.0331585668027401,0.034095119684934616,0.034411512315273285,0.03429386019706726
441,0.0172981396317482,37.191200256347656,0.044703107327222824,0.017311500385403633,37.53499221801758,0.045747336000204086,0.03392486646771431,0.03441329300403595,0.033527933061122894,0.0342596173286438
442,0.017557606101036072,37.95798873901367,0.04526597633957863,0.0173339881002903,37.005767822265625,0.04533643275499344,0.03321273252367973,0.033949095755815506,0.034592196345329285,0.03461391106247902
443,0.017276817932724953,36.949241638183594,0.044520195573568344,0.017293861135840416,37.32688522338867,0.04558650776743889,0.033506833016872406,0.03440564125776291,0.03341863304376602,0.03389483317732811
444,0.01730218529701233,37.25886917114258,0.04475337639451027,0.017401529476046562,37.67648696899414,0.045855563133955,0.03429590165615082,0.03428662195801735,0.03357243165373802,0.034382082521915436
445,0.01754714734852314,37.76893615722656,0.04512399435043335,0.01728314533829689,36.9802131652832,0.045317500829696655,0.03310162574052811,0.03405466303229332,0.03440466523170471,0.03444415703415871
446,0.01727406680583954,37.12029266357422,0.04464859142899513,0.017344871535897255,37.575965881347656,0.04577799513936043,0.034231580793857574,0.03418116271495819,0.03361084312200546,0.034085966646671295
447,0.017499465495347977,37.701507568359375,0.04507889971137047,0.017300840467214584,36.95630645751953,0.04529872536659241,0.03317815810441971,0.03392945975065231,0.03428471088409424,0.034489668905735016
448,0.017262674868106842,37.001888275146484,0.04455920308828354,0.017291512340307236,37.363773345947266,0.045614488422870636,0.033749423921108246,0.03427231311798096,0.03354553133249283,0.03393099457025528
449,0.017369503155350685,37.28278350830078,0.04477032646536827,0.017402218654751778,37.62418746948242,0.045803528279066086,0.03360510617494583,0.03499344736337662,0.03328102082014084,0.03473033756017685
450,0.017343629151582718,37.348175048828125,0.044815558940172195,0.01728190667927265,37.08522033691406,0.04539385065436363,0.033286936581134796,0.03416184335947037,0.034011926501989365,0.03416629880666733
451,0.017418744042515755,37.78058624267578,0.04513191431760788,0.017308924347162247,36.94853591918945,0.04528936743736267,0.03311118483543396,0.034001853317022324,0.03480533882975578,0.03418345749378204
452,0.017260717228055,36.83519744873047,0.04443440958857536,0.017384236678481102,37.23080825805664,0.04551243036985397,0.033479105681180954,0.03420430049300194,0.03331548720598221,0.03385068103671074
453,0.01742709055542946,37.49533462524414,0.04492269828915596,0.018026288598775864,38.333961486816406,0.04634642228484154,0.03436805680394173,0.035243406891822815,0.034071069210767746,0.03437281772494316
454,0.01735808700323105,37.039283752441406,0.044586893171072006,0.017314942553639412,37.08403396606445,0.04539978504180908,0.033484213054180145,0.03390404209494591,0.033673036843538284,0.0338851660490036
455,0.017298957332968712,37.27761459350586,0.0447627417743206,0.017257284373044968,37.1630859375,0.045454926788806915,0.03304937854409218,0.03464820981025696,0.03342140093445778,0.03468181565403938
456,0.017308875918388367,37.369869232177734,0.04482750594615936,0.01771920919418335,38.86012268066406,0.0467412993311882,0.036388058215379715,0.034563228487968445,0.03399444371461868,0.034273769706487656
457,0.017393453046679497,37.20884704589844,0.04471219703555107,0.017260383814573288,36.8857307434082,0.04524502158164978,0.03312596678733826,0.033908165991306305,0.033935628831386566,0.03396943211555481
458,0.017244486138224602,36.987030029296875,0.04454904794692993,0.017240304499864578,37.27402877807617,0.04554184153676033,0.03321562334895134,0.03476813808083534,0.0332174226641655,0.03433249145746231
459,0.017387939617037773,37.4494514465332,0.04488970339298248,0.017350291833281517,37.72208023071289,0.04587142914533615,0.03473382443189621,0.03416626527905464,0.0338912308216095,0.034547220915555954
460,0.017271503806114197,37.1934814453125,0.04469643160700798,0.017464155331254005,38.3795051574707,0.04637979343533516,0.03548302873969078,0.034749340265989304,0.03405458852648735,0.03391478583216667
461,0.017364175990223885,37.177032470703125,0.04468926414847374,0.017311329022049904,36.95621109008789,0.045299235731363297,0.03325795382261276,0.03392147272825241,0.03388563171029091,0.03401573747396469
462,0.017263028770685196,37.0725212097168,0.04461125656962395,0.017536580562591553,37.5379638671875,0.04574630782008171,0.03405791148543358,0.034220512956380844,0.033810243010520935,0.03393661975860596
463,0.017429636791348457,37.272193908691406,0.04475967213511467,0.01722726598381996,36.79673767089844,0.045174531638622284,0.033078696578741074,0.03384217247366905,0.03375938907265663,0.03432344272732735
464,0.017206015065312386,36.99332809448242,0.04455145448446274,0.017200220376253128,37.13589859008789,0.04543597623705864,0.03335229307413101,0.03437448665499687,0.033539559692144394,0.03410117328166962
465,0.01724686101078987,36.90824508666992,0.04448964446783066,0.017251258715987206,37.14598083496094,0.045441240072250366,0.033014290034770966,0.034730248153209686,0.033022645860910416,0.034420594573020935
466,0.017349665984511375,37.49103546142578,0.044918764382600784,0.017202597111463547,36.78664779663086,0.0451619029045105,0.03297062963247299,0.03398839756846428,0.03428024798631668,0.03432343527674675
467,0.017314951866865158,37.25354766845703,0.044743988662958145,0.017254790291190147,36.91286849975586,0.04526284337043762,0.033219464123249054,0.03397194668650627,0.03418540209531784,0.033941127359867096
468,0.017234105616807938,36.81559371948242,0.0444190613925457,0.017414109781384468,37.24974822998047,0.04552560672163963,0.03372019901871681,0.03408397361636162,0.033450037240982056,0.03383241966366768
469,0.01741708256304264,37.299598693847656,0.04477972164750099,0.017287706956267357,36.79658508300781,0.04517412185668945,0.03309992328286171,0.033800818026065826,0.03389965742826462,0.034301210194826126
470,0.017187532037496567,36.87417221069336,0.04446189105510712,0.017200911417603493,37.25699996948242,0.045525822788476944,0.03317592665553093,0.034896064549684525,0.033443327993154526,0.03401031717658043
471,0.017221933230757713,36.98529052734375,0.044545236974954605,0.017451077699661255,37.802730560302734,0.0459471270442009,0.03476950153708458,0.034239742904901505,0.033402059227228165,0.034264326095581055
472,0.01737397164106369,37.22507095336914,0.04472259059548378,0.017178824171423912,36.7000732421875,0.04509953036904335,0.03293279558420181,0.03386678546667099,0.03404732793569565,0.03402751684188843
473,0.017167512327432632,36.810001373291016,0.04441596940159798,0.017169784754514694,37.13408660888672,0.04543623328208923,0.033582210540771484,0.034215476363897324,0.03324364125728607,0.03410910815000534
474,0.017427336424589157,37.586822509765625,0.04498882591724396,0.0172090046107769,36.65087127685547,0.045058559626340866,0.03296997770667076,0.03372804448008537,0.03439512476325035,0.03440365940332413
475,0.017143262550234795,36.527503967285156,0.04420186206698418,0.017160987481474876,36.924381256103516,0.04527381435036659,0.03317287191748619,0.03417566418647766,0.033103082329034805,0.0336870439350605
476,0.017175238579511642,36.905418395996094,0.04448788985610008,0.017361847683787346,37.55855178833008,0.04576241970062256,0.03444675728678703,0.03412836790084839,0.03339497745037079,0.03417854756116867
477,0.01739773154258728,37.284671783447266,0.04476410150527954,0.017153706401586533,36.64310073852539,0.045054253190755844,0.032854706048965454,0.033877190202474594,0.03407801687717438,0.034143127501010895
478,0.017143186181783676,36.73629379272461,0.04436054825782776,0.017162809148430824,37.13725662231445,0.045439038425683975,0.03374530002474785,0.03408742696046829,0.03323441743850708,0.034018855541944504
479,0.017380066215991974,37.40800857543945,0.04486033692955971,0.01717965491116047,36.60475540161133,0.045023925602436066,0.03293247148394585,0.0337134413421154,0.034209735691547394,0.034307532012462616
480,0.017129190266132355,36.542884826660156,0.04421423748135567,0.017161205410957336,36.9556770324707,0.04529896378517151,0.03339629992842674,0.034046463668346405,0.03317959979176521,0.03369256854057312
481,0.017179610207676888,36.77112579345703,0.0443885438144207,0.01722726784646511,37.11870574951172,0.04541925713419914,0.03296307474374771,0.034863658249378204,0.033021342009305954,0.03431124612689018
482,0.017262963578104973,37.18562316894531,0.04469224810600281,0.01713847741484642,36.62504196166992,0.04503793269395828,0.03284352272748947,0.03391542658209801,0.03387835621833801,0.034278109669685364
483,0.017285162582993507,37.216827392578125,0.04471812769770622,0.017164746299386024,36.62895202636719,0.045042574405670166,0.03292055055499077,0.03381524607539177,0.03429197892546654,0.03390513360500336
484,0.017145996913313866,36.563148498535156,0.044230468571186066,0.017281237989664078,37.0313835144043,0.045358140021562576,0.033537428826093674,0.034004535526037216,0.03322726860642433,0.033710919320583344
485,0.017369091510772705,37.177650451660156,0.04468987137079239,0.01721949316561222,36.63438034057617,0.045048926025629044,0.03300316631793976,0.03370323404669762,0.03386389836668968,0.034243885427713394
486,0.017115946859121323,36.62653350830078,0.04427744448184967,0.017128821462392807,37.060550689697266,0.04537653923034668,0.03314601257443428,0.03464602679014206,0.033283721655607224,0.033822208642959595
487,0.0171445794403553,36.741668701171875,0.0443648062646389,0.017249779775738716,37.32426834106445,0.04558367282152176,0.03416148200631142,0.034072887152433395,0.033125508576631546,0.03421205282211304
488,0.017331521958112717,37.185035705566406,0.044691190123558044,0.017118120566010475,36.520896911621094,0.044960323721170425,0.03277606517076492,0.03378067910671234,0.03410930559039116,0.03403269127011299
489,0.017097042873501778,36.589820861816406,0.044251907616853714,0.017120083793997765,37.021507263183594,0.045350972563028336,0.033656470477581024,0.03402676433324814,0.033145129680633545,0.03391672670841217
490,0.017350560054183006,37.30732727050781,0.04478651285171509,0.017134707421064377,36.4908447265625,0.044936180114746094,0.03284647315740585,0.03365689888596535,0.03414124995470047,0.03427450358867645
491,0.017087161540985107,36.42219161987305,0.044124405831098557,0.01712198741734028,36.84503173828125,0.04521448165178299,0.033333901315927505,0.03396693989634514,0.03309597447514534,0.03363636136054993
492,0.017104027792811394,36.620521545410156,0.04427666217088699,0.017090702429413795,36.80948257446289,0.04518669471144676,0.03301156684756279,0.03426660597324371,0.03306358680129051,0.03408413380384445
493,0.017278354614973068,37.24995803833008,0.04474133998155594,0.017107853665947914,36.52207565307617,0.044957276433706284,0.03282913938164711,0.03380681946873665,0.0338774099946022,0.03449047729372978
494,0.01720314472913742,36.946807861328125,0.044515110552310944,0.017166344448924065,36.65024185180664,0.04506077244877815,0.03308572620153427,0.03377041220664978,0.03402111306786537,0.03374726325273514
495,0.017132071778178215,36.46575927734375,0.044158387929201126,0.01728936843574047,36.91978454589844,0.0452733114361763,0.033448055386543274,0.033907290548086166,0.03318627551198006,0.03364633396267891
496,0.01729368045926094,37.00069808959961,0.04455852508544922,0.01722702383995056,36.6297492980957,0.04504651576280594,0.033005665987730026,0.0337478332221508,0.03375739976763725,0.03411184623837471
497,0.01709294691681862,36.572914123535156,0.044238220900297165,0.01712033897638321,37.0419807434082,0.04536116123199463,0.03296720236539841,0.034879881888628006,0.03319947049021721,0.03389713540673256
498,0.017122501507401466,36.7218132019043,0.044349778443574905,0.01737142540514469,37.64771270751953,0.045830510556697845,0.03478141874074936,0.03412902355194092,0.033267006278038025,0.034125059843063354
499,0.01725202240049839,36.86763000488281,0.04445939511060715,0.017085717990994453,36.44270324707031,0.04490209370851517,0.03277755156159401,0.033695828169584274,0.033796876668930054,0.03383192420005798
500,0.017068777233362198,36.52363967895508,0.044203657656908035,0.017061172053217888,36.81976318359375,0.04519538953900337,0.033246614038944244,0.03412386029958725,0.03301453962922096,0.03401392698287964
501,0.017321640625596046,37.37839889526367,0.044828590005636215,0.017143379896879196,36.43833541870117,0.04489494115114212,0.03286982700228691,0.03358524665236473,0.03433673083782196,0.03427613526582718
502,0.01703871600329876,36.18169403076172,0.043943118304014206,0.017055781558156013,36.57549285888672,0.045005347579717636,0.032800137996673584,0.03403009474277496,0.03282219171524048,0.0335167720913887
503,0.017072031274437904,36.58586502075195,0.04425090178847313,0.01712896302342415,37.09458541870117,0.04540920630097389,0.033960890024900436,0.03396157547831535,0.03308360278606415,0.03409644588828087
504,0.01728575862944126,37.03247833251953,0.04458049684762955,0.017062848433852196,36.36798095703125,0.04484326392412186,0.03268281742930412,0.033678773790597916,0.033966921269893646,0.03401995822787285
505,0.017034480348229408,36.43935012817383,0.044140350073575974,0.0171116404235363,37.00065994262695,0.0453374981880188,0.03390795364975929,0.03381574898958206,0.0331556499004364,0.03374924510717392
506,0.017268190160393715,36.9828987121582,0.0445474274456501,0.017065275460481644,36.35615158081055,0.04483461752533913,0.032752327620983124,0.03359959274530411,0.0338093638420105,0.03410886600613594
507,0.017028532922267914,36.37778091430664,0.04409358650445938,0.01707724668085575,36.805564880371094,0.04518674686551094,0.033536870032548904,0.03380187228322029,0.03314412757754326,0.03365214914083481
508,0.01709999516606331,36.518795013427734,0.044203247874975204,0.017331678420305252,37.52515411376953,0.045726992189884186,0.03330299258232117,0.03557576984167099,0.032884255051612854,0.03417903184890747
509,0.017123885452747345,36.739864349365234,0.04435864835977554,0.01705443672835827,36.40498733520508,0.04487299174070358,0.03264552354812622,0.033851612359285355,0.03340844064950943,0.03409730643033981
510,0.017193689942359924,36.94331359863281,0.04451565816998482,0.017054149881005287,36.35647964477539,0.04483502358198166,0.03270477429032326,0.03367569297552109,0.03406917303800583,0.03383076563477516
511,0.01709809899330139,36.56432342529297,0.04423313960433006,0.017270512878894806,36.911354064941406,0.04526786878705025,0.03359188511967659,0.03386165574193001,0.03348688781261444,0.033683598041534424
512,0.0171859972178936,36.587947845458984,0.04425258934497833,0.017214540392160416,36.64894485473633,0.04506520554423332,0.03310103714466095,0.033799465745687485,0.033402908593416214,0.03379248082637787
513,0.01707378402352333,36.5546760559082,0.04422776773571968,0.017073389142751694,36.81367874145508,0.04518589377403259,0.03274459391832352,0.03473469242453575,0.033119071274995804,0.0340738482773304
514,0.017048221081495285,36.52756118774414,0.04420631378889084,0.01733662374317646,37.82883071899414,0.04597010090947151,0.03528900444507599,0.03413207083940506,0.03320659324526787,0.033946454524993896
515,0.017179327085614204,36.70265197753906,0.04433764889836311,0.017033705487847328,36.2955207824707,0.04478989914059639,0.03266529366374016,0.033617619425058365,0.03373129665851593,0.033714599907398224
516,0.017025545239448547,36.36579513549805,0.04408733919262886,0.01701337844133377,36.62969207763672,0.0450495220720768,0.03293508663773537,0.034162163734436035,0.03280755504965782,0.0340362973511219
517,0.017229685559868813,37.2199592590332,0.04471808671951294,0.017063936218619347,36.25475311279297,0.04475400969386101,0.03268907219171524,0.03351651877164841,0.03435029834508896,0.034118108451366425
518,0.01698319986462593,36.03032684326172,0.04383140802383423,0.017015215009450912,36.40760803222656,0.044878143817186356,0.032724540680646896,0.03385240212082863,0.0327189676463604,0.03345422446727753
519,0.01703578792512417,36.370845794677734,0.044092364609241486,0.017008846625685692,36.543155670166016,0.04498310759663582,0.032795485109090805,0.03412938863039017,0.03278525918722153,0.034084245562553406
520,0.01717173121869564,37.17539596557617,0.04466793313622475,0.017786817625164986,38.43680191040039,0.04642382636666298,0.03581443056464195,0.03466757386922836,0.03422962874174118,0.03414810821413994
521,0.017040768638253212,36.10348129272461,0.043887052685022354,0.01702164299786091,36.28717041015625,0.04478514567017555,0.0326504148542881,0.03365838900208473,0.032916951924562454,0.03340117633342743
522,0.017065955325961113,36.40193557739258,0.04411560297012329,0.01705092377960682,36.601627349853516,0.04502282664179802,0.032910145819187164,0.034163035452365875,0.0326957069337368,0.034246884286403656
523,0.01702934503555298,36.687721252441406,0.044327735900878906,0.017004039138555527,36.31131362915039,0.04479765146970749,0.03274835646152496,0.03367863968014717,0.033850036561489105,0.03373319283127785
524,0.01713658683001995,36.73777389526367,0.044365644454956055,0.01705032028257847,36.346466064453125,0.044829197227954865,0.03279077634215355,0.033665526658296585,0.033836618065834045,0.03377525880932808
525,0.016969826072454453,36.126922607421875,0.043907586485147476,0.01702878437936306,36.55302810668945,0.04499392583966255,0.03307611867785454,0.0338580422103405,0.03290780633687973,0.03352726623415947
526,0.01717647910118103,36.63257598876953,0.044288575649261475,0.017009632661938667,36.3840446472168,0.04485546424984932,0.03279833123087883,0.033837512135505676,0.033004920929670334,0.034388236701488495
527,0.017104333266615868,36.91639709472656,0.04448464512825012,0.01709388755261898,36.382381439208984,0.044856030493974686,0.03292662277817726,0.03360186889767647,0.03421884775161743,0.03373841941356659
528,0.016969600692391396,35.964385986328125,0.043783821165561676,0.017046339809894562,36.34000015258789,0.04482865706086159,0.03273863345384598,0.03371770307421684,0.03271520137786865,0.03340020030736923
529,0.017085259780287743,36.432159423828125,0.04414021968841553,0.017028646543622017,36.51145553588867,0.04495484009385109,0.032805435359478,0.03412846848368645,0.03276010602712631,0.03428627923130989
530,0.017019063234329224,36.54815673828125,0.04422485828399658,0.017031213268637657,36.622562408447266,0.04503723978996277,0.03353298455476761,0.03363197296857834,0.03361915424466133,0.03372896835207939
531,0.017079144716262817,36.74673843383789,0.04436592012643814,0.0170751865953207,36.44519805908203,0.044906456023454666,0.03295830264687538,0.03375663980841637,0.033934105187654495,0.03375009074807167
532,0.01699874922633171,36.060791015625,0.043858516961336136,0.017236677929759026,36.603736877441406,0.04503500834107399,0.033094823360443115,0.03385075554251671,0.03284845128655434,0.03348788619041443
533,0.017208294942975044,36.64794158935547,0.04430277273058891,0.017036104574799538,36.17293167114258,0.044697415083646774,0.0326538011431694,0.03346799686551094,0.033476389944553375,0.03399557247757912
534,0.01695258729159832,36.25699234008789,0.04400630667805672,0.01695917174220085,36.52149200439453,0.044966887682676315,0.03276613727211952,0.03424513712525368,0.03306906670331955,0.03372091054916382
535,0.016969485208392143,36.30902862548828,0.04404664412140846,0.01721476949751377,37.2460823059082,0.04553081840276718,0.03439980745315552,0.03398379310965538,0.03298388049006462,0.033908504992723465
536,0.017133193090558052,36.58171081542969,0.04424998164176941,0.016957564279437065,36.119163513183594,0.0446556881070137,0.03253393620252609,0.03354263678193092,0.03364007920026779,0.03373457491397858
537,0.01693907007575035,36.1776123046875,0.04394853115081787,0.016936438158154488,36.49452590942383,0.04495019465684891,0.03307053819298744,0.033886246383190155,0.03278997540473938,0.03385915979743004
538,0.017160873860120773,36.90448760986328,0.04449241980910301,0.0169795211404562,36.0830078125,0.044625576585531235,0.03258472681045532,0.03342372551560402,0.033994078636169434,0.03404315561056137
539,0.016911648213863373,35.90385437011719,0.043739672750234604,0.01694408990442753,36.3318977355957,0.044824231415987015,0.03282273933291435,0.03376353904604912,0.03269132226705551,0.03340756893157959
540,0.01694154180586338,36.1932373046875,0.04396207630634308,0.0169281754642725,36.421016693115234,0.044894903898239136,0.03298487141728401,0.033824000507593155,0.03278720751404762,0.033913835883140564
541,0.01717703975737095,36.940467834472656,0.04451518505811691,0.016947923228144646,36.046180725097656,0.04459669440984726,0.03249940276145935,0.03347189351916313,0.034002892673015594,0.0340968482196331
542,0.016918985173106194,35.99064636230469,0.043806303292512894,0.01701759733259678,36.56056594848633,0.04500380903482437,0.033398836851119995,0.033643413335084915,0.03287995606660843,0.0334191657602787
543,0.017096849158406258,36.56342315673828,0.044241275638341904,0.016971372067928314,36.108097076416016,0.04464896768331528,0.03266403451561928,0.03341681510210037,0.03357427567243576,0.03384741023182869
544,0.01690329797565937,36.028785705566406,0.04383635148406029,0.016917197033762932,36.446414947509766,0.044913072139024734,0.03288286179304123,0.03403444215655327,0.03282971680164337,0.033573660999536514
545,0.016979586333036423,36.22360610961914,0.04398482292890549,0.01700069196522236,36.61064147949219,0.04503314569592476,0.03318467363715172,0.034084904938936234,0.032617393881082535,0.03416181728243828
546,0.016935430467128754,36.41461181640625,0.04412585496902466,0.01692017912864685,36.08505630493164,0.04462959244847298,0.03242253512144089,0.033684004098176956,0.033574968576431274,0.033642351627349854
547,0.01708773709833622,36.56560516357422,0.04424251616001129,0.01695101521909237,36.11265563964844,0.04465292766690254,0.03258690610527992,0.03355018422007561,0.03369415923953056,0.033761925995349884
548,0.016919123008847237,36.114437103271484,0.04390260577201843,0.017084291204810143,36.55998992919922,0.04500485584139824,0.03330612927675247,0.03373429924249649,0.03311346843838692,0.03348599001765251
549,0.017165489494800568,36.46212387084961,0.044166430830955505,0.016944516450166702,36.0396728515625,0.04459737613797188,0.03259355202317238,0.03339516744017601,0.03331918641924858,0.03390352800488472
550,0.016890093684196472,36.09975814819336,0.04389112815260887,0.016896650195121765,36.32327651977539,0.04481881484389305,0.03282683715224266,0.03385360166430473,0.03301740810275078,0.03358544409275055
551,0.016944870352745056,36.102169036865234,0.043894607573747635,0.016971221193671227,36.42939758300781,0.04489604011178017,0.03277252987027168,0.03414246067404747,0.03252112492918968,0.0340617336332798
552,0.016939686611294746,36.44529342651367,0.04415104165673256,0.016903944313526154,36.037967681884766,0.04459239915013313,0.03248279169201851,0.033570077270269394,0.033600933849811554,0.03372552618384361
553,0.0170427318662405,36.498905181884766,0.044193826615810394,0.016935614868998528,36.079811096191406,0.04462818428874016,0.03258766606450081,0.03352338448166847,0.033701106905937195,0.03367508202791214
554,0.01687285304069519,35.92570495605469,0.04376087710261345,0.016929414123296738,36.356895446777344,0.04484830051660538,0.0329991914331913,0.03373805060982704,0.03282342106103897,0.033446017652750015
555,0.017066894099116325,36.33272933959961,0.044070057570934296,0.016968050971627235,36.381004333496094,0.04485771805047989,0.03291870653629303,0.03392774239182472,0.03283387050032616,0.03419482335448265
556,0.016870396211743355,35.94156265258789,0.04377443343400955,0.01696207746863365,36.62908935546875,0.04504948854446411,0.033652760088443756,0.033729929476976395,0.03282894566655159,0.03350825607776642
557,0.01693333312869072,36.37397003173828,0.04409738630056381,0.016915131360292435,36.15742874145508,0.04468998312950134,0.03246062248945236,0.03388810530304909,0.0336366705596447,0.03356672078371048
558,0.017052754759788513,36.471839904785156,0.04417266696691513,0.016980966553092003,36.06611633300781,0.044620122760534286,0.03253352269530296,0.033543217927217484,0.033535778522491455,0.033826421946287155
559,0.01692735031247139,36.114688873291016,0.0439053438603878,0.01720329560339451,36.593666076660156,0.04503372311592102,0.03327920287847519,0.03382737562060356,0.03317956253886223,0.033493589609861374
560,0.017109056934714317,36.28395080566406,0.04403453320264816,0.01695113256573677,35.98686981201172,0.044559359550476074,0.03254198282957077,0.03337835520505905,0.03315644711256027,0.03380034118890762
561,0.016870293766260147,36.08208084106445,0.04388003423810005,0.01687064953148365,36.243629455566406,0.044757891446352005,0.0325879231095314,0.03400959447026253,0.03298056125640869,0.03367428109049797
562,0.01686292327940464,35.97859191894531,0.04380306974053383,0.016935816034674644,36.57598114013672,0.04502154141664505,0.03351379558444023,0.03375529497861862,0.03262358531355858,0.03381902724504471
563,0.017056794837117195,36.55381393432617,0.04423126205801964,0.016881141811609268,35.89997863769531,0.044489677995443344,0.03237396851181984,0.03342437744140625,0.03377062454819679,0.03376436606049538
564,0.01683831214904785,35.86249542236328,0.043715495616197586,0.016853438690304756,36.29856491088867,0.044805169105529785,0.032981403172016144,0.03374441713094711,0.03261782228946686,0.03360477462410927
565,0.017090803012251854,36.71982955932617,0.044359248131513596,0.01689983159303665,35.886722564697266,0.04447869211435318,0.03246764466166496,0.03331420570611954,0.03388192132115364,0.03398973494768143
566,0.016823848709464073,35.67375183105469,0.04357017204165459,0.01685485802590847,36.108367919921875,0.04465638846158981,0.032629046589136124,0.03367398679256439,0.03253062814474106,0.03331415727734566
567,0.016854630783200264,36.011756896972656,0.04383032023906708,0.01690119318664074,36.49332046508789,0.04495904594659805,0.03347425162792206,0.033653054386377335,0.03275132551789284,0.03379851579666138
568,0.017059732228517532,36.52589797973633,0.04421071335673332,0.01686338521540165,35.864994049072266,0.04446301981806755,0.032353535294532776,0.03340759128332138,0.033699069172143936,0.03381047397851944
569,0.016816213726997375,35.81513214111328,0.04368031024932861,0.016843991354107857,36.3367919921875,0.04483690857887268,0.03321234881877899,0.03362075239419937,0.03262968733906746,0.03353702276945114
570,0.017048304900527,36.56634521484375,0.04424801841378212,0.016871755942702293,35.85039138793945,0.04445219784975052,0.03242657706141472,0.03331538662314415,0.033717282116413116,0.033910028636455536
571,0.016813552007079124,35.715980529785156,0.04360406845808029,0.016858676448464394,36.20869064331055,0.044737376272678375,0.032980091869831085,0.03356174752116203,0.032630905508995056,0.03334210440516472
572,0.016832679510116577,35.920658111572266,0.0437629371881485,0.016827169805765152,36.11235427856445,0.04466253146529198,0.03268267586827278,0.03368321806192398,0.032735951244831085,0.03366510570049286
573,0.016975922510027885,36.54219055175781,0.0442262664437294,0.01685737632215023,35.88222122192383,0.04447430372238159,0.032422177493572235,0.03343955799937248,0.03341005742549896,0.034220289438962936
574,0.01693621277809143,36.24687576293945,0.04400387033820152,0.016897229477763176,36.007205963134766,0.044576939195394516,0.03268931806087494,0.03339860960841179,0.033568136394023895,0.03346067667007446
575,0.016833661124110222,35.69936752319336,0.04359288513660431,0.016968781128525734,36.23054504394531,0.04475627467036247,0.032949067652225494,0.033585719764232635,0.03265804424881935,0.03329521417617798
576,0.017029160633683205,36.39691925048828,0.04411797598004341,0.017111044377088547,36.30425262451172,0.04481002315878868,0.03279535472393036,0.03382192552089691,0.03346790373325348,0.03385006636381149
577,0.016835611313581467,35.79556655883789,0.043665092438459396,0.01689649373292923,36.47294235229492,0.04493754357099533,0.03263993188738823,0.034576721489429474,0.032689642161130905,0.03347844257950783
578,0.0168467964977026,36.04322814941406,0.04385288804769516,0.017007434740662575,36.951446533203125,0.045314889401197433,0.034352537244558334,0.03376125916838646,0.03281158208847046,0.033873576670885086
579,0.01695914752781391,36.181461334228516,0.04395854100584984,0.016846228390932083,35.81884002685547,0.0444318950176239,0.03236563876271248,0.03335394710302353,0.03342280164361,0.03350405767560005
580,0.01682877726852894,35.84819030761719,0.04370798170566559,0.0168214850127697,36.11764907836914,0.04466576129198074,0.032645102590322495,0.033801622688770294,0.032529085874557495,0.03377172723412514
581,0.01699024997651577,36.660911560058594,0.044312044978141785,0.016869397833943367,35.80046081542969,0.044413842260837555,0.03242461755871773,0.03326816111803055,0.034007322043180466,0.033864617347717285
582,0.016779590398073196,35.503639221191406,0.04344315454363823,0.016817428171634674,35.90613555908203,0.044501546770334244,0.032375868409872055,0.03358462452888489,0.03237776458263397,0.0332317017018795
583,0.0168621726334095,35.874725341796875,0.04372922331094742,0.01682945154607296,35.98674011230469,0.04456286504864693,0.03238389641046524,0.03378492593765259,0.03243611752986908,0.03391890600323677
584,0.016891101375222206,36.55466842651367,0.04422536492347717,0.016836076974868774,35.83826446533203,0.04444023594260216,0.03249487653374672,0.03334938362240791,0.033915333449840546,0.03380089998245239
585,0.01684749312698841,35.7730712890625,0.043649137020111084,0.016912832856178284,36.25514221191406,0.04477543383836746,0.03302143141627312,0.03368942439556122,0.03281975910067558,0.03335049748420715
586,0.01692005805671215,36.00281524658203,0.04382668808102608,0.017080385237932205,36.20844268798828,0.044740527868270874,0.03283383324742317,0.033647261559963226,0.03311757370829582,0.033508434891700745
587,0.016818789765238762,35.835079193115234,0.04369992017745972,0.016888028010725975,36.364418029785156,0.044856537133455276,0.032551754266023636,0.03447571024298668,0.03288821503520012,0.03343372792005539
588,0.01683732680976391,35.896663665771484,0.043741799890995026,0.016825305297970772,35.99240493774414,0.04457217827439308,0.032602228224277496,0.03358590975403786,0.03246058151125908,0.033974356949329376
589,0.01695059798657894,36.34423828125,0.04408052936196327,0.016813011839985847,35.736629486083984,0.044368308037519455,0.032293640077114105,0.033325351774692535,0.03368759900331497,0.033638179302215576
590,0.01676223985850811,35.75415802001953,0.043637827038764954,0.016908777877688408,36.44565200805664,0.04492791369557381,0.03355840593576431,0.03356603533029556,0.03282894566655159,0.033366214483976364
591,0.016991496086120605,36.14939498901367,0.04393800348043442,0.01679658703505993,35.740962982177734,0.04437331482768059,0.03236493468284607,0.033285148441791534,0.03321467712521553,0.03370940312743187
592,0.01675683818757534,35.77155303955078,0.043651282787323,0.016776567324995995,36.09941864013672,0.04465711861848831,0.03299378231167793,0.033476658165454865,0.03276035934686661,0.033491622656583786
593,0.016856182366609573,35.883182525634766,0.04373917356133461,0.017016658559441566,36.97434997558594,0.04531996324658394,0.033803604543209076,0.03456278517842293,0.032486725598573685,0.033954136073589325
594,0.01678195223212242,35.96630859375,0.04379432648420334,0.016856184229254723,35.98186492919922,0.044563692063093185,0.03252633661031723,0.03366915136575699,0.033128175884485245,0.03352690115571022
595,0.016912711784243584,36.198368072509766,0.043971698731184006,0.016817549243569374,35.7344856262207,0.04436907172203064,0.03230074420571327,0.033341698348522186,0.03355667367577553,0.03352510184049606
596,0.016750307753682137,35.751590728759766,0.04363783448934555,0.016925038769841194,36.35589599609375,0.04485969990491867,0.03335725888609886,0.033601440489292145,0.03287356719374657,0.033360354602336884
597,0.017005721107125282,36.10926055908203,0.04390823468565941,0.01677560992538929,35.71142578125,0.04435151442885399,0.03233836218714714,0.03329429775476456,0.03313912823796272,0.03372994065284729
598,0.016740061342716217,35.76152038574219,0.04364490509033203,0.016779163852334023,36.09400177001953,0.044654928147792816,0.033059101551771164,0.03342254087328911,0.03280758857727051,0.033468980342149734
599,0.016940811648964882,36.27760314941406,0.044026654213666916,0.017026664689183235,36.344093322753906,0.04484676569700241,0.03306543454527855,0.033818118274211884,0.033410411328077316,0.03382457420229912
600,0.016738861799240112,35.475624084472656,0.043426088988780975,0.016763964667916298,36.055789947509766,0.04462117329239845,0.032424673438072205,0.03403577581048012,0.032463639974594116,0.03321846202015877
601,0.016771499067544937,35.866188049316406,0.043723490089178085,0.01680883951485157,36.5511589050293,0.045011818408966064,0.03394397720694542,0.033546898514032364,0.03257834166288376,0.03391367197036743
602,0.016885356977581978,36.171539306640625,0.04395255818963051,0.016787098720669746,35.65803146362305,0.04431014508008957,0.03223944082856178,0.03329009935259819,0.033593811094760895,0.033481914550065994
603,0.01676197163760662,35.62164306640625,0.0435403548181057,0.016786497086286545,35.9522819519043,0.04454066976904869,0.0323953777551651,0.03383383899927139,0.03232669457793236,0.033670589327812195
604,0.016783541068434715,36.13817596435547,0.04392477497458458,0.017293665558099747,38.64658737182617,0.0466044656932354,0.037229083478450775,0.034424711018800735,0.03337201848626137,0.0336829237639904
605,0.01686365343630314,35.76055908203125,0.04364461824297905,0.016807621344923973,35.70242691040039,0.044348519295454025,0.03232184797525406,0.03330043703317642,0.03298652172088623,0.03326096385717392
606,0.01680057868361473,35.73780822753906,0.04362976551055908,0.016771987080574036,35.8834342956543,0.04448471590876579,0.032389890402555466,0.03372485563158989,0.03232644870877266,0.033914558589458466
607,0.01673739030957222,36.111061096191406,0.04390937089920044,0.016755089163780212,35.711669921875,0.0443485751748085,0.032407693564891815,0.03332027792930603,0.03359076753258705,0.033490028232336044
608,0.016868531703948975,35.964195251464844,0.043798550963401794,0.016848061233758926,35.878849029541016,0.04448622465133667,0.03262242302298546,0.033406686037778854,0.03323229029774666,0.03346358612179756
609,0.016715899109840393,35.52614974975586,0.04346824437379837,0.01674524135887623,35.95686721801758,0.044547490775585175,0.032496754080057144,0.033790841698646545,0.03255799785256386,0.03329677879810333
610,0.01680394448339939,35.70962142944336,0.04360807687044144,0.016755884513258934,35.81747817993164,0.044435832649469376,0.03238864615559578,0.03359837085008621,0.03235863521695137,0.033841487020254135
611,0.016773410141468048,36.12020492553711,0.04391837120056152,0.01674007810652256,35.641597747802734,0.04429656267166138,0.032254453748464584,0.03334129601716995,0.03354169800877571,0.03356057032942772
612,0.01686752773821354,35.962493896484375,0.04380113631486893,0.016781870275735855,35.75564193725586,0.044390805065631866,0.03246420621871948,0.033348843455314636,0.03324408456683159,0.03348177671432495
613,0.01669936068356037,35.54634094238281,0.04348478838801384,0.016712892800569534,35.881263732910156,0.044491078704595566,0.032555896788835526,0.03359128534793854,0.032625362277030945,0.033305127173662186
614,0.016856294125318527,35.8437614440918,0.04371213540434837,0.01677434705197811,35.99127197265625,0.04456912353634834,0.03290063887834549,0.0335092768073082,0.03255610167980194,0.0339292511343956
615,0.016696307808160782,35.709022521972656,0.04360993951559067,0.016783524304628372,36.122013092041016,0.04467025771737099,0.03334454074501991,0.03334406018257141,0.03301621973514557,0.033297907561063766
616,0.01670077070593834,35.51806640625,0.04346437007188797,0.016708455979824066,35.76538848876953,0.04439897462725639,0.03219722956418991,0.03373081237077713,0.03259066492319107,0.0333065390586853
617,0.016916893422603607,36.48614501953125,0.04418265074491501,0.01680869795382023,35.6231803894043,0.04428586736321449,0.0322248637676239,0.0333065390586853,0.033870596438646317,0.033925920724868774
618,0.016860181465744972,35.71508026123047,0.043612558394670486,0.01690964587032795,35.92169189453125,0.04452476277947426,0.032694846391677856,0.03343869000673294,0.032862670719623566,0.033374086022377014
619,0.01669318787753582,35.54146957397461,0.043482545763254166,0.016709962859749794,35.89202880859375,0.04449980705976486,0.032446227967739105,0.03377041593194008,0.03269367292523384,0.03326511010527611
620,0.016755880787968636,35.65583419799805,0.04356842488050461,0.016715485602617264,35.712955474853516,0.04435718059539795,0.03228004276752472,0.033545657992362976,0.03230692073702812,0.033860642462968826
621,0.016755620017647743,36.121917724609375,0.04392009973526001,0.016720224171876907,35.593414306640625,0.044260263442993164,0.03229222819209099,0.03326677903532982,0.03358476236462593,0.03357933089137077
622,0.01678743027150631,35.79283905029297,0.04367271438241005,0.016802066937088966,35.82740020751953,0.04445059224963188,0.03261387348175049,0.033405814319849014,0.033090993762016296,0.03337288275361061
623,0.016673363745212555,35.46525955200195,0.043425269424915314,0.01668759435415268,35.820594787597656,0.04444648697972298,0.032484930008649826,0.03359558805823326,0.032568007707595825,0.0332624651491642
624,0.016821736469864845,35.78730392456055,0.04367050528526306,0.01673196814954281,35.839691162109375,0.04445445165038109,0.03269230201840401,0.033447422087192535,0.03251652047038078,0.033925145864486694
625,0.01669134572148323,35.757835388183594,0.04364858940243721,0.016748571768403053,35.94772720336914,0.044537149369716644,0.03310161828994751,0.03327258303761482,0.03314176946878433,0.03333312273025513
626,0.016802512109279633,36.15012741088867,0.043937038630247116,0.016809450462460518,35.71976852416992,0.04436405375599861,0.03242572024464607,0.03337780386209488,0.0336211621761322,0.03357439115643501
627,0.016666438430547714,35.281124114990234,0.04328414425253868,0.016792749986052513,35.779083251953125,0.0444168858230114,0.032468389719724655,0.033469121903181076,0.03233665972948074,0.03313009440898895
628,0.016923565417528152,35.96450424194336,0.04380466043949127,0.016706179827451706,35.57695007324219,0.04425063356757164,0.03228131681680679,0.033302854746580124,0.032714903354644775,0.03406243398785591
629,0.016745012253522873,35.93992233276367,0.043785084038972855,0.01673613116145134,35.587730407714844,0.04426228255033493,0.032338596880435944,0.03321806341409683,0.033498913049697876,0.03332134708762169
630,0.01665838062763214,35.3131217956543,0.04330958053469658,0.016784293577075005,35.84478759765625,0.04446990042924881,0.032663796097040176,0.03343627601861954,0.03239981830120087,0.03315787389874458
631,0.016759047284722328,35.83121871948242,0.04370617866516113,0.017531145364046097,37.355533599853516,0.04563846439123154,0.034013234078884125,0.034950096160173416,0.03308271989226341,0.03352801129221916
632,0.01680793985724449,35.62538528442383,0.04354935884475708,0.016712840646505356,35.581668853759766,0.04426182433962822,0.03238488361239433,0.03316560760140419,0.0328507125377655,0.03331594914197922
633,0.016686638817191124,35.6294059753418,0.04355097934603691,0.016666997224092484,35.69267272949219,0.04434740170836449,0.03234321251511574,0.03351815789937973,0.03245704248547554,0.0337754525244236
634,0.016716022044420242,35.97402572631836,0.0438067801296711,0.01716597191989422,37.3885383605957,0.04566290229558945,0.03502526879310608,0.034223463386297226,0.033275868743658066,0.03364313021302223
635,0.016766559332609177,35.50661849975586,0.04345868155360222,0.01676289364695549,35.63607406616211,0.044305987656116486,0.03241220489144325,0.03324226289987564,0.032772552222013474,0.03317394480109215
636,0.016710396856069565,35.57151412963867,0.04350929334759712,0.016703994944691658,35.79547882080078,0.0444234274327755,0.032302822917699814,0.033820684999227524,0.03226961940526962,0.03384152799844742
637,0.016651099547743797,35.84870910644531,0.043717581778764725,0.016689149662852287,35.675472259521484,0.044327203184366226,0.03261033073067665,0.03324759379029274,0.03326285630464554,0.033487144857645035
638,0.016754109412431717,35.87424087524414,0.04373346269130707,0.016775915399193764,35.71827697753906,0.04436800256371498,0.03254929184913635,0.03332977741956711,0.03333805873990059,0.03338373079895973
639,0.016624409705400467,35.24948501586914,0.04326261207461357,0.016646571457386017,35.68659210205078,0.04434604570269585,0.03239045292139053,0.033491652458906174,0.03235723078250885,0.033129435032606125
640,0.016770297661423683,35.636009216308594,0.043558280915021896,0.016683781519532204,35.69020080566406,0.044343072921037674,0.032442983239889145,0.03346625342965126,0.03237811103463173,0.03385687619447708
641,0.01666480302810669,35.82282257080078,0.04369998723268509,0.016665693372488022,35.52496337890625,0.044212549924850464,0.03230097144842148,0.0332416370511055,0.033304329961538315,0.03340514749288559
642,0.016783112660050392,35.85905838012695,0.04372864589095116,0.01670721359550953,35.54936981201172,0.04423621669411659,0.03230919688940048,0.0332496352493763,0.03327848017215729,0.033439092338085175
643,0.016623103991150856,35.323158264160156,0.04331999272108078,0.016645027324557304,35.7238883972168,0.044375184923410416,0.032407186925411224,0.033588968217372894,0.0324372760951519,0.0332287959754467
644,0.01673995889723301,35.53969192504883,0.04348703473806381,0.016735343262553215,35.88182830810547,0.04449271410703659,0.0327538326382637,0.03358709067106247,0.03232313320040703,0.033747732639312744
645,0.016645291820168495,35.71509552001953,0.04361856356263161,0.016651276499032974,35.481014251708984,0.04418090730905533,0.032175078988075256,0.03329499810934067,0.033162105828523636,0.033350054174661636
646,0.016794318333268166,35.907386779785156,0.04376690462231636,0.016672398895025253,35.480613708496094,0.044182900339365005,0.03221619874238968,0.03322877734899521,0.03333041071891785,0.033505331724882126
647,0.016609996557235718,35.36741638183594,0.043354906141757965,0.016684766858816147,35.784759521484375,0.04442663863301277,0.03269854933023453,0.03341888636350632,0.03259319067001343,0.03319695219397545
648,0.016896840184926987,35.96695327758789,0.04380512610077858,0.016864847391843796,35.74039077758789,0.044388435781002045,0.032507892698049545,0.03341332823038101,0.03317791596055031,0.03372275084257126
649,0.016608823090791702,35.256832122802734,0.04326871410012245,0.01664304919540882,35.77804946899414,0.04441798850893974,0.03244749829173088,0.033710695803165436,0.032442618161439896,0.033122263848781586
650,0.016636941581964493,35.522029876708984,0.04347294196486473,0.016736004501581192,36.259918212890625,0.044800154864788055,0.03365963697433472,0.033495135605335236,0.03245832398533821,0.033658500760793686
651,0.016756748780608177,35.84439468383789,0.043716128915548325,0.016653411090373993,35.38993453979492,0.04411263018846512,0.03211531415581703,0.03315413370728493,0.0333390086889267,0.033399198204278946
652,0.01661831885576248,35.33576583862305,0.043331895023584366,0.016630427911877632,35.670806884765625,0.04433559626340866,0.03239605203270912,0.0335366353392601,0.03224540874361992,0.03349679335951805
653,0.01677899993956089,36.20973205566406,0.04398713633418083,0.016685649752616882,35.405216217041016,0.04412231221795082,0.03223013877868652,0.03307828679680824,0.0337630994617939,0.03368719667196274
654,0.01657968759536743,35.053611755371094,0.04311314970254898,0.016630273312330246,35.471031188964844,0.0441795289516449,0.03216022625565529,0.033319827169179916,0.032146669924259186,0.03302496671676636
655,0.01667320355772972,35.43699645996094,0.04341050982475281,0.016650473698973656,35.606285095214844,0.04428170248866081,0.03227117657661438,0.033540040254592896,0.032205235213041306,0.033736515790224075
656,0.01660945825278759,35.82585144042969,0.04370447248220444,0.016626497730612755,35.41112518310547,0.04412705823779106,0.032166801393032074,0.03321387991309166,0.03341573849320412,0.033406246453523636
657,0.016752982512116432,35.723426818847656,0.04362821951508522,0.01666513830423355,35.480796813964844,0.044186707586050034,0.032306309789419174,0.03319757431745529,0.03314877301454544,0.033376190811395645
658,0.01658003218472004,35.249473571777344,0.04326646402478218,0.016600390896201134,35.62667465209961,0.04430347681045532,0.03241346403956413,0.033458832651376724,0.03244427964091301,0.03316539525985718
659,0.01670660451054573,35.50828552246094,0.04346613958477974,0.01668720133602619,35.883121490478516,0.04449627920985222,0.03293073549866676,0.03352201730012894,0.03234900161623955,0.033751480281353
660,0.016577785834670067,35.52004623413086,0.043473269790410995,0.01661401242017746,35.464176177978516,0.04417084902524948,0.032289572060108185,0.03324207291007042,0.0329689122736454,0.0332445465028286
661,0.016760366037487984,35.980892181396484,0.04382380098104477,0.016641465947031975,35.3644905090332,0.04409344121813774,0.03213109076023102,0.033143796026706696,0.03354606032371521,0.033522576093673706
662,0.016564905643463135,35.159820556640625,0.043197669088840485,0.016593050211668015,35.60637664794922,0.0442880280315876,0.03234732523560524,0.033505406230688095,0.03230615705251694,0.03313932940363884
663,0.01666015014052391,35.365379333496094,0.0433574840426445,0.016639715060591698,35.55531311035156,0.04424545541405678,0.03220224007964134,0.033529818058013916,0.03223765268921852,0.03360017016530037
664,0.01665489189326763,35.830055236816406,0.04370899125933647,0.01661478914320469,35.368247985839844,0.04409601539373398,0.03212602064013481,0.033206645399332047,0.03331349417567253,0.03352631628513336
665,0.01671047881245613,35.659671783447266,0.043581876903772354,0.01663128472864628,35.44145584106445,0.04415789246559143,0.032284438610076904,0.033188316971063614,0.03312014043331146,0.033334240317344666
666,0.016557952389121056,35.23124694824219,0.04325428605079651,0.01663319766521454,35.6646728515625,0.04433774948120117,0.03262252360582352,0.03334622457623482,0.03249213099479675,0.033132050186395645
667,0.016710197553038597,35.486690521240234,0.043452583253383636,0.01689917780458927,36.38646697998047,0.044887375086545944,0.033098604530096054,0.034409236162900925,0.032414019107818604,0.03367675840854645
668,0.016589652746915817,35.41383743286133,0.04339081421494484,0.01665095053613186,35.506446838378906,0.044211290776729584,0.03220076486468315,0.03344089537858963,0.03261064365506172,0.03339298814535141
669,0.016715984791517258,35.85118865966797,0.04372188821434975,0.01662101224064827,35.31707763671875,0.04405950382351875,0.03208214044570923,0.033129993826150894,0.033448100090026855,0.033409979194402695
670,0.016554661095142365,35.287506103515625,0.0432981438934803,0.016781805083155632,36.078033447265625,0.04466385394334793,0.03329840674996376,0.03351753577589989,0.03259436786174774,0.03316999599337578
671,0.016771260648965836,35.62325668334961,0.043554991483688354,0.01659460738301277,35.313785552978516,0.044058382511138916,0.03213315084576607,0.0330960787832737,0.032919611781835556,0.033461280167102814
672,0.01655125990509987,35.34603500366211,0.04334283992648125,0.016589174047112465,35.66636657714844,0.04434015229344368,0.03278682008385658,0.033234525471925735,0.032583002001047134,0.033318761736154556
673,0.016750341281294823,35.87395477294922,0.043735891580581665,0.016714030876755714,35.614356994628906,0.044294994324445724,0.032534848898649216,0.03330868110060692,0.033239156007766724,0.0336480513215065
674,0.01653125509619713,35.02266311645508,0.043092936277389526,0.016568778082728386,35.56186294555664,0.04425424709916115,0.0322076641023159,0.03362113609910011,0.0321950688958168,0.03303598240017891
675,0.01657244749367237,35.42001724243164,0.04339904338121414,0.016621779650449753,36.221153259277344,0.044775791466236115,0.03386227414011955,0.033390991389751434,0.032400116324424744,0.03365664556622505
676,0.016675813123583794,35.729827880859375,0.04363265261054039,0.016606105491518974,35.27680587768555,0.04402925819158554,0.032060619443655014,0.03310025483369827,0.0333552211523056,0.03330429270863533
677,0.016568975523114204,35.196685791015625,0.04322972893714905,0.016599176451563835,35.525360107421875,0.04422477260231972,0.03216779604554176,0.03358077630400658,0.0321086049079895,0.033487506210803986
678,0.016574637964367867,35.72856521606445,0.04363396763801575,0.01661832444369793,35.896114349365234,0.04450613260269165,0.03347723186016083,0.03314812108874321,0.03322368860244751,0.033512555062770844
679,0.016621967777609825,35.47069549560547,0.04343496263027191,0.01674681156873703,35.87989807128906,0.04450683668255806,0.03298014774918556,0.033489905297756195,0.03294495865702629,0.033218950033187866
680,0.016549868509173393,35.1838493347168,0.04322069138288498,0.016718333587050438,35.66535186767578,0.04434219002723694,0.03262034058570862,0.03335704281926155,0.03255501389503479,0.03304508328437805
681,0.016633404418826103,35.37212371826172,0.04336773231625557,0.01709895394742489,36.79853439331055,0.04520928114652634,0.03284009173512459,0.03552844002842903,0.032594647258520126,0.03336726129055023
682,0.01666603609919548,35.599674224853516,0.043527938425540924,0.016709990799427032,35.87881851196289,0.044507987797260284,0.03301132470369339,0.033486563712358475,0.032609663903713226,0.033781278878450394
683,0.0166368018835783,35.521881103515625,0.0434788353741169,0.01660655252635479,35.299537658691406,0.04405076056718826,0.03213609382510185,0.03310469537973404,0.03309180587530136,0.03319564089179039
684,0.016516298055648804,35.18400192260742,0.04322175681591034,0.016551177948713303,35.61846160888672,0.04430584982037544,0.03273564949631691,0.033257510513067245,0.032434817403554916,0.03319684416055679
685,0.01679026521742344,35.95561981201172,0.04380473867058754,0.016575003042817116,35.213157653808594,0.04397810623049736,0.032121963798999786,0.03297429531812668,0.033362917602062225,0.033732663840055466
686,0.016491834074258804,34.95589065551758,0.04304317384958267,0.016532959416508675,35.409400939941406,0.04413844272494316,0.03225879743695259,0.033288080245256424,0.03215150535106659,0.03301704674959183
687,0.016538161784410477,35.43910217285156,0.043416645377874374,0.016793444752693176,36.57696533203125,0.04505498334765434,0.03426585718989372,0.033698923885822296,0.03272205591201782,0.03345486894249916
688,0.016654308885335922,35.48129653930664,0.04344811663031578,0.016567200422286987,35.232967376708984,0.04399832710623741,0.03207167610526085,0.033062633126974106,0.0329587385058403,0.03325580060482025
689,0.016532916575670242,35.181312561035156,0.043219439685344696,0.016546420753002167,35.44413375854492,0.044164370745420456,0.0321626290678978,0.03347987309098244,0.03209606558084488,0.033544570207595825
690,0.016580749303102493,35.9541130065918,0.04378800839185715,0.016837190836668015,36.24812316894531,0.04479429870843887,0.03363588824868202,0.03361746296286583,0.033633194863796234,0.033537935465574265
691,0.016569918021559715,34.96660232543945,0.04305313527584076,0.016719801351428032,35.42961502075195,0.04415742680430412,0.03225225210189819,0.033248770982027054,0.03224123269319534,0.03293851763010025
692,0.016631601378321648,35.379512786865234,0.043372467160224915,0.01656613126397133,35.58805847167969,0.04427114874124527,0.032572414726018906,0.033448364585638046,0.0322289876639843,0.033791445195674896
693,0.01647694781422615,35.348087310791016,0.043347228318452835,0.01655537821352482,35.53603744506836,0.044231120496988297,0.03273020312190056,0.03316383808851242,0.03291935473680496,0.033151283860206604
694,0.016502058133482933,35.32591247558594,0.04333016648888588,0.016748931258916855,37.27790451049805,0.04559287056326866,0.03541521728038788,0.034203995019197464,0.032751597464084625,0.03324628248810768
695,0.016704564914107323,35.5399169921875,0.043493788689374924,0.016621196642518044,35.25615692138672,0.04401903226971626,0.03209272399544716,0.03309863433241844,0.03304532542824745,0.033306531608104706
696,0.016515037044882774,35.14910125732422,0.04319674149155617,0.01651293970644474,35.441566467285156,0.044166360050439835,0.03229852393269539,0.033384792506694794,0.03236189857125282,0.033255238085985184
697,0.016613967716693878,35.65193557739258,0.043577391654253006,0.01654832996428013,35.366127014160156,0.04409799352288246,0.03244860842823982,0.03309250622987747,0.03288554400205612,0.03374208137392998
698,0.016551781445741653,35.44636535644531,0.043418802320957184,0.01660444214940071,35.46302032470703,0.044182371348142624,0.03250889852643013,0.033180009573698044,0.03308659791946411,0.0331416018307209
699,0.01648959144949913,34.988853454589844,0.043073151260614395,0.016674505546689034,35.58637237548828,0.044284574687480927,0.03258978947997093,0.03332384675741196,0.03231266885995865,0.03299230337142944
700,0.016747569665312767,35.69782257080078,0.04361472651362419,0.016588378697633743,35.211273193359375,0.04398210719227791,0.03213444724678993,0.03301485255360603,0.033085133880376816,0.033589620143175125
701,0.016475355252623558,35.044761657714844,0.04311409220099449,0.01651141606271267,35.49471664428711,0.04420723766088486,0.03231542184948921,0.033513907343149185,0.032329246401786804,0.033109232783317566
702,0.01649291068315506,35.18034362792969,0.04322052747011185,0.01657114364206791,35.8450813293457,0.04448837786912918,0.03322519734501839,0.03334775194525719,0.03225426748394966,0.033466994762420654
703,0.016623273491859436,35.65131378173828,0.043576426804065704,0.016529202461242676,35.15386199951172,0.04393703117966652,0.03200561925768852,0.033043645322322845,0.033300742506980896,0.033347807824611664
704,0.016486290842294693,35.03690719604492,0.04311073198914528,0.016513926908373833,35.390804290771484,0.04412611573934555,0.03216050937771797,0.033443477004766464,0.03207533806562424,0.03335174173116684
705,0.016527611762285233,35.36306381225586,0.04336385428905487,0.016719596460461617,37.943641662597656,0.04607667401432991,0.037354324012994766,0.03372776880860329,0.032598160207271576,0.033519260585308075
706,0.016500089317560196,35.4511833190918,0.04341961443424225,0.016628313809633255,35.622501373291016,0.044310301542282104,0.032554663717746735,0.033538322895765305,0.03314216434955597,0.03312704712152481
707,0.01664106547832489,35.39509201049805,0.043387386947870255,0.016647256910800934,35.310123443603516,0.044064946472644806,0.03219766914844513,0.03315994516015053,0.03287636116147041,0.03326817974448204
708,0.016473665833473206,35.10833740234375,0.04316692426800728,0.016483360901474953,35.363319396972656,0.04410729184746742,0.03224561735987663,0.033326081931591034,0.03251148387789726,0.03309641405940056
709,0.016570212319493294,35.369285583496094,0.04336622729897499,0.016518795862793922,35.448612213134766,0.044166456907987595,0.03259556367993355,0.03319797292351723,0.03241219371557236,0.033703822642564774
710,0.016428688541054726,34.95359420776367,0.04304825887084007,0.0165011677891016,35.37715530395508,0.04411376267671585,0.032355569303035736,0.03327574580907822,0.0322490893304348,0.03307253122329712
711,0.0165143683552742,35.61964797973633,0.04355497285723686,0.016527071595191956,35.20343780517578,0.04397798702120781,0.03199172019958496,0.03322611004114151,0.03340011090040207,0.03329543024301529
712,0.016648242250084877,35.456661224365234,0.04343520849943161,0.016609935089945793,35.255714416503906,0.04402239993214607,0.032152581959962845,0.033134035766124725,0.03294336795806885,0.03335309028625488
713,0.016461282968521118,35.060340881347656,0.043130502104759216,0.01647575944662094,35.36607360839844,0.04411006346344948,0.03220830485224724,0.0334002785384655,0.032423023134469986,0.033112458884716034
714,0.016568562015891075,35.26746368408203,0.0432901494204998,0.016538849100470543,35.594852447509766,0.04428212717175484,0.032859593629837036,0.033279068768024445,0.032304611057043076,0.033620916306972504
715,0.016437409445643425,35.13650894165039,0.0431896448135376,0.01650930382311344,35.46323013305664,0.04418041184544563,0.032728858292102814,0.03312118723988533,0.0326584167778492,0.033077020198106766
716,0.016487669199705124,35.33920669555664,0.043345965445041656,0.01654323749244213,35.6490478515625,0.04432451352477074,0.03330334648489952,0.03295647352933884,0.03299896791577339,0.033151399344205856
717,0.016531983390450478,35.607540130615234,0.043547846376895905,0.016622507944703102,35.309879302978516,0.04406427964568138,0.03217974305152893,0.033250678330659866,0.03322222828865051,0.03345935046672821
718,0.016433781012892723,34.852928161621094,0.042971402406692505,0.016570745036005974,35.417259216308594,0.04415522888302803,0.032354407012462616,0.033337514847517014,0.0321703739464283,0.032959382981061935
719,0.016780860722064972,35.66259002685547,0.04358479008078575,0.0165055301040411,35.12924575805664,0.04391757398843765,0.03209451213479042,0.033029165118932724,0.032691944390535355,0.033946990966796875
720,0.016480302438139915,35.27705001831055,0.043295275419950485,0.016531793400645256,35.2641716003418,0.04403039440512657,0.03229043632745743,0.033088453114032745,0.03297995403409004,0.0330401286482811
721,0.016457734629511833,34.98021697998047,0.04306979104876518,0.016697624698281288,35.66840744018555,0.04435427859425545,0.03278772160410881,0.03338811546564102,0.03239791467785835,0.033008772879838943
722,0.01661042682826519,35.41123580932617,0.04340236634016037,0.016526853665709496,35.135868072509766,0.04392891377210617,0.0321185477077961,0.032982077449560165,0.032884448766708374,0.033371053636074066
723,0.016430318355560303,35.00676727294922,0.04308932274580002,0.016458353027701378,35.37265396118164,0.0441163070499897,0.03220198303461075,0.03347859904170036,0.03229320049285889,0.033190641552209854
724,0.016453204676508904,35.02223205566406,0.04310240596532822,0.016481053084135056,35.33441925048828,0.0440833605825901,0.03217135742306709,0.033431168645620346,0.03199564665555954,0.033508989959955215
725,0.01645263098180294,35.4843864440918,0.043452948331832886,0.01647496409714222,35.107357025146484,0.04390481486916542,0.03195958212018013,0.03312412649393082,0.03316955640912056,0.03332694619894028
726,0.01656612567603588,35.41960906982422,0.043408773839473724,0.0165024995803833,35.12290573120117,0.04391912743449211,0.03206767141819,0.03303319588303566,0.03306866064667702,0.033241234719753265
727,0.01640818640589714,34.939117431640625,0.04303894191980362,0.016462532803416252,35.3533935546875,0.04410571977496147,0.032430168241262436,0.033209919929504395,0.03235263749957085,0.03301317244768143
728,0.01659375987946987,35.357295989990234,0.04336019977927208,0.016483653336763382,35.36549377441406,0.0441041924059391,0.032585643231868744,0.03313427418470383,0.032442811876535416,0.03371736779808998
729,0.016454357653856277,35.33523178100586,0.04333521053195,0.016674432903528214,36.2832145690918,0.04483317211270332,0.034056905657052994,0.03356126323342323,0.03305016830563545,0.03313474357128143
730,0.01651051640510559,35.033992767333984,0.043112803250551224,0.01665661111474037,35.39731979370117,0.044141072779893875,0.03237290307879448,0.0332605205476284,0.032529499381780624,0.03301146999001503
731,0.01644081436097622,35.01350784301758,0.04309825226664543,0.0164845772087574,35.44288635253906,0.04417234659194946,0.0320991650223732,0.03376571089029312,0.032392773777246475,0.03313688933849335
732,0.016468530520796776,35.20265197753906,0.04323803633451462,0.01644657924771309,35.17613220214844,0.043959617614746094,0.03215000778436661,0.03314458206295967,0.03226117789745331,0.03364745154976845
733,0.01643483340740204,35.38909912109375,0.0433841198682785,0.01645204797387123,35.123207092285156,0.04391610622406006,0.0321393758058548,0.03304096311330795,0.033116068691015244,0.03323435038328171
734,0.016521556302905083,35.34996032714844,0.04335442930459976,0.016538357362151146,35.18598175048828,0.043971385806798935,0.03217078372836113,0.03309161216020584,0.03301262483000755,0.03320399299263954
735,0.016422376036643982,34.873260498046875,0.04298929125070572,0.01648504100739956,35.367218017578125,0.04411381483078003,0.03213018551468849,0.033573538064956665,0.032179754227399826,0.03307365998625755
736,0.01646670699119568,34.98843002319336,0.04307817295193672,0.01644795574247837,35.21206283569336,0.04399046674370766,0.03211864456534386,0.033272963017225266,0.03204566612839699,0.03343339264392853
737,0.016447553411126137,35.45287322998047,0.04343220591545105,0.016449708491563797,35.063697814941406,0.04387245699763298,0.03195178881287575,0.03310351446270943,0.033200930804014206,0.033291321247816086
738,0.016553828492760658,35.334678649902344,0.043345749378204346,0.016480306163430214,35.09587097167969,0.04390093311667442,0.03206918016076088,0.03303484991192818,0.032957665622234344,0.033237162977457047
739,0.016386236995458603,34.904571533203125,0.0430142767727375,0.016424069181084633,35.26395034790039,0.044037286192178726,0.03230469673871994,0.0332074835896492,0.03234666585922241,0.0330108143389225
740,0.016557039692997932,35.268070220947266,0.04329419881105423,0.01645824685692787,35.34385299682617,0.04409026354551315,0.03261489421129227,0.033118341118097305,0.03239060565829277,0.03365574777126312
741,0.01641826331615448,35.222476959228516,0.04325351491570473,0.016710078343749046,36.690128326416016,0.04515212029218674,0.03476385772228241,0.033778272569179535,0.03291213884949684,0.03311711549758911
742,0.01651214249432087,35.08210754394531,0.0431523472070694,0.016596874222159386,35.2396354675293,0.044018637388944626,0.03221487998962402,0.033152975142002106,0.03265542536973953,0.033043272793293
743,0.01641935296356678,34.9718132019043,0.043067749589681625,0.016442272812128067,35.31381607055664,0.04407369717955589,0.032065052539110184,0.03357912227511406,0.032325901091098785,0.03317911922931671
744,0.01643957756459713,35.20774459838867,0.0432465523481369,0.016439007595181465,35.31746292114258,0.044071149080991745,0.03255172446370125,0.03313351795077324,0.03242514654994011,0.03357550501823425
745,0.01637609675526619,35.0426139831543,0.04312234744429588,0.016464462503790855,35.51435089111328,0.04422552138566971,0.03302672505378723,0.03309566527605057,0.03262914717197418,0.033073775470256805
746,0.016371717676520348,34.87610626220703,0.04299386590719223,0.016401279717683792,35.147483825683594,0.043943632394075394,0.03194127231836319,0.03336961567401886,0.03231367841362953,0.03303098306059837
747,0.01658697798848152,35.76358413696289,0.04366544261574745,0.016510216519236565,35.044986724853516,0.043861329555511475,0.03197533264756203,0.03303973376750946,0.033537570387125015,0.03357760235667229
748,0.01651111990213394,35.061988830566406,0.043135255575180054,0.01660318858921528,35.30802917480469,0.044073764234781265,0.03236870840191841,0.03318522870540619,0.03257976099848747,0.03309568017721176
749,0.016366424039006233,34.835269927978516,0.04296281188726425,0.016395119950175285,35.22029113769531,0.0440044142305851,0.03217977285385132,0.03329174965620041,0.03232058882713318,0.03294389694929123
750,0.01646609976887703,35.1163444519043,0.0431784987449646,0.016433345153927803,35.326515197753906,0.04408048838376999,0.03250671923160553,0.03322447091341019,0.032180055975914,0.03363348916172981
751,0.01636640727519989,35.11537170410156,0.043178364634513855,0.016417721286416054,35.180301666259766,0.043965697288513184,0.032360710203647614,0.03304525464773178,0.03278321027755737,0.03310451656579971
752,0.01647578552365303,35.56401062011719,0.04351459816098213,0.016541995108127594,35.10410690307617,0.04390840604901314,0.032089587301015854,0.03306470811367035,0.033410798758268356,0.03332527354359627
753,0.016342047601938248,34.62189483642578,0.04279716685414314,0.016420019790530205,35.095088958740234,0.04390717297792435,0.03203779086470604,0.033149562776088715,0.031996745616197586,0.03283791244029999
754,0.016536027193069458,35.1630973815918,0.04321543872356415,0.016412237659096718,35.15937042236328,0.043950557708740234,0.03226122260093689,0.033116359263658524,0.03226028382778168,0.033633578568696976
755,0.01636415533721447,35.026206970214844,0.043112631887197495,0.016518307849764824,36.143211364746094,0.044715818017721176,0.03435263782739639,0.033179011195898056,0.032638054341077805,0.03308377042412758
756,0.01639256440103054,35.22843551635742,0.04326242208480835,0.016536597162485123,36.1866569519043,0.04476421698927879,0.033703211694955826,0.03393954038619995,0.03296332433819771,0.033155716955661774
757,0.016574447974562645,35.195247650146484,0.0432417094707489,0.016610270366072655,35.17087173461914,0.043966542929410934,0.032142527401447296,0.033141084015369415,0.032712653279304504,0.03326757997274399
758,0.01635093055665493,34.867252349853516,0.04298890754580498,0.0163783710449934,35.168434143066406,0.04396592453122139,0.03220274671912193,0.033197663724422455,0.03244183957576752,0.0329410657286644
759,0.016449300572276115,35.07132339477539,0.04314570501446724,0.01640969142317772,35.22780227661133,0.04400516673922539,0.03235476836562157,0.03320131450891495,0.03215468302369118,0.03361096233129501
760,0.0163505170494318,35.060302734375,0.043138325214385986,0.01642533950507641,35.39883804321289,0.04413812980055809,0.03290242701768875,0.03304419293999672,0.03271530941128731,0.033105093985795975
761,0.016391150653362274,35.37300109863281,0.04336715117096901,0.016581831499934196,35.677650451660156,0.04436597228050232,0.032985035330057144,0.03350125253200531,0.03318216651678085,0.033243898302316666
762,0.016557086259126663,34.9674072265625,0.04306608811020851,0.016565561294555664,35.12352752685547,0.043930429965257645,0.03212354704737663,0.033096980303525925,0.032396212220191956,0.03312736749649048
763,0.016335655003786087,34.84589385986328,0.042973291128873825,0.016378190368413925,35.155616760253906,0.04395780712366104,0.03225547820329666,0.03313453122973442,0.03242160379886627,0.03294498473405838
764,0.01644439622759819,35.106605529785156,0.043173812329769135,0.01639724150300026,35.210819244384766,0.04399213567376137,0.032393477857112885,0.03315586969256401,0.032214317470788956,0.03365110233426094
765,0.016319353133440018,34.83012008666992,0.042962342500686646,0.016440104693174362,35.64882278442383,0.04433569312095642,0.03332149609923363,0.03319424018263817,0.03232969716191292,0.03303314745426178
766,0.01635020412504673,35.05931854248047,0.04313577339053154,0.016419637948274612,35.086177825927734,0.04390104487538338,0.031949482858181,0.03330006077885628,0.03280330076813698,0.033027149736881256
767,0.016531577333807945,35.445098876953125,0.04343255236744881,0.01649443991482258,34.996337890625,0.043829213827848434,0.03198150172829628,0.03301394730806351,0.033182960003614426,0.03339386731386185
768,0.01633862778544426,34.82681655883789,0.04295938462018967,0.016612911596894264,35.51716995239258,0.04424688220024109,0.03272939473390579,0.033361293375492096,0.03241463005542755,0.03293237090110779
769,0.016563503071665764,35.19843673706055,0.04324627295136452,0.0163897555321455,34.90910339355469,0.04375912621617317,0.031953949481248856,0.03290962800383568,0.03267994150519371,0.03335775434970856
770,0.016317501664161682,34.870784759521484,0.04299250990152359,0.016368815675377846,35.14695739746094,0.043952085077762604,0.032309167087078094,0.03309597820043564,0.03239990025758743,0.03305942565202713
771,0.01641622744500637,35.036373138427734,0.04312188923358917,0.016401367262005806,35.36399841308594,0.04411269351840019,0.03270318731665611,0.033232130110263824,0.03218226879835129,0.033580925315618515
772,0.016292160376906395,34.76091384887695,0.04290879890322685,0.016368020325899124,35.12356948852539,0.043927550315856934,0.03226333111524582,0.033125393092632294,0.03228262811899185,0.03297291696071625
773,0.016351794824004173,35.2530632019043,0.04328707978129387,0.0163649283349514,34.93464279174805,0.04377836734056473,0.031936805695295334,0.033020827919244766,0.03314836695790291,0.033137720078229904
774,0.016482703387737274,35.24259948730469,0.0432809479534626,0.01646314188838005,35.00007629394531,0.04383391886949539,0.032037459313869476,0.03301537409424782,0.03292647749185562,0.03326854854822159
775,0.016322562471032143,34.726192474365234,0.04288238286972046,0.016356846317648888,35.14906311035156,0.04395265132188797,0.03206204995512962,0.03338148444890976,0.032166026532649994,0.032997976988554
776,0.016414813697338104,34.932132720947266,0.04304255172610283,0.016426479443907738,35.438133239746094,0.044173713773489,0.03283291682600975,0.03326433151960373,0.03211404010653496,0.03344874083995819
777,0.016313111409544945,34.96493911743164,0.043066199868917465,0.016348974779248238,34.94817352294922,0.04379156976938248,0.03194047883152962,0.0330735519528389,0.03267468139529228,0.03302474319934845
778,0.01646766997873783,35.39980697631836,0.04340159893035889,0.016390454024076462,34.897857666015625,0.04375194385647774,0.03192087635397911,0.03295205160975456,0.033219944685697556,0.033318232744932175
779,0.01629265770316124,34.693084716796875,0.04285748675465584,0.016401665285229683,35.21365737915039,0.04400883987545967,0.03239292651414871,0.03318431228399277,0.03221627324819565,0.03291073814034462
780,0.01653403416275978,35.33197784423828,0.043342601507902145,0.01675574854016304,35.52568435668945,0.04425106570124626,0.032517146319150925,0.03357580676674843,0.032921865582466125,0.03343472629785538
781,0.016300730407238007,34.604034423828125,0.04278760775923729,0.016346456483006477,35.1689567565918,0.043970245867967606,0.032102517783641815,0.033415839076042175,0.03212863206863403,0.03280988335609436
782,0.01634814776480198,34.88831329345703,0.043007154017686844,0.016355063766241074,35.222068786621094,0.044016264379024506,0.032496947795152664,0.03313674405217171,0.03204463794827461,0.033476024866104126
783,0.016431964933872223,35.35151290893555,0.04336129501461983,0.016364140436053276,34.8509521484375,0.04371565580368042,0.03188592940568924,0.03290882334113121,0.033228229731321335,0.033241432160139084
784,0.016283268108963966,34.628787994384766,0.04280903935432434,0.016321275383234024,35.08709716796875,0.04390852525830269,0.03219998627901077,0.03315247222781181,0.031997788697481155,0.03301512449979782
785,0.016431540250778198,35.3407096862793,0.043353091925382614,0.016373999416828156,35.16796112060547,0.043959807604551315,0.032633356750011444,0.03294532746076584,0.03283272683620453,0.03361073136329651
786,0.01632832922041416,34.97482681274414,0.04307142645120621,0.016433196142315865,35.2462158203125,0.04403340071439743,0.03255769610404968,0.033112622797489166,0.03280259296298027,0.032935842871665955
787,0.016346178948879242,34.75762939453125,0.04290900379419327,0.016658451408147812,35.458003997802734,0.044204335659742355,0.03259095549583435,0.03341396898031235,0.03236331418156624,0.032914478331804276
788,0.01644379086792469,35.056880950927734,0.04314040392637253,0.0164800975471735,35.065711975097656,0.04389035329222679,0.03211280703544617,0.03312527388334274,0.03272438794374466,0.033148881047964096
789,0.016343915835022926,34.83095932006836,0.04296482726931572,0.016343725845217705,35.11597442626953,0.04392627626657486,0.031971607357263565,0.03347373381257057,0.03217051178216934,0.03326848894357681
790,0.01627664640545845,34.64997482299805,0.04282601922750473,0.016310768201947212,34.98533630371094,0.043828245252370834,0.03197118639945984,0.033184830099344254,0.03189091384410858,0.033199138939380646
791,0.016447639092803,35.62382507324219,0.04356726258993149,0.01634882017970085,34.82719802856445,0.043695203959941864,0.03190892934799194,0.03288882225751877,0.033612072467803955,0.03341132029891014
792,0.016255613416433334,34.50077438354492,0.042709480971097946,0.0163760706782341,35.023006439208984,0.04386049509048462,0.03214874863624573,0.033056437969207764,0.03198247030377388,0.0328046940267086
793,0.01632852852344513,34.98210144042969,0.04308481141924858,0.017092915251851082,36.69736862182617,0.04517306759953499,0.03400764986872673,0.03449157997965813,0.032666876912117004,0.033120568841695786
794,0.016440898180007935,34.93106460571289,0.04304438829421997,0.016344944015145302,34.85276412963867,0.04372335597872734,0.03196174278855324,0.032882239669561386,0.032563745975494385,0.0330728143453598
795,0.016312988474965096,34.783103942871094,0.04292967915534973,0.016308709979057312,35.01165008544922,0.043849069625139236,0.032043032348155975,0.03319346532225609,0.031990036368370056,0.03338375315070152
796,0.01631646230816841,34.789730072021484,0.04293832182884216,0.016535647213459015,37.15034484863281,0.04549804702401161,0.03591272234916687,0.03394559770822525,0.032072316855192184,0.033326130360364914
797,0.016302336007356644,35.27372360229492,0.04328897222876549,0.01636745035648346,35.02085876464844,0.04385623708367348,0.032077137380838394,0.03316936269402504,0.03327348083257675,0.033071327954530716
798,0.01641879230737686,35.00033187866211,0.043099693953990936,0.01640426553785801,34.916996002197266,0.043775271624326706,0.032018762081861496,0.032969601452350616,0.03272460401058197,0.03308974206447601
799,0.016265280544757843,34.675697326660156,0.04284829646348953,0.016299139708280563,35.01708984375,0.043857164680957794,0.032170653343200684,0.03309495747089386,0.0322837270796299,0.032901667058467865
800,0.016405044123530388,35.05657958984375,0.0431416779756546,0.016324544325470924,35.03352355957031,0.04386048763990402,0.03234729915857315,0.03299140930175781,0.032366201281547546,0.03356204926967621
801,0.016301779076457024,35.09519577026367,0.04316211864352226,0.01647273823618889,35.41044998168945,0.044167228043079376,0.03286721929907799,0.033216264098882675,0.03301415219902992,0.03303568437695503
802,0.016313908621668816,34.61014175415039,0.04279783368110657,0.016666073352098465,35.37387466430664,0.044142402708530426,0.03245599940419197,0.033417265862226486,0.03220079094171524,0.03284045308828354
803,0.01644713059067726,35.05341720581055,0.0431419238448143,0.016354801133275032,34.805477142333984,0.043685849756002426,0.031942758709192276,0.03284454718232155,0.03271786496043205,0.03321082144975662
804,0.01627822406589985,34.74034881591797,0.04289736598730087,0.016296638175845146,35.01392364501953,0.04385213181376457,0.03200904279947281,0.03327770531177521,0.032230034470558167,0.03310958668589592
805,0.01628844253718853,34.69939422607422,0.04286760464310646,0.01634863205254078,35.26468276977539,0.044045593589544296,0.03248092159628868,0.03337917849421501,0.0319100022315979,0.03334001451730728
806,0.01626192219555378,34.9874153137207,0.0430864617228508,0.016305070370435715,34.83488082885742,0.04371025413274765,0.031840793788433075,0.03305010125041008,0.032793864607810974,0.03309229761362076
807,0.016405243426561356,35.183982849121094,0.0432422012090683,0.016337689012289047,34.799190521240234,0.04368176311254501,0.03188879042863846,0.0329054519534111,0.03305615112185478,0.03318387269973755
808,0.01623424142599106,34.599910736083984,0.042790770530700684,0.01631968654692173,35.08460998535156,0.043914467096328735,0.03235381841659546,0.03308994695544243,0.03220967575907707,0.03286543861031532
809,0.01643749698996544,35.02867889404297,0.04312199726700783,0.016323819756507874,35.105281829833984,0.04391782358288765,0.032535750418901443,0.033017776906490326,0.032316479831933975,0.03356771543622017
810,0.016259577125310898,34.89068603515625,0.04301101341843605,0.016565801575779915,36.259525299072266,0.04483683034777641,0.03433264419436455,0.03362393006682396,0.03273959457874298,0.03295879811048508
811,0.01636187545955181,34.82386016845703,0.042965978384017944,0.0164196640253067,34.9412841796875,0.04379969462752342,0.03208028897643089,0.03299594298005104,0.03257240727543831,0.032946549355983734
812,0.016273606568574905,34.657264709472656,0.04283684492111206,0.01630072481930256,35.03478240966797,0.04387083277106285,0.03195731341838837,0.03341120108962059,0.03211180120706558,0.03308313712477684
813,0.016295691952109337,34.98996353149414,0.043091967701911926,0.016297725960612297,35.021724700927734,0.04385456442832947,0.03237874060869217,0.032992441207170486,0.0324733592569828,0.033431995660066605
814,0.016211271286010742,34.51219940185547,0.042724572122097015,0.01626536436378956,35.037357330322266,0.043876998126506805,0.03214133903384209,0.033263612538576126,0.032019324600696564,0.032914068549871445
815,0.01641373708844185,35.409156799316406,0.04340633004903793,0.016326608136296272,34.75562286376953,0.043648332357406616,0.03184838965535164,0.03288235142827034,0.03343820944428444,0.033287614583969116
816,0.01620921865105629,34.459312438964844,0.04268394783139229,0.016320573166012764,35.0658073425293,0.04390285164117813,0.03232757747173309,0.033105798065662384,0.031976331025362015,0.0328424833714962
817,0.016459256410598755,35.230594635009766,0.0432741641998291,0.016285352408885956,34.739078521728516,0.04363430663943291,0.03185589984059334,0.03287149965763092,0.0329313725233078,0.0333900973200798
818,0.016209905967116356,34.59195327758789,0.042785510420799255,0.01634640246629715,35.201053619384766,0.04400988668203354,0.03266410529613495,0.03306014463305473,0.032259710133075714,0.03285296633839607
819,0.01643618941307068,35.107032775878906,0.04318414255976677,0.016306092962622643,34.731571197509766,0.04362983629107475,0.031921107321977615,0.032791342586278915,0.032817840576171875,0.033278703689575195
820,0.016209479421377182,34.50908660888672,0.04272078722715378,0.016258465126156807,34.96878433227539,0.04382248967885971,0.032118819653987885,0.033142317086458206,0.03205721825361252,0.03288353979587555
821,0.01628255657851696,34.776885986328125,0.04293079674243927,0.01632150448858738,35.49287033081055,0.044226013123989105,0.03315213322639465,0.033307112753391266,0.03204275295138359,0.03344148024916649
822,0.01620526798069477,34.7794303894043,0.04292924702167511,0.016284264624118805,34.88868713378906,0.04375946894288063,0.03195887431502342,0.03312739357352257,0.03257495164871216,0.032958660274744034
823,0.01638893410563469,35.15665054321289,0.043222684413194656,0.016324186697602272,34.74856948852539,0.04364585876464844,0.03185898810625076,0.03288798779249191,0.0330808088183403,0.033180058002471924
824,0.01620391756296158,34.56084442138672,0.042763542383909225,0.01635042019188404,35.1756477355957,0.04399184510111809,0.032572899013757706,0.033120982348918915,0.032229382544755936,0.032842256128787994
825,0.01644224114716053,35.076904296875,0.04316054657101631,0.016272181645035744,34.716426849365234,0.0436190702021122,0.03186032548546791,0.03285280987620354,0.03273224085569382,0.033320941030979156
826,0.016195569187402725,34.57883834838867,0.04277654364705086,0.016279350966215134,35.04396057128906,0.043886519968509674,0.03245333582162857,0.03298536315560341,0.03224440664052963,0.03287845477461815
827,0.016346581280231476,34.93035125732422,0.04304884374141693,0.0162835530936718,35.05155563354492,0.04387923702597618,0.03251441568136215,0.03300730139017105,0.03224942460656166,0.033543337136507034
828,0.01619022898375988,34.62089538574219,0.04280960559844971,0.016442278400063515,36.23193359375,0.044821493327617645,0.034475021064281464,0.03355482593178749,0.032381027936935425,0.0328601710498333
829,0.01634478010237217,34.96131896972656,0.0430738590657711,0.016340408474206924,34.75217056274414,0.043652087450027466,0.03188008442521095,0.03288144990801811,0.03288953751325607,0.03299732506275177
830,0.01627090573310852,34.59828186035156,0.04279395192861557,0.01626921445131302,34.91411590576172,0.04377785697579384,0.03191303461790085,0.03327434882521629,0.031912386417388916,0.033226240426301956
831,0.016240371391177177,35.032772064208984,0.04312695935368538,0.016264596953988075,34.819393157958984,0.043698254972696304,0.03210361301898956,0.0328938364982605,0.032865215092897415,0.033231016248464584
832,0.016268672421574593,34.8885383605957,0.04301406070590019,0.016371138393878937,34.928138732910156,0.04379253834486008,0.03216705843806267,0.032999616116285324,0.03280156850814819,0.03296433389186859
833,0.016216998919844627,34.433143615722656,0.04266565665602684,0.01630493625998497,35.018638610839844,0.043862927705049515,0.03196942061185837,0.03343668952584267,0.03196452558040619,0.03285714238882065
834,0.01628795452415943,34.696617126464844,0.04286884889006615,0.016254227608442307,34.90938186645508,0.04377364367246628,0.03215513378381729,0.03305470570921898,0.032030459493398666,0.03332487866282463
835,0.016215942800045013,34.90570068359375,0.04303094744682312,0.01624411903321743,34.73463439941406,0.0436357744038105,0.03185892105102539,0.03295564278960228,0.03282804414629936,0.03303419053554535
836,0.01636633276939392,35.07926940917969,0.043166521936655045,0.0163048654794693,34.71535110473633,0.04362202808260918,0.03186912089586258,0.03286723420023918,0.03299006074666977,0.03315772861242294
837,0.016199400648474693,34.44929504394531,0.04267828166484833,0.01623922772705555,34.89460754394531,0.043767284601926804,0.03197605907917023,0.0331912487745285,0.03202856332063675,0.0328524187207222
838,0.01630479283630848,34.7182502746582,0.04288867115974426,0.016294341534376144,35.225826263427734,0.044021595269441605,0.032805185765028,0.0331260971724987,0.03207471966743469,0.03333868086338043
839,0.01617530733346939,34.65154266357422,0.04283561930060387,0.016230406239628792,34.75442123413086,0.04365378990769386,0.0318681038916111,0.03301478177309036,0.03245767951011658,0.03289413824677467
840,0.016370294615626335,35.27311706542969,0.04331418126821518,0.016277140006422997,34.67951965332031,0.043592698872089386,0.031840696930885315,0.032845236361026764,0.03328637406229973,0.03327081352472305
841,0.01616671122610569,34.367889404296875,0.042615361511707306,0.016223546117544174,34.843421936035156,0.043729525059461594,0.03200386092066765,0.03306965157389641,0.03196626901626587,0.03277241066098213
842,0.016339169815182686,34.791622161865234,0.04294627904891968,0.016266342252492905,35.07548904418945,0.043903835117816925,0.032602459192276,0.03302431479096413,0.032159000635147095,0.03340805694460869
843,0.016159260645508766,34.51897430419922,0.0427347756922245,0.016248255968093872,34.98548126220703,0.043835412710905075,0.03239931911230087,0.03302398696541786,0.03224792331457138,0.03284652158617973
844,0.016212422400712967,34.88364791870117,0.0430162288248539,0.016235021874308586,34.71864700317383,0.043625324964523315,0.0318857841193676,0.03293539956212044,0.03286784887313843,0.032989948987960815
845,0.016370413824915886,35.05634307861328,0.04315122589468956,0.016315685585141182,34.71644973754883,0.043625976890325546,0.03187583386898041,0.03289328143000603,0.03290781006217003,0.033238351345062256
846,0.016185849905014038,34.45125198364258,0.04268152639269829,0.016218064352869987,34.870994567871094,0.04375103488564491,0.0319632813334465,0.03319915011525154,0.032065000385046005,0.03286277502775192
847,0.016301138326525688,34.71630096435547,0.0428885743021965,0.01626858487725258,35.10538864135742,0.04392886906862259,0.032648760825395584,0.03305879607796669,0.03209749609231949,0.03334794566035271
848,0.016162391752004623,34.568572998046875,0.04277391359210014,0.01623295433819294,34.9008674621582,0.04376984015107155,0.03228163346648216,0.032976068556308746,0.03235252946615219,0.03286558389663696
849,0.016221197322010994,34.911094665527344,0.04303785413503647,0.01623961143195629,34.804115295410156,0.04369175434112549,0.03223595768213272,0.0328061617910862,0.03291675075888634,0.03300734609365463
850,0.01627933420240879,34.91978073120117,0.0430450402200222,0.016413042321801186,34.86349105834961,0.04374582692980766,0.03201630339026451,0.033056534826755524,0.03277578204870224,0.03314138576388359
851,0.016275126487016678,34.536407470703125,0.04274880513548851,0.01628582738339901,34.96832275390625,0.0438242144882679,0.03198481723666191,0.033400196582078934,0.03200753033161163,0.03307795897126198
852,0.016185853630304337,34.52815628051758,0.04274367913603783,0.016489224508404732,35.95604705810547,0.044613804668188095,0.03377928584814072,0.0337238647043705,0.03209075331687927,0.033038657158613205
853,0.016321152448654175,34.964412689208984,0.04307569935917854,0.016243595629930496,34.636985778808594,0.043565571308135986,0.03180302307009697,0.032836757600307465,0.0329352468252182,0.033042021095752716
854,0.016219332814216614,34.498741149902344,0.04272058978676796,0.01620297320187092,34.7785530090332,0.043678902089595795,0.03188079223036766,0.03311282768845558,0.03189601004123688,0.033146265894174576
855,0.01624913699924946,34.98387908935547,0.043092574924230576,0.01624418795108795,35.00789260864258,0.04385038837790489,0.0327150896191597,0.03283850476145744,0.032764188945293427,0.033303216099739075
856,0.016193831339478493,34.74225616455078,0.04290469363331795,0.01631055772304535,34.92577362060547,0.04379722476005554,0.03226637840270996,0.033020563423633575,0.032730583101511,0.032857976853847504
857,0.016141459345817566,34.34669494628906,0.04260292276740074,0.016222627833485603,34.822479248046875,0.04371873289346695,0.03207346051931381,0.033012811094522476,0.032030489295721054,0.03273782134056091
858,0.016345802694559097,34.869449615478516,0.04300745204091072,0.016213281080126762,34.7582893371582,0.043657638132572174,0.03208748251199722,0.03290105611085892,0.032279159873723984,0.033506229519844055
859,0.01620330661535263,34.95258331298828,0.0430600680410862,0.016376247629523277,35.037925720214844,0.043886154890060425,0.03244883939623833,0.03306907042860985,0.03302093222737312,0.03298923745751381
860,0.01614946685731411,34.27934265136719,0.042550377547740936,0.016400402411818504,34.9405403137207,0.04381436109542847,0.03216664865612984,0.03309790417551994,0.031967222690582275,0.03266742080450058
861,0.01636199839413166,34.820899963378906,0.04297132045030594,0.01627439819276333,35.212059020996094,0.04401237517595291,0.03265122324228287,0.033372364938259125,0.03218827769160271,0.03349053114652634
862,0.016121726483106613,34.40885543823242,0.042650528252124786,0.01623913086950779,34.86616134643555,0.043753862380981445,0.03211592137813568,0.03309572488069534,0.03208250552415848,0.03286105394363403
863,0.016285689547657967,35.06775665283203,0.04315539076924324,0.016217514872550964,34.59476089477539,0.043531980365514755,0.03178369253873825,0.03281904011964798,0.03313300386071205,0.033124372363090515
864,0.01614079251885414,34.33987045288086,0.04259876161813736,0.016178607940673828,34.79673767089844,0.0436987541615963,0.03205975517630577,0.03301989659667015,0.03189769387245178,0.03288300707936287
865,0.016304969787597656,35.05770492553711,0.043147578835487366,0.01622440479695797,34.73538589477539,0.043637972325086594,0.03215253725647926,0.03282295912504196,0.03272135555744171,0.03348907083272934
866,0.01616414077579975,34.641685485839844,0.04282926395535469,0.01627359539270401,34.849430084228516,0.04373917728662491,0.032216109335422516,0.03294922038912773,0.03263482823967934,0.03279460221529007
867,0.016150422394275665,34.40039825439453,0.04264649376273155,0.01652039960026741,35.25257110595703,0.0440639965236187,0.03258290886878967,0.03334804251790047,0.03216656669974327,0.03275752812623978
868,0.016339391469955444,34.7895622253418,0.04294855147600174,0.016192788258194923,34.5964469909668,0.043535150587558746,0.0318426787853241,0.032798778265714645,0.03252594545483589,0.033149708062410355
869,0.016137074679136276,34.53310012817383,0.04274861514568329,0.01619930937886238,34.809715270996094,0.04371021315455437,0.03219843655824661,0.03291397914290428,0.03229151666164398,0.032929740846157074
870,0.01624997891485691,34.738155364990234,0.04290777072310448,0.01619710959494114,34.8149299621582,0.04370320215821266,0.03225986286997795,0.03292383998632431,0.03215012699365616,0.033448703587055206
871,0.016136664897203445,34.71650314331055,0.04288514330983162,0.016378309577703476,35.632205963134766,0.04436131939291954,0.03357497230172157,0.03331948071718216,0.0327407605946064,0.03287457674741745
872,0.016283344477415085,34.598506927490234,0.042801156640052795,0.01632055453956127,34.741397857666016,0.0436546616256237,0.03198883309960365,0.03292511776089668,0.03239767625927925,0.0329158641397953
873,0.016147922724485397,34.428382873535156,0.042668722569942474,0.016170628368854523,34.76895523071289,0.0436759777367115,0.03192214295268059,0.033134423196315765,0.032117024064064026,0.03288501501083374
874,0.016194462776184082,34.69295883178711,0.042873501777648926,0.01618526130914688,34.85232925415039,0.04373515769839287,0.03230198845267296,0.03297660872340202,0.03217903524637222,0.03337570279836655
875,0.01611443981528282,34.44624328613281,0.04268384724855423,0.01620355062186718,34.98194885253906,0.04383886605501175,0.03254278749227524,0.033017486333847046,0.03220069408416748,0.03288118168711662
876,0.016135651618242264,34.64545822143555,0.04283769056200981,0.016185671091079712,34.634647369384766,0.04356686398386955,0.03188221901655197,0.03289703279733658,0.03263797610998154,0.03287123143672943
877,0.016341278329491615,35.09523010253906,0.043186336755752563,0.016250716522336006,34.587242126464844,0.04352929815649986,0.03181790933012962,0.03281601518392563,0.0331110954284668,0.033244285732507706
878,0.016112620010972023,34.26142883300781,0.04253905266523361,0.016158301383256912,34.74485397338867,0.043658819049596786,0.031903721392154694,0.03312108293175697,0.03193317726254463,0.032744478434324265
879,0.01624012179672718,34.55561828613281,0.04276948794722557,0.016201771795749664,34.909820556640625,0.04378316551446915,0.03235769644379616,0.03305899724364281,0.03197002038359642,0.033282164484262466
880,0.016124945133924484,34.605010986328125,0.042807381600141525,0.016162453219294548,34.664817810058594,0.04359052702784538,0.03196793794631958,0.03290597349405289,0.032535236328840256,0.03290387615561485
881,0.016251344233751297,35.07054901123047,0.043164342641830444,0.016236992552876472,34.579078674316406,0.043523162603378296,0.03182072564959526,0.032813217490911484,0.03318597003817558,0.03314796835184097
882,0.01610737480223179,34.19957733154297,0.042491476982831955,0.01616627909243107,34.73118591308594,0.04364771768450737,0.03183433786034584,0.0331709161400795,0.03182652220129967,0.03273328021168709
883,0.01621156372129917,34.47193145751953,0.04270439222455025,0.016153309494256973,34.641632080078125,0.043575648218393326,0.0318138413131237,0.03301296383142471,0.031883616000413895,0.033213965594768524
884,0.016193343326449394,34.97095489501953,0.04308706521987915,0.01617303676903248,34.5790901184082,0.0435212142765522,0.03186605125665665,0.032828185707330704,0.03302939981222153,0.03315015882253647
885,0.016168465837836266,34.57190704345703,0.042781345546245575,0.016283834353089333,34.76924514770508,0.04368089511990547,0.03207250311970711,0.03298018127679825,0.03249245882034302,0.03286592289805412
886,0.016160624101758003,34.35713577270508,0.042616765946149826,0.01620965078473091,34.8358039855957,0.04373008385300636,0.031901199370622635,0.03334486111998558,0.03199533373117447,0.03289641812443733
887,0.016188031062483788,34.519046783447266,0.04274188354611397,0.016167817637324333,34.786190032958984,0.04368794336915016,0.03219941630959511,0.03298114985227585,0.0320454016327858,0.03318927437067032
888,0.01612071320414543,34.63481140136719,0.04283246770501137,0.0161520354449749,34.65288162231445,0.0435822531580925,0.03201596811413765,0.03286999836564064,0.032609641551971436,0.0329279862344265
889,0.016236132010817528,34.95217514038086,0.04307650029659271,0.016234595328569412,34.571414947509766,0.04351997375488281,0.031820062547922134,0.03282798081636429,0.033036842942237854,0.03309764713048935
890,0.016122665256261826,34.23753356933594,0.04252292960882187,0.016187995672225952,34.78289794921875,0.043689582496881485,0.03187933564186096,0.03326665610074997,0.031871404498815536,0.03279395028948784
891,0.016174504533410072,34.39347839355469,0.04264519736170769,0.01613399013876915,34.609893798828125,0.04355352371931076,0.03177392855286598,0.033016085624694824,0.03184738755226135,0.03313136845827103
892,0.0162329263985157,35.095855712890625,0.043174631893634796,0.01618446595966816,34.57807540893555,0.04352014139294624,0.031935036182403564,0.03279271349310875,0.03313668072223663,0.03326299414038658
893,0.01609957590699196,34.35640335083008,0.04261475056409836,0.016220470890402794,34.810264587402344,0.04371646046638489,0.032179974019527435,0.03302920237183571,0.03222888335585594,0.03273063898086548
894,0.01610507257282734,34.4024543762207,0.04265466332435608,0.016527414321899414,35.24732971191406,0.04406718537211418,0.032607920467853546,0.03341864421963692,0.03225787729024887,0.0327974297106266
895,0.016337348148226738,34.69980239868164,0.04288274049758911,0.01613563857972622,34.549442291259766,0.043505068868398666,0.03181798383593559,0.0328405387699604,0.03243748098611832,0.03315041586756706
896,0.016102593392133713,34.51956558227539,0.042743582278490067,0.01624981500208378,34.913902282714844,0.04380136355757713,0.03242739662528038,0.03299330919981003,0.03236934915184975,0.03294314071536064
897,0.01627863571047783,34.78721618652344,0.04294754937291145,0.01620740070939064,34.55994415283203,0.04351210594177246,0.031900953501462936,0.03277013450860977,0.03263940289616585,0.033145301043987274
898,0.01607590541243553,34.22589874267578,0.04251375421881676,0.016134707257151604,34.7459602355957,0.04366293549537659,0.03190988302230835,0.03320612385869026,0.031931400299072266,0.03276335075497627
899,0.016122840344905853,34.38127517700195,0.042635999619960785,0.01612146571278572,34.60276412963867,0.04354843124747276,0.03177608922123909,0.03303001448512077,0.03178368881344795,0.03322333097457886
900,0.01612068898975849,34.84272384643555,0.0429932065308094,0.01613331213593483,34.52674865722656,0.043483950197696686,0.03181392326951027,0.032831571996212006,0.032908324152231216,0.033112190663814545
901,0.016178986057639122,34.71294403076172,0.04289206117391586,0.01623663119971752,34.60382080078125,0.043550215661525726,0.031912662088871,0.032848797738552094,0.03276868164539337,0.03292863816022873
902,0.016104547306895256,34.21104049682617,0.04250459000468254,0.016179468482732773,34.78137969970703,0.04369080066680908,0.03188886493444443,0.03330106660723686,0.03188727796077728,0.03277410939335823
903,0.01614844799041748,34.3837776184082,0.042639028280973434,0.016116594895720482,34.58394241333008,0.04353393241763115,0.031800273805856705,0.032985638827085495,0.031867798417806625,0.03314853459596634
904,0.016129085794091225,34.80953598022461,0.04296890273690224,0.0161282978951931,34.519657135009766,0.04347947984933853,0.03181620314717293,0.03283264487981796,0.032894521951675415,0.03306685388088226
905,0.016186919063329697,34.67869567871094,0.042868100106716156,0.016214115545153618,34.56837844848633,0.04352299124002457,0.03186799958348274,0.03283863142132759,0.03270701691508293,0.03293755277991295
906,0.016110287979245186,34.24668884277344,0.04253322631120682,0.01615084894001484,34.71577072143555,0.04363982006907463,0.031860411167144775,0.0332089364528656,0.03193891420960426,0.03281180560588837
907,0.01615316793322563,34.401519775390625,0.04265475645661354,0.01614505611360073,34.787513732910156,0.043693359941244125,0.032241642475128174,0.03302595391869545,0.031920406967401505,0.03315168619155884
908,0.01607682555913925,34.543399810791016,0.042764510959386826,0.01610983908176422,34.53199005126953,0.04349249601364136,0.03180133178830147,0.032896265387535095,0.032543864101171494,0.0328911654651165
909,0.016235467046499252,34.92793273925781,0.0430622324347496,0.016163693740963936,34.478450775146484,0.04344969615340233,0.031770337373018265,0.03277420252561569,0.0330512635409832,0.033106815069913864
910,0.016058916226029396,34.158729553222656,0.04246493801474571,0.016103098168969154,34.62613296508789,0.04357204586267471,0.03186110407114029,0.03303593769669533,0.03189607709646225,0.03270505741238594
911,0.01618931069970131,34.4514045715332,0.042694736272096634,0.016137268394231796,34.781925201416016,0.043689191341400146,0.032286569476127625,0.0329899899661541,0.0319426953792572,0.033229947090148926
912,0.016063278540968895,34.474666595458984,0.042712535709142685,0.01611010730266571,34.61161422729492,0.043555114418268204,0.0320226214826107,0.03287617489695549,0.032460130751132965,0.032850224524736404
913,0.016175085678696632,34.99979782104492,0.04311003535985947,0.01629684492945671,34.609989166259766,0.043555956333875656,0.03189003840088844,0.03290700912475586,0.03320534899830818,0.03311910480260849
914,0.016051072627305984,34.0573616027832,0.04238663241267204,0.01635761186480522,34.77128601074219,0.04369261488318443,0.032017309218645096,0.03309173509478569,0.03181510046124458,0.03259173780679703
915,0.016328757628798485,34.726905822753906,0.04290581867098808,0.016109565272927284,34.46660614013672,0.04344142600893974,0.03177395462989807,0.03279143199324608,0.032489240169525146,0.03321690484881401
916,0.016043491661548615,34.339599609375,0.04260678589344025,0.016124796122312546,34.63629150390625,0.043583307415246964,0.0320618711411953,0.03286534175276756,0.03226209059357643,0.032764822244644165
917,0.016168516129255295,34.47541809082031,0.04271393641829491,0.01611018180847168,34.66634750366211,0.0435975156724453,0.03211333975195885,0.03294031322002411,0.0319405198097229,0.033312879502773285
918,0.016023358330130577,34.14005661010742,0.04245295003056526,0.016088519245386124,34.563446044921875,0.04352262616157532,0.03175456076860428,0.03304925560951233,0.03185342997312546,0.03276843950152397
919,0.016178090125322342,35.271026611328125,0.04329686984419823,0.016530798748135567,35.393245697021484,0.04417908191680908,0.033024419099092484,0.03344977647066116,0.03354062885046005,0.03330245986580849
920,0.01608077622950077,34.07187271118164,0.04239753633737564,0.016326922923326492,34.66486358642578,0.04360721632838249,0.031919725239276886,0.03298557177186012,0.03186614066362381,0.03258499503135681
921,0.01619870401918888,34.62889099121094,0.042826879769563675,0.016471656039357185,35.0791015625,0.043934013694524765,0.03233424201607704,0.03343585506081581,0.03252313286066055,0.0330490916967392
922,0.01605639047920704,34.134666442871094,0.04244742542505264,0.016143817454576492,34.825992584228516,0.04373090714216232,0.03187613934278488,0.03351232782006264,0.03191913291811943,0.032675474882125854
923,0.016100959852337837,34.41514587402344,0.04266446828842163,0.016123803332448006,34.80539321899414,0.04372122138738632,0.032378945499658585,0.03296772018074989,0.031933896243572235,0.033242322504520416
924,0.016170039772987366,34.7783088684082,0.042946696281433105,0.01610545814037323,34.416404724121094,0.04340386763215065,0.0317235104739666,0.03275159373879433,0.03291386738419533,0.03301815688610077
925,0.016037100926041603,34.164512634277344,0.042472731322050095,0.016075441613793373,34.633209228515625,0.04358337074518204,0.03207844868302345,0.03289983049035072,0.031890761107206345,0.03278875723481178
926,0.01619892381131649,34.81507873535156,0.042972467839717865,0.01611599326133728,34.5319938659668,0.043490372598171234,0.032012950628995895,0.03277288377285004,0.03256843984127045,0.033407628536224365
927,0.016050327569246292,34.435237884521484,0.0426802858710289,0.016166802495718002,34.63329315185547,0.043581511825323105,0.032087139785289764,0.032861627638339996,0.032566893845796585,0.032701440155506134
928,0.016016321256756783,34.114707946777344,0.0424349308013916,0.016221608966588974,34.78276062011719,0.043706052005290985,0.03223882243037224,0.03301253169775009,0.031976137310266495,0.032619696110486984
929,0.016295550391077995,34.7885856628418,0.042954325675964355,0.016088411211967468,34.40595626831055,0.04339425638318062,0.03174769505858421,0.03274182602763176,0.032645270228385925,0.03324935957789421
930,0.01600959710776806,34.19802474975586,0.042497944086790085,0.016076359897851944,34.603843688964844,0.04356026276946068,0.03208940848708153,0.03283562883734703,0.03209337219595909,0.032692622393369675
931,0.016136422753334045,34.43255615234375,0.042683135718107224,0.01609116420149803,34.73048400878906,0.04365067929029465,0.032299332320690155,0.032963939011096954,0.0319397933781147,0.03329033777117729
932,0.016004806384444237,34.21925354003906,0.04251693934202194,0.016087371855974197,34.6585807800293,0.043596863746643066,0.03211883082985878,0.032969921827316284,0.0320863351225853,0.032771576195955276
933,0.01605328544974327,34.53940200805664,0.0427655354142189,0.01607697643339634,34.447269439697266,0.04343019053339958,0.031770288944244385,0.032839201390743256,0.03266587853431702,0.032867904752492905
934,0.01621410809457302,34.8219108581543,0.04298500716686249,0.016171010211110115,34.44170379638672,0.04342678561806679,0.03177591785788536,0.03277251869440079,0.03294916823506355,0.033090900629758835
935,0.016032017767429352,34.07914733886719,0.042406972497701645,0.016086900606751442,34.609561920166016,0.04356292262673378,0.03181661665439606,0.033142395317554474,0.03184468671679497,0.032686736434698105
936,0.016121525317430496,34.29705047607422,0.04257793352007866,0.016076384112238884,34.549617767333984,0.043512821197509766,0.031876880675554276,0.03297313675284386,0.03183075040578842,0.03313087671995163
937,0.016062922775745392,34.58448791503906,0.04280133172869682,0.01606636308133602,34.43801498413086,0.04342275112867355,0.03178970515727997,0.03281974792480469,0.03267946094274521,0.03295575827360153
938,0.016140935942530632,34.67496871948242,0.042871929705142975,0.016134295612573624,34.42379379272461,0.043414127081632614,0.031769368797540665,0.03276631608605385,0.03282433748245239,0.03294915705919266
939,0.016039051115512848,34.099491119384766,0.04242401197552681,0.016082745045423508,34.591102600097656,0.04354891553521156,0.03180590644478798,0.03312919661402702,0.0318504199385643,0.0327359139919281
940,0.01611563377082348,34.3100471496582,0.042589396238327026,0.016084711998701096,34.645050048828125,0.043587975203990936,0.032122187316417694,0.03296709433197975,0.03188338875770569,0.03312762826681137
941,0.016030453145503998,34.44762420654297,0.042696334421634674,0.016056973487138748,34.458194732666016,0.0434403158724308,0.031830497086048126,0.03284424915909767,0.03251691162586212,0.03285609558224678
942,0.01615663431584835,34.7972526550293,0.04296655207872391,0.016130460426211357,34.40168380737305,0.043396320194005966,0.03175109252333641,0.03275240212678909,0.033001095056533813,0.033031970262527466
943,0.0160202719271183,34.044288635253906,0.042381297796964645,0.016075944527983665,34.57346725463867,0.043536074459552765,0.03179658204317093,0.03311387449502945,0.03180832415819168,0.03268177807331085
944,0.01610983908176422,34.26580810546875,0.042555294930934906,0.016059737652540207,34.501121520996094,0.043476738035678864,0.031823981553316116,0.03295043855905533,0.031821358948946,0.03310714289546013
945,0.016059305518865585,34.60186004638672,0.04281628131866455,0.016057448461651802,34.413612365722656,0.04340488463640213,0.03179125115275383,0.03279827907681465,0.03272571787238121,0.03297576680779457
946,0.01611773483455181,34.58340072631836,0.04280257225036621,0.016131579875946045,34.42280960083008,0.04341616481542587,0.03178269416093826,0.032779496163129807,0.03271924704313278,0.03290322422981262
947,0.01604343205690384,34.10939407348633,0.04243351146578789,0.016077933833003044,34.57592010498047,0.043538305908441544,0.031801946461200714,0.0331316776573658,0.03187347203493118,0.03276084363460541
948,0.01609664596617222,34.279823303222656,0.04256758838891983,0.016074908897280693,34.643802642822266,0.04358869418501854,0.032165493816137314,0.03295641392469406,0.03188919275999069,0.03309641778469086
949,0.016013992950320244,34.3938102722168,0.04265623539686203,0.016044914722442627,34.45074462890625,0.04343632608652115,0.031853191554546356,0.03284058719873428,0.03246338292956352,0.0328306145966053
950,0.0161444004625082,34.80619430541992,0.04297422245144844,0.01613006182014942,34.38782501220703,0.043387096375226974,0.03175007551908493,0.032751329243183136,0.03304213657975197,0.033039990812540054
951,0.016005447134375572,34.000999450683594,0.04234888404607773,0.016070254147052765,34.55995559692383,0.043527182191610336,0.03178897127509117,0.03312190622091293,0.03178027644753456,0.032651886343955994
952,0.01609313301742077,34.230899810791016,0.04252918064594269,0.016032513231039047,34.42481231689453,0.043420273810625076,0.03171028941869736,0.03292286768555641,0.031807251274585724,0.03308061510324478
953,0.016126280650496483,34.66132736206055,0.04286409541964531,0.01612628623843193,35.655052185058594,0.04437798634171486,0.03463955968618393,0.03278230130672455,0.03268624469637871,0.03312672674655914
954,0.016015896573662758,34.37704849243164,0.04264070466160774,0.01616574265062809,34.73973083496094,0.043674517422914505,0.03224210441112518,0.03305952250957489,0.03256261348724365,0.03270192816853523
955,0.01603667065501213,34.247520446777344,0.04254378750920296,0.016554776579141617,35.12104797363281,0.04398056119680405,0.032452844083309174,0.0334819070994854,0.03224118426442146,0.03273763507604599
956,0.01620025932788849,34.39838790893555,0.042661912739276886,0.016059044748544693,34.361595153808594,0.04336967319250107,0.03177545964717865,0.03271253779530525,0.032279808074235916,0.03295554593205452
957,0.015999101102352142,34.271724700927734,0.04256175458431244,0.016064807772636414,34.49751663208008,0.04348248988389969,0.03195514902472496,0.03283081576228142,0.03223200514912605,0.03281843662261963
958,0.01610230840742588,34.392250061035156,0.04265614598989487,0.016040731221437454,34.50397872924805,0.04347772151231766,0.03202256187796593,0.03283964470028877,0.031961362808942795,0.033292271196842194
959,0.015978040173649788,34.41717529296875,0.042669862508773804,0.016287444159388542,35.56553649902344,0.04433158412575722,0.03372083604335785,0.033378779888153076,0.03260543569922447,0.03276785835623741
960,0.016145257279276848,34.345481872558594,0.04262148588895798,0.016098111867904663,34.370418548583984,0.0433785542845726,0.03177866339683533,0.03272171691060066,0.032322339713573456,0.032839562743902206
961,0.015984155237674713,34.13237380981445,0.042454060167074203,0.016027476638555527,34.496089935302734,0.04348237067461014,0.03195648640394211,0.032859403640031815,0.03202978894114494,0.03273547440767288
962,0.01609419658780098,34.46875,0.042715948075056076,0.016033131629228592,34.46392822265625,0.04344701021909714,0.03198212757706642,0.03280416876077652,0.032135382294654846,0.0333043597638607
963,0.01599162258207798,34.49167251586914,0.04272588714957237,0.016266750171780586,34.992149353027344,0.04387761279940605,0.032694052904844284,0.03314495086669922,0.03274094685912132,0.032785285264253616
964,0.01611878164112568,34.231719970703125,0.04253152012825012,0.01625322923064232,34.57658004760742,0.04354597255587578,0.031939830631017685,0.03295823559165001,0.03215547651052475,0.03278372064232826
965,0.0160139761865139,34.12220001220703,0.042446888983249664,0.016048753634095192,34.57339859008789,0.04354023188352585,0.03178149834275246,0.033226970583200455,0.03198160603642464,0.03275951370596886
966,0.016035355627536774,34.26568603515625,0.04255741089582443,0.016017239540815353,34.425018310546875,0.04342033341526985,0.03180516138672829,0.032894067466259,0.03190230950713158,0.03314364328980446
967,0.016006389632821083,34.42828369140625,0.04268575832247734,0.016019262373447418,34.407814025878906,0.04340476542711258,0.031882766634225845,0.03279007598757744,0.032509759068489075,0.03292391076683998
968,0.016053641214966774,34.6210823059082,0.04283209890127182,0.016164228320121765,34.42367935180664,0.043421678245067596,0.03181198984384537,0.032812975347042084,0.032917480915784836,0.032874416559934616
969,0.016004277393221855,33.95381164550781,0.042315639555454254,0.01614341326057911,34.72562789916992,0.04366093873977661,0.031907644122838974,0.03341243416070938,0.031731557101011276,0.032662928104400635
970,0.016054898500442505,34.26042938232422,0.04255441203713417,0.01613609306514263,34.896942138671875,0.04380730167031288,0.03257926553487778,0.03314262256026268,0.03200070187449455,0.033039335161447525
971,0.016113508492708206,34.536231994628906,0.042769480496644974,0.016032421961426735,34.300437927246094,0.04332453012466431,0.031685587018728256,0.032720647752285004,0.03269561380147934,0.0329229012131691
972,0.01598946377635002,34.08740997314453,0.042421720921993256,0.016010019928216934,34.49354553222656,0.04348384588956833,0.032002780586481094,0.032856494188308716,0.03191889822483063,0.03278471902012825
973,0.01613677851855755,34.63716125488281,0.042841821908950806,0.01604539528489113,34.41468048095703,0.04340795427560806,0.03200753778219223,0.0327160470187664,0.03244424983859062,0.03333939611911774
974,0.01596876047551632,34.29160690307617,0.042577408254146576,0.01608758606016636,34.46533966064453,0.04345898702740669,0.03196566551923752,0.03280447795987129,0.03254513815045357,0.03262198716402054
975,0.01594289019703865,33.968055725097656,0.04232915863394737,0.016214150935411453,34.73395919799805,0.043679602444171906,0.032248128205537796,0.03305742144584656,0.03191894665360451,0.03256470710039139
976,0.016183873638510704,34.5364990234375,0.04276798292994499,0.016007211059331894,34.301353454589844,0.04332383722066879,0.03170767426490784,0.032737847417593,0.03245347738265991,0.03312589228153229
977,0.01594625785946846,34.14431381225586,0.0424657016992569,0.016065677627921104,34.548622131347656,0.043529611080884933,0.03214225172996521,0.03282544016838074,0.0321815200150013,0.032687366008758545
978,0.0161149762570858,34.39727020263672,0.04266198351979256,0.016017362475395203,34.38652420043945,0.04338812828063965,0.0319182388484478,0.03276022523641586,0.03200875222682953,0.03330804407596588
979,0.01597595401108265,34.45286560058594,0.042699895799160004,0.01610845886170864,34.4569091796875,0.04345223307609558,0.0319635346531868,0.032794542610645294,0.03279569372534752,0.032709985971450806
980,0.01593608222901821,33.85139465332031,0.04223761707544327,0.01599939726293087,34.41213607788086,0.04341787472367287,0.03171459585428238,0.032987941056489944,0.03170204162597656,0.032540980726480484
981,0.016066662967205048,34.25310134887695,0.042549978941679,0.015988098457455635,34.31515121459961,0.04333911091089249,0.03166729584336281,0.03283538669347763,0.03187742084264755,0.033171504735946655
982,0.016046222299337387,34.580684661865234,0.04280252009630203,0.016035612672567368,34.519229888916016,0.0434928797185421,0.03232276812195778,0.03267911449074745,0.032708000391721725,0.03305434063076973
983,0.01596553809940815,34.262577056884766,0.04255722463130951,0.016083629801869392,34.46699523925781,0.04346304386854172,0.03195415809750557,0.03285327926278114,0.03250092640519142,0.03263924643397331
984,0.016068577766418457,34.08803939819336,0.04242449998855591,0.016045646741986275,34.50963592529297,0.04349089413881302,0.031872399151325226,0.03306977450847626,0.031805165112018585,0.03289695829153061
985,0.016000520437955856,34.107704162597656,0.04244064912199974,0.01603083685040474,34.613494873046875,0.04357307031750679,0.032274290919303894,0.03292735293507576,0.03191414847970009,0.032885126769542694
986,0.01595737412571907,34.24318313598633,0.042545855045318604,0.015983829274773598,34.32402801513672,0.04334604740142822,0.03169820085167885,0.03285730257630348,0.032370127737522125,0.032755959779024124
987,0.01611676625907421,34.6988525390625,0.04290005564689636,0.0160329919308424,34.264915466308594,0.04329794645309448,0.031688351184129715,0.032703664153814316,0.032972030341625214,0.03303661197423935
988,0.015932157635688782,33.91126251220703,0.0422859825193882,0.015980778262019157,34.387901306152344,0.04340190812945366,0.03177957981824875,0.032905034720897675,0.031820449978113174,0.032586194574832916
989,0.01608923263847828,34.25930404663086,0.04255962744355202,0.015995603054761887,34.435943603515625,0.043432895094156265,0.03201502934098244,0.03281324729323387,0.03192787244915962,0.03315748646855354
990,0.01595200039446354,34.095848083496094,0.04243338480591774,0.016056813299655914,34.95114517211914,0.04383992776274681,0.03304414078593254,0.032929111272096634,0.03209272772073746,0.03273337334394455
991,0.015938736498355865,34.17795944213867,0.04249568283557892,0.016046348959207535,34.844730377197266,0.0437699630856514,0.03238970413804054,0.03335023671388626,0.03232213482260704,0.0326879657804966
992,0.016153188422322273,34.66559600830078,0.04287540167570114,0.01605737768113613,34.26713180541992,0.04330293461680412,0.031681690365076065,0.03271641209721565,0.032896824181079865,0.03306952863931656
993,0.01592116802930832,33.96482849121094,0.04232968017458916,0.016024889424443245,34.48002243041992,0.04347984120249748,0.03201257809996605,0.032877035439014435,0.03195199742913246,0.03259587660431862
994,0.016149355098605156,34.489871978759766,0.042736127972602844,0.015998611226677895,34.27370071411133,0.043303363025188446,0.031770963221788406,0.03270453214645386,0.03220737725496292,0.03334379941225052
995,0.015958236530423164,34.309844970703125,0.04259740188717842,0.01604446955025196,34.3070068359375,0.043336473405361176,0.03177887573838234,0.03272129222750664,0.03263134881854057,0.03265008330345154
996,0.015924541279673576,33.86030960083008,0.04224826768040657,0.01597432978451252,34.37657165527344,0.04339386150240898,0.0317138247191906,0.032976679503917694,0.03172454982995987,0.03260109946131706
997,0.01603962853550911,34.222721099853516,0.04253118485212326,0.015972943976521492,34.33060073852539,0.043352704495191574,0.031793225556612015,0.03281908482313156,0.031927067786455154,0.033133529126644135
998,0.01596882753074169,34.332008361816406,0.0426170714199543,0.015981510281562805,34.37551498413086,0.043385643512010574,0.032009564340114594,0.032721828669309616,0.03249554708600044,0.03285529091954231
999,0.015984300523996353,34.42787170410156,0.042690590023994446,0.016114963218569756,34.35353469848633,0.04337475821375847,0.031781844794750214,0.03280753642320633,0.03276154398918152,0.03277299925684929
