epoch,cotBeta_mae_metric,loss,slim_rmse_metric,val_cotBeta_mae_metric,val_loss,val_slim_rmse_metric,val_x_mae_metric,val_y_mae_metric,x_mae_metric,y_mae_metric
0,0.34410610795021057,3453.1171875,0.47812673449516296,0.3152906000614166,2369.546630859375,0.4036811590194702,0.3739241063594818,0.3154505491256714,0.4447099566459656,0.4224529564380646
1,0.29122647643089294,1661.69873046875,0.3307938277721405,0.260200560092926,1121.500732421875,0.27754443883895874,0.18256671726703644,0.20754855871200562,0.2609800100326538,0.2454131692647934
2,0.1813538372516632,796.6661987304688,0.22878104448318481,0.11736353486776352,550.1395263671875,0.19404345750808716,0.13816961646080017,0.1743415892124176,0.15484216809272766,0.18737435340881348
3,0.10723763704299927,509.88427734375,0.1840861588716507,0.10113610327243805,472.7146301269531,0.17978307604789734,0.1302611529827118,0.1601046770811081,0.13221803307533264,0.1654082089662552
4,0.09737984836101532,459.40460205078125,0.1747271865606308,0.09475001692771912,438.6647033691406,0.17313790321350098,0.1266569048166275,0.15326961874961853,0.12719941139221191,0.155618816614151
5,0.09235729277133942,429.1925354003906,0.1688518077135086,0.09069260209798813,409.8923034667969,0.16731855273246765,0.1234646737575531,0.1474880576133728,0.12395446747541428,0.14978940784931183
6,0.08871233463287354,398.243408203125,0.16260284185409546,0.0873493105173111,376.2965087890625,0.1602601259946823,0.11975053697824478,0.13979306817054749,0.12059235572814941,0.14324072003364563
7,0.08560384064912796,361.9112854003906,0.1549440175294876,0.08458638191223145,337.87493896484375,0.15178844332695007,0.11489669233560562,0.1297006756067276,0.11645475775003433,0.13446873426437378
8,0.08319637924432755,320.6466369628906,0.14575646817684174,0.08271633088588715,294.92218017578125,0.1417224258184433,0.10832516849040985,0.11638247221708298,0.1108475923538208,0.12295204401016235
9,0.08180411159992218,277.7349853515625,0.1355539858341217,0.08168725669384003,255.2442169189453,0.13174866139888763,0.10165233165025711,0.10158266127109528,0.1040932908654213,0.10861899703741074
10,0.08086320012807846,244.8892822265625,0.12720957398414612,0.08061858266592026,230.3443603515625,0.1250864565372467,0.09681569784879684,0.09236132353544235,0.09839212894439697,0.09624289721250534
11,0.07960832118988037,226.02188110351562,0.12215406447649002,0.07919827103614807,216.16705322265625,0.12112823873758316,0.09334960579872131,0.08818426728248596,0.09443064033985138,0.08989089727401733
12,0.07820046693086624,214.3569793701172,0.11891520768404007,0.07783254235982895,206.47552490234375,0.11834533512592316,0.09065786004066467,0.08568859100341797,0.09148308634757996,0.08668389171361923
13,0.07693515717983246,205.8466796875,0.11649353057146072,0.07664824277162552,199.06846618652344,0.1161729171872139,0.08849596977233887,0.08382021635770798,0.08913036435842514,0.0844946950674057
14,0.07584303617477417,199.12330627441406,0.11454299837350845,0.07561946660280228,193.0869140625,0.11438830196857452,0.0867060050368309,0.0823112353682518,0.08719296753406525,0.08278905600309372
15,0.07488106936216354,193.55975341796875,0.11290252208709717,0.07470370829105377,188.04476928710938,0.11286159604787827,0.08518818765878677,0.08105263113975525,0.08555172383785248,0.08138997852802277
16,0.07401012629270554,188.76100158691406,0.1114673763513565,0.07386334240436554,183.61203002929688,0.11150188744068146,0.08384357392787933,0.07996247708797455,0.08412518352270126,0.08019736409187317
17,0.07319988310337067,184.4585418701172,0.11016425490379333,0.07307139039039612,179.57464599609375,0.11024856567382812,0.0826263278722763,0.07899502664804459,0.0828457847237587,0.07914672046899796
18,0.0724310502409935,180.4879913330078,0.10894753038883209,0.07231274247169495,175.81626892089844,0.10906850546598434,0.0814976692199707,0.07811178267002106,0.08167027682065964,0.07819919288158417
19,0.07169044017791748,176.77261352539062,0.10779643058776855,0.07158254086971283,172.29981994628906,0.10795243084430695,0.08046317100524902,0.07729565352201462,0.08059021830558777,0.07733270525932312
20,0.07097434997558594,173.3051300048828,0.10671066492795944,0.07087733596563339,169.04296875,0.10690795630216599,0.07954870164394379,0.07654697448015213,0.07961655408143997,0.07653931528329849
21,0.07028497755527496,170.1127166748047,0.10570122301578522,0.07020250707864761,166.0778045654297,0.10594809800386429,0.07877425849437714,0.07586944848299026,0.07876509428024292,0.07581516355276108
22,0.06962830573320389,167.22708129882812,0.10478045046329498,0.06956478953361511,163.42724609375,0.10508256405591965,0.07813899964094162,0.07526187598705292,0.07805081456899643,0.07516243308782578
23,0.06901177763938904,164.660888671875,0.10395488142967224,0.06897035241127014,161.08786010742188,0.10431258380413055,0.07761593908071518,0.07472313195466995,0.07745889574289322,0.07458299398422241
24,0.06843829154968262,162.4004364013672,0.10322224348783493,0.06841989606618881,159.03338623046875,0.10363157838582993,0.07718884199857712,0.0742477998137474,0.07696946710348129,0.07406919449567795
25,0.0679071769118309,160.41331481933594,0.1025739312171936,0.06791289150714874,157.2252960205078,0.10302850604057312,0.07683116942644119,0.07383091747760773,0.07656179368495941,0.07361599802970886
26,0.06741629540920258,158.65914916992188,0.10199832916259766,0.06744357943534851,155.6239471435547,0.10249137878417969,0.07652045786380768,0.07346434146165848,0.07621528208255768,0.07321666926145554
27,0.06696047633886337,157.099853515625,0.10148396342992783,0.0670054703950882,154.1946563720703,0.10200940817594528,0.07624998688697815,0.07313995063304901,0.07591450214385986,0.07286419719457626
28,0.06653585284948349,155.70162963867188,0.10102047771215439,0.0665958970785141,152.90594482421875,0.10157284140586853,0.07600565999746323,0.07285458594560623,0.07564745843410492,0.0725519135594368
29,0.06613744795322418,154.43505859375,0.10059893876314163,0.06621028482913971,151.7332305908203,0.10117395222187042,0.07577984780073166,0.07260172814130783,0.07540576159954071,0.07227431237697601
30,0.06576221436262131,153.27734375,0.1002122014760971,0.06584528088569641,150.6565704345703,0.10080639272928238,0.07556847482919693,0.07237563282251358,0.07518269866704941,0.07202666997909546
31,0.0654069110751152,152.2092742919922,0.09985417127609253,0.06549839675426483,149.6596221923828,0.10046485811471939,0.07537028193473816,0.07217197865247726,0.07497308403253555,0.07180478423833847
32,0.06506861746311188,151.21522521972656,0.0995199903845787,0.06516704708337784,148.7288360595703,0.10014496743679047,0.07518230378627777,0.071986623108387,0.07477515935897827,0.07160250842571259
33,0.06474453210830688,150.2815704345703,0.0992051512002945,0.06484930962324142,147.85250854492188,0.09984277933835983,0.07500190287828445,0.07181326299905777,0.07458656281232834,0.07141748815774918
34,0.06443321704864502,149.39743041992188,0.09890609979629517,0.06454293429851532,147.02114868164062,0.09955508261919022,0.07482698559761047,0.07164998352527618,0.07440560311079025,0.07124593108892441
35,0.06413190811872482,148.5530242919922,0.09861956536769867,0.06424614787101746,146.22605895996094,0.09927893429994583,0.07465716451406479,0.07149454206228256,0.0742310881614685,0.07108528167009354
36,0.06383926421403885,147.73936462402344,0.09834256768226624,0.06395725905895233,145.4589080810547,0.0990116074681282,0.07449010759592056,0.07134426385164261,0.07406055182218552,0.07093226909637451
37,0.06355372071266174,146.9481201171875,0.09807249158620834,0.06367632746696472,144.71290588378906,0.09875082224607468,0.07432316988706589,0.07119928300380707,0.07389073818922043,0.07078497856855392
38,0.06327414512634277,146.17282104492188,0.09780702739953995,0.06340201944112778,143.98243713378906,0.09849467873573303,0.07415361702442169,0.07105927169322968,0.07371982932090759,0.07064250856637955
39,0.06299947202205658,145.40858459472656,0.09754455834627151,0.06313133239746094,143.26405334472656,0.09824184328317642,0.07398222386837006,0.07092205435037613,0.07354698330163956,0.07050373405218124
40,0.06272885948419571,144.6518096923828,0.09728384017944336,0.06286449730396271,142.5548858642578,0.0979914590716362,0.07380595803260803,0.0707891657948494,0.07337018102407455,0.07036859542131424
41,0.0624624639749527,143.90065002441406,0.09702431410551071,0.06260112673044205,141.85366821289062,0.09774316102266312,0.07362261414527893,0.07066261768341064,0.073186956346035,0.07023873180150986
42,0.06219962611794472,143.15525817871094,0.09676604717969894,0.06233937293291092,141.1613006591797,0.09749732911586761,0.07343214750289917,0.07054466754198074,0.07299719005823135,0.07011471688747406
43,0.06194028630852699,142.41769409179688,0.09650972485542297,0.062080495059490204,140.48013305664062,0.09725476056337357,0.07323598861694336,0.07043508440256119,0.0728020891547203,0.06999795883893967
44,0.061683982610702515,141.6912384033203,0.09625661373138428,0.06182536855340004,139.81324768066406,0.09701656550168991,0.07303731888532639,0.0703335702419281,0.07260359078645706,0.06988849490880966
45,0.061430420726537704,140.97947692871094,0.09600777924060822,0.06157255172729492,139.16322326660156,0.09678374975919724,0.072838693857193,0.07024090737104416,0.07240496575832367,0.06978666037321091
46,0.06117882579565048,140.2855224609375,0.09576442837715149,0.06132159009575844,138.53196716308594,0.09655697643756866,0.07264534384012222,0.07015368342399597,0.07220958918333054,0.06969257444143295
47,0.06092815846204758,139.61056518554688,0.09552707523107529,0.06107133626937866,137.9195098876953,0.09633636474609375,0.07246001064777374,0.07007087022066116,0.07201969623565674,0.06960472464561462
48,0.06067771092057228,138.955322265625,0.0952959954738617,0.06082163378596306,137.3257598876953,0.09612193703651428,0.07228462398052216,0.06999240815639496,0.07183729857206345,0.06952149420976639
49,0.06042715534567833,138.31863403320312,0.09507089108228683,0.060572344809770584,136.74903869628906,0.09591320157051086,0.07211988419294357,0.06991700828075409,0.07166433334350586,0.06944135576486588
50,0.060176197439432144,137.69906616210938,0.09485136717557907,0.06032286584377289,136.1875762939453,0.09570959955453873,0.0719660222530365,0.06984169781208038,0.07150108367204666,0.06936268508434296
51,0.059924617409706116,137.0957794189453,0.09463712573051453,0.06007326394319534,135.64047241210938,0.09551066905260086,0.07182039320468903,0.06976614892482758,0.07134781777858734,0.0692848339676857
52,0.05967244878411293,136.50755310058594,0.094427689909935,0.05982321873307228,135.10641479492188,0.09531605243682861,0.07168380916118622,0.0696902945637703,0.07120449095964432,0.06920681893825531
53,0.05941992253065109,135.93325805664062,0.0942227765917778,0.059572406113147736,134.58444213867188,0.09512542188167572,0.07155628502368927,0.06961410492658615,0.07107048481702805,0.06912808865308762
54,0.059167370200157166,135.37216186523438,0.09402214735746384,0.05932110920548439,134.0739288330078,0.09493851661682129,0.07143732905387878,0.06953700631856918,0.07094435393810272,0.06904862821102142
55,0.05891553312540054,134.82366943359375,0.09382562339305878,0.05907043442130089,133.574462890625,0.09475529193878174,0.0713248923420906,0.06945918500423431,0.07082574814558029,0.06896834820508957
56,0.05866454914212227,134.28758239746094,0.09363312274217606,0.05882074683904648,133.08621215820312,0.09457577019929886,0.07121811807155609,0.06937973201274872,0.07071398198604584,0.06888717412948608
57,0.05841514468193054,133.7641143798828,0.09344475716352463,0.058572884649038315,132.6097412109375,0.09440012276172638,0.07111665606498718,0.06929975003004074,0.07060842961072922,0.06880532205104828
58,0.05816810205578804,133.25350952148438,0.09326063841581345,0.058327581733465195,132.14479064941406,0.09422841668128967,0.07101968675851822,0.06921923905611038,0.07050861418247223,0.06872289627790451
59,0.05792448669672012,132.7556915283203,0.0930807814002037,0.0580865703523159,131.69187927246094,0.09406078606843948,0.07092781364917755,0.06913822144269943,0.07041396200656891,0.06864006817340851
60,0.05768502503633499,132.27098083496094,0.09290534257888794,0.05785026401281357,131.2512969970703,0.09389734268188477,0.07083959877490997,0.06905698776245117,0.07032421976327896,0.0685567632317543
61,0.0574505515396595,131.79978942871094,0.09273439645767212,0.05761938542127609,130.8238067626953,0.09373839199542999,0.07075553387403488,0.06897538155317307,0.0702381581068039,0.06847333908081055
62,0.05722126364707947,131.34242248535156,0.09256816655397415,0.057394109666347504,130.40895080566406,0.0935838520526886,0.07067538052797318,0.0688936784863472,0.07015574723482132,0.06838982552289963
63,0.05699801817536354,130.89874267578125,0.09240667521953583,0.057175155729055405,130.0071258544922,0.09343385696411133,0.0705987736582756,0.06881199777126312,0.07007718831300735,0.06830668449401855
64,0.05678119137883186,130.46946716308594,0.09225000441074371,0.05696253105998039,129.6188507080078,0.09328854084014893,0.07052452862262726,0.0687306746840477,0.0700019970536232,0.06822369247674942
65,0.05657102167606354,130.0542755126953,0.092098169028759,0.0567573718726635,129.243896484375,0.09314795583486557,0.07045277208089828,0.06864982843399048,0.06992979347705841,0.06814085692167282
66,0.05636775493621826,129.65306091308594,0.0919511616230011,0.056559331715106964,128.88197326660156,0.09301196783781052,0.0703829824924469,0.06856916844844818,0.06986021250486374,0.06805893033742905
67,0.056171443313360214,129.26597595214844,0.09180902689695358,0.056368209421634674,128.532958984375,0.09288051724433899,0.07031524181365967,0.06848929822444916,0.06979337334632874,0.06797779351472855
68,0.05598224326968193,128.8922119140625,0.09167145937681198,0.056184008717536926,128.19590759277344,0.0927533358335495,0.07025042921304703,0.06841041147708893,0.06972892582416534,0.06789790093898773
69,0.05579972639679909,128.5311737060547,0.09153837710618973,0.05600719153881073,127.8702621459961,0.0926302820444107,0.07018785923719406,0.06833227723836899,0.06966701149940491,0.0678195208311081
70,0.05562407150864601,128.18243408203125,0.09140964597463608,0.0558365136384964,127.55547332763672,0.09251118451356888,0.07012813538312912,0.06825503706932068,0.06960754096508026,0.06774156540632248
71,0.05545434728264809,127.84510040283203,0.09128495305776596,0.0556715726852417,127.25076293945312,0.09239578247070312,0.07007065415382385,0.06817911565303802,0.06955032050609589,0.06766461580991745
72,0.055290307849645615,127.51858520507812,0.09116406738758087,0.055512405931949615,126.95594024658203,0.09228397905826569,0.07001489400863647,0.06810445338487625,0.06949546933174133,0.06758883595466614
73,0.055131684988737106,127.20232391357422,0.09104684740304947,0.05535903200507164,126.66978454589844,0.09217537194490433,0.06996051967144012,0.06803034991025925,0.06944264471530914,0.06751401722431183
74,0.05497818440198898,126.89563751220703,0.09093304723501205,0.05521058663725853,126.39183044433594,0.09206978231668472,0.06990852952003479,0.06795742362737656,0.06939179450273514,0.06744005531072617
75,0.054829880595207214,126.59785461425781,0.09082242846488953,0.0550672821700573,126.12132263183594,0.09196694195270538,0.06985814869403839,0.0678853765130043,0.06934304535388947,0.06736674904823303
76,0.054686255753040314,126.30818939208984,0.09071475267410278,0.054928507655858994,125.8576431274414,0.09186664968729019,0.06980939954519272,0.06781370937824249,0.06929603964090347,0.06729411333799362
77,0.05454692244529724,126.02635955810547,0.0906098410487175,0.05479368194937706,125.60016632080078,0.09176863729953766,0.06976211071014404,0.0677422285079956,0.06925075501203537,0.06722230464220047
78,0.054411496967077255,125.75141906738281,0.0905073881149292,0.054663144052028656,125.34849548339844,0.09167276322841644,0.06971628963947296,0.06767144054174423,0.06920669227838516,0.06715117394924164
79,0.054280150681734085,125.48326110839844,0.09040733426809311,0.05453664809465408,125.10222625732422,0.09157884120941162,0.06967134028673172,0.06760139763355255,0.06916362792253494,0.06708087027072906
80,0.054152537137269974,125.22128295898438,0.09030939638614655,0.054413460195064545,124.86090850830078,0.09148667752742767,0.0696272999048233,0.06753185391426086,0.06912166625261307,0.06701149791479111
81,0.05402873083949089,124.9649429321289,0.09021346271038055,0.054293327033519745,124.62389373779297,0.09139608591794968,0.06958403438329697,0.0674619972705841,0.06908085197210312,0.06694239377975464
82,0.05390843376517296,124.71380615234375,0.09011930972337723,0.05417686328291893,124.39093017578125,0.09130696207284927,0.06954168528318405,0.0673927366733551,0.06904102861881256,0.06687352061271667
83,0.053791165351867676,124.46726989746094,0.0900268405675888,0.054063256829977036,124.16132354736328,0.09121906757354736,0.0694999098777771,0.06732407957315445,0.06900203227996826,0.06680507212877274
84,0.053676825016736984,124.22504425048828,0.0899357944726944,0.05395222455263138,123.9349136352539,0.09113232046365738,0.0694587230682373,0.06725604832172394,0.0689639151096344,0.0667366236448288
85,0.053565215319395065,123.98649597167969,0.08984609693288803,0.05384404957294464,123.71100616455078,0.09104649722576141,0.06941795349121094,0.06718860566616058,0.06892648339271545,0.06666845083236694
86,0.05345628410577774,123.7513198852539,0.08975757658481598,0.053738124668598175,123.48980712890625,0.09096168726682663,0.06937769800424576,0.06712211668491364,0.06888958066701889,0.06660083681344986
87,0.053349513560533524,123.51945495605469,0.08967018872499466,0.05363428592681885,123.27069854736328,0.09087760746479034,0.06933757662773132,0.06705620139837265,0.06885308027267456,0.06653390824794769
88,0.05324472114443779,123.29045104980469,0.08958381414413452,0.05353207141160965,123.05335235595703,0.0907941684126854,0.06929731369018555,0.06699075549840927,0.0688168853521347,0.06646741926670074
89,0.05314209312200546,123.06397247314453,0.08949830383062363,0.05343201383948326,122.837646484375,0.0907113179564476,0.06925692409276962,0.06692565232515335,0.06878086179494858,0.06640137732028961
90,0.05304165557026863,122.83992767333984,0.08941368013620377,0.05333387106657028,122.62348937988281,0.09062902629375458,0.06921657919883728,0.06686102598905563,0.0687449499964714,0.06633584201335907
91,0.05294331535696983,122.6181411743164,0.08932981640100479,0.05323781073093414,122.41071319580078,0.09054725617170334,0.06917635351419449,0.06679695099592209,0.06870928406715393,0.06627072393894196
92,0.05284690111875534,122.3985824584961,0.08924669772386551,0.053143445402383804,122.19954681396484,0.09046601504087448,0.0691361352801323,0.06673359125852585,0.06867390871047974,0.06620613485574722
93,0.052752505987882614,122.18147277832031,0.08916439861059189,0.053051237016916275,121.9897232055664,0.09038522839546204,0.06909602135419846,0.06667046248912811,0.06863890588283539,0.06614215672016144
94,0.052660021930933,121.96650695800781,0.08908283710479736,0.05296081304550171,121.78121185302734,0.0903049036860466,0.06905588507652283,0.0666082575917244,0.06860408186912537,0.06607884168624878
95,0.05256896838545799,121.75333404541016,0.08900188654661179,0.05287166312336922,121.57402801513672,0.09022509306669235,0.0690157487988472,0.06654633581638336,0.06856910139322281,0.06601645797491074
96,0.052479349076747894,121.54225158691406,0.08892162889242172,0.05278407782316208,121.36862182617188,0.09014584124088287,0.06897564232349396,0.06648515164852142,0.06853420287370682,0.06595497578382492
97,0.052391327917575836,121.33341217041016,0.08884215354919434,0.05269775912165642,121.164794921875,0.09006715565919876,0.06893563270568848,0.06642432510852814,0.06849929690361023,0.06589473783969879
98,0.05230477824807167,121.12667846679688,0.08876337110996246,0.05261262133717537,120.96249389648438,0.08998898416757584,0.0688958466053009,0.06636422127485275,0.06846446543931961,0.06583554297685623
99,0.05221964418888092,120.92212677001953,0.08868534862995148,0.05252855271100998,120.76188659667969,0.08991146087646484,0.06885622441768646,0.06630485504865646,0.06842977553606033,0.06577728688716888
100,0.052135832607746124,120.71975708007812,0.08860810846090317,0.05244553089141846,120.5630111694336,0.0898345336318016,0.06881648302078247,0.06624659895896912,0.06839530169963837,0.0657200813293457
101,0.05205317959189415,120.5196533203125,0.08853166550397873,0.05236333981156349,120.36600494384766,0.08975829184055328,0.06877651065587997,0.06618975847959518,0.06836076825857162,0.06566400080919266
102,0.05197169631719589,120.32199096679688,0.08845609426498413,0.05228219926357269,120.17122650146484,0.08968284726142883,0.06873692572116852,0.06613369286060333,0.06832659244537354,0.06560909003019333
103,0.05189123749732971,120.1268081665039,0.08838139474391937,0.05220235884189606,119.97844696044922,0.08960814028978348,0.06869777292013168,0.06607872992753983,0.06829282641410828,0.06555533409118652
104,0.051811885088682175,119.93406677246094,0.08830758929252625,0.052122991532087326,119.78780364990234,0.08953424543142319,0.06865880638360977,0.0660250335931778,0.06825923919677734,0.06550274044275284
105,0.0517335869371891,119.74382019042969,0.08823470771312714,0.05204474553465843,119.59947204589844,0.08946122229099274,0.06862019747495651,0.06597208231687546,0.06822595000267029,0.0654512569308281
106,0.051656439900398254,119.55612182617188,0.08816279470920563,0.05196778103709221,119.4135513305664,0.08938908576965332,0.06858189404010773,0.06592025607824326,0.06819315999746323,0.06540090590715408
107,0.05158054828643799,119.37125396728516,0.0880918875336647,0.05189216136932373,119.23016357421875,0.08931790292263031,0.06854378432035446,0.06586945056915283,0.06816071271896362,0.0653517097234726
108,0.05150570720434189,119.189208984375,0.08802199363708496,0.05181758105754852,119.04940795898438,0.0892476886510849,0.0685061365365982,0.06581969559192657,0.06812861561775208,0.06530391424894333
109,0.05143175646662712,119.01002502441406,0.08795315772294998,0.05174383148550987,118.87145233154297,0.08917851746082306,0.06846890598535538,0.06577121466398239,0.06809679418802261,0.06525765359401703
110,0.05135857313871384,118.83387756347656,0.08788541704416275,0.05167105421423912,118.69640350341797,0.08911042660474777,0.06843246519565582,0.06572433561086655,0.06806579232215881,0.06521283835172653
111,0.05128609016537666,118.66069030761719,0.08781880885362625,0.051598720252513885,118.52410125732422,0.08904337137937546,0.06839653104543686,0.06567829102277756,0.06803525984287262,0.06516939401626587
112,0.05121469497680664,118.49041748046875,0.08775325119495392,0.05152779445052147,118.3547592163086,0.08897741883993149,0.06836136430501938,0.0656329095363617,0.06800515949726105,0.06512703746557236
113,0.05114422366023064,118.32302856445312,0.08768877387046814,0.05145762488245964,118.18831634521484,0.08891253918409348,0.06832673400640488,0.06558846682310104,0.06797542423009872,0.06508577615022659
114,0.05107428878545761,118.158447265625,0.08762533962726593,0.051388487219810486,118.0247802734375,0.0888487845659256,0.06829240918159485,0.06554517149925232,0.06794605404138565,0.06504606455564499
115,0.05100531876087189,117.99690246582031,0.08756307512521744,0.051320288330316544,117.864013671875,0.08878608047962189,0.06825859099626541,0.06550267338752747,0.06791729480028152,0.06500744074583054
116,0.05093716084957123,117.8381576538086,0.08750183880329132,0.051252737641334534,117.70604705810547,0.08872442692518234,0.06822531670331955,0.06546138226985931,0.06788910925388336,0.06496976315975189
117,0.0508696511387825,117.68219757080078,0.08744168281555176,0.05118609964847565,117.55078125,0.08866384625434875,0.0681924968957901,0.06542114168405533,0.067861407995224,0.06493303179740906
118,0.05080263689160347,117.52880859375,0.0873824954032898,0.05111998692154884,117.39818572998047,0.08860427886247635,0.06816046684980392,0.06538239866495132,0.06783425062894821,0.06489738821983337
119,0.05073617026209831,117.37818145751953,0.0873243436217308,0.05105441436171532,117.24824523925781,0.08854574710130692,0.0681287869811058,0.06534437090158463,0.06780771911144257,0.06486281752586365
120,0.050670381635427475,117.23018646240234,0.08726724237203598,0.05098943039774895,117.10086822509766,0.08848821371793747,0.06809772551059723,0.06530734896659851,0.06778167933225632,0.06482914835214615
121,0.05060509592294693,117.08473205566406,0.08721106499433517,0.050925131887197495,116.95621490478516,0.0884317085146904,0.06806749850511551,0.06527120620012283,0.06775607168674469,0.06479647755622864
122,0.0505402572453022,116.94187927246094,0.08715588599443436,0.05086152255535126,116.81427764892578,0.0883762314915657,0.06803803145885468,0.06523595005273819,0.06773094087839127,0.06476464867591858
123,0.05047601833939552,116.8015365600586,0.08710164576768875,0.050798289477825165,116.6746826171875,0.08832164108753204,0.06800913065671921,0.06520114094018936,0.06770633906126022,0.06473341584205627
124,0.05041207745671272,116.66371154785156,0.08704834431409836,0.050735704600811005,116.5376205444336,0.0882679894566536,0.06798045337200165,0.06516707688570023,0.06768228858709335,0.06470287591218948
125,0.050348423421382904,116.5283203125,0.08699595928192139,0.0506732203066349,116.40284729003906,0.08821521699428558,0.06795240938663483,0.0651337206363678,0.06765858829021454,0.06467317789793015
126,0.05028492957353592,116.39509582519531,0.08694437891244888,0.05061100423336029,116.27030944824219,0.08816328644752502,0.06792498379945755,0.06510137766599655,0.06763536483049393,0.06464429944753647
127,0.050221677869558334,116.26402282714844,0.08689361065626144,0.050549089908599854,116.1400146484375,0.08811222016811371,0.06789834797382355,0.06507034599781036,0.06761275976896286,0.06461624056100845
128,0.05015867203474045,116.13507843017578,0.08684364706277847,0.05048743635416031,116.01177978515625,0.08806193619966507,0.06787233054637909,0.06504008919000626,0.06759078055620193,0.06458897888660431
129,0.05009599030017853,116.00798797607422,0.0867944210767746,0.050426091998815536,115.8853988647461,0.08801240473985672,0.06784680485725403,0.0650104209780693,0.06756921857595444,0.06456225365400314
130,0.05003364384174347,115.88275909423828,0.08674591779708862,0.05036503076553345,115.76082611083984,0.08796357363462448,0.06782178580760956,0.06498119980096817,0.06754805892705917,0.06453608721494675
131,0.049971744418144226,115.75928497314453,0.08669809252023697,0.05030441656708717,115.6380615234375,0.08791542798280716,0.06779718399047852,0.06495245546102524,0.06752718985080719,0.06451037526130676
132,0.04991041496396065,115.63764953613281,0.08665097504854202,0.050244204699993134,115.51693725585938,0.08786790072917938,0.0677730143070221,0.06492418795824051,0.06750663369894028,0.06448499113321304
133,0.049849264323711395,115.5177001953125,0.08660447597503662,0.05018413066864014,115.39755249023438,0.08782105892896652,0.06774943321943283,0.06489665061235428,0.06748639047145844,0.0644601434469223
134,0.04978814721107483,115.39937591552734,0.08655858039855957,0.05012429505586624,115.280029296875,0.0877748653292656,0.0677264854311943,0.06486941874027252,0.06746658682823181,0.06443589180707932
135,0.04972699284553528,115.28279113769531,0.08651335537433624,0.05006399005651474,115.16422271728516,0.0877293199300766,0.06770415604114532,0.06484293192625046,0.06744727492332458,0.06441211700439453
136,0.04966595768928528,115.16790771484375,0.08646870404481888,0.05000413954257965,115.04984283447266,0.08768432587385178,0.0676821768283844,0.06481711566448212,0.06742856651544571,0.06438879668712616
137,0.0496051125228405,115.05445098876953,0.08642459660768509,0.0499444343149662,114.93693542480469,0.08763991296291351,0.0676608458161354,0.06479214876890182,0.06741026788949966,0.06436600536108017
138,0.04954437538981438,114.9423599243164,0.08638104051351547,0.049884896725416183,114.82536315917969,0.08759597688913345,0.0676400288939476,0.06476771831512451,0.06739229708909988,0.06434372812509537
139,0.04948374256491661,114.83155059814453,0.08633795380592346,0.049825504422187805,114.715087890625,0.08755254745483398,0.06761956959962845,0.06474362313747406,0.06737467646598816,0.06432180106639862
140,0.04942328482866287,114.72190856933594,0.08629535138607025,0.049766335636377335,114.60602569580078,0.08750957995653152,0.06759944558143616,0.06471972167491913,0.06735722720623016,0.06430011242628098
141,0.04936300590634346,114.61353302001953,0.08625318109989166,0.04970725625753403,114.49822235107422,0.08746708929538727,0.06757959723472595,0.06469610333442688,0.06733996421098709,0.06427871435880661
142,0.049302853643894196,114.50625610351562,0.0862114429473877,0.04964828863739967,114.39154052734375,0.08742506057024002,0.06756008416414261,0.06467275321483612,0.06732303649187088,0.0642576664686203
143,0.049242690205574036,114.40018463134766,0.08617015928030014,0.04958922415971756,114.28624725341797,0.08738353848457336,0.06754104048013687,0.06464949250221252,0.0673065036535263,0.06423687934875488
144,0.04918251931667328,114.29522705078125,0.08612927794456482,0.049530498683452606,114.18221282958984,0.08734249323606491,0.06752233952283859,0.0646267905831337,0.06729026138782501,0.06421638280153275
145,0.04912268742918968,114.19136810302734,0.08608882129192352,0.04947149381041527,114.0791015625,0.08730179816484451,0.06750389188528061,0.06460460275411606,0.0672740787267685,0.06419641524553299
146,0.04906262084841728,114.08853149414062,0.08604870736598969,0.04941198602318764,113.97698974609375,0.08726147562265396,0.06748592108488083,0.06458297371864319,0.06725820153951645,0.06417692452669144
147,0.04900232329964638,113.98663330078125,0.08600901067256927,0.04935229569673538,113.8757553100586,0.08722149580717087,0.06746837496757507,0.06456166505813599,0.06724277138710022,0.06415784358978271
148,0.04894197732210159,113.88573455810547,0.08596962690353394,0.04929254576563835,113.77550506591797,0.08718185871839523,0.06745106726884842,0.06454063206911087,0.06722750514745712,0.06413906812667847
149,0.04888175427913666,113.78582763671875,0.08593064546585083,0.049233000725507736,113.67611694335938,0.08714257180690765,0.06743396818637848,0.06451963633298874,0.06721248477697372,0.06412065029144287
150,0.04882174730300903,113.68684387207031,0.08589199185371399,0.04917347431182861,113.57756805419922,0.08710359036922455,0.06741713732481003,0.06449878215789795,0.06719773262739182,0.06410237401723862
151,0.04876169562339783,113.5888442993164,0.08585367351770401,0.04911382868885994,113.479736328125,0.08706490695476532,0.0674005001783371,0.06447843462228775,0.06718345731496811,0.06408444046974182
152,0.048701539635658264,113.49140930175781,0.08581560850143433,0.04905402660369873,113.38259887695312,0.08702647686004639,0.0673840194940567,0.06445838510990143,0.06716927140951157,0.06406676769256592
153,0.04864129051566124,113.39461517333984,0.08577779680490494,0.048994168639183044,113.28614807128906,0.08698832988739014,0.06736776977777481,0.064438596367836,0.06715521961450577,0.06404920667409897
154,0.048580944538116455,113.29847717285156,0.08574023097753525,0.048934128135442734,113.1904067993164,0.08695043623447418,0.06735166907310486,0.06441906094551086,0.06714131683111191,0.06403189152479172
155,0.04852047190070152,113.20294952392578,0.08570288866758347,0.04887395724654198,113.09526062011719,0.08691279590129852,0.0673358216881752,0.06439965963363647,0.067127525806427,0.0640147402882576
156,0.04845987260341644,113.10803985595703,0.08566582202911377,0.048813607543706894,113.00079345703125,0.08687543123960495,0.06732024252414703,0.06438051909208298,0.06711392104625702,0.06399774551391602
157,0.04839916527271271,113.01376342773438,0.08562896400690079,0.04875317960977554,112.90697479248047,0.08683829754590988,0.06730491667985916,0.06436151266098022,0.06710051745176315,0.06398095190525055
158,0.04833848029375076,112.92009735107422,0.08559232950210571,0.04869280382990837,112.81371307373047,0.08680140227079391,0.06728988140821457,0.06434277445077896,0.067087322473526,0.06396432965993881
159,0.04827776923775673,112.82689666748047,0.08555591106414795,0.04863249883055687,112.72105407714844,0.08676472306251526,0.06727509200572968,0.06432430446147919,0.0670742616057396,0.063947893679142
160,0.04821714386343956,112.73443603515625,0.08551973849534988,0.0485721230506897,112.62895202636719,0.08672822266817093,0.06726041436195374,0.06430599838495255,0.0670614019036293,0.06393168121576309
161,0.048156559467315674,112.64251708984375,0.08548377454280853,0.04851165786385536,112.53742980957031,0.0866919606924057,0.06724584847688675,0.06428796797990799,0.0670485869050026,0.06391558051109314
162,0.048095714300870895,112.55110931396484,0.0854479968547821,0.048450764268636703,112.44641876220703,0.08665589243173599,0.06723154336214066,0.06427030265331268,0.06703580170869827,0.06389975547790527
163,0.048034582287073135,112.46015930175781,0.0854123905301094,0.04838964715600014,112.35594940185547,0.08662001043558121,0.06721745431423187,0.06425298005342484,0.06702316552400589,0.06388426572084427
164,0.047973353415727615,112.36976623535156,0.08537698537111282,0.04832838475704193,112.26603698730469,0.08658434450626373,0.06720349937677383,0.06423582881689072,0.06701071560382843,0.06386896967887878
165,0.04791209101676941,112.27983856201172,0.08534172922372818,0.048267047852277756,112.17659759521484,0.08654884248971939,0.06718965619802475,0.06421886384487152,0.06699835509061813,0.06385388970375061
166,0.04785086587071419,112.19043731689453,0.08530666679143906,0.04820595309138298,112.08769226074219,0.08651352673768997,0.06717585027217865,0.06420212984085083,0.06698597967624664,0.06383892148733139
167,0.04778983071446419,112.10145568847656,0.08527178317308426,0.048144951462745667,111.9992446899414,0.08647840470075607,0.06716208904981613,0.06418557465076447,0.06697356700897217,0.0638241097331047
168,0.04772879183292389,112.01293182373047,0.0852370336651802,0.048083920031785965,111.91119384765625,0.08644343912601471,0.06714841723442078,0.0641692727804184,0.06696121394634247,0.06380941718816757
169,0.04766784608364105,111.92475891113281,0.0852024182677269,0.04802316799759865,111.8236312866211,0.08640862256288528,0.06713473051786423,0.06415313482284546,0.06694873422384262,0.06379485875368118
170,0.04760706424713135,111.8370590209961,0.08516797423362732,0.047962598502635956,111.7366714477539,0.08637403696775436,0.06712113320827484,0.06413716822862625,0.06693623960018158,0.0637805312871933
171,0.04754626005887985,111.74971771240234,0.08513360470533371,0.04790177568793297,111.65019989013672,0.08633959293365479,0.06710763275623322,0.06412146985530853,0.06692376732826233,0.06376630812883377
172,0.04748528450727463,111.66277313232422,0.08509943634271622,0.047840673476457596,111.56407165527344,0.08630529791116714,0.06709414720535278,0.06410598009824753,0.06691127270460129,0.06375225633382797
173,0.047424204647541046,111.57637023925781,0.08506543934345245,0.04777955636382103,111.47833251953125,0.08627109229564667,0.06708066910505295,0.06409062445163727,0.06689904630184174,0.0637383982539177
174,0.047363363206386566,111.490478515625,0.08503157645463943,0.04771874099969864,111.39289855957031,0.08623696863651276,0.06706716120243073,0.06407523900270462,0.06688667088747025,0.06372472643852234
175,0.04730271175503731,111.40485382080078,0.08499778807163239,0.047657694667577744,111.30778503417969,0.08620297908782959,0.06705378741025925,0.06405997276306152,0.06687426567077637,0.0637110099196434
176,0.047241829335689545,111.31954956054688,0.08496410399675369,0.04759646952152252,111.22303771972656,0.08616910874843597,0.0670405924320221,0.06404479593038559,0.06686191260814667,0.0636974573135376
177,0.04718085378408432,111.2345199584961,0.08493055403232574,0.04753532633185387,111.13860321044922,0.08613535761833191,0.06702747941017151,0.06402967870235443,0.06684964895248413,0.06368391215801239
178,0.04711989685893059,111.14987182617188,0.08489711582660675,0.04747413843870163,111.05455780029297,0.08610175549983978,0.06701440364122391,0.06401452422142029,0.06683747470378876,0.06367042660713196
179,0.04705890268087387,111.0655746459961,0.0848638042807579,0.04741286486387253,110.97077178955078,0.08606823533773422,0.0670013502240181,0.06399945914745331,0.06682540476322174,0.06365694105625153
180,0.04699796065688133,110.9814682006836,0.08483057469129562,0.047351546585559845,110.88729858398438,0.08603485673666,0.06698824465274811,0.0639844685792923,0.06681326031684875,0.06364350765943527
181,0.04693697392940521,110.89762115478516,0.08479742705821991,0.0472901426255703,110.80404663085938,0.08600154519081116,0.0669751688838005,0.06396955996751785,0.06680108606815338,0.0636301264166832
182,0.04687592387199402,110.8139419555664,0.08476435393095016,0.047228626906871796,110.72100067138672,0.08596830815076828,0.0669621080160141,0.06395471841096878,0.06678883731365204,0.0636167973279953
183,0.046814776957035065,110.73046112060547,0.0847313180565834,0.04716714471578598,110.63818359375,0.08593516051769257,0.0669490396976471,0.06393992900848389,0.06677651405334473,0.06360356509685516
184,0.04675363004207611,110.6471176147461,0.08469837158918381,0.04710566997528076,110.5555191040039,0.08590207993984222,0.06693590432405472,0.06392522156238556,0.06676418334245682,0.06359037756919861
185,0.04669243097305298,110.5639877319336,0.08466547727584839,0.04704425483942032,110.47307586669922,0.08586905896663666,0.06692264974117279,0.06391068547964096,0.06675178557634354,0.06357721984386444
186,0.04663121700286865,110.48101806640625,0.08463267982006073,0.04698280245065689,110.39083862304688,0.08583611994981766,0.06690943986177444,0.06389624625444412,0.06673931330442429,0.06356412917375565
187,0.04656994342803955,110.39825439453125,0.08459989726543427,0.04692148417234421,110.30892181396484,0.08580325543880463,0.0668962150812149,0.06388188153505325,0.06672685593366623,0.06355120241641998
188,0.04650890827178955,110.31580352783203,0.08456721901893616,0.04686051979660988,110.22725677490234,0.08577045053243637,0.06688296049833298,0.06386753171682358,0.06671430170536041,0.0635383129119873
189,0.04644804075360298,110.2336654663086,0.08453460037708282,0.04679954797029495,110.145751953125,0.08573770523071289,0.06686968356370926,0.06385327130556107,0.06670171767473221,0.06352552026510239
190,0.0463872030377388,110.15177917480469,0.08450209349393845,0.04673882946372032,110.0645980834961,0.08570505678653717,0.06685643643140793,0.063838891685009,0.06668905913829803,0.06351275742053986
191,0.04632648080587387,110.07013702392578,0.08446963876485825,0.0466780923306942,109.98358154296875,0.08567246794700623,0.06684312224388123,0.06382456421852112,0.06667642295360565,0.0635000690817833
192,0.04626572132110596,109.98870849609375,0.08443724364042282,0.046617291867733,109.90286254882812,0.08563995361328125,0.06682974845170975,0.0638103038072586,0.06666368246078491,0.0634874552488327
193,0.04620497301220894,109.90748596191406,0.08440490812063217,0.0465567484498024,109.82234954833984,0.08560751378536224,0.0668162852525711,0.0637960284948349,0.06665091216564178,0.0634748712182045
194,0.04614422842860222,109.82637023925781,0.0843726247549057,0.04649626836180687,109.74193572998047,0.08557511866092682,0.06680270284414291,0.06378185003995895,0.06663809716701508,0.06346236169338226
195,0.04608346149325371,109.74534606933594,0.08434038609266281,0.046435851603746414,109.66165161132812,0.08554274588823318,0.06678900122642517,0.06376776844263077,0.06662522256374359,0.06344988197088242
196,0.046022798866033554,109.6644287109375,0.08430813252925873,0.04637547954916954,109.58150482177734,0.08551044762134552,0.06677515059709549,0.06375373899936676,0.06661219894886017,0.06343739479780197
197,0.04596216604113579,109.58353424072266,0.08427592366933823,0.0463152676820755,109.50153350830078,0.08547818660736084,0.06676118075847626,0.06373961269855499,0.06659898161888123,0.06342490017414093
198,0.045901525765657425,109.50279235839844,0.08424374461174011,0.04625505954027176,109.42169189453125,0.08544599264860153,0.06674717366695404,0.06372547894716263,0.06658578664064407,0.0634123831987381
199,0.045840904116630554,109.42222595214844,0.08421164005994797,0.04619503766298294,109.34199523925781,0.08541382104158401,0.06673303991556168,0.06371137499809265,0.06657254695892334,0.06339985132217407
200,0.04578036814928055,109.34169006347656,0.08417948335409164,0.04613512381911278,109.26248168945312,0.08538169413805008,0.0667186751961708,0.06369733065366745,0.06655903160572052,0.0633874237537384
201,0.04572004824876785,109.26141357421875,0.08414740115404129,0.04607558995485306,109.18309783935547,0.08534956723451614,0.06670425087213516,0.06368324160575867,0.06654547154903412,0.06337498128414154
202,0.04565998539328575,109.18126678466797,0.08411533385515213,0.046016231179237366,109.10395812988281,0.08531753718852997,0.06668967008590698,0.0636693462729454,0.06653177738189697,0.06336256116628647
203,0.045600030571222305,109.10132598876953,0.08408336341381073,0.045956943184137344,109.02505493164062,0.08528555929660797,0.06667497754096985,0.06365524977445602,0.0665179044008255,0.0633501186966896
204,0.045540131628513336,109.02143096923828,0.08405137062072754,0.04589765518903732,108.94619750976562,0.08525360375642776,0.06666019558906555,0.06364110112190247,0.06650389730930328,0.06333755701780319
205,0.045480407774448395,108.94175720214844,0.08401943743228912,0.045838698744773865,108.86762237548828,0.08522169291973114,0.06664547324180603,0.06362687051296234,0.06648983806371689,0.06332500278949738
206,0.04542059451341629,108.8622055053711,0.0839875116944313,0.04577922821044922,108.78922271728516,0.0851898267865181,0.06663079559803009,0.06361270695924759,0.06647574156522751,0.06331248581409454
207,0.04536064714193344,108.78282165527344,0.08395563066005707,0.045719485729932785,108.71089935302734,0.08515797555446625,0.06661614030599594,0.06359850615262985,0.06646158546209335,0.0632999911904335
208,0.045300792902708054,108.70349884033203,0.08392376452684402,0.04565999656915665,108.63269805908203,0.08512615412473679,0.06660140305757523,0.06358417123556137,0.06644730269908905,0.06328742951154709
209,0.04524114727973938,108.6242446899414,0.08389189839363098,0.04560066759586334,108.55459594726562,0.08509434759616852,0.06658661365509033,0.06356985867023468,0.06643285602331161,0.06327478587627411
210,0.045181602239608765,108.54507446289062,0.08386003226041794,0.04554146155714989,108.4765625,0.08506257086992264,0.06657171994447708,0.06355567276477814,0.06641834229230881,0.06326208263635635
211,0.04512223228812218,108.46585845947266,0.08382819592952728,0.04548244923353195,108.39859771728516,0.08503082394599915,0.06655678898096085,0.06354144960641861,0.06640369445085526,0.06324934959411621
212,0.04506296291947365,108.38671875,0.08379631489515305,0.0454234704375267,108.32077026367188,0.08499911427497864,0.0665418803691864,0.06352728605270386,0.06638890504837036,0.06323656439781189
213,0.045003749430179596,108.30760955810547,0.08376448601484299,0.045364417135715485,108.24299621582031,0.08496740460395813,0.066526859998703,0.06351325660943985,0.06637399643659592,0.06322377175092697
214,0.044944506138563156,108.22853088378906,0.08373263478279114,0.045305345207452774,108.16535949707031,0.0849357396364212,0.06651173532009125,0.06349921226501465,0.06635895371437073,0.06321094930171967
215,0.044885337352752686,108.14962005615234,0.08370080590248108,0.04524632915854454,108.08782196044922,0.08490406721830368,0.06649652123451233,0.0634850561618805,0.06634389609098434,0.0631980448961258
216,0.0448262058198452,108.07080078125,0.08366899937391281,0.04518720880150795,108.01029968261719,0.08487237244844437,0.06648123264312744,0.06347079575061798,0.0663287565112114,0.06318508833646774
217,0.044767238199710846,107.9920883178711,0.08363722264766693,0.045128338038921356,107.9328384399414,0.08484070748090744,0.06646576523780823,0.06345651298761368,0.06631355732679367,0.06317218393087387
218,0.04470856487751007,107.91338348388672,0.08360543102025986,0.045069754123687744,107.85552978515625,0.0848090797662735,0.06645015627145767,0.0634421780705452,0.06629817932844162,0.06315917521715164
219,0.04465009644627571,107.83478546142578,0.08357364684343338,0.04501146450638771,107.77838134765625,0.08477750420570374,0.06643453240394592,0.06342771649360657,0.06628270447254181,0.06314609199762344
220,0.0445917546749115,107.75619506835938,0.08354189246892929,0.0449533648788929,107.70126342773438,0.08474592119455338,0.06641890108585358,0.06341323256492615,0.06626717746257782,0.06313289701938629
221,0.04453359916806221,107.6776123046875,0.08351009339094162,0.04489554464817047,107.62432098388672,0.08471440523862839,0.06640323251485825,0.06339869648218155,0.06625144928693771,0.06311964243650436
222,0.044475652277469635,107.59912872314453,0.08347831666469574,0.044838014990091324,107.54749298095703,0.0846828892827034,0.06638752669095993,0.06338409334421158,0.06623565405607224,0.06310639530420303
223,0.0444178581237793,107.52075958251953,0.08344657719135284,0.04478056728839874,107.47064971923828,0.08465138077735901,0.06637173146009445,0.06336943805217743,0.06621989607810974,0.06309304386377335
224,0.04436024650931358,107.44239044189453,0.08341481536626816,0.04472328722476959,107.39385986328125,0.08461984246969223,0.06635583937168121,0.06335476785898209,0.06620396673679352,0.06307966262102127
225,0.04430273920297623,107.36396789550781,0.08338303118944168,0.04466613009572029,107.31709289550781,0.08458834141492844,0.06633986532688141,0.06334009021520615,0.06618787348270416,0.06306617707014084
226,0.04424536973237991,107.2856216430664,0.0833512544631958,0.044609036296606064,107.2403564453125,0.08455683290958405,0.06632375717163086,0.06332532316446304,0.06617171317338943,0.06305260956287384
227,0.04418814927339554,107.20722961425781,0.08331946283578873,0.044552043080329895,107.16370391845703,0.08452535420656204,0.06630746275186539,0.06331051886081696,0.06615537405014038,0.06303896009922028
228,0.044131118804216385,107.12887573242188,0.08328766375780106,0.04449521750211716,107.08708953857422,0.08449386805295944,0.06629102677106857,0.06329559534788132,0.0661388412117958,0.06302522867918015
229,0.044074319303035736,107.05067443847656,0.08325592428445816,0.044438641518354416,107.01068878173828,0.08446243405342102,0.0662745013833046,0.06328070163726807,0.06612236052751541,0.06301143765449524
230,0.044017717242240906,106.97251892089844,0.08322416245937347,0.04438233748078346,106.93440246582031,0.08443103730678558,0.06625782698392868,0.06326577067375183,0.0661056861281395,0.06299760937690735
231,0.043961264193058014,106.89436340332031,0.0831923857331276,0.04432608187198639,106.85822296142578,0.08439964801073074,0.06624099612236023,0.06325076520442963,0.06608882546424866,0.06298369914293289
232,0.04390493407845497,106.81625366210938,0.08316058665513992,0.044269874691963196,106.78203582763672,0.0843682661652565,0.06622400134801865,0.06323559582233429,0.06607190519571304,0.06296972930431366
233,0.04384879022836685,106.73814392089844,0.08312882483005524,0.044213905930519104,106.70594024658203,0.08433690667152405,0.06620695441961288,0.06322039663791656,0.0660548284649849,0.06295569241046906
234,0.04379281774163246,106.66007995605469,0.08309704810380936,0.04415829852223396,106.62995910644531,0.08430555462837219,0.06618979573249817,0.06320503354072571,0.066037617623806,0.06294157356023788
235,0.043736979365348816,106.58209991455078,0.08306528627872467,0.04410289227962494,106.55400848388672,0.08427421748638153,0.0661725178360939,0.06318973749876022,0.06602034717798233,0.06292743235826492
236,0.043681323528289795,106.50418853759766,0.08303354680538177,0.04404759407043457,106.4781494140625,0.08424291014671326,0.06615511327981949,0.06317438185214996,0.06600295007228851,0.06291324645280838
237,0.0436258427798748,106.42621612548828,0.08300177752971649,0.04399244114756584,106.40242004394531,0.08421165496110916,0.06613757461309433,0.06315900385379791,0.06598541140556335,0.0628989189863205
238,0.043570585548877716,106.34831237792969,0.08297000080347061,0.04393753036856651,106.3268051147461,0.08418042957782745,0.06611998379230499,0.06314356625080109,0.06596773862838745,0.06288453936576843
239,0.04351557791233063,106.27042388916016,0.08293823897838593,0.043882813304662704,106.251220703125,0.08414917439222336,0.06610222905874252,0.06312807649374008,0.06594991683959961,0.06287001073360443
240,0.04346079006791115,106.19259643554688,0.08290645480155945,0.04382812976837158,106.17575073242188,0.08411797136068344,0.06608439236879349,0.06311265379190445,0.06593193858861923,0.06285546720027924
241,0.04340624809265137,106.11492919921875,0.08287473767995834,0.0437735840678215,106.10051727294922,0.0840868428349495,0.06606645882129669,0.06309715658426285,0.06591391563415527,0.06284087151288986
242,0.04335197061300278,106.0373306274414,0.08284299820661545,0.04371916875243187,106.0253677368164,0.08405572921037674,0.06604845821857452,0.0630815252661705,0.06589583307504654,0.06282622367143631
243,0.04329793155193329,105.95989227294922,0.08281132578849792,0.043664995580911636,105.95032501220703,0.08402463048696518,0.06603039056062698,0.06306572258472443,0.06587772071361542,0.06281152367591858
244,0.04324410483241081,105.88241577148438,0.0827796533703804,0.04361102357506752,105.8753433227539,0.08399356156587601,0.06601201742887497,0.06304990500211716,0.06585944443941116,0.0627966895699501
245,0.04319053143262863,105.80512237548828,0.08274796605110168,0.04355718195438385,105.8005142211914,0.08396250754594803,0.0659935399889946,0.06303399056196213,0.06584097445011139,0.06278179585933685
246,0.04313727468252182,105.72782135009766,0.08271628618240356,0.043503448367118835,105.72570037841797,0.08393143862485886,0.06597486138343811,0.06301804631948471,0.06582237780094147,0.06276679784059525
247,0.04308430105447769,105.65064239501953,0.08268462866544724,0.04344989359378815,105.65095520019531,0.08390037715435028,0.06595606356859207,0.06300193816423416,0.0658036395907402,0.06275177747011185
248,0.043031543493270874,105.5735092163086,0.08265300840139389,0.0433967150747776,105.57635498046875,0.08386938273906708,0.06593727320432663,0.06298563629388809,0.06578480452299118,0.06273670494556427
249,0.04297908768057823,105.49642944335938,0.08262139558792114,0.04334382712841034,105.50188446044922,0.08383842557668686,0.06591836363077164,0.06296932697296143,0.06576584279537201,0.06272150576114655
250,0.042926717549562454,105.41950225830078,0.08258979022502899,0.04329109564423561,105.4275131225586,0.08380748331546783,0.06589944660663605,0.06295300275087357,0.06574679166078568,0.06270626187324524
251,0.04287455230951309,105.34265899658203,0.08255820721387863,0.04323858767747879,105.35325622558594,0.08377658575773239,0.06588049978017807,0.06293664872646332,0.06572767347097397,0.06269095838069916
252,0.042822618037462234,105.26595306396484,0.08252669125795364,0.04318627342581749,105.27919006347656,0.08374570310115814,0.06586146354675293,0.06292031705379486,0.0657084733247757,0.06267563998699188
253,0.042770855128765106,105.18936157226562,0.08249517530202866,0.04313429817557335,105.20521545410156,0.08371484279632568,0.06584228575229645,0.06290385127067566,0.06568918377161026,0.06266026943922043
254,0.04271940514445305,105.11287689208984,0.08246370404958725,0.04308275878429413,105.13137817382812,0.0836840346455574,0.06582292914390564,0.06288716197013855,0.06566977500915527,0.0626448392868042
255,0.042668335139751434,105.03656768798828,0.08243222534656525,0.043031495064496994,105.05767822265625,0.08365324884653091,0.06580336391925812,0.06287050247192383,0.06565022468566895,0.06262928992509842
256,0.04261752963066101,104.96023559570312,0.08240079879760742,0.04298028722405434,104.98410034179688,0.08362250030040741,0.06578380614519119,0.06285406649112701,0.06563042849302292,0.06261371076107025
257,0.04256664961576462,104.88426971435547,0.08236943185329437,0.04292919114232063,104.9107666015625,0.08359181880950928,0.06576406210660934,0.0628376305103302,0.06561064720153809,0.06259851902723312
258,0.04251605644822121,104.80839538574219,0.08233808726072311,0.04287845268845558,104.83770751953125,0.08356122672557831,0.06574440747499466,0.06282103806734085,0.0655907616019249,0.06258311867713928
259,0.042465806007385254,104.73272705078125,0.08230681717395782,0.04282800480723381,104.76480102539062,0.08353067934513092,0.06572464853525162,0.06280443072319031,0.0655709058046341,0.06256767362356186
260,0.04241592437028885,104.65714263916016,0.08227560669183731,0.04277796298265457,104.69190216064453,0.08350013196468353,0.06570471823215485,0.06278775632381439,0.06555082648992538,0.06255213916301727
261,0.04236641153693199,104.58167266845703,0.08224436640739441,0.04272820055484772,104.61911010742188,0.08346961438655853,0.06568456441164017,0.06277108937501907,0.06553058326244354,0.06253661960363388
262,0.04231725260615349,104.5063247680664,0.08221318572759628,0.042678896337747574,104.54645538330078,0.08343911170959473,0.06566417217254639,0.06275436282157898,0.06551013141870499,0.06252100318670273
263,0.0422685332596302,104.4311294555664,0.08218206465244293,0.04262993484735489,104.47400665283203,0.08340867608785629,0.06564375758171082,0.06273757666349411,0.0654895156621933,0.0625053346157074
264,0.042220115661621094,104.35614776611328,0.08215097337961197,0.04258102551102638,104.40166473388672,0.08337827026844025,0.0656232237815857,0.06272082030773163,0.06546882539987564,0.06248965859413147
265,0.04217192903161049,104.28120422363281,0.0821199119091034,0.0425322987139225,104.3294677734375,0.08334791660308838,0.06560257077217102,0.06270395964384079,0.06544803828001022,0.06247396022081375
266,0.04212404415011406,104.20643615722656,0.0820889100432396,0.04248394817113876,104.25735473632812,0.08331757038831711,0.06558173149824142,0.06268700957298279,0.06542704254388809,0.062458254396915436
267,0.042076434940099716,104.13185119628906,0.08205791562795639,0.04243580251932144,104.18549346923828,0.0832873061299324,0.0655609667301178,0.06267006695270538,0.06540601700544357,0.062442559748888016
268,0.04202912747859955,104.05741882324219,0.08202700316905975,0.042388077825307846,104.1139144897461,0.08325712382793427,0.06554019451141357,0.06265322864055634,0.06538493931293488,0.062426891177892685
269,0.041982173919677734,103.98322296142578,0.08199615031480789,0.04234069585800171,104.04247283935547,0.0832270011305809,0.0655193030834198,0.06263631582260132,0.0653638169169426,0.06241114065051079
270,0.041935618966817856,103.90914154052734,0.08196534216403961,0.04229360073804855,103.97130584716797,0.0831969827413559,0.06549836695194244,0.06261945515871048,0.06534251570701599,0.062395352870225906
271,0.04188939556479454,103.83526611328125,0.0819346159696579,0.04224661737680435,103.90030670166016,0.08316700905561447,0.06547731906175613,0.06260266900062561,0.06532113999128342,0.06237959489226341
272,0.04184339940547943,103.76154327392578,0.08190394192934036,0.042199842631816864,103.82945251464844,0.08313708752393723,0.06545610725879669,0.06258584558963776,0.06529953330755234,0.062363844364881516
273,0.04179771989583969,103.68804931640625,0.08187330514192581,0.04215358942747116,103.75871276855469,0.08310719579458237,0.06543463468551636,0.0625690147280693,0.06527790427207947,0.06234815716743469
274,0.04175247251987457,103.61460876464844,0.08184272795915604,0.04210784286260605,103.68819427490234,0.08307737857103348,0.06541310250759125,0.0625520572066307,0.06525607407093048,0.06233237311244011
275,0.04170752689242363,103.54158782958984,0.08181227743625641,0.04206246882677078,103.61815643310547,0.08304773271083832,0.06539160758256912,0.06253527849912643,0.06523448973894119,0.06231667473912239
276,0.041662897914648056,103.46873474121094,0.08178188651800156,0.04201742261648178,103.54820251464844,0.08301810175180435,0.06536974012851715,0.0625186562538147,0.06521270424127579,0.06230100989341736
277,0.041618458926677704,103.39599609375,0.0817515179514885,0.0419725738465786,103.47832489013672,0.08298850804567337,0.06534779816865921,0.06250204145908356,0.06519073992967606,0.062285542488098145
278,0.04157433658838272,103.3233642578125,0.08172117918729782,0.041928112506866455,103.40857696533203,0.08295893669128418,0.0653257668018341,0.0624854750931263,0.06516862660646439,0.062270063906908035
279,0.04153064638376236,103.25093841552734,0.08169092237949371,0.041884105652570724,103.3389892578125,0.08292943984270096,0.0653037279844284,0.062468960881233215,0.06514646112918854,0.06225457787513733
280,0.041487403213977814,103.17867279052734,0.08166071027517319,0.04184063896536827,103.26949310302734,0.08289995789527893,0.06528148055076599,0.06245243176817894,0.06512419134378433,0.062239084392786026
281,0.04144466668367386,103.10665893554688,0.08163060247898102,0.04179760441184044,103.20026397705078,0.08287055790424347,0.06525918841362,0.06243595853447914,0.06510182470083237,0.06222352012991905
282,0.04140230268239975,103.03472137451172,0.08160053193569183,0.04175500199198723,103.1311264038086,0.08284119516611099,0.06523676961660385,0.06241941824555397,0.06507925689220428,0.06220799311995506
283,0.04136030375957489,102.96297454833984,0.08157046139240265,0.041712839156389236,103.0621566772461,0.0828118845820427,0.06521432101726532,0.06240290775895119,0.06505652517080307,0.062192581593990326
284,0.04131858050823212,102.89143371582031,0.0815405398607254,0.04167097061872482,102.99333953857422,0.08278263360261917,0.065191850066185,0.06238637492060661,0.06503388285636902,0.062177207320928574
285,0.041277188807725906,102.8200912475586,0.08151062577962875,0.04162941128015518,102.92472839355469,0.08275346457958221,0.0651693269610405,0.06236996501684189,0.06501118838787079,0.062161870300769806
286,0.04123608022928238,102.7490005493164,0.08148081600666046,0.04158826544880867,102.85648345947266,0.08272441476583481,0.06514693051576614,0.06235349550843239,0.06498843431472778,0.06214648857712746
287,0.04119535908102989,102.67814636230469,0.08145111054182053,0.04154733568429947,102.78839874267578,0.08269540965557098,0.06512442231178284,0.06233706325292587,0.06496573984622955,0.06213108077645302
288,0.04115496203303337,102.60751342773438,0.08142145723104477,0.04150670766830444,102.72052764892578,0.08266647905111313,0.06510195136070251,0.06232070550322533,0.06494297087192535,0.06211570277810097
289,0.041114870458841324,102.53691864013672,0.08139181137084961,0.04146634042263031,102.65270233154297,0.08263754844665527,0.06507932394742966,0.06230447441339493,0.06492003053426743,0.06210032477974892
290,0.04107504338026047,102.46649169921875,0.08136221766471863,0.041426219046115875,102.58501434326172,0.082608662545681,0.06505653262138367,0.06228838488459587,0.06489699333906174,0.06208503246307373
291,0.04103562608361244,102.39628601074219,0.08133269846439362,0.041386678814888,102.51753997802734,0.0825798436999321,0.06503360718488693,0.06227249279618263,0.06487387418746948,0.06206980720162392
292,0.04099666327238083,102.3263168334961,0.08130326122045517,0.041347477585077286,102.4503402709961,0.08255109190940857,0.06501077860593796,0.0622565895318985,0.06485076248645782,0.0620545856654644
293,0.04095770791172981,102.25652313232422,0.08127386122941971,0.04130837693810463,102.38320922851562,0.08252237737178802,0.06498796492815018,0.06224099174141884,0.06482767313718796,0.062039509415626526
294,0.04091905802488327,102.18685913085938,0.08124453574419022,0.04126967862248421,102.31619262695312,0.08249369263648987,0.06496506184339523,0.06222543492913246,0.0648045539855957,0.06202447786927223
295,0.040880899876356125,102.11737060546875,0.08121524751186371,0.04123127833008766,102.24935913085938,0.08246508240699768,0.06494216620922089,0.062209997326135635,0.06478136032819748,0.06200944259762764
296,0.040843088179826736,102.04805755615234,0.08118601143360138,0.04119332879781723,102.18257904052734,0.08243647962808609,0.06491906195878983,0.062194522470235825,0.06475810706615448,0.061994411051273346
297,0.040805622935295105,101.97883605957031,0.08115682750940323,0.041155677288770676,102.11592864990234,0.08240791410207748,0.06489594280719757,0.06217901036143303,0.06473477184772491,0.061979345977306366
298,0.040768496692180634,101.90979766845703,0.08112772554159164,0.04111839830875397,102.04937744140625,0.08237940818071365,0.0648728534579277,0.06216353923082352,0.06471134722232819,0.061964310705661774
299,0.04073174297809601,101.84088897705078,0.08109866082668304,0.041081443428993225,101.98296356201172,0.08235093951225281,0.06484972685575485,0.0621480792760849,0.0646878033876419,0.06194927915930748
300,0.04069533944129944,101.77217864990234,0.08106966316699982,0.041044775396585464,101.91661834716797,0.08232249319553375,0.06482647359371185,0.062132593244314194,0.06466422230005264,0.06193426251411438
301,0.040659237653017044,101.70354461669922,0.08104068785905838,0.04100838676095009,101.85034942626953,0.08229409158229828,0.06480301916599274,0.06211714446544647,0.06464052945375443,0.06191921979188919
302,0.040623441338539124,101.63507843017578,0.08101177960634232,0.04097234457731247,101.78423309326172,0.08226571977138519,0.06477957218885422,0.06210172548890114,0.06461680680513382,0.06190413981676102
303,0.040588002651929855,101.56685638427734,0.08098295331001282,0.04093668982386589,101.7183837890625,0.08223745226860046,0.0647561326622963,0.06208648905158043,0.06459307670593262,0.06188911944627762
304,0.040552861988544464,101.49871063232422,0.08095414191484451,0.04090134799480438,101.65254974365234,0.08220918476581573,0.06473248451948166,0.06207131966948509,0.06456921249628067,0.061874113976955414
305,0.040517985820770264,101.4306640625,0.08092539012432098,0.04086630791425705,101.58702850341797,0.08218102902173996,0.06470894068479538,0.06205620989203453,0.06454526633024216,0.06185917928814888
306,0.04048345237970352,101.36280059814453,0.08089669793844223,0.04083158075809479,101.52153015136719,0.08215288817882538,0.06468518078327179,0.06204107776284218,0.06452129781246185,0.06184425577521324
307,0.04044918715953827,101.29501342773438,0.08086801320314407,0.040797099471092224,101.45613861083984,0.08212479948997498,0.06466136872768402,0.062025923281908035,0.06449716538190842,0.06182931736111641
308,0.04041523486375809,101.22738647460938,0.08083943277597427,0.04076293855905533,101.39092254638672,0.08209674060344696,0.06463754922151566,0.06201077252626419,0.06447301805019379,0.06181436777114868
309,0.04038158431649208,101.15983581542969,0.08081082254648209,0.04072919860482216,101.32577514648438,0.08206869661808014,0.06461357325315475,0.06199568882584572,0.06444873660802841,0.06179945915937424
310,0.04034823179244995,101.09248352050781,0.08078227192163467,0.040695685893297195,101.26081085205078,0.08204071968793869,0.06458963453769684,0.06198063865303993,0.06442439556121826,0.061784528195858
311,0.0403151698410511,101.02554321289062,0.08075389266014099,0.04066232964396477,101.19612884521484,0.0820128545165062,0.06456577032804489,0.06196562573313713,0.06440026313066483,0.06176967918872833
312,0.040282346308231354,100.95867919921875,0.08072555810213089,0.04062923043966293,101.13156127929688,0.08198503404855728,0.06454193592071533,0.06195064261555672,0.06437604874372482,0.06175485625863075
313,0.040249768644571304,100.8919906616211,0.08069726824760437,0.04059638828039169,101.06704711914062,0.08195722103118896,0.06451807171106339,0.06193559989333153,0.0643518939614296,0.061739981174468994
314,0.04021741822361946,100.8253402709961,0.08066896349191666,0.04056386277079582,101.00267791748047,0.08192946016788483,0.06449424475431442,0.06192062050104141,0.06432755291461945,0.061725132167339325
315,0.040185362100601196,100.7589340209961,0.08064080029726028,0.04053156077861786,100.93839263916016,0.08190174400806427,0.0644703060388565,0.06190568581223488,0.06430329382419586,0.061710309237241745
316,0.04015355184674263,100.69256591796875,0.08061263710260391,0.04049961268901825,100.87413787841797,0.0818740501999855,0.06444624066352844,0.06189071759581566,0.06427892297506332,0.06169554218649864
317,0.04012196883559227,100.6263427734375,0.08058452606201172,0.04046785086393356,100.8099136352539,0.08184634894132614,0.06442205607891083,0.061875805258750916,0.06425461173057556,0.06168081983923912
318,0.040090613067150116,100.5601577758789,0.08055642992258072,0.04043636471033096,100.7458267211914,0.08181869983673096,0.06439784169197083,0.06186096370220184,0.06423021107912064,0.061666104942560196
319,0.040059562772512436,100.49415588378906,0.08052840828895569,0.040405161678791046,100.68185424804688,0.08179109543561935,0.06437366455793381,0.061846036463975906,0.06420581042766571,0.06165142357349396
320,0.04002874717116356,100.4283218383789,0.08050043880939484,0.040374185889959335,100.6179428100586,0.08176349848508835,0.0643494501709938,0.06183115392923355,0.06418143212795258,0.06163674220442772
321,0.03999815881252289,100.36251831054688,0.08047247678041458,0.04034345969557762,100.55416107177734,0.08173597604036331,0.06432522088289261,0.06181631609797478,0.06415699422359467,0.06162206083536148
322,0.039967816323041916,100.29693603515625,0.08044460415840149,0.04031301289796829,100.4906234741211,0.08170853555202484,0.06430098414421082,0.06180157884955406,0.06413255631923676,0.06160746142268181
323,0.03993772342801094,100.23136138916016,0.0804167091846466,0.04028281942009926,100.4271469116211,0.08168110251426697,0.06427660584449768,0.06178692355751991,0.0641079917550087,0.061592914164066315
324,0.03990785777568817,100.16607666015625,0.08038894832134247,0.04025290906429291,100.364013671875,0.08165382593870163,0.06425247341394424,0.06177223101258278,0.06408349424600601,0.061578426510095596
325,0.039878182113170624,100.10102081298828,0.0803612619638443,0.040223147720098495,100.3008804321289,0.08162650465965271,0.06422808021306992,0.0617576465010643,0.06405910104513168,0.06156400218605995
326,0.039848558604717255,100.03602600097656,0.08033359795808792,0.04019348323345184,100.23794555664062,0.08159925043582916,0.0642036497592926,0.06174313649535179,0.06403449922800064,0.061549730598926544
327,0.039819203317165375,99.97120666503906,0.08030594885349274,0.04016421362757683,100.17498016357422,0.08157197386026382,0.06417912244796753,0.061728570610284805,0.06400991976261139,0.061535391956567764
328,0.039790160953998566,99.90662384033203,0.08027837425470352,0.040135227143764496,100.1122055053711,0.08154478669166565,0.06415475904941559,0.06171391159296036,0.06398537009954453,0.06152104586362839
329,0.03976133465766907,99.84207916259766,0.0802508145570755,0.040106430649757385,100.04927825927734,0.0815175250172615,0.0641302540898323,0.061699170619249344,0.06396081298589706,0.06150664761662483
330,0.03973273187875748,99.77777862548828,0.08022338151931763,0.04007792845368385,99.9865493774414,0.08149033039808273,0.06410582363605499,0.061684392392635345,0.06393638998270035,0.06149224191904068
331,0.03970431163907051,99.7135009765625,0.08019594848155975,0.040049560368061066,99.92394256591797,0.08146318048238754,0.06408140063285828,0.06166961044073105,0.06391177326440811,0.06147787719964981
332,0.03967612609267235,99.6494369506836,0.08016858994960785,0.0400213748216629,99.86149597167969,0.08143608272075653,0.06405708193778992,0.0616547092795372,0.06388732045888901,0.06146352365612984
333,0.03964816406369209,99.5855941772461,0.08014129847288132,0.039993446320295334,99.7991714477539,0.0814090222120285,0.0640326663851738,0.06163979321718216,0.06386283785104752,0.06144912540912628
334,0.03962039574980736,99.52176666259766,0.08011401444673538,0.039965685456991196,99.73698425292969,0.08138203620910645,0.06400822848081589,0.06162494793534279,0.06383826583623886,0.06143483892083168
335,0.03959266096353531,99.45825958251953,0.080086849629879,0.03993789851665497,99.67484283447266,0.0813550278544426,0.06398361176252365,0.06161026656627655,0.06381384283304214,0.061420682817697525
336,0.039565104991197586,99.39476776123047,0.08005969971418381,0.03991048038005829,99.61294555664062,0.08132815361022949,0.06395916640758514,0.06159558147192001,0.0637892633676529,0.061406586319208145
337,0.03953782096505165,99.33150482177734,0.0800326019525528,0.03988325223326683,99.55104064941406,0.0813012421131134,0.06393460184335709,0.06158071756362915,0.063764788210392,0.06139242276549339
338,0.03951064124703407,99.26824951171875,0.08000552654266357,0.0398561917245388,99.48925018310547,0.08127438277006149,0.06390997022390366,0.06156592071056366,0.06374021619558334,0.06137826293706894
339,0.03948372229933739,99.2053451538086,0.07997855544090271,0.039829280227422714,99.42758178710938,0.08124753832817078,0.06388527154922485,0.06155125051736832,0.0637158453464508,0.061364199966192245
340,0.03945698216557503,99.14253234863281,0.07995163649320602,0.03980259224772453,99.3660888671875,0.08122078329324722,0.06386065483093262,0.061536602675914764,0.06369128823280334,0.06135014444589615
341,0.03943055123090744,99.07990264892578,0.07992479205131531,0.0397762693464756,99.3047866821289,0.08119408041238785,0.06383603066205978,0.06152196228504181,0.06366678327322006,0.061336126178503036
342,0.03940444067120552,99.01744842529297,0.07989798486232758,0.03975019231438637,99.24351501464844,0.08116738498210907,0.063811294734478,0.0615072175860405,0.06364226341247559,0.061322085559368134
343,0.039378490298986435,98.9551773071289,0.07987123727798462,0.03972431644797325,99.18250274658203,0.08114078640937805,0.06378667801618576,0.061492517590522766,0.06361781060695648,0.06130802631378174
344,0.03935263678431511,98.8931884765625,0.0798446387052536,0.039698462933301926,99.12162017822266,0.08111421763896942,0.06376206129789352,0.061477985233068466,0.06359347701072693,0.061294086277484894
345,0.03932688757777214,98.83121490478516,0.0798180103302002,0.039672739803791046,99.06075286865234,0.08108767867088318,0.06373738497495651,0.06146351993083954,0.06356896460056305,0.061280231922864914
346,0.039301276206970215,98.76950073242188,0.07979144155979156,0.03964725509285927,99.0001220703125,0.0810612291097641,0.06371286511421204,0.06144913285970688,0.06354464590549469,0.06126640364527702
347,0.039275895804166794,98.70785522460938,0.0797649398446083,0.03962191566824913,98.93964385986328,0.08103484660387039,0.06368838995695114,0.061434779316186905,0.06352026015520096,0.061252545565366745
348,0.03925061225891113,98.64631652832031,0.07973846793174744,0.03959675133228302,98.87931060791016,0.08100851625204086,0.06366389244794846,0.06142043322324753,0.06349579989910126,0.06123873218894005
349,0.039225511252880096,98.58480072021484,0.07971198856830597,0.03957155719399452,98.81902313232422,0.08098217099905014,0.06363929063081741,0.06140619516372681,0.06347117573022842,0.06122491881251335
350,0.03920062258839607,98.52374267578125,0.07968569546937943,0.039546724408864975,98.75911712646484,0.08095599710941315,0.06361494213342667,0.06139198690652847,0.06344681978225708,0.06121114268898964
351,0.039175935089588165,98.4629898071289,0.07965953648090363,0.03952205926179886,98.69941711425781,0.08092991262674332,0.06359077244997025,0.06137782335281372,0.06342261284589767,0.06119734048843384
352,0.03915134444832802,98.40227508544922,0.07963334769010544,0.0394974984228611,98.63969421386719,0.08090381324291229,0.0635664165019989,0.06136376038193703,0.06339839845895767,0.06118359416723251
353,0.03912686929106712,98.34176635742188,0.0796072781085968,0.03947307914495468,98.58010864257812,0.08087778091430664,0.06354221701622009,0.061349693685770035,0.06337425112724304,0.061169832944869995
354,0.039102550595998764,98.28130340576172,0.07958122342824936,0.039448801428079605,98.52071380615234,0.08085180819034576,0.06351815909147263,0.061335623264312744,0.06335005164146423,0.061156053096055984
355,0.03907839208841324,98.22096252441406,0.0795551985502243,0.03942471742630005,98.46148681640625,0.08082590997219086,0.06349418312311172,0.061321571469306946,0.06332585215568542,0.06114230304956436
356,0.039054401218891144,98.16075134277344,0.07952923327684402,0.03940078988671303,98.40245056152344,0.08080009371042252,0.0634702816605568,0.06130753457546234,0.06330163031816483,0.06112854927778244
357,0.03903058543801308,98.1008071899414,0.0795033872127533,0.039377011358737946,98.3436508178711,0.08077437430620193,0.06344646960496902,0.06129354611039162,0.06327755004167557,0.061114855110645294
358,0.039006900042295456,98.04105377197266,0.07947760075330734,0.039353352040052414,98.28492736816406,0.08074866980314255,0.06342256814241409,0.06127963587641716,0.06325352191925049,0.061101216822862625
359,0.038983363658189774,97.98126220703125,0.079451784491539,0.039329830557107925,98.22602844238281,0.0807228833436966,0.06339837610721588,0.06126571074128151,0.06322932243347168,0.06108761578798294
360,0.03895997256040573,97.92138671875,0.0794258862733841,0.03930645436048508,98.16766357421875,0.08069728314876556,0.06337454915046692,0.06125187128782272,0.0632048174738884,0.06107403710484505
361,0.03893670812249184,97.86212158203125,0.07940022647380829,0.039283208549022675,98.10951232910156,0.0806717723608017,0.06335084140300751,0.06123805046081543,0.06318081170320511,0.061060503125190735
362,0.03891359642148018,97.80320739746094,0.07937470823526382,0.039260175079107285,98.05152893066406,0.08064631372690201,0.06332710385322571,0.06122424826025963,0.06315703690052032,0.0610470287501812
363,0.038890719413757324,97.7444076538086,0.07934925705194473,0.03923732414841652,97.99382781982422,0.08062096685171127,0.06330341845750809,0.061210550367832184,0.06313333660364151,0.06103355064988136
364,0.038868069648742676,97.68582916259766,0.07932384312152863,0.03921464458107948,97.93629455566406,0.0805957168340683,0.06327978521585464,0.061196863651275635,0.06310959905385971,0.0610201321542263
365,0.038845594972372055,97.62737274169922,0.07929851114749908,0.039192084223032,97.87884521484375,0.08057048916816711,0.06325610727071762,0.06118322163820267,0.0630858913064003,0.06100671365857124
366,0.03882329538464546,97.5692138671875,0.07927326112985611,0.039169710129499435,97.82157135009766,0.08054529130458832,0.0632324069738388,0.061169497668743134,0.06306231766939163,0.06099327653646469
367,0.038801245391368866,97.51127624511719,0.0792481005191803,0.03914764150977135,97.76472473144531,0.08052027970552444,0.06320881843566895,0.0611557699739933,0.06303886324167252,0.060979727655649185
368,0.038779206573963165,97.45338439941406,0.07922297716140747,0.03912562504410744,97.70783996582031,0.08049526810646057,0.06318512558937073,0.06114210933446884,0.06301528960466385,0.06096623092889786
369,0.03875720500946045,97.39573669433594,0.07919787615537643,0.03910350799560547,97.6511001586914,0.08047028630971909,0.06316140294075012,0.06112855672836304,0.06299171596765518,0.0609528124332428
370,0.03873530402779579,97.33829498291016,0.07917293906211853,0.03908153250813484,97.59453582763672,0.08044537156820297,0.0631377175450325,0.061115048825740814,0.0629681721329689,0.06093950569629669
371,0.03871352598071098,97.28102111816406,0.07914803177118301,0.039059631526470184,97.53815460205078,0.08042056113481522,0.0631142184138298,0.06110148876905441,0.06294465810060501,0.060926228761672974
372,0.038691889494657516,97.2238998413086,0.07912319153547287,0.039037857204675674,97.48197174072266,0.08039581030607224,0.0630907192826271,0.06108799949288368,0.06292123347520828,0.06091297045350075
373,0.03867030516266823,97.1669692993164,0.07909843325614929,0.03901604190468788,97.426025390625,0.08037114143371582,0.06306733936071396,0.06107460707426071,0.06289777159690857,0.06089978665113449
374,0.03864872455596924,97.1102066040039,0.07907366752624512,0.038994330912828445,97.37014770507812,0.08034650981426239,0.06304392218589783,0.0610613152384758,0.06287430226802826,0.06088671833276749
375,0.038627300411462784,97.0536880493164,0.07904908061027527,0.03897283598780632,97.31465148925781,0.0803220272064209,0.0630207359790802,0.06104809045791626,0.06285092234611511,0.06087363511323929
376,0.038606029003858566,96.99748229980469,0.07902456074953079,0.03895154967904091,97.25933074951172,0.08029761910438538,0.06299763917922974,0.06103485822677612,0.0628276914358139,0.06086061894893646
377,0.038584861904382706,96.94154357910156,0.07900017499923706,0.03893033042550087,97.20416259765625,0.08027325570583344,0.06297469139099121,0.061021704226732254,0.06280455738306046,0.060847800225019455
378,0.03856385499238968,96.88560485839844,0.07897579669952393,0.03890923783183098,97.14910125732422,0.08024895191192627,0.06295157223939896,0.06100845709443092,0.06278124451637268,0.060834866017103195
379,0.038543056696653366,96.83000183105469,0.07895152270793915,0.0388883575797081,97.09424591064453,0.08022473752498627,0.06292852759361267,0.06099522113800049,0.06275809556245804,0.06082194298505783
380,0.038522448390722275,96.77459716796875,0.07892737537622452,0.03886767849326134,97.03955841064453,0.08020059019327164,0.06290560960769653,0.0609818734228611,0.06273508071899414,0.060808949172496796
381,0.038502003997564316,96.71925354003906,0.07890322804450989,0.03884715586900711,96.9850845336914,0.08017651736736298,0.06288259476423264,0.060968682169914246,0.0627119392156601,0.060795944184064865
382,0.03848172351717949,96.66425323486328,0.07887919992208481,0.038826681673526764,96.93083190917969,0.08015254884958267,0.06285976618528366,0.060955457389354706,0.06268898397684097,0.060782961547374725
383,0.03846149891614914,96.60935974121094,0.07885521650314331,0.038806356489658356,96.87670135498047,0.08012861758470535,0.06283671408891678,0.06094232574105263,0.06266599893569946,0.06077012047171593
384,0.03844146803021431,96.5546646118164,0.07883132994174957,0.03878631442785263,96.8226547241211,0.08010471612215042,0.06281353533267975,0.060929059982299805,0.06264302134513855,0.06075723469257355
385,0.038421630859375,96.5002212524414,0.0788075253367424,0.03876644745469093,96.76908111572266,0.0800810158252716,0.06279048323631287,0.06091589480638504,0.06262020021677017,0.06074432656168938
386,0.038401827216148376,96.4460220336914,0.0787837952375412,0.03874649852514267,96.71533966064453,0.08005723357200623,0.06276723742485046,0.06090278923511505,0.0625973716378212,0.06073155254125595
387,0.038382068276405334,96.39196014404297,0.07876013964414597,0.03872661292552948,96.66183471679688,0.0800335556268692,0.0627441480755806,0.06088975816965103,0.06257446855306625,0.060718826949596405
388,0.038362398743629456,96.33808135986328,0.0787365585565567,0.03870678320527077,96.6083755493164,0.08000990748405457,0.06272091716527939,0.06087670847773552,0.06255156546831131,0.06070616468787193
389,0.03834284842014313,96.28443145751953,0.0787130817770958,0.038687124848365784,96.55523681640625,0.07998640090227127,0.06269782781600952,0.060863692313432693,0.06252870708703995,0.06069347262382507
390,0.038323454558849335,96.23091888427734,0.07868966460227966,0.03866760432720184,96.50224304199219,0.07996293902397156,0.0626746341586113,0.06085072457790375,0.06250585615634918,0.06068078428506851
391,0.0383041687309742,96.17774200439453,0.07866635918617249,0.03864818811416626,96.44937133789062,0.07993952184915543,0.0626513659954071,0.060837771743535995,0.062483176589012146,0.06066806614398956
392,0.03828499838709831,96.12460327148438,0.0786430686712265,0.038628917187452316,96.39680480957031,0.07991623133420944,0.06262832134962082,0.0608246773481369,0.06246037036180496,0.06065528467297554
393,0.03826592117547989,96.07158660888672,0.07861983776092529,0.038609690964221954,96.34434509277344,0.07989298552274704,0.06260527670383453,0.06081172451376915,0.06243756785988808,0.06064250320196152
394,0.0382470041513443,96.01892852783203,0.07859676331281662,0.03859066963195801,96.29214477539062,0.0798698365688324,0.06258241832256317,0.0607987605035305,0.062414929270744324,0.06062985211610794
395,0.038228221237659454,95.96647644042969,0.07857371121644974,0.038571689277887344,96.24017333984375,0.07984677702188492,0.06255955994129181,0.060785893350839615,0.062392283231019974,0.060617219656705856
396,0.03820955753326416,95.91425323486328,0.078550785779953,0.03855292126536369,96.18827819824219,0.07982376962900162,0.06253668665885925,0.06077295541763306,0.062369756400585175,0.06060459092259407
397,0.03819103166460991,95.8620376586914,0.07852786779403687,0.03853423893451691,96.13655853271484,0.0798008069396019,0.06251371651887894,0.06076013669371605,0.06234709545969963,0.06059199944138527
398,0.03817266970872879,95.8101577758789,0.07850511372089386,0.038515739142894745,96.08499145507812,0.07977792620658875,0.06249065697193146,0.060747310519218445,0.06232457607984543,0.06057944893836975
399,0.03815450146794319,95.75843811035156,0.07848235964775085,0.038497403264045715,96.03369140625,0.07975514978170395,0.0624677799642086,0.06073453277349472,0.062301985919475555,0.060566894710063934
400,0.03813645616173744,95.70687103271484,0.0784597247838974,0.03847917169332504,95.98258209228516,0.07973244786262512,0.06244497746229172,0.060721781104803085,0.06227941811084747,0.06055436283349991
401,0.03811848536133766,95.65555572509766,0.07843714952468872,0.03846098482608795,95.93156433105469,0.07970978319644928,0.06242218241095543,0.06070905551314354,0.062256962060928345,0.06054187938570976
402,0.03810059279203415,95.60437774658203,0.07841464132070541,0.038442954421043396,95.88072967529297,0.0796872079372406,0.06239943206310272,0.060696400701999664,0.062234487384557724,0.0605294331908226
403,0.0380827859044075,95.5533218383789,0.07839221507310867,0.03842499852180481,95.83008575439453,0.07966471463441849,0.06237675994634628,0.06068376451730728,0.062212057411670685,0.06051699444651604
404,0.03806507587432861,95.50252532958984,0.0783698558807373,0.03840712457895279,95.77975463867188,0.07964233309030533,0.062354348599910736,0.060671236366033554,0.06218976527452469,0.06050461158156395
405,0.03804745525121689,95.45188903808594,0.0783475935459137,0.03838929161429405,95.72930908203125,0.07961989939212799,0.06233173608779907,0.06065874919295311,0.06216750293970108,0.06049228087067604
406,0.038029953837394714,95.40148162841797,0.07832539081573486,0.03837154060602188,95.67923736572266,0.07959763705730438,0.062309518456459045,0.06064626947045326,0.06214529275894165,0.06047995015978813
407,0.038012538105249405,95.35127258300781,0.07830328494310379,0.03835388273000717,95.62923431396484,0.07957538217306137,0.06228727847337723,0.060633786022663116,0.062123171985149384,0.06046765297651291
408,0.03799518570303917,95.30122375488281,0.0782812163233757,0.03833628073334694,95.57946014404297,0.07955321669578552,0.06226503103971481,0.06062134727835655,0.062101107090711594,0.06045542284846306
409,0.03797794505953789,95.25143432617188,0.07825926691293716,0.038318827748298645,95.52984619140625,0.07953112572431564,0.062242720276117325,0.06060895696282387,0.06207910180091858,0.060443226248025894
410,0.03796088695526123,95.20181274414062,0.07823739945888519,0.0383015051484108,95.48049926757812,0.07950913906097412,0.062220536172389984,0.06059650331735611,0.06205711141228676,0.06043102219700813
411,0.03794398531317711,95.15234375,0.0782155692577362,0.038284335285425186,95.43116760253906,0.0794871598482132,0.06219805032014847,0.060584086924791336,0.062035076320171356,0.06041882187128067
412,0.03792720288038254,95.10310363769531,0.07819384336471558,0.038267262279987335,95.38213348388672,0.07946530729532242,0.062175724655389786,0.060571689158678055,0.06201313063502312,0.06040666997432709
413,0.03791046515107155,95.05401611328125,0.07817216217517853,0.038250233978033066,95.33320617675781,0.07944349944591522,0.062153398990631104,0.06055928021669388,0.061991214752197266,0.06039450317621231
414,0.03789385035634041,95.00511169433594,0.07815058529376984,0.03823334351181984,95.2845230102539,0.07942178845405579,0.0621311254799366,0.0605468787252903,0.06196931377053261,0.060382381081581116
415,0.03787732124328613,94.95632934570312,0.07812903821468353,0.03821643814444542,95.23588562011719,0.07940010726451874,0.06210872903466225,0.060534484684467316,0.06194738671183586,0.060370251536369324
416,0.03786087408661842,94.90777587890625,0.07810763269662857,0.03819960728287697,95.18748474121094,0.07937852293252945,0.062086429446935654,0.06052212417125702,0.061925552785396576,0.06035813316702843
417,0.03784450888633728,94.85939025878906,0.078086256980896,0.03818285092711449,95.13932800292969,0.07935703545808792,0.062064263969659805,0.060509826987981796,0.0619037039577961,0.060346100479364395
418,0.037828229367733,94.81124877929688,0.07806499302387238,0.038166165351867676,95.09122467041016,0.07933558523654938,0.06204194575548172,0.06049756333231926,0.061881985515356064,0.06033401936292648
419,0.03781198710203171,94.76309967041016,0.07804371416568756,0.038149602711200714,95.04332733154297,0.0793142020702362,0.062019623816013336,0.0604853481054306,0.06186020374298096,0.060321927070617676
420,0.03779584541916847,94.71525573730469,0.07802258431911469,0.038133107125759125,94.9957504272461,0.07929294556379318,0.06199755147099495,0.06047320365905762,0.061838459223508835,0.060309913009405136
421,0.0377797931432724,94.66764831542969,0.07800152897834778,0.03811674565076828,94.94855499267578,0.07927186787128448,0.06197580322623253,0.06046111881732941,0.06181681901216507,0.06029791757464409
422,0.03776382654905319,94.62020111083984,0.07798055559396744,0.03810044005513191,94.90145874023438,0.07925082743167877,0.06195390969514847,0.06044910103082657,0.06179526075720787,0.060285963118076324
423,0.03774794936180115,94.57295227050781,0.07795966416597366,0.03808422386646271,94.85430908203125,0.07922976464033127,0.061931923031806946,0.06043696030974388,0.06177372857928276,0.06027401611208916
424,0.037732165306806564,94.52584075927734,0.07793881744146347,0.038068100810050964,94.80728149414062,0.07920873910188675,0.06190988048911095,0.06042484939098358,0.06175226718187332,0.06026206910610199
425,0.03771647810935974,94.4788589477539,0.07791801542043686,0.03805207461118698,94.76044464111328,0.0791877806186676,0.061887916177511215,0.06041269749403,0.0617307685315609,0.06025008112192154
426,0.03770088404417038,94.43205261230469,0.07789729535579681,0.03803609311580658,94.71356964111328,0.07916681468486786,0.061865705996751785,0.06040066108107567,0.06170926243066788,0.06023821234703064
427,0.03768541291356087,94.38548278808594,0.07787667214870453,0.038020215928554535,94.66696166992188,0.07914594560861588,0.0618436262011528,0.06038869917392731,0.06168780475854874,0.06022636592388153
428,0.03767000138759613,94.3391342163086,0.07785611599683762,0.03800445422530174,94.62049102783203,0.07912513613700867,0.06182157248258591,0.06037669628858566,0.061666339635849,0.06021459400653839
429,0.03765473514795303,94.2929458618164,0.07783565670251846,0.037988848984241486,94.57450103759766,0.07910453528165817,0.061799757182598114,0.06036482751369476,0.06164494901895523,0.06020280718803406
430,0.037639595568180084,94.24696350097656,0.07781526446342468,0.037973351776599884,94.5285415649414,0.07908393442630768,0.061777904629707336,0.06035299971699715,0.06162349879741669,0.0601910799741745
431,0.0376245453953743,94.20114135742188,0.07779493927955627,0.03795789182186127,94.48265838623047,0.07906337082386017,0.0617559552192688,0.060341157019138336,0.0616021491587162,0.06017932668328285
432,0.03760955110192299,94.15547180175781,0.07777469605207443,0.03794247657060623,94.43721771240234,0.07904300093650818,0.061734214425086975,0.060329459607601166,0.06158081814646721,0.060167621821165085
433,0.037594616413116455,94.10997772216797,0.07775449752807617,0.03792712464928627,94.39185333251953,0.07902264595031738,0.06171226501464844,0.060317836701869965,0.06155946105718613,0.06015598401427269
434,0.0375797301530838,94.06462860107422,0.07773438096046448,0.03791181370615959,94.34693908691406,0.0790024846792221,0.0616905651986599,0.060306403785943985,0.06153813377022743,0.060144416987895966
435,0.037564851343631744,94.01956176757812,0.07771435379981995,0.03789646178483963,94.30195617675781,0.07898228615522385,0.06166873127222061,0.06029495224356651,0.06151688098907471,0.060132946819067
436,0.03754996508359909,93.97453308105469,0.077694371342659,0.03788116201758385,94.2571792602539,0.07896217703819275,0.06164682283997536,0.06028365716338158,0.06149553880095482,0.06012151017785072
437,0.03753511607646942,93.92973327636719,0.07767447084188461,0.03786592185497284,94.2125244140625,0.07894213497638702,0.06162505969405174,0.06027223914861679,0.06147422268986702,0.06011010706424713
438,0.03752030059695244,93.88510131835938,0.0776546522974968,0.03785078972578049,94.16805267333984,0.07892215996980667,0.061603300273418427,0.060260917991399765,0.061452947556972504,0.06009872257709503
439,0.03750564903020859,93.84068298339844,0.07763490080833435,0.03783576935529709,94.12371826171875,0.07890225201845169,0.06158148869872093,0.06024961918592453,0.06143174320459366,0.06008739769458771
440,0.03749106451869011,93.79647064208984,0.07761523872613907,0.03782077878713608,94.07958984375,0.07888241857290268,0.061559759080410004,0.060238394886255264,0.06141054630279541,0.06007606163620949
441,0.03747646510601044,93.75234985351562,0.07759562879800797,0.03780582919716835,94.03561401367188,0.07886265218257904,0.06153803691267967,0.060227252542972565,0.061389412730932236,0.060064807534217834
442,0.037461914122104645,93.70846557617188,0.07757610082626343,0.03779089078307152,93.99191284179688,0.07884299010038376,0.06151644140481949,0.06021619215607643,0.061368271708488464,0.060053665190935135
443,0.03744741156697273,93.66465759277344,0.07755664736032486,0.03777599334716797,93.94825744628906,0.07882335782051086,0.06149480864405632,0.0602051205933094,0.06134721636772156,0.06004250794649124
444,0.037432946264743805,93.62100219726562,0.07753720879554749,0.037761155515909195,93.90472412109375,0.07880377024412155,0.06147326901555061,0.06019405275583267,0.06132610887289047,0.060031354427337646
445,0.03741854801774025,93.57756805419922,0.07751788198947906,0.03774634003639221,93.86135864257812,0.0787842720746994,0.06145180016756058,0.06018306314945221,0.06130514666438103,0.060020312666893005
446,0.037404175847768784,93.53423309326172,0.07749860733747482,0.03773164376616478,93.81834411621094,0.078764908015728,0.06143036112189293,0.060172297060489655,0.06128412485122681,0.06000931188464165
447,0.03738987445831299,93.49105072021484,0.07747940719127655,0.03771696612238884,93.7752456665039,0.0787455290555954,0.06140882149338722,0.060161344707012177,0.061263132840394974,0.05999835208058357
448,0.037375595420598984,93.44811248779297,0.07746029645204544,0.03770233690738678,93.73259735107422,0.07872632145881653,0.06138736009597778,0.06015068292617798,0.061242252588272095,0.05998743698000908
449,0.03736136481165886,93.40531158447266,0.0774412527680397,0.03768777474761009,93.68995666503906,0.07870712876319885,0.061365824192762375,0.06014009565114975,0.06122135743498802,0.05997656285762787
450,0.03734719008207321,93.36264038085938,0.07742223143577576,0.03767324984073639,93.64764404296875,0.07868805527687073,0.06134453043341637,0.06012948974967003,0.06120046600699425,0.059965744614601135
451,0.037333082407712936,93.32023620605469,0.07740333676338196,0.03765879571437836,93.60543823242188,0.07866902649402618,0.0613231435418129,0.060118917375802994,0.061179764568805695,0.059954918920993805
452,0.037319015711545944,93.27788543701172,0.07738450169563293,0.037644341588020325,93.56329345703125,0.07865002751350403,0.06130150333046913,0.0601084865629673,0.061158981174230576,0.05994420126080513
453,0.03730494901537895,93.23574829101562,0.0773656964302063,0.03762989491224289,93.5213851928711,0.07863111048936844,0.06128011271357536,0.06009797751903534,0.06113830581307411,0.05993352085351944
454,0.03729095682501793,93.19371795654297,0.07734696567058563,0.03761548548936844,93.4794692993164,0.07861220091581345,0.061258696019649506,0.060087502002716064,0.06111771613359451,0.059922829270362854
455,0.0372769795358181,93.15193939208984,0.07732831686735153,0.03760106489062309,93.43777465820312,0.07859335839748383,0.06123733147978783,0.06007709726691246,0.06109721213579178,0.05991223827004433
456,0.03726304695010185,93.11044311523438,0.07730979472398758,0.03758671507239342,93.39645385742188,0.07857466489076614,0.06121630221605301,0.06006661430001259,0.061076924204826355,0.05990166217088699
457,0.037249136716127396,93.06903839111328,0.07729128003120422,0.03757238760590553,93.35527801513672,0.07855600863695145,0.06119519844651222,0.06005631387233734,0.06105653941631317,0.05989110469818115
458,0.03723527863621712,93.0278091430664,0.07727285474538803,0.03755815699696541,93.31407928466797,0.07853735983371735,0.06117402762174606,0.0600459985435009,0.061036210507154465,0.059880614280700684
459,0.03722158074378967,92.98685455322266,0.0772545337677002,0.03754405304789543,93.27303314208984,0.07851875573396683,0.06115303188562393,0.06003548949956894,0.06101597473025322,0.059870075434446335
460,0.03720792755484581,92.94580841064453,0.07723617553710938,0.03752994164824486,93.23209381103516,0.07850019633769989,0.06113188713788986,0.06002512201666832,0.06099558621644974,0.059859517961740494
461,0.03719427064061165,92.90507507324219,0.07721789926290512,0.037515874952077866,93.19146728515625,0.0784817636013031,0.06111075356602669,0.060015078634023666,0.06097529083490372,0.0598490945994854
462,0.03718065842986107,92.86457824707031,0.07719980180263519,0.03750186040997505,93.15103912353516,0.07846342027187347,0.061089761555194855,0.06000496447086334,0.06095508858561516,0.05983876436948776
463,0.037167053669691086,92.82421112060547,0.07718168944120407,0.03748779743909836,93.11064147949219,0.07844507694244385,0.061068810522556305,0.05999483913183212,0.06093493849039078,0.059828467667102814
464,0.037153419107198715,92.783935546875,0.07716364413499832,0.03747379407286644,93.07047271728516,0.07842684537172318,0.061047885566949844,0.05998482555150986,0.060914844274520874,0.05981820076704025
465,0.037139855325222015,92.743896484375,0.07714568823575974,0.037459831684827805,93.03053283691406,0.07840870320796967,0.061026886105537415,0.05997501313686371,0.06089477241039276,0.05980806052684784
466,0.03712635859847069,92.70401763916016,0.07712779194116592,0.037445805966854095,92.99054718017578,0.07839051634073257,0.06100611388683319,0.05996492877602577,0.06087479740381241,0.05979791656136513
467,0.03711280971765518,92.66425323486328,0.07710994780063629,0.03743179887533188,92.95068359375,0.07837238907814026,0.06098536401987076,0.05995500832796097,0.06085483729839325,0.059787824749946594
468,0.037099264562129974,92.6246337890625,0.07709220051765442,0.037417784333229065,92.91097259521484,0.07835432142019272,0.060964662581682205,0.05994516238570213,0.06083497032523155,0.05977780371904373
469,0.03708571940660477,92.5851058959961,0.07707444578409195,0.03740377724170685,92.8714599609375,0.07833635061979294,0.060944002121686935,0.05993541702628136,0.06081507354974747,0.05976780876517296
470,0.03707223758101463,92.54571533203125,0.07705678045749664,0.03738981485366821,92.83197021484375,0.07831838726997375,0.0609232634305954,0.059925712645053864,0.06079520657658577,0.05975792929530144
471,0.037058763206005096,92.50650024414062,0.07703915983438492,0.03737590089440346,92.7928237915039,0.07830056548118591,0.060902856290340424,0.05991605669260025,0.060775499790906906,0.05974802002310753
472,0.03704537823796272,92.46749114990234,0.07702163606882095,0.037362102419137955,92.75379180908203,0.07828278839588165,0.0608823299407959,0.059906475245952606,0.06075575575232506,0.05973817780613899
473,0.037032052874565125,92.42852020263672,0.07700413465499878,0.037348322570323944,92.71463775634766,0.07826495170593262,0.060861650854349136,0.05989694222807884,0.06073606386780739,0.059728361666202545
474,0.03701871261000633,92.38973236083984,0.07698671519756317,0.03733459860086441,92.67584991455078,0.07824727147817612,0.06084122136235237,0.05988759547472,0.06071638688445091,0.05971861630678177
475,0.037005361169576645,92.35104370117188,0.07696931809186935,0.037320856004953384,92.63700866699219,0.07822958379983902,0.06082075089216232,0.05987820774316788,0.06069682911038399,0.05970891937613487
476,0.036992043256759644,92.31256866455078,0.0769520178437233,0.037307169288396835,92.59831237792969,0.07821193337440491,0.06080038100481033,0.05986876040697098,0.06067737564444542,0.05969919264316559
477,0.03697879612445831,92.27407836914062,0.07693471759557724,0.037293557077646255,92.55977630615234,0.07819436490535736,0.060780081897974014,0.059859368950128555,0.060657892376184464,0.05968943610787392
478,0.036965589970350266,92.23584747314453,0.07691751420497894,0.03727998957037926,92.52133178710938,0.0781768187880516,0.06075973063707352,0.05985001102089882,0.060638535767793655,0.05967971682548523
479,0.03695237636566162,92.19768524169922,0.07690035551786423,0.037266455590724945,92.48304748535156,0.07815934717655182,0.06073928624391556,0.05984073504805565,0.06061923876404762,0.05967002362012863
480,0.03693916276097298,92.15966033935547,0.0768832415342331,0.03725287690758705,92.4449462890625,0.07814192771911621,0.06071903929114342,0.0598313994705677,0.060599930584430695,0.0596604198217392
481,0.03692591190338135,92.12177276611328,0.07686618715524673,0.03723930940032005,92.40682220458984,0.0781245157122612,0.06069858744740486,0.0598222017288208,0.06058071181178093,0.05965083837509155
482,0.036912672221660614,92.08399963378906,0.07684917002916336,0.03722572699189186,92.36866760253906,0.078107088804245,0.06067811697721481,0.05981297791004181,0.060561489313840866,0.05964132770895958
483,0.036899447441101074,92.04640197753906,0.07683224976062775,0.03721218928694725,92.330810546875,0.07808978855609894,0.06065783649682999,0.05980382859706879,0.06054244190454483,0.0596318393945694
484,0.03688625618815422,92.0089340209961,0.07681535184383392,0.03719858080148697,92.29293823242188,0.07807247340679169,0.0606374517083168,0.05979477986693382,0.060523416846990585,0.05962244048714638
485,0.03687302768230438,91.9715805053711,0.07679854333400726,0.0371849462389946,92.25534057617188,0.07805529236793518,0.06061737239360809,0.05978577956557274,0.060504477471113205,0.059613075107336044
486,0.03685980662703514,91.93437957763672,0.07678178697824478,0.037171341478824615,92.2177963256836,0.07803813368082047,0.060597244650125504,0.05977681651711464,0.0604855902493,0.059603773057460785
487,0.036846574395895004,91.89735412597656,0.07676509767770767,0.03715772181749344,92.18043518066406,0.07802104204893112,0.06057722866535187,0.059767916798591614,0.06046685948967934,0.05959447845816612
488,0.036833371967077255,91.8603286743164,0.07674840092658997,0.037144146859645844,92.14314270019531,0.07800398766994476,0.06055716052651405,0.05975904315710068,0.060448095202445984,0.05958521366119385
489,0.03682021424174309,91.82334899902344,0.07673171162605286,0.03713066875934601,92.10580444335938,0.07798688858747482,0.06053699553012848,0.059750113636255264,0.06042923033237457,0.05957600846886635
490,0.03680705651640892,91.78681182861328,0.07671519368886948,0.0371171198785305,92.06897735595703,0.0779699757695198,0.06051715090870857,0.05974137783050537,0.06041061505675316,0.05956689268350601
491,0.03679388761520386,91.75032806396484,0.07669869065284729,0.03710372745990753,92.03221130371094,0.07795310020446777,0.06049735099077225,0.05973264202475548,0.06039195507764816,0.05955780670046806
492,0.036780767142772675,91.7141342163086,0.07668232917785645,0.03709035366773605,91.9953842163086,0.07793620228767395,0.06047762185335159,0.059723734855651855,0.06037362292408943,0.05954867973923683
493,0.03676766902208328,91.67790222167969,0.07666593790054321,0.03707701712846756,91.95877838134766,0.0779193714261055,0.060457926243543625,0.05971500650048256,0.06035516783595085,0.059539612382650375
494,0.0367545560002327,91.64192199707031,0.07664962857961655,0.03706365451216698,91.92222595214844,0.07790259271860123,0.06043827161192894,0.05970633402466774,0.06033686548471451,0.059530626982450485
495,0.036741454154253006,91.6059341430664,0.07663333415985107,0.03705034777522087,91.88579559326172,0.07788585871458054,0.060418661683797836,0.05969764664769173,0.06031860411167145,0.0595216229557991
496,0.03672836348414421,91.57006072998047,0.07661713659763336,0.03703698888421059,91.84957122802734,0.07786921411752701,0.060399238020181656,0.059689003974199295,0.060300350189208984,0.059512656182050705
497,0.03671523183584213,91.53430938720703,0.07660096138715744,0.03702365979552269,91.81354522705078,0.07785265147686005,0.06037982180714607,0.05968055874109268,0.06028218939900398,0.059503715485334396
498,0.03670210763812065,91.49870300292969,0.0765848159790039,0.037010256201028824,91.77748107910156,0.07783608138561249,0.060360394418239594,0.059672050178050995,0.060264069586992264,0.05949481949210167
499,0.036688946187496185,91.463134765625,0.07656872272491455,0.03699689358472824,91.74156188964844,0.0778195708990097,0.060340914875268936,0.059663716703653336,0.060245998203754425,0.05948594585061073
500,0.03667578846216202,91.42782592773438,0.07655275613069534,0.036983512341976166,91.70565032958984,0.07780306786298752,0.060321610420942307,0.05965528264641762,0.060228146612644196,0.059477102011442184
501,0.03666260093450546,91.39234924316406,0.07653670758008957,0.036970146000385284,91.6697998046875,0.07778659462928772,0.0603022500872612,0.05964693799614906,0.060210078954696655,0.059468261897563934
502,0.03664940968155861,91.35722351074219,0.07652076333761215,0.036956802010536194,91.6340103149414,0.07777012884616852,0.060283008962869644,0.059638556092977524,0.0601922944188118,0.05945947766304016
503,0.03663623705506325,91.32206726074219,0.07650483399629593,0.036943454295396805,91.59850311279297,0.07775381207466125,0.06026403605937958,0.05963030084967613,0.060174450278282166,0.05945068597793579
504,0.0366230234503746,91.28704833984375,0.07648900151252747,0.03693008050322533,91.56289672851562,0.07773744314908981,0.06024499610066414,0.05962198227643967,0.06015670672059059,0.059441935271024704
505,0.03660981357097626,91.25206756591797,0.0764731839299202,0.036916736513376236,91.52741241455078,0.07772112637758255,0.0602259486913681,0.05961383879184723,0.060138970613479614,0.05943320319056511
506,0.03659660741686821,91.21726989746094,0.07645741105079651,0.03690340742468834,91.4920883178711,0.07770487666130066,0.060207121074199677,0.059605736285448074,0.06012134999036789,0.05942454934120178
507,0.03658339008688927,91.18260955810547,0.0764417052268982,0.03689008206129074,91.45683288574219,0.07768865674734116,0.060188353061676025,0.059597648680210114,0.06010384485125542,0.059415869414806366
508,0.03657016530632973,91.14785766601562,0.07642597705125809,0.036876726895570755,91.42149353027344,0.07767241448163986,0.06016947329044342,0.059589531272649765,0.06008623167872429,0.059407226741313934
509,0.0365569069981575,91.11346435546875,0.07641039788722992,0.03686339780688286,91.38641357421875,0.07765628397464752,0.06015060842037201,0.059581682085990906,0.06006894260644913,0.05939864367246628
510,0.03654365986585617,91.07897186279297,0.07639478892087936,0.036850057542324066,91.35144805908203,0.07764020562171936,0.06013200432062149,0.05957368388772011,0.060051482170820236,0.059390049427747726
511,0.03653043508529663,91.04466247558594,0.07637923955917358,0.03683677688241005,91.31656646728516,0.07762415707111359,0.0601133331656456,0.05956580862402916,0.06003414839506149,0.05938148498535156
512,0.03651721030473709,91.01051330566406,0.07636375725269318,0.03682352602481842,91.28169250488281,0.07760811597108841,0.06009475141763687,0.059557851403951645,0.06001695618033409,0.05937296897172928
513,0.03650398924946785,90.9764175415039,0.07634829729795456,0.03681028634309769,91.24694061279297,0.07759211957454681,0.060076192021369934,0.059550028294324875,0.05999979376792908,0.059364452958106995
514,0.03649074584245682,90.94241333007812,0.0763329267501831,0.03679703548550606,91.21204376220703,0.07757605612277985,0.060057517141103745,0.059542182832956314,0.05998266115784645,0.059355996549129486
515,0.036477502435445786,90.9084701538086,0.07631752640008926,0.03678387776017189,91.17767333984375,0.07756025344133377,0.06003933772444725,0.05953448638319969,0.05996553599834442,0.05934757739305496
516,0.03646431118249893,90.87472534179688,0.07630223780870438,0.036770764738321304,91.14315795898438,0.07754433900117874,0.060021042823791504,0.0595267154276371,0.0599486380815506,0.059339120984077454
517,0.03645111247897148,90.84098815917969,0.0762869343161583,0.03675762563943863,91.10895538330078,0.07752859592437744,0.06000298261642456,0.05951904505491257,0.05993162840604782,0.05933068320155144
518,0.036437876522541046,90.80747985839844,0.07627175003290176,0.03674439713358879,91.0744400024414,0.0775127038359642,0.05998474732041359,0.05951116979122162,0.05991491675376892,0.059322256594896317
519,0.036424580961465836,90.77391052246094,0.07625651359558105,0.03673116862773895,91.04035186767578,0.07749699801206589,0.05996682122349739,0.05950348824262619,0.05989812687039375,0.05931380018591881
520,0.036411285400390625,90.74052429199219,0.07624135911464691,0.036717966198921204,91.00625610351562,0.07748128473758698,0.05994876101613045,0.059495870023965836,0.05988139286637306,0.059305448085069656
521,0.036397989839315414,90.70731353759766,0.07622629404067993,0.036704692989587784,90.9722671508789,0.07746560871601105,0.05993104353547096,0.05948809161782265,0.05986484885215759,0.05929708480834961
522,0.036384642124176025,90.6742172241211,0.07621127367019653,0.03669144958257675,90.93831634521484,0.07744994759559631,0.059913236647844315,0.05948042497038841,0.05984841659665108,0.05928879231214523
523,0.03637128695845604,90.64115142822266,0.07619623839855194,0.03667822107672691,90.90450286865234,0.07743434607982635,0.05989561229944229,0.05947274714708328,0.0598318949341774,0.05928051099181175
524,0.03635793924331665,90.60821533203125,0.07618127763271332,0.03666500747203827,90.87071228027344,0.077418752014637,0.05987780541181564,0.059465162456035614,0.059815481305122375,0.059272248297929764
525,0.036344558000564575,90.57548522949219,0.07616642117500305,0.03665174916386604,90.83699035644531,0.07740318030118942,0.05986028537154198,0.05945742130279541,0.05979922041296959,0.05926408991217613
526,0.036331191658973694,90.54270935058594,0.07615151256322861,0.0366385355591774,90.80333709716797,0.07738763839006424,0.05984293669462204,0.059449613094329834,0.05978288874030113,0.05925581604242325
527,0.0363178551197052,90.5101089477539,0.07613669335842133,0.03662538155913353,90.769775390625,0.07737212628126144,0.05982542410492897,0.05944203957915306,0.0597667433321476,0.05924757570028305
528,0.0363045372068882,90.47765350341797,0.07612192630767822,0.036612216383218765,90.73643493652344,0.0773567259311676,0.05980825424194336,0.05943440645933151,0.05975070968270302,0.05923944711685181
529,0.036291252821683884,90.44529724121094,0.0761072039604187,0.036599136888980865,90.70331573486328,0.07734140008687973,0.059791166335344315,0.05942694470286369,0.05973472073674202,0.05923129990696907
530,0.03627799078822136,90.41310119628906,0.07609254866838455,0.036586105823516846,90.67015838623047,0.07732608914375305,0.05977393686771393,0.05941959097981453,0.05971885100007057,0.05922318249940872
531,0.036264754831790924,90.38095092773438,0.07607793807983398,0.03657308965921402,90.63715362548828,0.07731080055236816,0.05975695699453354,0.0594121590256691,0.059703025966882706,0.05921505391597748
532,0.0362514890730381,90.34892272949219,0.0760633796453476,0.03656013309955597,90.60423278808594,0.07729558646678925,0.059740014374256134,0.05940480902791023,0.05968724563717842,0.05920698121190071
533,0.0362381748855114,90.3169937133789,0.07604881376028061,0.036547139286994934,90.57151794433594,0.0772804468870163,0.059723272919654846,0.05939755588769913,0.059671543538570404,0.05919893831014633
534,0.036224860697984695,90.28524780273438,0.07603434473276138,0.03653411194682121,90.53858947753906,0.07726521790027618,0.059706464409828186,0.05939006060361862,0.05965592339634895,0.05919093266129494
535,0.0362115278840065,90.25341796875,0.07601987570524216,0.03652108088135719,90.50579833984375,0.07725004851818085,0.059689778834581375,0.059382662177085876,0.059640299528837204,0.05918290466070175
536,0.03619822487235069,90.22187042236328,0.07600551843643188,0.036508068442344666,90.47325134277344,0.07723498344421387,0.05967329069972038,0.05937536805868149,0.05962493270635605,0.05917489901185036
537,0.0361848883330822,90.19029998779297,0.07599110156297684,0.03649505227804184,90.44058990478516,0.0772198811173439,0.05965668335556984,0.0593680776655674,0.059609465301036835,0.05916690081357956
538,0.036171577870845795,90.15884399414062,0.07597680389881134,0.036482058465480804,90.4081802368164,0.0772048756480217,0.059640441089868546,0.059360720217227936,0.05959412828087807,0.05915892869234085
539,0.0361582450568676,90.12757873535156,0.07596256583929062,0.03646913543343544,90.37577819824219,0.07718987762928009,0.05962399020791054,0.0593535453081131,0.05957891419529915,0.059151023626327515
540,0.0361449308693409,90.09630584716797,0.07594828307628632,0.03645620495080948,90.34352111816406,0.07717493921518326,0.059607744216918945,0.059346266090869904,0.05956367030739784,0.059143051505088806
541,0.03613162413239479,90.06519317626953,0.07593410462141037,0.0364433154463768,90.31148529052734,0.07716009020805359,0.059591587632894516,0.059339139610528946,0.05954856052994728,0.059135135263204575
542,0.03611830994486809,90.03419494628906,0.07591994851827621,0.036430373787879944,90.27925109863281,0.07714515179395676,0.059575315564870834,0.05933191627264023,0.05953354388475418,0.05912724509835243
543,0.03610493615269661,90.00328826904297,0.07590587437152863,0.036417409777641296,90.24735260009766,0.07713036239147186,0.05955928936600685,0.05932483449578285,0.059518665075302124,0.05911935865879059
544,0.03609158471226692,89.97236633300781,0.07589177042245865,0.0364045724272728,90.2155532836914,0.07711562514305115,0.059543266892433167,0.05931772291660309,0.059503715485334396,0.05911153554916382
545,0.03607826679944992,89.9417953491211,0.07587781548500061,0.03639162331819534,90.18388366699219,0.0771009549498558,0.05952746048569679,0.05931062996387482,0.059489063918590546,0.059103723615407944
546,0.036064937710762024,89.91110229492188,0.07586383074522018,0.03637867793440819,90.15229034423828,0.07708629220724106,0.05951162055134773,0.059303540736436844,0.059474315494298935,0.059095852077007294
547,0.03605160117149353,89.88063049316406,0.07584990561008453,0.036365773528814316,90.12092590332031,0.07707175612449646,0.0594959631562233,0.059296615421772,0.059459686279296875,0.0590880885720253
548,0.036038242280483246,89.85025024414062,0.07583602517843246,0.03635283559560776,90.08968353271484,0.07705727219581604,0.0594804547727108,0.05928967893123627,0.05944518744945526,0.059080351144075394
549,0.03602481260895729,89.82012176513672,0.07582227140665054,0.03633986786007881,90.05884552001953,0.07704293727874756,0.05946526676416397,0.059283044189214706,0.05943090841174126,0.05907275155186653
550,0.03601137548685074,89.79010772705078,0.07580851763486862,0.036326952278614044,90.02803039550781,0.07702862471342087,0.05945000797510147,0.059276461601257324,0.059416696429252625,0.059065233916044235
551,0.03599797189235687,89.75999450683594,0.0757947564125061,0.03631399944424629,89.99710083007812,0.07701423764228821,0.05943462625145912,0.05926981940865517,0.059402305632829666,0.05905773863196373
552,0.035984572023153305,89.7301025390625,0.07578109204769135,0.03630107641220093,89.96630859375,0.07699991017580032,0.05941946804523468,0.05926311016082764,0.059388142079114914,0.05905020236968994
553,0.035971157252788544,89.7003173828125,0.07576745003461838,0.03628817945718765,89.93569946289062,0.0769856721162796,0.059404321014881134,0.05925667658448219,0.05937403813004494,0.05904272198677063
554,0.03595772013068199,89.67066955566406,0.07575386762619019,0.03627513721585274,89.90522003173828,0.07697149366140366,0.05938933789730072,0.059250202029943466,0.05935996025800705,0.05903540924191475
555,0.035944171249866486,89.6410903930664,0.07574031502008438,0.03626203164458275,89.87484741210938,0.0769573450088501,0.05937456712126732,0.05924362316727638,0.0593460388481617,0.0590280145406723
556,0.035930559039115906,89.611572265625,0.07572680711746216,0.036248963326215744,89.84445190429688,0.07694320380687714,0.05935974791646004,0.05923709645867348,0.05933215469121933,0.05902063474059105
557,0.03591706231236458,89.58220672607422,0.07571332156658173,0.03623596951365471,89.81422424316406,0.07692912966012955,0.05934518203139305,0.05923048406839371,0.05931835621595383,0.0590132474899292
558,0.03590359538793564,89.55290222167969,0.07569991052150726,0.036223068833351135,89.78404998779297,0.07691507786512375,0.05933048203587532,0.059224046766757965,0.059304699301719666,0.05900585651397705
559,0.03589016571640968,89.5236587524414,0.0756865069270134,0.03621021658182144,89.75379943847656,0.07690100371837616,0.05931567773222923,0.05921761691570282,0.05929103493690491,0.05899849161505699
560,0.03587675467133522,89.49459075927734,0.0756731778383255,0.03619735315442085,89.72393798828125,0.0768870860338211,0.059301313012838364,0.05921122059226036,0.059277474880218506,0.0589911974966526
561,0.03586338832974434,89.46549224853516,0.07565982639789581,0.03618459030985832,89.69418334960938,0.07687322795391083,0.05928701162338257,0.05920485779643059,0.05926389992237091,0.058983877301216125
562,0.03585005924105644,89.43663787841797,0.07564660161733627,0.0361718013882637,89.6643295288086,0.07685932517051697,0.059272732585668564,0.05919838696718216,0.05925063043832779,0.05897654965519905
563,0.035836756229400635,89.40773010253906,0.07563336938619614,0.036159053444862366,89.6346435546875,0.07684548199176788,0.059258460998535156,0.059192098677158356,0.0592372789978981,0.058969248086214066
564,0.03582348674535751,89.37904357910156,0.07562021166086197,0.03614630550146103,89.60499572753906,0.07683169096708298,0.05924434959888458,0.0591857023537159,0.05922407656908035,0.05896201729774475
565,0.0358101949095726,89.35031127929688,0.07560703903436661,0.03613348305225372,89.5755844116211,0.07681797444820404,0.05923040583729744,0.0591794028878212,0.059210844337940216,0.05895474925637245
566,0.035796843469142914,89.32178497314453,0.0755939707159996,0.0361206978559494,89.54623413085938,0.07680430263280869,0.05921649560332298,0.05917314067482948,0.0591978095471859,0.05894756317138672
567,0.03578351065516472,89.29329681396484,0.075580894947052,0.036107923835515976,89.516845703125,0.07679060101509094,0.05920249596238136,0.059166908264160156,0.059184737503528595,0.05894039571285248
568,0.03577018529176712,89.264892578125,0.07556786388158798,0.03609517961740494,89.48760223388672,0.07677698135375977,0.05918854847550392,0.0591607540845871,0.05917176231741905,0.058933258056640625
569,0.03575684502720833,89.236572265625,0.07555488497018814,0.036082424223423004,89.45850372314453,0.07676342874765396,0.05917486175894737,0.05915452912449837,0.0591588094830513,0.05892618000507355
570,0.03574350103735924,89.2083511352539,0.0755419135093689,0.03606964275240898,89.42945098876953,0.07674989104270935,0.059161193668842316,0.059148307889699936,0.059145960956811905,0.05891909450292587
571,0.03573014959692955,89.18018341064453,0.07552900165319443,0.03605687990784645,89.40047454833984,0.07673637568950653,0.05914754420518875,0.05914217606186867,0.05913320556282997,0.058912090957164764
572,0.03571682050824165,89.15215301513672,0.07551613450050354,0.03604420647025108,89.37158203125,0.07672291249036789,0.05913391336798668,0.05913611128926277,0.059120506048202515,0.05890512466430664
573,0.03570353984832764,89.12415313720703,0.07550328224897385,0.03603150323033333,89.34262084960938,0.07670941948890686,0.05912037938833237,0.05912996083498001,0.059107907116413116,0.058898188173770905
574,0.03569025918841362,89.09627532958984,0.07549048960208893,0.03601884841918945,89.31391143798828,0.07669603079557419,0.05910702049732208,0.059123873710632324,0.05909544974565506,0.058891236782073975
575,0.03567700833082199,89.06849670410156,0.07547776401042938,0.036006201058626175,89.28510284423828,0.07668260484933853,0.05909347161650658,0.05911780148744583,0.059083037078380585,0.05888429656624794
576,0.035663753747940063,89.0407943725586,0.07546503096818924,0.035993542522192,89.25659942626953,0.07666931301355362,0.05908028408885002,0.059111788868904114,0.0590706467628479,0.058877408504486084
577,0.035650502890348434,89.01316833496094,0.07545236498117447,0.035980865359306335,89.22809600830078,0.0766560286283493,0.05906713381409645,0.059105709195137024,0.059058357030153275,0.058870475739240646
578,0.03563724830746651,88.98564147949219,0.0754396989941597,0.03596818819642067,89.19969177246094,0.07664278894662857,0.05905403569340706,0.059099674224853516,0.059046126902103424,0.058863572776317596
579,0.035624004900455475,88.95823669433594,0.07542712241411209,0.035955507308244705,89.1713638305664,0.07662958651781082,0.05904088169336319,0.05909373238682747,0.059034012258052826,0.058856673538684845
580,0.03561072051525116,88.93085479736328,0.07541455328464508,0.03594278171658516,89.14317321777344,0.07661643624305725,0.05902790650725365,0.059087760746479034,0.05902190878987312,0.0588497519493103
581,0.03559745475649834,88.90363311767578,0.07540205121040344,0.0359300896525383,89.11507415771484,0.07660333812236786,0.05901496112346649,0.05908184498548508,0.059009943157434464,0.058842919766902924
582,0.035584188997745514,88.87635803222656,0.07538953423500061,0.03591734543442726,89.0871353149414,0.07659030705690384,0.059002164751291275,0.05907599255442619,0.058997880667448044,0.058836065232753754
583,0.035570912063121796,88.8492431640625,0.07537707686424255,0.03590458631515503,89.05924987792969,0.07657730579376221,0.058989472687244415,0.05907003581523895,0.05898601934313774,0.058829233050346375
584,0.035557616502046585,88.82223510742188,0.07536468654870987,0.0358918271958828,89.03136444091797,0.07656430453062057,0.05897678807377815,0.059064097702503204,0.05897420644760132,0.05882245674729347
585,0.035544343292713165,88.79524993896484,0.07535228878259659,0.03587912768125534,89.00357055664062,0.07655134797096252,0.058964114636182785,0.05905824527144432,0.058962445706129074,0.05881566181778908
586,0.03553105145692825,88.76840209960938,0.07533994317054749,0.03586635738611221,88.97576141357422,0.07653839886188507,0.05895157530903816,0.05905222147703171,0.05895078554749489,0.05880891904234886
587,0.03551777824759483,88.74153900146484,0.07532761245965958,0.03585368022322655,88.9481430053711,0.07652550935745239,0.05893891304731369,0.05904646962881088,0.05893910676240921,0.05880216136574745
588,0.035504505038261414,88.71480560302734,0.07531531155109406,0.035840969532728195,88.92069244384766,0.07651270180940628,0.05892656370997429,0.05904058367013931,0.058927521109580994,0.05879545211791992
589,0.0354912094771862,88.6881332397461,0.07530305534601212,0.03582825884222984,88.89318084716797,0.07649988681077957,0.058914124965667725,0.05903472751379013,0.058915991336107254,0.05878874287009239
590,0.03547791764140129,88.66158294677734,0.07529084384441376,0.03581549972295761,88.86566925048828,0.07648704946041107,0.05890175327658653,0.05902869254350662,0.05890454724431038,0.05878199264407158
591,0.03546452522277832,88.63504028320312,0.07527866214513779,0.03580266609787941,88.83848571777344,0.07647435367107391,0.05888962745666504,0.059022802859544754,0.05889316275715828,0.05877520889043808
592,0.03545109182596207,88.60865783691406,0.07526654750108719,0.03578980639576912,88.81130981445312,0.07646166533231735,0.05887743458151817,0.05901700630784035,0.058881841599941254,0.05876848101615906
593,0.03543766587972641,88.58235931396484,0.07525445520877838,0.03577695041894913,88.78440856933594,0.07644908875226974,0.058865491300821304,0.05901127681136131,0.058870598673820496,0.058761853724718094
594,0.03542424738407135,88.55618286132812,0.07524237036705017,0.035764049738645554,88.75737762451172,0.07643645256757736,0.0588533915579319,0.059005483984947205,0.05885936692357063,0.058755263686180115
595,0.03541077300906181,88.53009796142578,0.07523036748170853,0.035751160234212875,88.73072052001953,0.07642398774623871,0.05884150043129921,0.059000007808208466,0.058848265558481216,0.05874870717525482
596,0.035397324711084366,88.5040054321289,0.07521835714578629,0.0357382707297802,88.70408630371094,0.07641150802373886,0.058829549700021744,0.05899457260966301,0.058837004005908966,0.05874226242303848
597,0.03538389503955841,88.47817993164062,0.07520643621683121,0.03572540730237961,88.677490234375,0.076399065554142,0.05881776660680771,0.0589890293776989,0.0588260181248188,0.05873587355017662
598,0.03537051007151604,88.45223236083984,0.07519448548555374,0.035712581127882004,88.65096282958984,0.07638665288686752,0.058805882930755615,0.05898359790444374,0.058814868330955505,0.05872943997383118
599,0.035357121378183365,88.42644500732422,0.07518261671066284,0.03569973632693291,88.62469482421875,0.0763743594288826,0.05879431217908859,0.05897817760705948,0.05880386009812355,0.0587230883538723
600,0.03534376993775368,88.4007568359375,0.07517076283693314,0.035686880350112915,88.59829711914062,0.07636198401451111,0.058782514184713364,0.05897274240851402,0.05879295989871025,0.05871672183275223
601,0.03533041104674339,88.37516784667969,0.07515894621610641,0.03567405790090561,88.57190704345703,0.07634961605072021,0.05877081677317619,0.058967214077711105,0.05878208577632904,0.05871040001511574
602,0.03531716391444206,88.34957122802734,0.07514715194702148,0.035661425441503525,88.54586029052734,0.07633740454912186,0.05875924974679947,0.05896197259426117,0.05877109244465828,0.05870411917567253
603,0.0353039987385273,88.3240966796875,0.07513536512851715,0.03564872220158577,88.51982116699219,0.0763251855969429,0.05874767154455185,0.05895666778087616,0.05876021832227707,0.05869784951210022
604,0.03529077023267746,88.29888153076172,0.07512370496988297,0.03563598915934563,88.49409484863281,0.07631312310695648,0.058736249804496765,0.05895157903432846,0.058749500662088394,0.05869164317846298
605,0.03527754172682762,88.27357482910156,0.07511202245950699,0.03562317043542862,88.46810913085938,0.07630092650651932,0.0587247759103775,0.058946188539266586,0.05873873457312584,0.05868542939424515
606,0.0352642647922039,88.24834442138672,0.07510033249855042,0.0356103852391243,88.44218444824219,0.07628875225782394,0.058713339269161224,0.05894095078110695,0.05872800201177597,0.0586792454123497
607,0.03525101765990257,88.22335815429688,0.07508879899978638,0.03559766709804535,88.41643524169922,0.07627665996551514,0.05870206654071808,0.05893583595752716,0.05871739983558655,0.05867314711213112
608,0.035237815231084824,88.19841766357422,0.07507725059986115,0.03558493033051491,88.39049530029297,0.07626450061798096,0.05869090557098389,0.05893034115433693,0.058706820011138916,0.05866696313023567
609,0.035224635154008865,88.17335510253906,0.07506565004587173,0.03557223454117775,88.36454772949219,0.07625230401754379,0.05867956578731537,0.058924853801727295,0.05869624391198158,0.05866067484021187
610,0.035211510956287384,88.14854431152344,0.07505414634943008,0.03555966913700104,88.33898162841797,0.07624030113220215,0.05866844952106476,0.0589195117354393,0.0586857944726944,0.05865449085831642
611,0.0351984016597271,88.12371826171875,0.07504268735647202,0.035547059029340744,88.31356811523438,0.07622836530208588,0.058657485991716385,0.05891421064734459,0.058675315231084824,0.058648329228162766
612,0.035185307264328,88.09913635253906,0.07503127306699753,0.03553442656993866,88.28799438476562,0.07621634751558304,0.05864642560482025,0.05890876054763794,0.058665066957473755,0.05864216759800911
613,0.03517220541834831,88.07447052001953,0.07501982897520065,0.035521820187568665,88.26263427734375,0.07620441913604736,0.05863550677895546,0.058903373777866364,0.05865469202399254,0.058636002242565155
614,0.035159092396497726,88.05011749267578,0.07500854134559631,0.03550916165113449,88.23751831054688,0.07619260251522064,0.05862472951412201,0.05889817699790001,0.0586446188390255,0.058629922568798065
615,0.03514597937464714,88.02567291259766,0.07499720901250839,0.0354965440928936,88.21238708496094,0.07618078589439392,0.058613814413547516,0.05889309197664261,0.05863434076309204,0.058623939752578735
616,0.035132892429828644,88.00130462646484,0.07498589903116226,0.03548393025994301,88.18730163574219,0.0761689767241478,0.05860304459929466,0.058887895196676254,0.058624133467674255,0.05861792713403702
617,0.03511977940797806,87.9770278930664,0.07497461885213852,0.035471368581056595,88.1624984741211,0.07615729421377182,0.05859227478504181,0.058883052319288254,0.05861394479870796,0.05861198902130127
618,0.035106658935546875,87.9529037475586,0.07496342808008194,0.0354587696492672,88.13772583007812,0.07614564150571823,0.05858176201581955,0.05887804180383682,0.058603912591934204,0.05860614776611328
619,0.03509353846311569,87.92878723144531,0.07495220005512238,0.03544620797038078,88.11334228515625,0.07613414525985718,0.058571431785821915,0.05887326970696449,0.05859389156103134,0.05860026553273201
620,0.03508041426539421,87.90482330322266,0.07494109869003296,0.035433605313301086,88.08881378173828,0.07612259685993195,0.05856102332472801,0.058868441730737686,0.05858397111296654,0.0585944764316082
621,0.035067327320575714,87.88089752197266,0.07492996007204056,0.03542111814022064,88.06441497802734,0.0761110931634903,0.058550696820020676,0.05886359512805939,0.05857410654425621,0.05858861282467842
622,0.035054292529821396,87.85684967041016,0.07491878420114517,0.03540860861539841,88.04014587402344,0.07609964162111282,0.05854053050279617,0.05885874480009079,0.058564044535160065,0.05858278274536133
623,0.03504126891493797,87.83300018310547,0.07490769773721695,0.03539618104696274,88.01602172851562,0.07608826458454132,0.058530330657958984,0.05885409563779831,0.05855422094464302,0.05857694149017334
624,0.03502831235527992,87.8091049194336,0.07489658892154694,0.03538375720381737,87.9920425415039,0.076076939702034,0.05852023884654045,0.05884948745369911,0.05854424461722374,0.058571163564920425
625,0.03501535579562187,87.78545379638672,0.07488557696342468,0.0353713259100914,87.96808624267578,0.07606563717126846,0.05851013958454132,0.0588449202477932,0.058534473180770874,0.058565448969602585
626,0.03500238433480263,87.76181030273438,0.07487457245588303,0.035358913242816925,87.94404602050781,0.07605428993701935,0.05849979817867279,0.05884042754769325,0.058524683117866516,0.058559734374284744
627,0.03498939424753189,87.7381591796875,0.07486359030008316,0.03534653037786484,87.92045593261719,0.07604314386844635,0.058489840477705,0.058836087584495544,0.058514878153800964,0.058554086834192276
628,0.034976452589035034,87.71481323242188,0.07485270500183105,0.035334136337041855,87.89684295654297,0.07603199034929276,0.05847978964447975,0.0588318295776844,0.05850519984960556,0.05854852497577667
629,0.03496352210640907,87.69139099121094,0.07484181970357895,0.03532171994447708,87.87310028076172,0.07602076977491379,0.05846964567899704,0.05882745608687401,0.058495502918958664,0.058542944490909576
630,0.0349506139755249,87.66803741455078,0.07483093440532684,0.035309355705976486,87.84976196289062,0.07600973546504974,0.05845988169312477,0.058823201805353165,0.05848583206534386,0.05853736400604248
631,0.03493772819638252,87.6447982788086,0.07482008635997772,0.03529701381921768,87.82632446289062,0.07599864900112152,0.058449916541576385,0.05881905555725098,0.05847626551985741,0.05853181332349777
632,0.03492486849427223,87.62151336669922,0.07480926066637039,0.035284653306007385,87.80287170410156,0.0759875550866127,0.058440037071704865,0.05881470814347267,0.058466587215662,0.058526329696178436
633,0.034912049770355225,87.59834289550781,0.07479846477508545,0.0352722629904747,87.77938079833984,0.07597644627094269,0.05843017250299454,0.058810267597436905,0.058457013219594955,0.05852077901363373
634,0.03489923104643822,87.57527160644531,0.0747876763343811,0.035259924829006195,87.75609588623047,0.07596541941165924,0.058420322835445404,0.05880604311823845,0.05844751000404358,0.058515265583992004
635,0.034886445850133896,87.55229949951172,0.07477694749832153,0.03524763137102127,87.7330322265625,0.07595451176166534,0.05841073766350746,0.058801814913749695,0.058438073843717575,0.05850978568196297
636,0.03487369045615196,87.52933502197266,0.07476624846458435,0.035235412418842316,87.70996856689453,0.07594358921051025,0.05840100720524788,0.058797769248485565,0.058428604155778885,0.058504365384578705
637,0.03486098721623421,87.50638580322266,0.07475556433200836,0.03522321954369545,87.68698120117188,0.07593271136283875,0.05839148908853531,0.05879351869225502,0.058419302105903625,0.05849883332848549
638,0.03484831005334854,87.48336791992188,0.074744813144207,0.03521105647087097,87.66407012939453,0.07592184841632843,0.05838190019130707,0.05878939852118492,0.058409832417964935,0.05849330499768257
639,0.034835655242204666,87.46052551269531,0.0747341513633728,0.0351988859474659,87.6411361694336,0.07591097801923752,0.05837239325046539,0.058785080909729004,0.058400481939315796,0.05848788470029831
640,0.034823015332221985,87.43780517578125,0.07472354918718338,0.03518667817115784,87.6181869506836,0.0759001150727272,0.058362916111946106,0.058780737221241,0.05839119479060173,0.058482494205236435
641,0.034810371696949005,87.4151382446289,0.07471298426389694,0.03517450392246246,87.59545135498047,0.07588933408260345,0.05835345759987831,0.058776579797267914,0.05838192626833916,0.05847713351249695
642,0.03479772433638573,87.39250183105469,0.07470238953828812,0.035162221640348434,87.57244110107422,0.07587844878435135,0.05834375321865082,0.058772288262844086,0.05837265029549599,0.058471813797950745
643,0.034784946590662,87.3700180053711,0.07469188421964645,0.035149797797203064,87.54973602294922,0.0758676677942276,0.05833440274000168,0.05876797065138817,0.05836343765258789,0.05846656858921051
644,0.034772127866744995,87.34742736816406,0.07468131929636002,0.03513747453689575,87.52709197998047,0.07585693150758743,0.058324869722127914,0.05876387655735016,0.058354176580905914,0.058461256325244904
645,0.03475937619805336,87.32514190673828,0.07467090338468552,0.03512512147426605,87.50440216064453,0.07584617286920547,0.05831553414463997,0.05875959247350693,0.05834510922431946,0.058456070721149445
646,0.03474663943052292,87.3027114868164,0.07466042786836624,0.035112883895635605,87.48192596435547,0.07583551853895187,0.058306142687797546,0.05875559523701668,0.058335963636636734,0.05845081806182861
647,0.03473395109176636,87.28033447265625,0.07464995235204697,0.03510056436061859,87.45942687988281,0.07582484185695648,0.058296915143728256,0.05875140056014061,0.05832674726843834,0.05844563990831375
648,0.03472119942307472,87.25824737548828,0.07463961094617844,0.03508826345205307,87.43701171875,0.07581420987844467,0.05828758701682091,0.05874742567539215,0.05831783637404442,0.05844055861234665
649,0.03470844775438309,87.23599243164062,0.07462922483682632,0.03507596626877785,87.41474914550781,0.07580364495515823,0.05827838182449341,0.058743514120578766,0.0583086833357811,0.05843549966812134
650,0.03469574451446533,87.21392822265625,0.0746188685297966,0.035063695162534714,87.39257049560547,0.07579309493303299,0.058269187808036804,0.058739643543958664,0.0582997091114521,0.058430545032024384
651,0.03468311205506325,87.19187927246094,0.07460856437683105,0.03505149483680725,87.3703842163086,0.07578255236148834,0.05826001986861229,0.05873570591211319,0.05829066410660744,0.05842554569244385
652,0.034670501947402954,87.16989135742188,0.07459826022386551,0.03503934293985367,87.34841918945312,0.07577210664749146,0.05825096741318703,0.05873187258839607,0.05828168988227844,0.05842050909996033
653,0.03465793654322624,87.14797973632812,0.07458797097206116,0.035027265548706055,87.32657623291016,0.07576170563697815,0.05824191868305206,0.058728158473968506,0.05827271193265915,0.05841553211212158
654,0.034645356237888336,87.1260986328125,0.07457772642374039,0.03501516953110695,87.30467224121094,0.07575129717588425,0.05823282524943352,0.05872446671128273,0.058263763785362244,0.05841057002544403
655,0.03463275730609894,87.10432434082031,0.0745675191283226,0.035003043711185455,87.28286743164062,0.07574091851711273,0.05822386592626572,0.05872068554162979,0.05825488641858101,0.058405667543411255
656,0.034620147198438644,87.08250427246094,0.07455729693174362,0.03499095141887665,87.26132202148438,0.07573065906763077,0.058214884251356125,0.05871722847223282,0.0582459419965744,0.05840076506137848
657,0.034607551991939545,87.06082916259766,0.07454711943864822,0.034978870302438736,87.2400131225586,0.07572050392627716,0.058206215500831604,0.05871369689702988,0.05823710188269615,0.05839591473340988
658,0.034595001488924026,87.0392074584961,0.07453697174787521,0.034966811537742615,87.2183837890625,0.07571019977331161,0.05819716304540634,0.05871013179421425,0.0582282729446888,0.05839105322957039
659,0.03458245098590851,87.01761627197266,0.0745268240571022,0.034954722970724106,87.19690704345703,0.07569996267557144,0.0581883005797863,0.058706559240818024,0.05821947380900383,0.05838625878095627
660,0.03456989303231239,86.99602508544922,0.07451670616865158,0.03494265675544739,87.17555236816406,0.07568978518247604,0.05817949399352074,0.05870302766561508,0.05821064114570618,0.05838146433234215
661,0.03455725684762001,86.974609375,0.07450665533542633,0.03493047133088112,87.1541519165039,0.07567959278821945,0.05817053094506264,0.05869969353079796,0.05820193886756897,0.0583767406642437
662,0.03454457223415375,86.95323181152344,0.07449662685394287,0.03491836041212082,87.1331558227539,0.07566956430673599,0.05816185846924782,0.058696448802948,0.05819319933652878,0.05837215483188629
663,0.03453191742300987,86.93199157714844,0.074486643075943,0.03490618243813515,87.11174011230469,0.0756593570113182,0.05815305933356285,0.058692798018455505,0.058184608817100525,0.05836750939488411
664,0.034519296139478683,86.91059875488281,0.07447659969329834,0.03489411622285843,87.09072875976562,0.07564932107925415,0.05814427137374878,0.058689557015895844,0.05817588046193123,0.05836282670497894
665,0.034506723284721375,86.8893814086914,0.07446661591529846,0.03488198295235634,87.06952667236328,0.07563920319080353,0.058135755360126495,0.05868585780262947,0.0581672228872776,0.05835820734500885
666,0.03449418023228645,86.86823272705078,0.07445667684078217,0.03486993536353111,87.04851531982422,0.07562918961048126,0.05812712013721466,0.058682478964328766,0.05815868824720383,0.058353543281555176
667,0.03448164090514183,86.84700012207031,0.0744466781616211,0.03485788404941559,87.02740478515625,0.07561912387609482,0.058118436485528946,0.0586790069937706,0.05815000832080841,0.058348916471004486
668,0.034469109028577805,86.82598876953125,0.07443679869174957,0.034845881164073944,87.00652313232422,0.07560914754867554,0.058109819889068604,0.05867566913366318,0.05814151465892792,0.058344364166259766
669,0.034456606954336166,86.80486297607422,0.07442688941955566,0.034833844751119614,86.98554992675781,0.07559914886951447,0.05810121074318886,0.058672286570072174,0.05813291668891907,0.058339811861515045
670,0.03444409742951393,86.78385925292969,0.07441701740026474,0.03482179716229439,86.96465301513672,0.07558917254209518,0.05809267982840538,0.058668892830610275,0.05812444910407066,0.058335255831480026
671,0.03443160653114319,86.76287841796875,0.07440713793039322,0.03480977565050125,86.94377899169922,0.0755792111158371,0.05808407813310623,0.058665577322244644,0.058115918189287186,0.058330751955509186
672,0.034419141709804535,86.74199676513672,0.07439731806516647,0.0347977913916111,86.92321014404297,0.07556939870119095,0.05807564780116081,0.05866247043013573,0.05810746178030968,0.05832627788186073
673,0.03440668061375618,86.72102355957031,0.07438746094703674,0.03478580340743065,86.90248107910156,0.07555950433015823,0.058067161589860916,0.058659180998802185,0.05809894576668739,0.058321770280599594
674,0.034394241869449615,86.70021057128906,0.07437768578529358,0.03477383777499199,86.88185119628906,0.0755496472120285,0.058058712631464005,0.058655913919210434,0.05809057876467705,0.05831729993224144
675,0.03438182175159454,86.67945098876953,0.07436791807413101,0.03476189076900482,86.86103820800781,0.0755397230386734,0.05805003270506859,0.058652639389038086,0.05808217078447342,0.05831286683678627
676,0.03436943516135216,86.65862274169922,0.07435811311006546,0.03474997356534004,86.84051513671875,0.07552992552518845,0.058041591197252274,0.05864948034286499,0.058073703199625015,0.05830840766429901
677,0.03435705229640007,86.63796997070312,0.07434839010238647,0.03473808616399765,86.81985473632812,0.07552006095647812,0.05803291127085686,0.05864638835191727,0.05806542932987213,0.05830398574471474
678,0.034344688057899475,86.61727905273438,0.0743386521935463,0.034726180136203766,86.79931640625,0.07551026344299316,0.05802441015839577,0.05864329636096954,0.05805698037147522,0.058299627155065536
679,0.034332290291786194,86.59671020507812,0.07432898879051208,0.03471428528428078,86.77877807617188,0.07550044357776642,0.058015938848257065,0.05864012613892555,0.058048732578754425,0.05829530209302902
680,0.0343199148774147,86.57613372802734,0.07431931048631668,0.034702423959970474,86.75823974609375,0.07549063861370087,0.05800730735063553,0.05863715708255768,0.058040469884872437,0.05829095095396042
681,0.03430754318833351,86.5556869506836,0.07430966198444366,0.034690532833337784,86.73787689208984,0.07548091560602188,0.0579989030957222,0.05863414332270622,0.05803225561976433,0.05828666687011719
682,0.034295130521059036,86.53520965576172,0.07430003583431244,0.03467867895960808,86.71765899658203,0.07547125220298767,0.05799044668674469,0.05863125994801521,0.05802397057414055,0.05828241631388664
683,0.03428272902965546,86.51492309570312,0.0742904394865036,0.0346667543053627,86.69746398925781,0.07546159625053406,0.057982150465250015,0.058628302067518234,0.058015864342451096,0.05827823281288147
684,0.034270282834768295,86.49459838867188,0.07428087294101715,0.03465483337640762,86.67710876464844,0.07545186579227448,0.05797382444143295,0.05862515792250633,0.05800776556134224,0.058273978531360626
685,0.03425784036517143,86.47435760498047,0.07427133619785309,0.03464288264513016,86.65697479248047,0.07544223964214325,0.05796559900045395,0.058622196316719055,0.05799976363778114,0.05826975032687187
686,0.03424539789557457,86.45405578613281,0.07426176965236664,0.03463101014494896,86.63668823242188,0.07543254643678665,0.057957131415605545,0.05861929804086685,0.057991523295640945,0.058265652507543564
687,0.03423295170068741,86.43386840820312,0.07425224781036377,0.034619126468896866,86.61663055419922,0.07542295008897781,0.057948824018239975,0.05861657112836838,0.0579834058880806,0.05826156958937645
688,0.03422052040696144,86.41360473632812,0.07424269616603851,0.03460728004574776,86.59675598144531,0.07541342079639435,0.05794072896242142,0.058613814413547516,0.05797509849071503,0.0582575723528862
689,0.03420812264084816,86.39359283447266,0.07423323392868042,0.03459540754556656,86.5769271850586,0.07540391385555267,0.05793256312608719,0.05861116945743561,0.057967111468315125,0.058253537863492966
690,0.03419572114944458,86.37352752685547,0.07422375679016113,0.03458357974886894,86.55716705322266,0.07539444416761398,0.057924311608076096,0.05860862880945206,0.05795896425843239,0.05824955552816391
691,0.034183334559202194,86.35342407226562,0.07421428710222244,0.03457172214984894,86.53762817382812,0.07538507878780365,0.0579163059592247,0.05860608071088791,0.05795077979564667,0.05824555829167366
692,0.03417095169425011,86.33357238769531,0.07420489937067032,0.03455985337495804,86.51786041259766,0.07537560909986496,0.05790809169411659,0.05860340595245361,0.05794285982847214,0.0582415834069252
693,0.034158580005168915,86.31354522705078,0.07419545948505402,0.03454802930355072,86.49836730957031,0.07536625862121582,0.05790001526474953,0.05860096216201782,0.05793468654155731,0.05823764577507973
694,0.03414622321724892,86.29369354248047,0.07418607920408249,0.03453626483678818,86.47895050048828,0.07535696029663086,0.057891931384801865,0.058598592877388,0.05792662873864174,0.05823375657200813
695,0.03413388505578041,86.27397918701172,0.07417675852775574,0.03452443331480026,86.45943450927734,0.07534760981798172,0.05788395553827286,0.05859597399830818,0.05791868269443512,0.05822990462183952
696,0.03412153199315071,86.25409698486328,0.07416735589504242,0.03451255336403847,86.4397964477539,0.07533818483352661,0.057875778526067734,0.05859345197677612,0.05791063606739044,0.05822596698999405
697,0.03410915285348892,86.23435974121094,0.07415804266929626,0.03450075536966324,86.42061614990234,0.07532897591590881,0.0578678660094738,0.058591168373823166,0.05790264531970024,0.05822216719388962
698,0.03409698233008385,86.21461486816406,0.07414872944355011,0.03448919579386711,86.4010238647461,0.07531959563493729,0.0578598789870739,0.058588407933712006,0.05789467319846153,0.058218251913785934
699,0.03408493474125862,86.1949462890625,0.07413942366838455,0.034477606415748596,86.3816146850586,0.07531029731035233,0.0578518845140934,0.05858593434095383,0.05788669362664223,0.05821438133716583
700,0.03407289460301399,86.17536163330078,0.07413017004728317,0.034466035664081573,86.36233520507812,0.07530106604099274,0.057843949645757675,0.05858353152871132,0.05787871405482292,0.058210600167512894
701,0.03406089171767235,86.15579223632812,0.0741209164261818,0.03445446863770485,86.34285736083984,0.07529173791408539,0.05783594399690628,0.0585809201002121,0.05787074938416481,0.05820675939321518
702,0.03404884412884712,86.1362075805664,0.07411165535449982,0.03444291651248932,86.32378387451172,0.07528258860111237,0.05782826244831085,0.05857858806848526,0.0578627847135067,0.058202993124723434
703,0.03403681889176369,86.1167221069336,0.07410245388746262,0.034431345760822296,86.30433654785156,0.07527328282594681,0.057820260524749756,0.058576010167598724,0.05785486847162247,0.058199238032102585
704,0.034024715423583984,86.09722900390625,0.07409325987100601,0.03441975638270378,86.28517150878906,0.0752640888094902,0.05781238526105881,0.05857372656464577,0.057846974581480026,0.05819547176361084
705,0.03401261568069458,86.07779693603516,0.07408406585454941,0.03440811112523079,86.26604461669922,0.07525493204593658,0.05780467018485069,0.058571286499500275,0.057839035987854004,0.058191824704408646
706,0.034000519663095474,86.05835723876953,0.0740748792886734,0.034396521747112274,86.24696350097656,0.07524579018354416,0.057796817272901535,0.058569010347127914,0.057831134647130966,0.05818811058998108
707,0.03398844227194786,86.03894805908203,0.07406571507453918,0.03438486158847809,86.22779846191406,0.07523660361766815,0.05778907239437103,0.05856652930378914,0.05782325565814972,0.058184415102005005
708,0.033976368606090546,86.0196304321289,0.07405658811330795,0.034373171627521515,86.20861053466797,0.07522740960121155,0.0577811598777771,0.05856412276625633,0.05781541019678116,0.058180734515190125
709,0.03396427258849144,86.00023651123047,0.07404742389917374,0.034361496567726135,86.18955993652344,0.07521828263998032,0.05777323246002197,0.05856182053685188,0.057807471603155136,0.05817708000540733
710,0.03395216539502144,85.9810791015625,0.07403835654258728,0.03434978425502777,86.1706771850586,0.07520922273397446,0.05776546895503998,0.05855957046151161,0.05779971554875374,0.058173470199108124
711,0.03394005075097084,85.96182250976562,0.07402925193309784,0.034338101744651794,86.15174865722656,0.0752001479268074,0.05775772035121918,0.05855724960565567,0.0577918104827404,0.05816987529397011
712,0.03392796218395233,85.9426498413086,0.07402020692825317,0.03432643413543701,86.13277435302734,0.07519103586673737,0.057749710977077484,0.058555081486701965,0.05778398737311363,0.05816635489463806
713,0.03391585499048233,85.92361450195312,0.0740111693739891,0.03431487828493118,86.11459350585938,0.07518227398395538,0.057742007076740265,0.05855357646942139,0.057776231318712234,0.05816299095749855
714,0.033903785049915314,85.90453338623047,0.07400215417146683,0.03430331125855446,86.0960922241211,0.07517336308956146,0.05773419886827469,0.058551762253046036,0.05776824429631233,0.05815977603197098
715,0.033891815692186356,85.88558959960938,0.07399316877126694,0.034291822463274,86.07749938964844,0.07516442239284515,0.057726576924324036,0.05854962393641472,0.057760607451200485,0.05815638229250908
716,0.03387986123561859,85.8664321899414,0.07398407906293869,0.034280307590961456,86.05903625488281,0.07515554130077362,0.05771895870566368,0.05854767933487892,0.057752642780542374,0.05815296992659569
717,0.03386790305376053,85.84759521484375,0.07397514581680298,0.03426876291632652,86.04026794433594,0.07514651119709015,0.05771114304661751,0.05854550749063492,0.05774500593543053,0.05814959481358528
718,0.033855948597192764,85.82856750488281,0.07396615296602249,0.03425721451640129,86.0216293334961,0.07513754069805145,0.05770348012447357,0.0585433691740036,0.05773722380399704,0.0581461600959301
719,0.033843982964754105,85.8097152709961,0.07395719736814499,0.03424566239118576,86.00325775146484,0.0751287043094635,0.05769586190581322,0.058541543781757355,0.05772951990365982,0.058142803609371185
720,0.03383202478289604,85.79078674316406,0.0739482119679451,0.03423408418893814,85.9849624633789,0.07511986792087555,0.05768834799528122,0.05853964760899544,0.05772159993648529,0.05813952535390854
721,0.03382004424929619,85.77212524414062,0.07393936067819595,0.03422250226140022,85.96681213378906,0.07511112838983536,0.057681065052747726,0.058537714183330536,0.05771405249834061,0.058136243373155594
722,0.03380811586976051,85.75333404541016,0.07393041998147964,0.0342109389603138,85.94839477539062,0.07510223984718323,0.05767350643873215,0.058535657823085785,0.05770633742213249,0.05813288316130638
723,0.03379622474312782,85.7347640991211,0.07392159104347229,0.034199442714452744,85.93029022216797,0.07509350031614304,0.057665951550006866,0.0585339330136776,0.057698801159858704,0.05812958627939224
724,0.03378433734178543,85.71598052978516,0.07391268014907837,0.03418786823749542,85.91194915771484,0.07508464902639389,0.05765843391418457,0.05853191390633583,0.05769095569849014,0.05812632292509079
725,0.033772438764572144,85.69741821289062,0.07390382140874863,0.03417632728815079,85.89379119873047,0.07507587969303131,0.05765097588300705,0.05852997675538063,0.05768338590860367,0.05812300369143486
726,0.03376055881381035,85.67877197265625,0.07389497011899948,0.03416477143764496,85.87545013427734,0.07506703585386276,0.05764331668615341,0.05852801352739334,0.05767567828297615,0.0581197552382946
727,0.03374869376420975,85.66027069091797,0.07388617843389511,0.03415323793888092,85.85750579833984,0.07505836337804794,0.05763614922761917,0.05852605774998665,0.05766810104250908,0.05811649560928345
728,0.03373681381344795,85.64167785644531,0.07387737184762955,0.03414169326424599,85.83932495117188,0.07504958659410477,0.05762854963541031,0.05852418765425682,0.057660430669784546,0.058113232254981995
729,0.03372492268681526,85.62325286865234,0.07386858016252518,0.03413008898496628,85.82141876220703,0.07504092901945114,0.05762123689055443,0.0585223063826561,0.057652898132801056,0.05810997635126114
730,0.033713001757860184,85.60479736328125,0.0738597959280014,0.03411848470568657,85.80338287353516,0.07503221184015274,0.05761382356286049,0.0585203543305397,0.057645294815301895,0.058106716722249985
731,0.0337010882794857,85.58645629882812,0.07385104149580002,0.03410688415169716,85.78535461425781,0.07502348721027374,0.057606376707553864,0.0585184320807457,0.057637784630060196,0.05810350924730301
732,0.03368915617465973,85.5680160522461,0.07384228706359863,0.03409525379538536,85.76753997802734,0.0750148668885231,0.05759905278682709,0.0585167333483696,0.05763021484017372,0.05810023099184036
733,0.033677224069833755,85.54981994628906,0.07383362203836441,0.03408363088965416,85.74958801269531,0.07500619441270828,0.05759161710739136,0.05851490795612335,0.05762270838022232,0.05809720978140831
734,0.03366526588797569,85.53144836425781,0.07382485270500183,0.03407204523682594,85.7319107055664,0.07499762624502182,0.05758433789014816,0.05851322412490845,0.057615093886852264,0.058094099164009094
735,0.03365335240960121,85.51319885253906,0.07381615787744522,0.034060440957546234,85.71398162841797,0.0749889612197876,0.05757695063948631,0.05851133167743683,0.05760757625102997,0.058091044425964355
736,0.03364145755767822,85.4949722290039,0.073807492852211,0.034048933535814285,85.6963882446289,0.07498044520616531,0.05756966397166252,0.058509670197963715,0.05760003626346588,0.05808805301785469
737,0.03362957388162613,85.4767837524414,0.07379885017871857,0.03403733670711517,85.67852020263672,0.07497178763151169,0.05756243318319321,0.05850767344236374,0.057592540979385376,0.05808502435684204
738,0.03361766040325165,85.45860290527344,0.07379015535116196,0.034025825560092926,85.66085052490234,0.07496324181556702,0.05755491927266121,0.058506205677986145,0.05758502334356308,0.05808201804757118
739,0.033605776727199554,85.44051361083984,0.07378153502941132,0.03401421755552292,85.64287567138672,0.0749545469880104,0.05754774436354637,0.05850398167967796,0.05757753551006317,0.0580790750682354
740,0.03359388932585716,85.42230987548828,0.0737728551030159,0.03400272876024246,85.62527465820312,0.07494601607322693,0.05754043534398079,0.05850229784846306,0.05756999924778938,0.058076053857803345
741,0.03358205780386925,85.40422821044922,0.07376424968242645,0.0339912548661232,85.60772705078125,0.07493750751018524,0.057533226907253265,0.05850060284137726,0.057562459260225296,0.05807315185666084
742,0.03357020765542984,85.3862075805664,0.0737556517124176,0.033979687839746475,85.58991241455078,0.0749288871884346,0.057526033371686935,0.058498580008745193,0.057555023580789566,0.058070216327905655
743,0.03355838358402252,85.36817932128906,0.07374706119298935,0.033968232572078705,85.5724105834961,0.0749204158782959,0.0575188547372818,0.05849691107869148,0.05754755437374115,0.05806726962327957
744,0.03354658931493759,85.35031127929688,0.07373853772878647,0.033956803381443024,85.55488586425781,0.0749119222164154,0.057511620223522186,0.058495230972766876,0.05754018947482109,0.05806441977620125
745,0.03353482857346535,85.332275390625,0.07372993230819702,0.03394540771842003,85.53709411621094,0.07490330189466476,0.05750418081879616,0.05849335715174675,0.0575326606631279,0.05806149169802666
746,0.033523086458444595,85.3143539428711,0.07372137159109116,0.033934034407138824,85.51976776123047,0.07489490509033203,0.057497188448905945,0.05849160999059677,0.057525232434272766,0.05805860459804535
747,0.03351135551929474,85.29647064208984,0.07371284812688828,0.0339227020740509,85.50223541259766,0.07488640397787094,0.057489797472953796,0.05848995968699455,0.05751777067780495,0.05805576965212822
748,0.03349964693188667,85.27860260009766,0.0737043246626854,0.033911366015672684,85.48478698730469,0.07487794756889343,0.05748254433274269,0.058488257229328156,0.0575103834271431,0.05805288255214691
749,0.0334879606962204,85.26072692871094,0.07369579374790192,0.033900029957294464,85.46732330322266,0.07486948370933533,0.05747527256608009,0.058486517518758774,0.05750292167067528,0.05805002897977829
750,0.03347627446055412,85.24298095703125,0.07368732988834381,0.033888671547174454,85.44992065429688,0.0748610645532608,0.057468220591545105,0.05848466977477074,0.057495586574077606,0.05804720148444176
751,0.03346458077430725,85.2251205444336,0.07367879897356033,0.03387732803821564,85.43248748779297,0.0748526006937027,0.057461030781269073,0.05848291143774986,0.05748813971877098,0.05804440751671791
752,0.03345290571451187,85.20755767822266,0.0736704021692276,0.03386605158448219,85.41533660888672,0.07484428584575653,0.05745392292737961,0.05848141387104988,0.057480938732624054,0.058041658252477646
753,0.03344125673174858,85.18968200683594,0.0736619085073471,0.03385474905371666,85.39785766601562,0.07483582198619843,0.057446710765361786,0.05847959965467453,0.05747340992093086,0.058038853108882904
754,0.03342961147427559,85.17208862304688,0.07365349680185318,0.033843521028757095,85.3807373046875,0.07482751458883286,0.05743946135044098,0.05847827345132828,0.05746615678071976,0.05803611874580383
755,0.03341800719499588,85.15442657470703,0.07364504039287567,0.03383228927850723,85.36360931396484,0.07481920719146729,0.057432498782873154,0.05847662314772606,0.05745876207947731,0.058033425360918045
756,0.03340638056397438,85.13684844970703,0.07363665848970413,0.033821091055870056,85.3464584350586,0.07481087744235992,0.05742524191737175,0.05847521126270294,0.05745153874158859,0.05803069844841957
757,0.03339480608701706,85.11919403076172,0.0736282467842102,0.03380992263555527,85.32933807373047,0.07480257749557495,0.05741812661290169,0.058473702520132065,0.05744404345750809,0.058028046041727066
758,0.033383242785930634,85.1016845703125,0.07361987978219986,0.03379874303936958,85.31219482421875,0.07479424774646759,0.05741089954972267,0.05847223475575447,0.057436808943748474,0.05802534520626068
759,0.0333716981112957,85.08405303955078,0.07361145317554474,0.03378758206963539,85.29521179199219,0.07478600740432739,0.05740387737751007,0.05847076326608658,0.05742936208844185,0.058022674173116684
760,0.03336018696427345,85.0666275024414,0.07360311597585678,0.033776529133319855,85.27828979492188,0.07477779686450958,0.05739668384194374,0.058469533920288086,0.057422127574682236,0.05802008882164955
761,0.03334866836667061,85.04916381835938,0.07359477877616882,0.03376539796590805,85.2613525390625,0.07476957142353058,0.057389773428440094,0.05846807733178139,0.057414859533309937,0.05801746994256973
762,0.033337172120809555,85.03174591064453,0.07358642667531967,0.0337543748319149,85.24446868896484,0.07476136088371277,0.05738263577222824,0.0584668330848217,0.05740753188729286,0.058014921844005585
763,0.03332570567727089,85.01441955566406,0.07357817143201828,0.03374333679676056,85.227783203125,0.07475326955318451,0.05737556889653206,0.058465782552957535,0.05740026757121086,0.05801244452595711
764,0.03331424668431282,84.99699401855469,0.07356984913349152,0.03373226150870323,85.21064758300781,0.07474494725465775,0.05736846476793289,0.058464184403419495,0.05739298090338707,0.058009859174489975
765,0.03330281004309654,84.9796371459961,0.07356155663728714,0.03372126817703247,85.19395446777344,0.0747368335723877,0.057361431419849396,0.05846301466226578,0.05738572031259537,0.05800728127360344
766,0.03329140692949295,84.96240234375,0.07355330139398575,0.033710282295942307,85.17681884765625,0.07472852617502213,0.057354070246219635,0.05846159905195236,0.05737855285406113,0.058004796504974365
767,0.03328000754117966,84.94505310058594,0.07354501634836197,0.03369930014014244,85.15992736816406,0.07472030818462372,0.057346876710653305,0.058460257947444916,0.05737125873565674,0.05800223723053932
768,0.03326864913105965,84.9278793334961,0.07353678345680237,0.03368835151195526,85.14328002929688,0.07471222430467606,0.057339947670698166,0.05845898762345314,0.05736403912305832,0.057999759912490845
769,0.03325729817152023,84.9106674194336,0.07352855056524277,0.03367739915847778,85.12616729736328,0.07470390945672989,0.05733267217874527,0.05845743045210838,0.05735688656568527,0.05799718573689461
770,0.03324595466256142,84.89346313476562,0.07352030277252197,0.033666498959064484,85.10977935791016,0.07469592988491058,0.05732586234807968,0.05845632404088974,0.057349734008312225,0.057994600385427475
771,0.03323463350534439,84.87632751464844,0.07351210713386536,0.0336555652320385,85.09300231933594,0.07468777894973755,0.05731872469186783,0.05845506489276886,0.0573425218462944,0.057992130517959595
772,0.03322327882051468,84.85923767089844,0.07350394129753113,0.03364464268088341,85.07616424560547,0.07467960566282272,0.05731166899204254,0.058453671634197235,0.057335395365953445,0.057989638298749924
773,0.03321195766329765,84.84198760986328,0.07349567860364914,0.033633701503276825,85.0594711303711,0.07467148452997208,0.05730466544628143,0.058452390134334564,0.05732814967632294,0.057987093925476074
774,0.03320063278079033,84.82503509521484,0.07348756492137909,0.03362278267741203,85.04290771484375,0.0746634304523468,0.05729776620864868,0.058451153337955475,0.057321105152368546,0.05798467993736267
775,0.033189304172992706,84.80789184570312,0.07347934693098068,0.033611882477998734,85.02629852294922,0.07465536892414093,0.05729078873991966,0.058449942618608475,0.05731385946273804,0.0579821951687336
776,0.03317800536751747,84.79092407226562,0.07347125560045242,0.03360101953148842,85.00975799560547,0.07464730739593506,0.057283785194158554,0.05844878405332565,0.05730680003762245,0.05797979235649109
777,0.033166732639074326,84.77384185791016,0.07346305251121521,0.03359008952975273,84.99293518066406,0.07463913410902023,0.0572766475379467,0.058447327464818954,0.05729956552386284,0.0579773485660553
778,0.03315545246005058,84.75691223144531,0.07345493882894516,0.03357923403382301,84.97650909423828,0.07463114708662033,0.05726969614624977,0.05844623222947121,0.05729250982403755,0.057974882423877716
779,0.03314419463276863,84.73986053466797,0.07344676554203033,0.03356834501028061,84.95973205566406,0.0746229961514473,0.05726257711648941,0.058444857597351074,0.05728522688150406,0.057972464710474014
780,0.03313294053077698,84.72298431396484,0.07343870401382446,0.03355754539370537,84.94325256347656,0.0746149942278862,0.05725549906492233,0.058443836867809296,0.05727823078632355,0.057970039546489716
781,0.033121686428785324,84.70614624023438,0.0734306126832962,0.03354673832654953,84.92667388916016,0.07460694015026093,0.05724840611219406,0.05844268575310707,0.057271119207143784,0.057967688888311386
782,0.033110443502664566,84.68913269042969,0.07342247664928436,0.0335359126329422,84.91004943847656,0.07459884136915207,0.057241424918174744,0.0584413968026638,0.05726400017738342,0.0579652264714241
783,0.03309924155473709,84.67241668701172,0.07341445982456207,0.03352515771985054,84.89371490478516,0.07459089905023575,0.057234473526477814,0.05844037979841232,0.05725708231329918,0.05796286091208458
784,0.03308805450797081,84.65557098388672,0.07340637594461441,0.03351438790559769,84.87712097167969,0.07458281517028809,0.05722731724381447,0.0584392286837101,0.057249996811151505,0.05796046182513237
785,0.033076874911785126,84.63877868652344,0.07339833676815033,0.033503640443086624,84.86067962646484,0.07457482069730759,0.05722031369805336,0.05843816325068474,0.05724292993545532,0.057958099991083145
786,0.03306574001908302,84.62203979492188,0.07339030504226685,0.03349290415644646,84.84423828125,0.07456682622432709,0.05721334367990494,0.0584370456635952,0.05723591148853302,0.0579557903110981
787,0.03305458277463913,84.60535430908203,0.07338228821754456,0.03348216414451599,84.82781219482422,0.07455883175134659,0.05720628798007965,0.058435991406440735,0.05722891539335251,0.057953476905822754
788,0.03304347023367882,84.5886459350586,0.07337428629398346,0.03347150981426239,84.81151580810547,0.07455088198184967,0.057199232280254364,0.05843503028154373,0.05722182244062424,0.0579511933028698
789,0.03303239494562149,84.57203674316406,0.07336632907390594,0.0334608219563961,84.79515075683594,0.07454290986061096,0.05719221383333206,0.05843392387032509,0.057214830070734024,0.05794885754585266
790,0.03302133083343506,84.5553207397461,0.07335827499628067,0.03345011919736862,84.77883911132812,0.07453496754169464,0.057185180485248566,0.05843285471200943,0.05720769986510277,0.05794652923941612
791,0.03301025927066803,84.53875732421875,0.07335032522678375,0.033439408987760544,84.76242065429688,0.07452698796987534,0.05717817321419716,0.05843164399266243,0.05720070004463196,0.05794423073530197
792,0.03299921751022339,84.52226257324219,0.07334239780902863,0.03342875838279724,84.74625396728516,0.07451910525560379,0.05717110261321068,0.058430738747119904,0.05719377100467682,0.057941921055316925
793,0.032988157123327255,84.50570678710938,0.07333444803953171,0.03341802582144737,84.72972869873047,0.07451106607913971,0.057163968682289124,0.05842949450016022,0.057186730206012726,0.05793965607881546
794,0.03297711908817291,84.48905181884766,0.0733264833688736,0.03340734913945198,84.71337127685547,0.0745031088590622,0.057156987488269806,0.05842825025320053,0.05717965215444565,0.057937320321798325
795,0.03296608850359917,84.47257995605469,0.07331857830286026,0.0333966389298439,84.69691467285156,0.0744950920343399,0.05714976042509079,0.0584271177649498,0.057172734290361404,0.057935070246458054
796,0.032955072820186615,84.45613861083984,0.07331066578626633,0.03338595852255821,84.6808090209961,0.07448724657297134,0.057142846286296844,0.05842611566185951,0.05716573819518089,0.05793285369873047
797,0.03294405713677406,84.43963623046875,0.0733027309179306,0.03337528556585312,84.6644058227539,0.07447926700115204,0.057135701179504395,0.058424945920705795,0.0571586973965168,0.0579306036233902
798,0.0329330675303936,84.42317199707031,0.07329483330249786,0.03336460888385773,84.64794921875,0.07447125017642975,0.057128529995679855,0.05842365697026253,0.05715171992778778,0.05792834237217903
799,0.03292208909988403,84.4067153930664,0.07328693568706512,0.033353932201862335,84.63146209716797,0.07446322590112686,0.05712147802114487,0.05842219293117523,0.0571446418762207,0.05792609602212906
800,0.032911140471696854,84.39031219482422,0.07327906787395477,0.033343348652124405,84.61518096923828,0.07445529103279114,0.05711427703499794,0.05842110142111778,0.05713767558336258,0.057923827320337296
801,0.03290022164583206,84.37397003173828,0.07327118515968323,0.033332712948322296,84.59877014160156,0.07444730401039124,0.05710718780755997,0.058419786393642426,0.05713072046637535,0.05792159587144852
802,0.03288930654525757,84.35758972167969,0.07326333969831467,0.03332211822271347,84.58250427246094,0.07443937659263611,0.05710013583302498,0.05841851606965065,0.05712367966771126,0.057919420301914215
803,0.03287839516997337,84.34127807617188,0.0732554942369461,0.03331151232123375,84.56622314453125,0.07443144917488098,0.057093098759651184,0.058417245745658875,0.05711677670478821,0.05791717767715454
804,0.032867491245269775,84.32499694824219,0.07324767112731934,0.03330088406801224,84.54999542236328,0.07442353665828705,0.057085976004600525,0.05841607227921486,0.05710982531309128,0.057914990931749344
805,0.03285658732056618,84.30883026123047,0.07323989272117615,0.03329029306769371,84.53410339355469,0.07441578060388565,0.057078905403614044,0.058415211737155914,0.05710292235016823,0.05791287496685982
806,0.032845694571733475,84.29267883300781,0.07323211431503296,0.03327968344092369,84.5179214477539,0.07440788298845291,0.05707184225320816,0.05841400474309921,0.05709593743085861,0.05791090428829193
807,0.03283475711941719,84.27653503417969,0.07322433590888977,0.03326908499002457,84.50167846679688,0.07439996302127838,0.05706462636590004,0.058412857353687286,0.05708910897374153,0.0579087920486927
808,0.032823845744132996,84.26028442382812,0.073216512799263,0.03325849398970604,84.48563385009766,0.07439211755990982,0.05705750361084938,0.058411817997694016,0.057082127779722214,0.057906679809093475
809,0.03281295299530029,84.24421691894531,0.0732087790966034,0.033247921615839005,84.46942138671875,0.07438420504331589,0.0570504330098629,0.05841054022312164,0.05707532539963722,0.057904601097106934
810,0.03280208632349968,84.22805786132812,0.07320097833871841,0.03323734179139137,84.45332336425781,0.07437634468078613,0.05704331770539284,0.05840945616364479,0.05706840008497238,0.05790252983570099
811,0.03279121220111847,84.2120361328125,0.07319325953722,0.03322678804397583,84.43722534179688,0.07436848431825638,0.05703628063201904,0.05840833857655525,0.0570615790784359,0.05790051445364952
812,0.032780349254608154,84.1959457397461,0.0731855183839798,0.0332162007689476,84.42107391357422,0.07436059415340424,0.057029224932193756,0.058407172560691833,0.05705468729138374,0.05789848789572716
813,0.03276948258280754,84.17997741699219,0.07317783683538437,0.03320565074682236,84.40499114990234,0.07435274124145508,0.05702221021056175,0.0584060400724411,0.05704791843891144,0.05789649859070778
814,0.032758649438619614,84.16397094726562,0.07317012548446655,0.033195070922374725,84.38877868652344,0.07434481382369995,0.05701505392789841,0.05840480700135231,0.05704108253121376,0.057894498109817505
815,0.032747797667980194,84.1479263305664,0.07316236943006516,0.03318443149328232,84.37262725830078,0.07433692365884781,0.057008046656847,0.058403559029102325,0.05703422427177429,0.057892464101314545
816,0.03273695334792137,84.13211059570312,0.07315471768379211,0.03317393735051155,84.3567123413086,0.07432913035154343,0.05700080841779709,0.05840255320072174,0.05702744051814079,0.05789054185152054
817,0.03272614628076553,84.1161117553711,0.0731469914317131,0.03316345065832138,84.34080505371094,0.07432131469249725,0.05699346587061882,0.058401577174663544,0.05702051520347595,0.05788853392004967
818,0.032715361565351486,84.1003189086914,0.07313936203718185,0.033152904361486435,84.32465362548828,0.07431340962648392,0.05698627606034279,0.058400172740221024,0.05701369419693947,0.057886652648448944
819,0.032704561948776245,84.08444213867188,0.07313168048858643,0.033142365515232086,84.30870056152344,0.07430556416511536,0.0569792203605175,0.05839888006448746,0.05700680986046791,0.057884734123945236
820,0.0326937735080719,84.06869506835938,0.07312404364347458,0.03313182294368744,84.29265594482422,0.074297696352005,0.056972209364175797,0.058397408574819565,0.05700016766786575,0.057882677763700485
821,0.032683003693819046,84.05296325683594,0.07311640679836273,0.033121369779109955,84.27684783935547,0.07428992539644241,0.05696507543325424,0.05839626491069794,0.05699340999126434,0.05788072571158409
822,0.032672297209501266,84.03730773925781,0.07310881465673447,0.03311093524098396,84.26067352294922,0.07428198307752609,0.056957777589559555,0.05839477479457855,0.0569867268204689,0.057878751307725906
823,0.03266160562634468,84.02162170410156,0.0731012299656868,0.03310045972466469,84.2446060180664,0.07427410781383514,0.0569506473839283,0.05839327722787857,0.056980058550834656,0.05787678062915802
824,0.032650917768478394,84.00601959228516,0.07309365272521973,0.03309009596705437,84.22875213623047,0.07426629960536957,0.05694335699081421,0.05839220806956291,0.05697343125939369,0.05787479504942894
825,0.03264027088880539,83.99040222167969,0.07308609038591385,0.03307969123125076,84.21272277832031,0.07425843179225922,0.05693624168634415,0.05839072912931442,0.05696667358279228,0.057872921228408813
826,0.03262964263558388,83.97476196289062,0.07307850569486618,0.033069346100091934,84.1968994140625,0.07425064593553543,0.056929029524326324,0.0583895705640316,0.05695995315909386,0.05787093937397003
827,0.032619062811136246,83.95928955078125,0.07307097315788269,0.03305898979306221,84.1806869506836,0.07424268871545792,0.05692160874605179,0.05838806927204132,0.05695338919758797,0.05786903202533722
828,0.03260849043726921,83.9437484741211,0.07306341826915741,0.03304866701364517,84.1648941040039,0.07423491775989532,0.05691439285874367,0.058386918157339096,0.05694666877388954,0.05786709859967232
829,0.03259793296456337,83.92826843261719,0.07305595278739929,0.03303831070661545,84.14868927001953,0.074226975440979,0.056906942278146744,0.05838548392057419,0.05694005265831947,0.057865191251039505
830,0.032587356865406036,83.91275024414062,0.07304840534925461,0.03302798420190811,84.13273620605469,0.07421913743019104,0.056899700313806534,0.05838417261838913,0.056933362036943436,0.05786332115530968
831,0.03257681801915169,83.89750671386719,0.07304099202156067,0.03301773965358734,84.11705780029297,0.07421142607927322,0.056892577558755875,0.058383047580718994,0.05692696198821068,0.05786146968603134
832,0.03256629779934883,83.88214874267578,0.07303352653980255,0.0330074205994606,84.10089874267578,0.0742034837603569,0.05688532814383507,0.05838141217827797,0.05692043527960777,0.05785960704088211
833,0.03255574405193329,83.86660766601562,0.07302595674991608,0.032997023314237595,84.08450317382812,0.07419541478157043,0.05687793344259262,0.058379556983709335,0.056913744658231735,0.05785760655999184
834,0.032545238733291626,83.85137176513672,0.07301852852106094,0.032986752688884735,84.06815338134766,0.07418736070394516,0.0568702258169651,0.05837804824113846,0.05690723657608032,0.05785580724477768
835,0.03253474831581116,83.83599853515625,0.07301102578639984,0.03297640383243561,84.0517578125,0.07417929917573929,0.05686287581920624,0.05837614834308624,0.056900642812252045,0.05785391852259636
836,0.03252425044775009,83.82071685791016,0.07300357520580292,0.03296613320708275,84.03567504882812,0.07417137920856476,0.056855522096157074,0.05837460607290268,0.05689416080713272,0.05785204842686653
837,0.03251379728317261,83.80555725097656,0.07299619168043137,0.032955873757600784,84.01942443847656,0.07416337728500366,0.056848082691431046,0.05837293341755867,0.05688772723078728,0.05785027891397476
838,0.032503362745046616,83.79021453857422,0.07298870384693146,0.03294564411044121,84.00348663330078,0.07415551692247391,0.05684083700180054,0.058371420949697495,0.056881133466959,0.05784840136766434
839,0.032492995262145996,83.77513885498047,0.0729813426733017,0.03293541818857193,83.98723602294922,0.07414751499891281,0.05683349817991257,0.058369629085063934,0.05687468498945236,0.05784669518470764
840,0.032482631504535675,83.75992584228516,0.07297393679618835,0.03292525187134743,83.97122192382812,0.07413963228464127,0.05682613328099251,0.05836809426546097,0.056868284940719604,0.057844799011945724
841,0.03247230127453804,83.7447509765625,0.07296651601791382,0.032915063202381134,83.9552001953125,0.07413171976804733,0.05681874603033066,0.058366551995277405,0.05686172470450401,0.057843055576086044
842,0.032461978495121,83.72969055175781,0.07295914739370346,0.032904915511608124,83.93911743164062,0.0741238072514534,0.05681142583489418,0.05836488679051399,0.05685531720519066,0.05784132704138756
843,0.03245168179273605,83.71456146240234,0.0729517713189125,0.03289483115077019,83.92328643798828,0.07411599904298782,0.05680412799119949,0.05836351215839386,0.056848809123039246,0.05783960223197937
844,0.032441381365060806,83.6995849609375,0.07294444739818573,0.03288468345999718,83.90736389160156,0.07410814613103867,0.05679698660969734,0.05836194008588791,0.056842394173145294,0.05783793702721596
845,0.03243112564086914,83.6845474243164,0.07293711602687836,0.032874610275030136,83.89140319824219,0.07410027831792831,0.05678962916135788,0.05836049094796181,0.056836001574993134,0.057836174964904785
846,0.032420866191387177,83.66950225830078,0.0729297548532486,0.032864514738321304,83.87545013427734,0.07409241795539856,0.05678234621882439,0.058358944952487946,0.056829534471035004,0.057834476232528687
847,0.03241061791777611,83.65452575683594,0.07292243093252182,0.03285447135567665,83.85969543457031,0.07408464699983597,0.056775134056806564,0.05835762992501259,0.056823138147592545,0.05783279240131378
848,0.03240039199590683,83.63956451416016,0.07291512191295624,0.03284435719251633,83.84365844726562,0.07407672703266144,0.05676794424653053,0.05835586413741112,0.05681676045060158,0.05783109366893768
849,0.03239016234874725,83.62456512451172,0.07290779799222946,0.03283436968922615,83.82787322998047,0.07406894862651825,0.05676059052348137,0.05835458263754845,0.056810345500707626,0.05782939866185188
850,0.03237997367978096,83.60968017578125,0.07290051877498627,0.032824255526065826,83.81165313720703,0.07406096160411835,0.05675330013036728,0.05835270136594772,0.05680398643016815,0.057827774435281754
851,0.032369762659072876,83.59468841552734,0.0728931799530983,0.03281426429748535,83.79583740234375,0.07405315339565277,0.056746043264865875,0.05835126340389252,0.05679760500788689,0.057825975120067596
852,0.03235960006713867,83.5798568725586,0.07288596034049988,0.032804280519485474,83.77996063232422,0.07404531538486481,0.056738726794719696,0.05834978446364403,0.05679122358560562,0.057824425399303436
853,0.03234940767288208,83.56494140625,0.0728786513209343,0.03279420733451843,83.76374053955078,0.0740373283624649,0.05673130601644516,0.058348000049591064,0.05678487941622734,0.05782268941402435
854,0.032339226454496384,83.550048828125,0.0728713646531105,0.032784201204776764,83.74787139892578,0.07402949780225754,0.056724075227975845,0.058346398174762726,0.05677849054336548,0.057821039110422134
855,0.03232906386256218,83.53527069091797,0.0728641226887703,0.0327741764485836,83.7319107055664,0.07402161508798599,0.05671679601073265,0.05834473669528961,0.05677221342921257,0.05781944841146469
856,0.03231890872120857,83.52043914794922,0.07285688072443008,0.03276415914297104,83.71600341796875,0.07401376962661743,0.05670957267284393,0.05834304913878441,0.056765858083963394,0.05781778320670128
857,0.032308775931596756,83.50569915771484,0.07284967601299286,0.03275417536497116,83.6999740600586,0.07400587201118469,0.056702084839344025,0.058341458439826965,0.05675961449742317,0.057816144078969955
858,0.03229865804314613,83.49087524414062,0.07284242659807205,0.032744236290454865,83.68408203125,0.07399802654981613,0.05669474974274635,0.05833987146615982,0.05675317719578743,0.05781455710530281
859,0.032288551330566406,83.47608947753906,0.07283519953489304,0.03273431211709976,83.66822814941406,0.07399019598960876,0.05668745934963226,0.05833825841546059,0.056746918708086014,0.05781286582350731
860,0.03227846696972847,83.46139526367188,0.0728280246257782,0.03272436931729317,83.6521224975586,0.07398225367069244,0.05668012052774429,0.058336395770311356,0.056740645319223404,0.05781126767396927
861,0.032268404960632324,83.4466323852539,0.07282079756259918,0.03271444886922836,83.63603210449219,0.07397431880235672,0.056672677397727966,0.05833464488387108,0.056734342128038406,0.05780960991978645
862,0.03225835785269737,83.43193054199219,0.07281359285116196,0.03270459547638893,83.62020874023438,0.07396651059389114,0.05666535720229149,0.058333102613687515,0.0567280612885952,0.05780802294611931
863,0.03224833682179451,83.41728973388672,0.07280644029378891,0.032694701105356216,83.6042251586914,0.073958620429039,0.05665808171033859,0.05833129584789276,0.0567217692732811,0.05780647322535515
864,0.03223831579089165,83.40259552001953,0.07279923558235168,0.032684825360774994,83.58811950683594,0.07395067811012268,0.05665062367916107,0.05832946300506592,0.056715503334999084,0.05780481919646263
865,0.032228317111730576,83.38802337646484,0.07279211282730103,0.03267500177025795,83.5719985961914,0.07394273579120636,0.05664313584566116,0.058327630162239075,0.05670933052897453,0.05780322849750519
866,0.032218337059020996,83.37332916259766,0.0727849081158638,0.03266524523496628,83.55619049072266,0.07393492013216019,0.05663585290312767,0.05832595378160477,0.05670299008488655,0.057801615446805954
867,0.0322083905339241,83.35872650146484,0.07277777045965195,0.03265548497438431,83.5401840209961,0.07392702996730804,0.056628525257110596,0.058323998004198074,0.05669679120182991,0.05779997631907463
868,0.03219851851463318,83.34419250488281,0.0727706328034401,0.03264596313238144,83.52458953857422,0.07391930371522903,0.05662119761109352,0.05832242593169212,0.05669049918651581,0.057798344641923904
869,0.032188743352890015,83.32978820800781,0.07276355475187302,0.032636526972055435,83.5083999633789,0.07391132414340973,0.05661364644765854,0.05832022801041603,0.05668435990810394,0.05779673904180527
870,0.032179057598114014,83.31520080566406,0.07275640964508057,0.0326271615922451,83.49239349365234,0.0739034041762352,0.05660603195428848,0.05831831693649292,0.056678153574466705,0.05779489502310753
871,0.03216947242617607,83.30070495605469,0.07274928689002991,0.03261776641011238,83.47665405273438,0.07389561831951141,0.0565987266600132,0.05831645056605339,0.05667177960276604,0.05779324099421501
872,0.03215983882546425,83.28622436523438,0.07274218648672104,0.032608289271593094,83.46049499511719,0.07388763129711151,0.056591130793094635,0.05831431597471237,0.05666560307145119,0.05779152363538742
873,0.03215016797184944,83.27178955078125,0.07273510843515396,0.03259880095720291,83.44487762451172,0.0738799124956131,0.05658373981714249,0.05831263214349747,0.056659404188394547,0.05778985470533371
874,0.03214053064584732,83.25737762451172,0.07272802293300629,0.032589420676231384,83.42906188964844,0.07387209683656693,0.056576307862997055,0.05831064656376839,0.05665313079953194,0.05778825655579567
875,0.03213101252913475,83.24297332763672,0.0727209746837616,0.03257991746068001,83.41291809082031,0.07386410981416702,0.05656876787543297,0.058308348059654236,0.05664696544408798,0.05778665095567703
876,0.032121431082487106,83.228515625,0.07271384447813034,0.03257047012448311,83.3970947265625,0.07385627925395966,0.056561216711997986,0.05830645561218262,0.056640833616256714,0.057784851640462875
877,0.032111864537000656,83.21418762207031,0.07270678132772446,0.03256101533770561,83.38130187988281,0.07384844869375229,0.05655369907617569,0.0583045557141304,0.05663460120558739,0.057783301919698715
878,0.03210226446390152,83.19994354248047,0.07269978523254395,0.03255150094628334,83.36538696289062,0.07384057343006134,0.0565461590886116,0.058302462100982666,0.0566285215318203,0.057781681418418884
879,0.03209266811609268,83.18558502197266,0.07269271463155746,0.03254202380776405,83.34976196289062,0.07383282482624054,0.05653875693678856,0.05830058082938194,0.05662226304411888,0.05778006464242935
880,0.032083094120025635,83.17139434814453,0.07268574088811874,0.032532576471567154,83.3341064453125,0.07382505387067795,0.056531354784965515,0.058298662304878235,0.056616198271512985,0.05777847766876221
881,0.03207351639866829,83.1571273803711,0.07267872244119644,0.03252311423420906,83.31834411621094,0.07381725311279297,0.05652376264333725,0.05829677730798721,0.056609999388456345,0.057776909321546555
882,0.03206394240260124,83.14302062988281,0.07267177104949951,0.03251359239220619,83.3023910522461,0.07380934804677963,0.05651628598570824,0.05829455330967903,0.05660397559404373,0.057775311172008514
883,0.032054368406534195,83.12881469726562,0.0726647824048996,0.03250417113304138,83.2868881225586,0.0738016664981842,0.0565088614821434,0.05829283967614174,0.056597862392663956,0.05777373164892197
884,0.03204482048749924,83.11470794677734,0.07265780121088028,0.0324946865439415,83.27108001708984,0.07379383593797684,0.05650146305561066,0.05829071253538132,0.05659172683954239,0.057772211730480194
885,0.032035257667303085,83.10063171386719,0.07265087217092514,0.03248529136180878,83.25540924072266,0.07378606498241425,0.05649393051862717,0.058288831263780594,0.05658577382564545,0.05777059495449066
886,0.03202573582530022,83.08648681640625,0.07264390587806702,0.03247587010264397,83.2396469116211,0.07377824187278748,0.0564863495528698,0.05828685313463211,0.056579604744911194,0.057769082486629486
887,0.03201622515916824,83.07241821289062,0.07263697683811188,0.03246646746993065,83.22409057617188,0.07377053797245026,0.05647885426878929,0.05828507989645004,0.05657356604933739,0.057767558842897415
888,0.03200670704245567,83.05839538574219,0.07263007014989853,0.032457057386636734,83.20858764648438,0.07376283407211304,0.05647152662277222,0.058283183723688126,0.05656752735376358,0.05776605382561684
889,0.031997211277484894,83.04425048828125,0.072623111307621,0.032447703182697296,83.19294738769531,0.07375509291887283,0.05646395683288574,0.05828133970499039,0.056561462581157684,0.057764437049627304
890,0.0319877564907074,83.0303955078125,0.07261627167463303,0.032438334077596664,83.1774673461914,0.0737474113702774,0.05645664036273956,0.058279454708099365,0.056555479764938354,0.05776304751634598
891,0.031978290528059006,83.01628112792969,0.07260929048061371,0.03242896497249603,83.16189575195312,0.07373969256877899,0.05644918978214264,0.05827758461236954,0.05654940754175186,0.057761453092098236
892,0.0319688580930233,83.00230407714844,0.07260243594646454,0.03241964802145958,83.14628601074219,0.07373195141553879,0.056441664695739746,0.0582757405936718,0.05654339864850044,0.05775994434952736
893,0.03195944428443909,82.98831939697266,0.07259551435709,0.03241034224629402,83.13085174560547,0.07372429221868515,0.05643433332443237,0.058273911476135254,0.05653734505176544,0.05775846540927887
894,0.031950030475854874,82.97442626953125,0.07258867472410202,0.03240108862519264,83.11551666259766,0.0737166777253151,0.05642680823802948,0.05827237665653229,0.056531403213739395,0.057756975293159485
895,0.031940653920173645,82.96053314208984,0.07258182764053345,0.03239181265234947,83.10002136230469,0.07370899617671967,0.056419409811496735,0.058270540088415146,0.056525424122810364,0.05775557830929756
896,0.031931277364492416,82.946533203125,0.0725749060511589,0.032382555305957794,83.08444213867188,0.07370126247406006,0.05641194432973862,0.05826861038804054,0.056519389152526855,0.057754021137952805
897,0.03192191943526268,82.93269348144531,0.07256809622049332,0.0323733352124691,83.06915283203125,0.0736936703324318,0.05640469118952751,0.058266863226890564,0.05651349574327469,0.05775255709886551
898,0.031912580132484436,82.91877746582031,0.07256123423576355,0.0323641262948513,83.0535888671875,0.07368595153093338,0.05639726296067238,0.05826488509774208,0.056507453322410583,0.057751063257455826
899,0.03190327063202858,82.90487670898438,0.07255437225103378,0.03235494717955589,83.03822326660156,0.07367832213640213,0.05638987571001053,0.05826306715607643,0.056501489132642746,0.057749588042497635
900,0.03189398720860481,82.89106750488281,0.0725475624203682,0.03234580159187317,83.0226821899414,0.07367061078548431,0.056382421404123306,0.05826110020279884,0.056495483964681625,0.05774819850921631
901,0.03188468888401985,82.877197265625,0.07254073768854141,0.03233669698238373,83.00740814208984,0.07366301864385605,0.05637495219707489,0.058259446173906326,0.05648961663246155,0.05774661898612976
902,0.03187544643878937,82.86346435546875,0.07253395766019821,0.03232757747173309,82.99176788330078,0.07365527004003525,0.05636751651763916,0.058257266879081726,0.056483764201402664,0.05774519592523575
903,0.03186620771884918,82.8496322631836,0.07252714782953262,0.032318465411663055,82.9762191772461,0.07364756613969803,0.05635988339781761,0.058255407959222794,0.0564778707921505,0.05774368345737457
904,0.03185700252652168,82.83592224121094,0.07252035290002823,0.032309390604496,82.96102142333984,0.07364001125097275,0.056352537125349045,0.05825372785329819,0.05647199973464012,0.057742226868867874
905,0.031847793608903885,82.82218170166016,0.07251357287168503,0.032300353050231934,82.94570922851562,0.07363240420818329,0.05634504556655884,0.05825197696685791,0.05646608769893646,0.05774083733558655
906,0.031838588416576385,82.80848693847656,0.07250679284334183,0.032291267067193985,82.93028259277344,0.07362474501132965,0.056337494403123856,0.05825016647577286,0.05646023154258728,0.05773938447237015
907,0.03182937949895859,82.79475402832031,0.07250005751848221,0.03228222206234932,82.91496276855469,0.0736171305179596,0.05633007735013962,0.05824834108352661,0.05645441636443138,0.05773789435625076
908,0.031820207834243774,82.78099822998047,0.07249325513839722,0.03227318078279495,82.89968872070312,0.07360954582691193,0.05632268637418747,0.05824651941657066,0.05644849315285683,0.057736437767744064
909,0.03181103244423866,82.76747131347656,0.07248655706644058,0.032264113426208496,82.88440704345703,0.07360195368528366,0.05631544813513756,0.05824454128742218,0.05644278600811958,0.05773502588272095
910,0.03180185332894325,82.7536392211914,0.0724797323346138,0.03225507587194443,82.86897277832031,0.07359430193901062,0.05630785971879959,0.05824271962046623,0.056436799466609955,0.05773350968956947
911,0.031792718917131424,82.7402114868164,0.07247309386730194,0.03224607929587364,82.85388946533203,0.07358680665493011,0.05630069226026535,0.05824095383286476,0.0564311258494854,0.05773217976093292
912,0.031783577054739,82.72647857666016,0.07246631383895874,0.03223711624741554,82.83851623535156,0.07357917726039886,0.05629316344857216,0.05823911726474762,0.05642521381378174,0.05773068964481354
