epoch,cotBeta_mae_metric,loss,slim_rmse_metric,val_cotBeta_mae_metric,val_loss,val_slim_rmse_metric,val_x_mae_metric,val_y_mae_metric,x_mae_metric,y_mae_metric
0,0.2859445810317993,3181.665283203125,0.4571768343448639,0.17476655542850494,1738.495361328125,0.3467482924461365,0.29015499353408813,0.3436012268066406,0.41579580307006836,0.435612291097641
1,0.128205344080925,1064.3604736328125,0.2632337212562561,0.11020807176828384,643.3869018554688,0.210682675242424,0.15408243238925934,0.2021753340959549,0.19705213606357574,0.26572707295417786
2,0.10470794141292572,574.9143676757812,0.19530919194221497,0.09944640845060349,507.9306945800781,0.18713174760341644,0.13633666932582855,0.17223097383975983,0.14143580198287964,0.18394064903259277
3,0.09732279181480408,494.021728515625,0.18104340136051178,0.09464100748300552,457.019287109375,0.17746956646442413,0.13125433027744293,0.15903779864311218,0.1327313929796219,0.16511881351470947
4,0.09318921715021133,439.8544616699219,0.17073659598827362,0.09120166301727295,397.03125,0.165350079536438,0.12634466588497162,0.14044402539730072,0.1280744969844818,0.15036341547966003
5,0.09053974598646164,369.6683349609375,0.1563660055398941,0.08959902822971344,326.73590087890625,0.14987444877624512,0.12016608566045761,0.11345314234495163,0.12270353734493256,0.1266714483499527
6,0.0891776829957962,309.04779052734375,0.14285221695899963,0.08804228156805038,282.6785583496094,0.1392616182565689,0.1131277084350586,0.09787417948246002,0.11607825756072998,0.10411850363016129
7,0.08699371665716171,274.1976623535156,0.1344621479511261,0.08546292036771774,256.3578186035156,0.132502943277359,0.10664624720811844,0.09160847216844559,0.10937447100877762,0.09419817477464676
8,0.08444471657276154,250.60667419433594,0.1284598708152771,0.0830657109618187,236.00205993652344,0.12703458964824677,0.10056014358997345,0.08741866797208786,0.10319216549396515,0.08922336250543594
9,0.08217636495828629,231.6532745361328,0.12342128157615662,0.08096271008253098,219.1277618408203,0.12231556326150894,0.09487491101026535,0.08425737917423248,0.09733850508928299,0.08563219010829926
10,0.08012553304433823,215.8949432373047,0.11906655132770538,0.07903747260570526,205.13864135742188,0.11825655400753021,0.08984600007534027,0.0817924216389656,0.09198285639286041,0.08284714818000793
11,0.07823791354894638,202.92266845703125,0.1153564453125,0.07726504653692245,193.8320770263672,0.11486614495515823,0.08563590794801712,0.07985429465770721,0.0873933658003807,0.08065173029899597
12,0.07653810828924179,192.580078125,0.11230874806642532,0.07567650079727173,185.02291870117188,0.11214794963598251,0.08240101486444473,0.07836896926164627,0.08374463766813278,0.0789269208908081
13,0.0750243067741394,184.5959014892578,0.1098959892988205,0.07425810396671295,178.2847442626953,0.11001871526241302,0.08008996397256851,0.07722967118024826,0.08105534315109253,0.07760818302631378
14,0.07365018874406815,178.45716857910156,0.10800248384475708,0.07295083999633789,173.0413818359375,0.10832978785037994,0.07847850769758224,0.07635702192783356,0.07916462421417236,0.07660267502069473
15,0.07237422466278076,173.60528564453125,0.10648110508918762,0.07172387838363647,168.79977416992188,0.10694283246994019,0.07730764895677567,0.07566855847835541,0.07783347368240356,0.07581989467144012
16,0.07116474211215973,169.61529541015625,0.10521291196346283,0.07054873555898666,165.23240661621094,0.1057620421051979,0.07642502337694168,0.07511021941900253,0.07685624808073044,0.07519658654928207
17,0.07000389695167542,166.21363830566406,0.10411883890628815,0.06941936165094376,162.13534545898438,0.1047263815999031,0.07572151720523834,0.07464227825403214,0.07609891146421432,0.0746869370341301
18,0.06887967139482498,163.22642517089844,0.10314782708883286,0.0683228150010109,159.3765106201172,0.10379563271999359,0.07513123005628586,0.07423704117536545,0.07547847926616669,0.07425878196954727
19,0.067780502140522,160.53953552246094,0.1022658571600914,0.06724709272384644,156.8671417236328,0.10294236987829208,0.0746111273765564,0.07387886196374893,0.07494454085826874,0.07388576865196228
20,0.0666983351111412,158.0744171142578,0.10144945234060287,0.06618326157331467,154.54696655273438,0.102147676050663,0.07413848489522934,0.07355649769306183,0.07447002083063126,0.0735524594783783
21,0.06562981009483337,155.77853393554688,0.10068261623382568,0.0651325061917305,152.37351989746094,0.1013982743024826,0.07370287925004959,0.07325898855924606,0.0740370973944664,0.07324421405792236
22,0.06457222253084183,153.61471557617188,0.09995421022176743,0.06409160792827606,150.31959533691406,0.10068558901548386,0.07329771667718887,0.07297877967357635,0.07363475114107132,0.07295462489128113
23,0.06352823972702026,151.56004333496094,0.09925725311040878,0.06306318193674088,148.3673858642578,0.10000403225421906,0.07291806489229202,0.07270438224077225,0.07325494289398193,0.07267647981643677
24,0.06250020116567612,149.6002960205078,0.09858755022287369,0.062052059918642044,146.50474548339844,0.09934984147548676,0.07256119698286057,0.07243331521749496,0.07289490848779678,0.07240388542413712
25,0.061495259404182434,147.726318359375,0.09794266521930695,0.06107460334897041,144.7241668701172,0.09872084110975266,0.07222459465265274,0.07216185331344604,0.07255281507968903,0.07213205099105835
26,0.0605226531624794,145.9333953857422,0.09732148796319962,0.060132186859846115,143.02110290527344,0.09811592102050781,0.07190362364053726,0.07188910990953445,0.07222683727741241,0.07185883820056915
27,0.059590160846710205,144.2188720703125,0.09672365337610245,0.05922936275601387,141.39378356933594,0.09753472357988358,0.0716000646352768,0.07160941511392593,0.07191493362188339,0.0715821236371994
28,0.058703791350126266,142.58241271972656,0.09614942967891693,0.05837881192564964,139.84207153320312,0.09697739034891129,0.0713120773434639,0.07132593542337418,0.0716152936220169,0.07130260765552521
29,0.05787018686532974,141.02357482910156,0.09559916704893112,0.05758127570152283,138.36746215820312,0.09644483029842377,0.07103676348924637,0.07104351371526718,0.07132747024297714,0.07101989537477493
30,0.05709385126829147,139.5423583984375,0.09507329016923904,0.056842975318431854,136.9696044921875,0.09593718498945236,0.07077324390411377,0.07076609134674072,0.07104844599962234,0.07073849439620972
31,0.056376561522483826,138.1376495361328,0.09457200765609741,0.05615982413291931,135.6443634033203,0.09545347839593887,0.07052101194858551,0.0704968124628067,0.07077819854021072,0.07046099752187729
32,0.055715542286634445,136.80682373046875,0.09409483522176743,0.05552711710333824,134.38035583496094,0.09498977661132812,0.07027231156826019,0.07023952156305313,0.07051689177751541,0.07018895447254181
33,0.05510189011693001,135.54042053222656,0.09363868087530136,0.054932158440351486,133.1609344482422,0.09454009681940079,0.07001766562461853,0.06999286264181137,0.07026161253452301,0.06992330402135849
34,0.0545281320810318,134.3243408203125,0.0931987389922142,0.05436864495277405,131.97837829589844,0.09410200268030167,0.06975772231817245,0.06975684314966202,0.07000754028558731,0.06966487318277359
35,0.05398441478610039,133.15011596679688,0.09277228266000748,0.053828854113817215,130.8304901123047,0.09367493540048599,0.06949513405561447,0.06953086704015732,0.0697542279958725,0.06941604614257812
36,0.05346169322729111,132.01028442382812,0.09235677868127823,0.05330583453178406,129.70855712890625,0.09325593709945679,0.06923091411590576,0.06931459903717041,0.06950243562459946,0.06917731463909149
37,0.05295220762491226,130.89759826660156,0.09194958955049515,0.0527886264026165,128.60707092285156,0.0928429365158081,0.06896700710058212,0.0691073089838028,0.06925149261951447,0.06894929707050323
38,0.05244860798120499,129.80728149414062,0.09154907613992691,0.052274707704782486,127.52388763427734,0.09243526309728622,0.06870425492525101,0.06890896707773209,0.06900058686733246,0.06873160600662231
39,0.05194620043039322,128.7371063232422,0.09115452319383621,0.051760490983724594,126.4563217163086,0.09203208237886429,0.06844333559274673,0.06872130930423737,0.06875097751617432,0.06852400302886963
40,0.051442746073007584,127.6857681274414,0.0907655581831932,0.05124407261610031,125.40584564208984,0.09163393080234528,0.06818538159132004,0.06854622811079025,0.06850386410951614,0.06832680851221085
41,0.050935909152030945,126.65452575683594,0.09038262814283371,0.05072395130991936,124.37252044677734,0.09124084562063217,0.06793053448200226,0.0683787614107132,0.0682607963681221,0.06814058125019073
42,0.05042476952075958,125.6439208984375,0.09000599384307861,0.05020180717110634,123.35923767089844,0.09085406363010406,0.06767816841602325,0.06821773201227188,0.06802146136760712,0.0679638534784317
43,0.049911390990018845,124.65479278564453,0.08963601291179657,0.04968002438545227,122.36476135253906,0.09047311544418335,0.06742701679468155,0.06806372851133347,0.06778533011674881,0.0677962675690651
44,0.049398619681596756,123.68809509277344,0.08927295356988907,0.04916086792945862,121.39187622070312,0.090099036693573,0.06718192994594574,0.06791169941425323,0.06755292415618896,0.06763637065887451
45,0.048888467252254486,122.74407958984375,0.08891700953245163,0.04864633455872536,120.43994140625,0.08973175287246704,0.06694469600915909,0.06776239722967148,0.0673241838812828,0.06748200207948685
46,0.04838431999087334,121.82112121582031,0.08856768161058426,0.0481380894780159,119.50680541992188,0.08937053382396698,0.06671618670225143,0.06761081516742706,0.06709953397512436,0.06733062118291855
47,0.04788844287395477,120.9184799194336,0.088224858045578,0.047640442848205566,118.59273529052734,0.08901561051607132,0.06649422645568848,0.06745630502700806,0.06687915325164795,0.06718098372220993
48,0.04740223288536072,120.03521728515625,0.08788831532001495,0.047155193984508514,117.69696807861328,0.08866697549819946,0.06627900898456573,0.06730037182569504,0.06666387617588043,0.06703253090381622
49,0.046928294003009796,119.17163848876953,0.08755824714899063,0.04668416827917099,116.81880187988281,0.0883244201540947,0.06606991589069366,0.06714124232530594,0.06645413488149643,0.06688518822193146
50,0.046468935906887054,118.3285140991211,0.08723494410514832,0.046227097511291504,115.96218872070312,0.08798936754465103,0.06586704403162003,0.06698106229305267,0.06624923646450043,0.06673829257488251
51,0.04602542147040367,117.50875091552734,0.08691947162151337,0.04578511789441109,115.12921142578125,0.08766263723373413,0.06567046791315079,0.06682007014751434,0.06605049222707748,0.06659281253814697
52,0.04559876397252083,116.71495819091797,0.08661291748285294,0.04536040499806404,114.32283782958984,0.08734559267759323,0.06548135727643967,0.06666198372840881,0.06585921347141266,0.06644947826862335
53,0.04518984630703926,115.94879913330078,0.08631598204374313,0.044954605400562286,113.54651641845703,0.0870395377278328,0.06530298292636871,0.06650789082050323,0.06567522138357162,0.06630923599004745
54,0.04479823634028435,115.21308898925781,0.0860300362110138,0.044566523283720016,112.80306243896484,0.08674587309360504,0.06513360887765884,0.066360704600811,0.06549953669309616,0.06617312878370285
55,0.04442368820309639,114.51097106933594,0.08575639128684998,0.04419514164328575,112.09654998779297,0.08646613359451294,0.06497329473495483,0.06622205674648285,0.06533291935920715,0.06604335457086563
56,0.0440656915307045,113.84354400634766,0.0854954645037651,0.04384010285139084,111.42847442626953,0.08620089292526245,0.06482309103012085,0.06609107553958893,0.06517431885004044,0.065921850502491
57,0.04372499883174896,113.21334075927734,0.08524835109710693,0.04349948838353157,110.80064392089844,0.08595099300146103,0.0646829828619957,0.0659681037068367,0.06502505391836166,0.06580836325883865
58,0.04340098053216934,112.6187515258789,0.08501455932855606,0.043174564838409424,110.2107162475586,0.08571548759937286,0.06454935669898987,0.06585318595170975,0.06488355249166489,0.06570298969745636
59,0.04309244081377983,112.06044006347656,0.08479444682598114,0.042866144329309464,109.65988159179688,0.08549505472183228,0.06442487239837646,0.06574895232915878,0.06475117057561874,0.06560485064983368
60,0.04279965162277222,111.53511047363281,0.08458678424358368,0.04257294163107872,109.14161682128906,0.08528697490692139,0.06430522352457047,0.06565285474061966,0.06462354958057404,0.06551516056060791
61,0.04252050817012787,111.04226684570312,0.08439154177904129,0.04229430481791496,108.66172790527344,0.08509396016597748,0.06420015543699265,0.06556472182273865,0.06450628489255905,0.06543029099702835
62,0.04225809499621391,110.58331298828125,0.08420924097299576,0.04202958568930626,108.20093536376953,0.08490769565105438,0.06408616900444031,0.06548286229372025,0.0643928274512291,0.06535536795854568
63,0.04200133681297302,110.12936401367188,0.08402851223945618,0.04177907109260559,107.78467559814453,0.08473936468362808,0.06400350481271744,0.06540866196155548,0.06427498161792755,0.06527689099311829
64,0.0417749248445034,109.77572631835938,0.08388735353946686,0.04154089838266373,107.37184143066406,0.08457174152135849,0.06388986855745316,0.06533811241388321,0.06421468406915665,0.0652206763625145
65,0.04154464974999428,109.27450561523438,0.08368699997663498,0.04135918617248535,107.02640533447266,0.0844259038567543,0.06372547149658203,0.06534068286418915,0.06397533416748047,0.06517618149518967
66,0.04139801114797592,109.22343444824219,0.08366592228412628,0.04112135246396065,106.65304565429688,0.08427505195140839,0.06366681307554245,0.06522456556558609,0.06420077383518219,0.06513766199350357
67,0.041124001145362854,108.5447769165039,0.08339426666498184,0.04092884808778763,106.3120346069336,0.08413497358560562,0.063569076359272,0.06518149375915527,0.06379592418670654,0.06503520905971527
68,0.040951453149318695,108.3216323852539,0.0833042785525322,0.04074254259467125,106.03836059570312,0.08402255922555923,0.06352932006120682,0.06512334942817688,0.06381519883871078,0.06499294191598892
69,0.04075324907898903,108.02176666259766,0.08318375796079636,0.04055710881948471,105.69487762451172,0.08388204872608185,0.06342124193906784,0.06506740301847458,0.063778817653656,0.06492040306329727
70,0.04057951271533966,107.69346618652344,0.08305149525403976,0.040390338748693466,105.41339874267578,0.08376587182283401,0.06334761530160904,0.0650249496102333,0.06365498900413513,0.06487686187028885
71,0.04041246324777603,107.45270538330078,0.08295419067144394,0.04022705554962158,105.13994598388672,0.083653025329113,0.06327951699495316,0.06497528403997421,0.06363126635551453,0.064829021692276
72,0.04025369882583618,107.15206909179688,0.08283257484436035,0.04007476195693016,104.87877655029297,0.08354482799768448,0.0632079467177391,0.06493682414293289,0.063515305519104,0.0647883266210556
73,0.0401027575135231,106.92800903320312,0.08274161070585251,0.03992578387260437,104.63423919677734,0.08344351500272751,0.06315101683139801,0.06488944590091705,0.06348542124032974,0.06474515050649643
74,0.03995718061923981,106.66455841064453,0.08263478428125381,0.03978525847196579,104.39353942871094,0.08334370702505112,0.06308658421039581,0.06485100835561752,0.06339491903781891,0.06470562517642975
75,0.03981871157884598,106.44644165039062,0.08254621177911758,0.03964950889348984,104.16839599609375,0.08325032889842987,0.0630335882306099,0.06480782479047775,0.06335184723138809,0.06466598808765411
76,0.03968564793467522,106.21556091308594,0.08245251327753067,0.03952134773135185,103.94769287109375,0.08315873891115189,0.0629766508936882,0.06476949900388718,0.06328369677066803,0.06462852656841278
77,0.03955891728401184,106.00553894042969,0.0823671892285347,0.03939824923872948,103.73883056640625,0.0830720067024231,0.06292630732059479,0.0647294893860817,0.0632329061627388,0.0645916610956192
78,0.03943668678402901,105.79878234863281,0.08228316158056259,0.039280060678720474,103.5357437133789,0.08298759162425995,0.06287519633769989,0.06469186395406723,0.06317868828773499,0.0645560771226883
79,0.03931955620646477,105.6007080078125,0.08220263570547104,0.03916623070836067,103.34083557128906,0.0829065665602684,0.06282708048820496,0.06465544551610947,0.06312735378742218,0.06452175974845886
80,0.03920644521713257,105.41068267822266,0.08212538063526154,0.03905604034662247,103.15189361572266,0.08282802999019623,0.06278069317340851,0.06461981683969498,0.06308000534772873,0.06448820233345032
81,0.039097271859645844,105.22528076171875,0.08204999566078186,0.03894910216331482,102.96958923339844,0.08275218307971954,0.06273596733808517,0.06458531320095062,0.06303201615810394,0.06445562839508057
82,0.03899173438549042,105.04798889160156,0.08197784423828125,0.038845308125019073,102.79332733154297,0.08267873525619507,0.06269262731075287,0.0645509660243988,0.06298841536045074,0.06442343443632126
83,0.03888998180627823,104.87500762939453,0.08190744370222092,0.03874508664011955,102.62215423583984,0.08260735124349594,0.06265028566122055,0.06451749801635742,0.06294455379247665,0.06439177691936493
84,0.03879174962639809,104.70835876464844,0.0818396508693695,0.038647741079330444,102.45629119873047,0.08253820240497589,0.06260960549116135,0.06448491662740707,0.06290356069803238,0.0643608421087265
85,0.03869643062353134,104.54556274414062,0.08177339285612106,0.03855283930897713,102.29483032226562,0.08247090876102448,0.06256980448961258,0.06445309519767761,0.06286261230707169,0.06433060765266418
86,0.03860396519303322,104.38799285888672,0.08170928806066513,0.03846055641770363,102.13787841796875,0.08240550011396408,0.06253113597631454,0.06442155689001083,0.0628240555524826,0.06430085748434067
87,0.038514163345098495,104.2339859008789,0.08164660632610321,0.038371115922927856,101.98526000976562,0.08234177529811859,0.06249336153268814,0.0643906518816948,0.06278571486473083,0.06427144259214401
88,0.038426898419857025,104.08490753173828,0.08158591389656067,0.03828377649188042,101.83650970458984,0.08227969706058502,0.06245678290724754,0.06436005234718323,0.06274968385696411,0.0642423927783966
89,0.038341909646987915,103.93875885009766,0.08152644336223602,0.03819906711578369,101.69105529785156,0.08221904933452606,0.06242082267999649,0.06432990729808807,0.06271369010210037,0.06421376764774323
90,0.03825924172997475,103.79634094238281,0.08146853744983673,0.03811648488044739,101.54915618896484,0.0821598693728447,0.06238577514886856,0.06430036574602127,0.06267912685871124,0.06418560445308685
91,0.03817852586507797,103.65716552734375,0.0814119279384613,0.03803618624806404,101.4104232788086,0.08210203796625137,0.06235136836767197,0.06427107006311417,0.06264545768499374,0.0641578659415245
92,0.03810018301010132,103.520751953125,0.08135650306940079,0.0379580520093441,101.2746353149414,0.08204542100429535,0.062317755073308945,0.06424196809530258,0.06261241436004639,0.06413009017705917
93,0.038023825734853745,103.38736724853516,0.0813022255897522,0.037881843745708466,101.14176177978516,0.08198995143175125,0.0622849278151989,0.06421343982219696,0.06258032470941544,0.06410247832536697
94,0.03794926404953003,103.2567367553711,0.08124907314777374,0.037807438522577286,101.01175689697266,0.08193564414978027,0.0622531957924366,0.06418496370315552,0.06254899501800537,0.06407508999109268
95,0.03787640109658241,103.1290283203125,0.08119708299636841,0.03773500397801399,100.88416290283203,0.08188233524560928,0.06222199648618698,0.06415671855211258,0.06251867115497589,0.0640476867556572
96,0.037805669009685516,103.00350189208984,0.08114591985940933,0.037664297968149185,100.75922393798828,0.08183007687330246,0.06219128519296646,0.06412940472364426,0.062488459050655365,0.06402076780796051
97,0.037736352533102036,102.88077545166016,0.08109591156244278,0.03759484365582466,100.63682556152344,0.081778883934021,0.06216113641858101,0.06410261243581772,0.06245921179652214,0.06399418413639069
98,0.03766845539212227,102.75957489013672,0.08104652166366577,0.03752671927213669,100.516357421875,0.0817285105586052,0.06213131546974182,0.064076267182827,0.06242964044213295,0.06396788358688354
99,0.037602052092552185,102.640869140625,0.08099815994501114,0.037460070103406906,100.39807891845703,0.08167902380228043,0.0621020533144474,0.0640503317117691,0.062400978058576584,0.06394188106060028
100,0.03753697872161865,102.52375030517578,0.08095041662454605,0.03739478811621666,100.28177642822266,0.08163034915924072,0.06207329407334328,0.06402482837438583,0.06237233057618141,0.06391603499650955
101,0.03747308626770973,102.40892791748047,0.08090359717607498,0.03733089938759804,100.16753387451172,0.08158252388238907,0.06204504892230034,0.0639994665980339,0.062344614416360855,0.06389034539461136
102,0.03741048648953438,102.29563903808594,0.08085736632347107,0.037268348038196564,100.05514526367188,0.08153541386127472,0.062017470598220825,0.06397437304258347,0.0623169019818306,0.0638648197054863
103,0.037349116057157516,102.18447875976562,0.0808119922876358,0.03720730543136597,99.94465637207031,0.08148909360170364,0.06199047341942787,0.06394937634468079,0.06229005753993988,0.063839390873909
104,0.0372888445854187,102.0745849609375,0.08076711744070053,0.03714778646826744,99.83582305908203,0.0814434364438057,0.06196361780166626,0.06392456591129303,0.062263116240501404,0.06381412595510483
105,0.03722960501909256,101.96669006347656,0.08072306215763092,0.037089306861162186,99.728759765625,0.08139850199222565,0.06193706393241882,0.0638999417424202,0.062237050384283066,0.06378903985023499
106,0.03717154264450073,101.86018371582031,0.08067954331636429,0.037032049149274826,99.62336730957031,0.08135424554347992,0.06191077083349228,0.06387583911418915,0.06221114099025726,0.06376425921916962
107,0.03711460530757904,101.75540161132812,0.08063673973083496,0.03697581961750984,99.51937103271484,0.08131057024002075,0.06188496574759483,0.06385157257318497,0.062185969203710556,0.06373962014913559
108,0.03705860301852226,101.65182495117188,0.08059442788362503,0.036920513957738876,99.4168930053711,0.08126753568649292,0.06185948848724365,0.06382758170366287,0.06216082721948624,0.06371507793664932
109,0.03700350597500801,101.54983520507812,0.08055277168750763,0.03686591982841492,99.31600952148438,0.08122511953115463,0.061834536492824554,0.06380385905504227,0.062136419117450714,0.06369081139564514
110,0.03694915771484375,101.44918823242188,0.08051163703203201,0.036812253296375275,99.2166748046875,0.0811833068728447,0.06180986016988754,0.06378044188022614,0.06211215257644653,0.06366680562496185
111,0.036895666271448135,101.35002899169922,0.08047103881835938,0.036759428679943085,99.11897277832031,0.08114205300807953,0.061785757541656494,0.06375687569379807,0.06208838149905205,0.06364277750253677
112,0.03684297576546669,101.25247955322266,0.08043107390403748,0.03670759126543999,99.022705078125,0.08110133558511734,0.061762042343616486,0.06373367458581924,0.062065232545137405,0.06361879408359528
113,0.03679129108786583,101.15621948242188,0.08039157092571259,0.03665664419531822,98.9278564453125,0.08106118440628052,0.06173880770802498,0.06371048092842102,0.06204218417406082,0.06359517574310303
114,0.03674040734767914,101.0613784790039,0.08035264909267426,0.03660660237073898,98.83439636230469,0.08102159947156906,0.061715804040431976,0.06368792802095413,0.06201963126659393,0.06357187777757645
115,0.036690451204776764,100.96769714355469,0.08031419664621353,0.036557845771312714,98.74232482910156,0.08098258078098297,0.06169307976961136,0.06366536766290665,0.0619971938431263,0.06354877352714539
116,0.03664146736264229,100.87551879882812,0.08027632534503937,0.03651002421975136,98.65148162841797,0.08094405382871628,0.0616706982254982,0.06364289671182632,0.061975445598363876,0.0635257139801979
117,0.03659320995211601,100.78450012207031,0.08023893088102341,0.03646308556199074,98.56187438964844,0.08090604096651077,0.06164857745170593,0.06362069398164749,0.06195402890443802,0.06350286304950714
118,0.036545660346746445,100.69450378417969,0.08020193874835968,0.03641686215996742,98.47343444824219,0.08086852729320526,0.061626654118299484,0.06359894573688507,0.06193273141980171,0.06348027288913727
119,0.036498863250017166,100.60565185546875,0.08016546070575714,0.036371368914842606,98.38628387451172,0.08083153516054153,0.061605148017406464,0.06357745826244354,0.06191188469529152,0.06345797330141068
120,0.03645268455147743,100.51825714111328,0.08012952655553818,0.036326248198747635,98.3004150390625,0.080795057117939,0.061583999544382095,0.06355622410774231,0.06189168989658356,0.0634358748793602
121,0.03640695661306381,100.4316635131836,0.08009390532970428,0.036282025277614594,98.21576690673828,0.08075907081365585,0.06156318262219429,0.06353521347045898,0.06187129765748978,0.06341411918401718
122,0.03636201471090317,100.34657287597656,0.08005888760089874,0.03623838350176811,98.13214874267578,0.08072352409362793,0.06154287979006767,0.06351406872272491,0.06185193359851837,0.06339237093925476
123,0.03631768748164177,100.26253509521484,0.08002429455518723,0.036195285618305206,98.04972076416016,0.08068843930959702,0.06152290105819702,0.06349311023950577,0.061832718551158905,0.06337083131074905
124,0.03627364709973335,100.17955780029297,0.07999008148908615,0.036152277141809464,97.96853637695312,0.0806538537144661,0.06150319054722786,0.06347229331731796,0.0618138313293457,0.06334947049617767
125,0.036230023950338364,100.09781646728516,0.07995637506246567,0.03610972315073013,97.88842010498047,0.08061971515417099,0.06148390844464302,0.06345145404338837,0.06179521605372429,0.06332836300134659
126,0.036187056452035904,100.01705932617188,0.07992305606603622,0.03606799617409706,97.80933380126953,0.08058599382638931,0.0614648200571537,0.0634308010339737,0.06177683174610138,0.06330736726522446
127,0.0361446738243103,99.93716430664062,0.07989006489515305,0.036026667803525925,97.73151397705078,0.08055277168750763,0.06144612282514572,0.06341049820184708,0.06175854429602623,0.06328652054071426
128,0.03610268980264664,99.8586196899414,0.07985763251781464,0.035985540598630905,97.65453338623047,0.08051992207765579,0.06142789125442505,0.06339024007320404,0.06174124404788017,0.06326574832201004
129,0.036061059683561325,99.78083038330078,0.0798254907131195,0.035944949835538864,97.57869720458984,0.08048752695322037,0.06141000986099243,0.06337036192417145,0.06172386556863785,0.06324522197246552
130,0.03602004423737526,99.7041015625,0.0797937735915184,0.03590504452586174,97.50386810302734,0.08045554161071777,0.06139247864484787,0.06335059553384781,0.06170680746436119,0.0632249191403389
131,0.03597947955131531,99.62846374511719,0.07976248115301132,0.035865362733602524,97.42996978759766,0.08042390644550323,0.0613752044737339,0.06333103030920029,0.06169017404317856,0.06320473551750183
132,0.035939279943704605,99.55370330810547,0.0797315388917923,0.03582608699798584,97.35723114013672,0.0803927630186081,0.06135805323719978,0.06331180781126022,0.06167370453476906,0.06318490952253342
133,0.035899434238672256,99.4799575805664,0.07970097661018372,0.0357871912419796,97.28556823730469,0.08036204427480698,0.06134124845266342,0.06329293549060822,0.06165765970945358,0.06316525489091873
134,0.035859838128089905,99.40704345703125,0.07967075705528259,0.03574862703680992,97.21472930908203,0.0803316980600357,0.061324842274188995,0.06327418237924576,0.06164192035794258,0.06314568966627121
135,0.03582062944769859,99.33509826660156,0.0796409323811531,0.035710230469703674,97.14492797851562,0.08030175417661667,0.06130880489945412,0.06325582414865494,0.061626531183719635,0.06312643736600876
136,0.03578169643878937,99.26402282714844,0.07961145043373108,0.03567205369472504,97.07585144042969,0.0802721232175827,0.06129298359155655,0.06323748826980591,0.06161154434084892,0.06310741603374481
137,0.03574296087026596,99.1937026977539,0.07958228886127472,0.03563416376709938,97.0077133178711,0.08024287223815918,0.06127747893333435,0.06321924924850464,0.061596788465976715,0.06308857351541519
138,0.03570450097322464,99.12435913085938,0.07955345511436462,0.035596348345279694,96.94060516357422,0.0802140161395073,0.06126217916607857,0.06320097297430038,0.06158221885561943,0.06306980550289154
139,0.03566626086831093,99.05604553222656,0.07952501624822617,0.03555846959352493,96.87444305419922,0.08018548786640167,0.061247073113918304,0.06318317353725433,0.06156792491674423,0.06305134296417236
140,0.035628024488687515,98.98883056640625,0.07949697971343994,0.0355207733809948,96.80911254882812,0.0801573246717453,0.06123219057917595,0.06316529959440231,0.06155407801270485,0.06303322315216064
141,0.03559010475873947,98.92220306396484,0.07946918159723282,0.03548335283994675,96.74433135986328,0.08012939244508743,0.06121762469410896,0.06314747035503387,0.06154033914208412,0.06301520019769669
142,0.03555251657962799,98.85611724853516,0.0794416144490242,0.035446152091026306,96.6802978515625,0.08010176569223404,0.0612032413482666,0.06312988698482513,0.061526525765657425,0.06299737840890884
143,0.03551525995135307,98.79097747802734,0.07941444218158722,0.03540912643074989,96.6168441772461,0.08007435500621796,0.0611891970038414,0.0631122887134552,0.06151316687464714,0.06297967582941055
144,0.03547819331288338,98.72650146484375,0.07938750088214874,0.03537225350737572,96.55400848388672,0.08004721254110336,0.06117541342973709,0.06309477984905243,0.06150006502866745,0.06296207755804062
145,0.03544134274125099,98.6626205444336,0.07936083525419235,0.035335492342710495,96.49181365966797,0.08002034574747086,0.061161819845438004,0.06307728588581085,0.06148713827133179,0.06294461339712143
146,0.03540471941232681,98.59930419921875,0.07933437824249268,0.035298824310302734,96.4301986694336,0.07999373227357864,0.06114847585558891,0.06305984407663345,0.061474356800317764,0.06292727589607239
147,0.03536814823746681,98.53682708740234,0.07930826395750046,0.035262398421764374,96.36912536621094,0.07996731996536255,0.061135582625865936,0.06304224580526352,0.06146219000220299,0.06290997564792633
148,0.03533194959163666,98.47502136230469,0.07928239554166794,0.03522622212767601,96.30880737304688,0.07994120568037033,0.06112275645136833,0.06302477419376373,0.061450012028217316,0.062892846763134
149,0.03529588133096695,98.41368103027344,0.07925669848918915,0.03519020602107048,96.2490005493164,0.07991534471511841,0.06111011654138565,0.06300725042819977,0.06143796816468239,0.06287577748298645
150,0.035260170698165894,98.35298919677734,0.07923129945993423,0.035154469311237335,96.18984985351562,0.0798896998167038,0.06109759211540222,0.06298969686031342,0.06142619624733925,0.06285884231328964
151,0.03522471711039543,98.29297637939453,0.07920616120100021,0.03511872515082359,96.13117980957031,0.07986428588628769,0.061085157096385956,0.06297218054533005,0.061414558440446854,0.06284216046333313
152,0.03518928214907646,98.23345947265625,0.07918119430541992,0.03508303314447403,96.07281494140625,0.07983898371458054,0.061072804033756256,0.06295444071292877,0.061403002589941025,0.06282556056976318
153,0.03515416011214256,98.17463684082031,0.07915647327899933,0.035047560930252075,96.01506042480469,0.07981394976377487,0.06106055527925491,0.06293686479330063,0.061391670256853104,0.06280916929244995
154,0.03511921688914299,98.11617279052734,0.07913196831941605,0.03501221910119057,95.95769500732422,0.07978909462690353,0.061048392206430435,0.06291937083005905,0.06138034909963608,0.06279290467500687
155,0.03508446738123894,98.05810546875,0.0791076123714447,0.03497698903083801,95.90081787109375,0.07976444065570831,0.06103644520044327,0.06290189176797867,0.06136907637119293,0.06277681142091751
156,0.03504982590675354,98.00056457519531,0.07908346503973007,0.0349418967962265,95.8442153930664,0.07973991334438324,0.06102454662322998,0.0628843680024147,0.06135808303952217,0.06276070326566696
157,0.035015445202589035,97.9435806274414,0.07905953377485275,0.03490715101361275,95.78823852539062,0.07971566170454025,0.06101275607943535,0.06286703050136566,0.06134718284010887,0.06274475157260895
158,0.034981075674295425,97.88702392578125,0.07903578132390976,0.034872498363256454,95.73282623291016,0.07969164848327637,0.061001066118478775,0.06284983456134796,0.06133631616830826,0.06272878497838974
159,0.034946929663419724,97.83086395263672,0.0790122002363205,0.03483816981315613,95.67788696289062,0.0796678215265274,0.06098943203687668,0.06283260881900787,0.06132537126541138,0.06271297484636307
160,0.034912995994091034,97.77527618408203,0.07898881286382675,0.03480388596653938,95.62339782714844,0.07964419573545456,0.06097795441746712,0.06281530112028122,0.06131459027528763,0.06269719451665878
161,0.03487909957766533,97.72016143798828,0.07896561920642853,0.034769657999277115,95.56936645507812,0.07962075620889664,0.06096655875444412,0.06279805302619934,0.06130402907729149,0.06268148869276047
162,0.034845270216464996,97.66545867919922,0.07894255965948105,0.03473540395498276,95.51580047607422,0.07959748059511185,0.06095528230071068,0.06278064101934433,0.06129356473684311,0.06266584992408752
163,0.034811388701200485,97.6112060546875,0.07891970127820969,0.034701112657785416,95.46253967285156,0.079574353992939,0.0609440803527832,0.0627632588148117,0.06128329038619995,0.06265021860599518
164,0.034777652472257614,97.55738067626953,0.07889699935913086,0.03466680645942688,95.40971374511719,0.07955138385295868,0.060933034867048264,0.0627460777759552,0.061273060739040375,0.06263480335474014
165,0.03474397212266922,97.50391387939453,0.07887442409992218,0.034632716327905655,95.35736846923828,0.07952863723039627,0.060922157019376755,0.06272896379232407,0.06126292422413826,0.06261938810348511
166,0.03471055626869202,97.45083618164062,0.07885203510522842,0.0345987044274807,95.30541229248047,0.0795060470700264,0.06091146916151047,0.0627119392156601,0.06125279515981674,0.06260416656732559
167,0.034677162766456604,97.39812469482422,0.07882974296808243,0.03456477075815201,95.2537612915039,0.07948359102010727,0.06090089678764343,0.06269504129886627,0.061242785304784775,0.06258901208639145
168,0.034643881022930145,97.34566497802734,0.07880761474370956,0.03453095629811287,95.20249938964844,0.07946128398180008,0.06089048460125923,0.06267821788787842,0.06123281642794609,0.06257403641939163
169,0.03461076691746712,97.29371643066406,0.07878562808036804,0.03449741750955582,95.15181732177734,0.07943916320800781,0.06088018789887428,0.0626615658402443,0.0612228624522686,0.06255926191806793
170,0.034577690064907074,97.2423095703125,0.07876379787921906,0.03446381911635399,95.10144805908203,0.07941712439060211,0.06086977198719978,0.0626450851559639,0.06121312081813812,0.0625448152422905
171,0.03454479202628136,97.19127655029297,0.07874210923910141,0.03443042188882828,95.05144500732422,0.07939523458480835,0.06085938215255737,0.06262890249490738,0.06120343506336212,0.06253059208393097
172,0.03451209142804146,97.14039611816406,0.07872049510478973,0.03439706191420555,95.00169372558594,0.07937341183423996,0.060849010944366455,0.06261275708675385,0.06119357421994209,0.06251656264066696
173,0.034479524940252304,97.08989715576172,0.07869895547628403,0.03436371311545372,94.95230102539062,0.07935173809528351,0.06083861365914345,0.06259682029485703,0.0611836276948452,0.06250261515378952
174,0.034446895122528076,97.03953552246094,0.07867754995822906,0.03433028236031532,94.90311431884766,0.07933016121387482,0.06082842871546745,0.06258074194192886,0.061173759400844574,0.06248863413929939
175,0.03441430255770683,96.98951721191406,0.07865624874830246,0.03429696708917618,94.85430908203125,0.07930877059698105,0.06081845983862877,0.06256471574306488,0.06116408109664917,0.06247458606958389
176,0.034381505101919174,96.93987274169922,0.0786350890994072,0.034263528883457184,94.80587005615234,0.07928748428821564,0.06080861762166023,0.06254895031452179,0.06115453317761421,0.062460608780384064
177,0.03434878587722778,96.89058685302734,0.07861407101154327,0.034230295568704605,94.75778198242188,0.07926637679338455,0.06079879403114319,0.06253322213888168,0.061145100742578506,0.0624469630420208
178,0.03431617468595505,96.84135437011719,0.07859306037425995,0.03419707342982292,94.70980072021484,0.07924531400203705,0.060788970440626144,0.06251737475395203,0.06113556772470474,0.06243320554494858
179,0.03428309038281441,96.79237365722656,0.07857213914394379,0.03416282311081886,94.662109375,0.07922439277172089,0.060779184103012085,0.06250165402889252,0.06112612411379814,0.062419380992650986
180,0.03424950689077377,96.74380493164062,0.07855135202407837,0.03412848338484764,94.61476135253906,0.07920359075069427,0.06076952815055847,0.062486112117767334,0.06111687421798706,0.06240574270486832
181,0.034216009080410004,96.69541931152344,0.0785306841135025,0.03409452363848686,94.56776428222656,0.07918291538953781,0.06075983867049217,0.06247063726186752,0.06110752001404762,0.062392234802246094
182,0.03418267145752907,96.64742279052734,0.0785101056098938,0.03406061977148056,94.52091979980469,0.07916231453418732,0.06075030565261841,0.06245515123009682,0.06109829246997833,0.0623786635696888
183,0.03414960205554962,96.59944152832031,0.07848954945802689,0.03402725234627724,94.47444152832031,0.07914187014102936,0.060740914195775986,0.0624396875500679,0.061089128255844116,0.06236499547958374
184,0.034116581082344055,96.55166625976562,0.07846906036138535,0.033993832767009735,94.42819213867188,0.07912153750658035,0.06073160097002983,0.06242413446307182,0.0610801987349987,0.06235109269618988
185,0.03408367559313774,96.50423431396484,0.07844874262809753,0.03396053984761238,94.38229370117188,0.07910136878490448,0.06072235479950905,0.062408898025751114,0.06107139587402344,0.06233737990260124
186,0.03405080363154411,96.45674133300781,0.07842838019132614,0.033927302807569504,94.33649444580078,0.0790812224149704,0.060713209211826324,0.062393683940172195,0.06106238812208176,0.06232374534010887
187,0.03401792421936989,96.40953063964844,0.07840816676616669,0.03389393538236618,94.29090118408203,0.07906118780374527,0.06070410832762718,0.06237856671214104,0.06105360388755798,0.062310174107551575
188,0.03398510068655014,96.3624267578125,0.07838796824216843,0.033860959112644196,94.2456283569336,0.07904127985239029,0.060695063322782516,0.062363527715206146,0.06104489415884018,0.06229650601744652
189,0.03395253047347069,96.31549835205078,0.07836786657571793,0.03382793813943863,94.20049285888672,0.07902141660451889,0.060686077922582626,0.06234870105981827,0.061036285012960434,0.06228289753198624
190,0.03392000123858452,96.26876068115234,0.07834780216217041,0.03379489481449127,94.1555404663086,0.07900161296129227,0.06067704036831856,0.06233394891023636,0.061027854681015015,0.06226925551891327
191,0.03388744965195656,96.22201538085938,0.0783277377486229,0.03376173600554466,94.11077880859375,0.07898185402154922,0.06066790968179703,0.06231923773884773,0.06101910024881363,0.06225583329796791
192,0.033854834735393524,96.17558288574219,0.07830777019262314,0.03372851759195328,94.06632232666016,0.07896219193935394,0.06065893545746803,0.06230458617210388,0.06101061776280403,0.06224239990115166
193,0.03382214158773422,96.12922668457031,0.07828781753778458,0.033695291727781296,94.02202606201172,0.07894258201122284,0.06064992398023605,0.062290217727422714,0.06100204959511757,0.06222907826304436
194,0.03378951922059059,96.08320617675781,0.07826796174049377,0.03366214781999588,93.97786712646484,0.07892303913831711,0.060640912503004074,0.06227590888738632,0.060993608087301254,0.062215983867645264
195,0.03375682979822159,96.03712463378906,0.07824810594320297,0.03362877294421196,93.93379211425781,0.07890354841947556,0.06063190475106239,0.062261637300252914,0.06098508834838867,0.06220288574695587
196,0.03372390940785408,95.9913101196289,0.07822833210229874,0.03359542042016983,93.8899154663086,0.07888413965702057,0.0606229305267334,0.06224730983376503,0.06097681447863579,0.06218976527452469
197,0.033690862357616425,95.94544982910156,0.07820853590965271,0.03356194868683815,93.84614562988281,0.07886476069688797,0.06061391904950142,0.06223306432366371,0.06096845865249634,0.06217658892273903
198,0.033657729625701904,95.89981842041016,0.07818885147571564,0.033528562635183334,93.80265808105469,0.07884549349546432,0.06060497835278511,0.062219005078077316,0.06096029281616211,0.06216345727443695
199,0.033624760806560516,95.85431671142578,0.07816915214061737,0.03349548205733299,93.7593994140625,0.07882628589868546,0.06059606745839119,0.06220517307519913,0.060952071100473404,0.06215054169297218
200,0.033591996878385544,95.80892944335938,0.07814949005842209,0.033462557941675186,93.71627807617188,0.07880711555480957,0.06058720499277115,0.06219122186303139,0.06094382330775261,0.06213755160570145
201,0.03355919569730759,95.76356506347656,0.0781298279762268,0.033429406583309174,93.67317962646484,0.07878796011209488,0.060578323900699615,0.06217721104621887,0.060935575515031815,0.06212453544139862
202,0.033526550978422165,95.71825408935547,0.07811020314693451,0.033396534621715546,93.6302490234375,0.07876888662576675,0.06056941673159599,0.06216319277882576,0.06092733144760132,0.06211140379309654
203,0.033493999391794205,95.67301177978516,0.07809057086706161,0.03336348012089729,93.58736419677734,0.07874982059001923,0.06056051328778267,0.06214910373091698,0.060919035226106644,0.06209826469421387
204,0.0334613099694252,95.62776184082031,0.07807096093893051,0.03333029896020889,93.54457092285156,0.07873078435659409,0.060551583766937256,0.0621349923312664,0.060910772532224655,0.06208503618836403
205,0.03342857211828232,95.58251953125,0.07805135101079941,0.03329714387655258,93.50186157226562,0.07871180027723312,0.060542646795511246,0.062120985239744186,0.060902394354343414,0.06207181140780449
206,0.03339584916830063,95.53733825683594,0.07803173363208771,0.033264122903347015,93.4592514038086,0.07869283854961395,0.0605337917804718,0.062106903642416,0.06089399382472038,0.06205856427550316
207,0.03336314857006073,95.4922866821289,0.07801219075918198,0.03323100879788399,93.41690063476562,0.07867397367954254,0.060525037348270416,0.06209299713373184,0.06088577210903168,0.06204534322023392
208,0.03333025053143501,95.44729614257812,0.07799263298511505,0.03319782763719559,93.37445831298828,0.07865506410598755,0.06051632761955261,0.06207907572388649,0.06087750196456909,0.06203233823180199
209,0.03329723700881004,95.40235137939453,0.07797307521104813,0.0331643708050251,93.33194732666016,0.07863613218069077,0.06050774082541466,0.062065184116363525,0.06086937338113785,0.06201929599046707
210,0.03326403722167015,95.35741424560547,0.07795356214046478,0.03313096612691879,93.28943634033203,0.07861720025539398,0.06049906834959984,0.062051236629486084,0.060861214995384216,0.06200633943080902
211,0.03323076292872429,95.3124771118164,0.07793401926755905,0.03309747204184532,93.24697875976562,0.0785982757806778,0.06049036607146263,0.062037356197834015,0.060852985829114914,0.061993442475795746
212,0.03319740667939186,95.2675552368164,0.07791449874639511,0.033063970506191254,93.20464324951172,0.0785793885588646,0.06048162654042244,0.062023669481277466,0.06084476783871651,0.06198057532310486
213,0.03316405043005943,95.22286224365234,0.07789504528045654,0.03303041309118271,93.16224670410156,0.07856051623821259,0.06047296151518822,0.06201016902923584,0.06083677336573601,0.06196800619363785
214,0.03313073515892029,95.1781005859375,0.07787557691335678,0.03299688920378685,93.11978912353516,0.07854161411523819,0.06046431511640549,0.061996545642614365,0.0608285628259182,0.06195560097694397
215,0.0330972783267498,95.1333236694336,0.07785611599683762,0.032963234931230545,93.07735443115234,0.07852273434400558,0.06045567989349365,0.06198275089263916,0.06082061678171158,0.061942923814058304
216,0.033063892275094986,95.08851623535156,0.07783664017915726,0.03292975574731827,93.03490447998047,0.07850384712219238,0.060446981340646744,0.061968956142663956,0.06081262230873108,0.061930205672979355
217,0.0330304354429245,95.0436019897461,0.07781711220741272,0.03289614990353584,92.99250030517578,0.07848497480154037,0.06043824553489685,0.06195513531565666,0.060804497450590134,0.061917368322610855
218,0.032996948808431625,94.99871826171875,0.0777975544333458,0.03286273032426834,92.95014190673828,0.07846610993146896,0.06042945757508278,0.06194140762090683,0.0607965886592865,0.061904482543468475
219,0.032963454723358154,94.95381164550781,0.07777804136276245,0.032829247415065765,92.9077377319336,0.07844723761081696,0.060420673340559006,0.06192764267325401,0.06078862398862839,0.06189153715968132
220,0.03293006122112274,94.908935546875,0.07775848358869553,0.032795872539281845,92.86541748046875,0.07842840999364853,0.06041193753480911,0.06191406399011612,0.0607805959880352,0.06187871843576431
221,0.032896678894758224,94.8641586303711,0.07773894816637039,0.03276241943240166,92.82321166992188,0.07840961217880249,0.060403209179639816,0.06190047785639763,0.060772694647312164,0.06186594069004059
222,0.03286308795213699,94.81938171386719,0.07771946489810944,0.0327288843691349,92.7809066772461,0.07839077711105347,0.06039445474743843,0.06188681349158287,0.06076478213071823,0.061853136867284775
223,0.03282956779003143,94.77458953857422,0.07769987732172012,0.032695475965738297,92.73863220214844,0.07837193459272385,0.06038561090826988,0.061873193830251694,0.06075676530599594,0.06184026226401329
224,0.03279615566134453,94.7298583984375,0.07768035680055618,0.03266196697950363,92.6962890625,0.07835305482149124,0.060376785695552826,0.06185944005846977,0.06074879691004753,0.06182748079299927
225,0.032762762159109116,94.68497467041016,0.07766076922416687,0.03262873739004135,92.65401458740234,0.07833420485258102,0.06036778539419174,0.0618458092212677,0.060740627348423004,0.06181459128856659
226,0.032729167491197586,94.64009094238281,0.07764117419719696,0.03259524703025818,92.61174774169922,0.0783153548836708,0.060358814895153046,0.06183222681283951,0.06073242798447609,0.06180175021290779
227,0.032695431262254715,94.59521484375,0.07762157917022705,0.03256193548440933,92.56959533691406,0.07829655706882477,0.06034982204437256,0.06181874871253967,0.06072438135743141,0.06178891286253929
228,0.03266162425279617,94.5502700805664,0.07760193943977356,0.03252854198217392,92.5274658203125,0.07827776670455933,0.060340914875268936,0.06180540472269058,0.060716256499290466,0.061776116490364075
229,0.03262775391340256,94.50540161132812,0.07758234441280365,0.032494984567165375,92.48528289794922,0.0782589465379715,0.0603320337831974,0.061792243272066116,0.060708291828632355,0.061763375997543335
230,0.03259388357400894,94.4604263305664,0.07756270468235016,0.03246140852570534,92.4430923461914,0.07824014127254486,0.06032317504286766,0.06177910789847374,0.06070021167397499,0.061750661581754684
231,0.03255998715758324,94.41552734375,0.07754306495189667,0.03242776542901993,92.40106201171875,0.07822135835886002,0.06031438335776329,0.061766136437654495,0.06069217622280121,0.061738137155771255
232,0.032526079565286636,94.37059020996094,0.07752344757318497,0.0323939323425293,92.3591079711914,0.07820258289575577,0.06030556932091713,0.06175299361348152,0.06068411469459534,0.061725616455078125
233,0.032492198050022125,94.32559967041016,0.0775037333369255,0.03235989809036255,92.31716918945312,0.07818381488323212,0.06029677763581276,0.06173978000879288,0.060676150023937225,0.06171281263232231
234,0.03245825320482254,94.28060913085938,0.07748401165008545,0.0323258601129055,92.27522277832031,0.07816503942012787,0.06028794124722481,0.06172659248113632,0.06066826730966568,0.061699919402599335
235,0.03242412582039833,94.23567962646484,0.07746432721614838,0.03229156881570816,92.23316192626953,0.07814619690179825,0.06027907505631447,0.06171343848109245,0.060660362243652344,0.061687223613262177
236,0.03238987922668457,94.19082641601562,0.0774446576833725,0.03225712105631828,92.19114685058594,0.07812736183404922,0.06027020141482353,0.06170034408569336,0.06065249443054199,0.06167447939515114
237,0.03235563635826111,94.14599609375,0.07742495834827423,0.03222266584634781,92.14915466308594,0.07810848951339722,0.060261357575654984,0.061687253415584564,0.06064465269446373,0.061661746352910995
238,0.03232143446803093,94.10128784179688,0.07740528881549835,0.0321882925927639,92.10729217529297,0.07808969914913177,0.06025249511003494,0.061674267053604126,0.060636866837739944,0.061649128794670105
239,0.03228725865483284,94.05657958984375,0.07738564163446426,0.03215395659208298,92.06537628173828,0.07807087153196335,0.060243673622608185,0.061661217361688614,0.06062914803624153,0.061636555939912796
240,0.03225318714976311,94.01170349121094,0.0773659497499466,0.03211990371346474,92.02349853515625,0.07805206626653671,0.060234811156988144,0.06164826825261116,0.060621216893196106,0.061624057590961456
241,0.03221925348043442,93.9668960571289,0.07734622806310654,0.03208601102232933,91.98161315917969,0.07803328335285187,0.0602259524166584,0.061635345220565796,0.06061331555247307,0.06161155551671982
242,0.03218529373407364,93.92208862304688,0.07732652127742767,0.032052136957645416,91.9397201538086,0.07801447808742523,0.060217034071683884,0.06162247434258461,0.060605525970458984,0.06159907579421997
243,0.032151371240615845,93.87712097167969,0.07730678468942642,0.03201811760663986,91.89778900146484,0.077995665371418,0.060208193957805634,0.06160961464047432,0.06059763953089714,0.06158658117055893
244,0.03211737051606178,93.83223724365234,0.07728707045316696,0.031984079629182816,91.85581970214844,0.07797684520483017,0.06019929051399231,0.06159676983952522,0.06058986112475395,0.06157409027218819
245,0.03208343684673309,93.7872314453125,0.07726728916168213,0.03195011243224144,91.81381225585938,0.07795802503824234,0.06019040569663048,0.061583977192640305,0.06058203801512718,0.061561644077301025
246,0.03204946219921112,93.7421646118164,0.0772475078701973,0.03191622719168663,91.77181243896484,0.07793920487165451,0.060181569308042526,0.06157127022743225,0.060574132949113846,0.06154921278357506
247,0.03201550990343094,93.6971206665039,0.07722774147987366,0.03188236802816391,91.72972869873047,0.07792036980390549,0.060172729194164276,0.06155863404273987,0.06056634709239006,0.061536796391010284
248,0.03198150545358658,93.6519775390625,0.07720792293548584,0.03184859827160835,91.68766784667969,0.07790151983499527,0.06016382575035095,0.06154605373740196,0.06055843457579613,0.06152438372373581
249,0.03194757550954819,93.60681915283203,0.07718806713819504,0.03181491047143936,91.64556121826172,0.07788265496492386,0.060154885053634644,0.06153346225619316,0.06055045872926712,0.061512064188718796
250,0.031913746148347855,93.56175231933594,0.0771682932972908,0.03178125247359276,91.60340881347656,0.07786379009485245,0.060145895928144455,0.06152108684182167,0.06054266542196274,0.06149977073073387
251,0.03188006207346916,93.51653289794922,0.0771484524011612,0.031747665256261826,91.5613021850586,0.07784491777420044,0.06013688072562218,0.06150877848267555,0.06053466349840164,0.06148754060268402
252,0.031846363097429276,93.47136688232422,0.07712862640619278,0.03171402961015701,91.51921844482422,0.07782606780529022,0.06012791395187378,0.06149647757411003,0.06052682176232338,0.06147525832056999
253,0.03181273117661476,93.42621612548828,0.07710876315832138,0.03168052062392235,91.47705078125,0.07780718803405762,0.06011899188160896,0.06148422509431839,0.060519006103277206,0.06146300956606865
254,0.03177927806973457,93.38103485107422,0.07708895206451416,0.03164723888039589,91.43496704101562,0.07778831571340561,0.06011003628373146,0.061472032219171524,0.06051110476255417,0.06145087629556656
255,0.03174601495265961,93.33587646484375,0.07706911116838455,0.03161396458745003,91.39283752441406,0.0777694433927536,0.06010106950998306,0.06145990639925003,0.0605032816529274,0.06143873929977417
256,0.03171282261610031,93.29071044921875,0.07704929262399673,0.03158081695437431,91.35065460205078,0.0777505561709404,0.060092099010944366,0.06144782155752182,0.06049537658691406,0.061426710337400436
257,0.03167957067489624,93.24549102783203,0.07702944427728653,0.03154773637652397,91.30850982666016,0.0777316763997078,0.06008310988545418,0.06143577769398689,0.06048748269677162,0.0614146813750267
258,0.0316464900970459,93.20035552978516,0.07700963318347931,0.03151505067944527,91.26646423339844,0.07771284133195877,0.060074079781770706,0.061423443257808685,0.060479678213596344,0.061402469873428345
259,0.03161364793777466,93.15518188476562,0.07698981463909149,0.0314825177192688,91.22443389892578,0.07769401371479034,0.060065072029829025,0.06141132861375809,0.06047181040048599,0.06139025092124939
260,0.031580906361341476,93.11009216308594,0.07696999609470367,0.03145012632012367,91.1824722290039,0.0776752308011055,0.06005605310201645,0.061399467289447784,0.06046401336789131,0.06137818098068237
261,0.03154834732413292,93.06494903564453,0.07695019990205765,0.031417883932590485,91.14056396484375,0.07765645533800125,0.06004701182246208,0.06138762831687927,0.060456108301877975,0.06136623024940491
262,0.03151601552963257,93.01985931396484,0.07693040370941162,0.03138576075434685,91.09870147705078,0.0776376947760582,0.060037944465875626,0.06137591600418091,0.060448285192251205,0.061354346573352814
263,0.031483832746744156,92.97484588623047,0.07691062241792679,0.031353823840618134,91.05687713623047,0.07761896401643753,0.060028791427612305,0.06136424094438553,0.060440339148044586,0.06134252995252609
264,0.031451836228370667,92.92993927001953,0.07689090073108673,0.031322181224823,91.01510620117188,0.07760027796030045,0.06001964211463928,0.06135251745581627,0.060432516038417816,0.06133079528808594
265,0.03142009302973747,92.88505554199219,0.07687120884656906,0.03129075840115547,90.97338104248047,0.07758159935474396,0.06001049280166626,0.06134071573615074,0.06042455509305,0.06131912022829056
266,0.03138848394155502,92.84025573730469,0.0768515020608902,0.03125942125916481,90.9317398071289,0.07756293565034866,0.06000138074159622,0.06132904440164566,0.06041659042239189,0.061307456344366074
267,0.03135722130537033,92.79554748535156,0.0768318772315979,0.031228208914399147,90.8901596069336,0.07754429429769516,0.05999217554926872,0.0613175630569458,0.06040830910205841,0.06129619851708412
268,0.03132610023021698,92.75081634521484,0.07681217044591904,0.031197335571050644,90.84866333007812,0.07752568274736404,0.05998308211565018,0.06130623817443848,0.06040005385875702,0.06128485128283501
269,0.03129531815648079,92.70651245117188,0.07679267972707748,0.031166845932602882,90.8073501586914,0.0775071531534195,0.05997394770383835,0.06129484996199608,0.06039230152964592,0.0612734854221344
270,0.03126480057835579,92.66219329833984,0.07677315920591354,0.03113676607608795,90.76609802246094,0.07748866826295853,0.059964824467897415,0.06128348037600517,0.0603843554854393,0.0612620934844017
271,0.031234586611390114,92.6178970336914,0.07675369083881378,0.03110674023628235,90.72478485107422,0.07747013866901398,0.059955719858407974,0.06127209588885307,0.060376353561878204,0.0612507127225399
272,0.03120446763932705,92.57379913330078,0.076734259724617,0.031077023595571518,90.68350982666016,0.07745165377855301,0.05994662269949913,0.06126067787408829,0.060368575155735016,0.06123926863074303
273,0.031174642965197563,92.52976989746094,0.076714888215065,0.031047586351633072,90.64241790771484,0.07743324339389801,0.05993767827749252,0.06124937906861305,0.06036071479320526,0.06122793257236481
274,0.031145136803388596,92.48583984375,0.0766955316066742,0.03101845271885395,90.60147094726562,0.07741490751504898,0.05992874130606651,0.06123805418610573,0.06035282090306282,0.061216600239276886
275,0.03111591935157776,92.44205474853516,0.07667629420757294,0.03098946250975132,90.56060791015625,0.07739661633968353,0.05991978198289871,0.06122686341404915,0.06034490838646889,0.06120534986257553
276,0.031086867675185204,92.39839935302734,0.07665706425905228,0.030960706993937492,90.51982116699219,0.07737832516431808,0.059910815209150314,0.06121564656496048,0.06033701449632645,0.061194173991680145
277,0.03105822391808033,92.3548583984375,0.07663789391517639,0.030932536348700523,90.47932434082031,0.07736016809940338,0.059901874512434006,0.06120443716645241,0.06032903119921684,0.06118299439549446
278,0.031029926612973213,92.3115005493164,0.0766187533736229,0.030904632061719894,90.43890380859375,0.07734204828739166,0.059892985969781876,0.0611933209002018,0.060321200639009476,0.06117177754640579
279,0.03100193478167057,92.26817321777344,0.07659967243671417,0.03087708353996277,90.39860534667969,0.07732398062944412,0.05988413468003273,0.06118220463395119,0.06031329557299614,0.06116057559847832
280,0.030974194407463074,92.22506713867188,0.07658064365386963,0.03084968589246273,90.3583984375,0.07730595767498016,0.05987530201673508,0.06117120385169983,0.060305409133434296,0.061149436980485916
281,0.030946576967835426,92.18202209472656,0.07656166702508926,0.0308223906904459,90.31837463378906,0.07728799432516098,0.05986642464995384,0.06116022542119026,0.060297515243291855,0.06113830953836441
282,0.030919149518013,92.1390380859375,0.07654270529747009,0.030795123428106308,90.27838134765625,0.07727008312940598,0.059857625514268875,0.061149220913648605,0.06028960272669792,0.06112712621688843
283,0.030891889706254005,92.09613037109375,0.07652382552623749,0.03076818585395813,90.23851776123047,0.07725221663713455,0.05984882637858391,0.06113826856017113,0.060281798243522644,0.06111600622534752
284,0.030864838510751724,92.0533676147461,0.07650496810674667,0.03074159286916256,90.19884490966797,0.07723445445299149,0.05984005331993103,0.06112738698720932,0.06027402728796005,0.06110487878322601
285,0.030838079750537872,92.01065063476562,0.07648617029190063,0.030715469270944595,90.15933990478516,0.0772167518734932,0.059831373393535614,0.06111651659011841,0.060266077518463135,0.06109379976987839
286,0.030811764299869537,91.96798706054688,0.0764673501253128,0.03068980947136879,90.11996459960938,0.07719908654689789,0.05982271954417229,0.061105601489543915,0.06025800108909607,0.06108275055885315
287,0.030786018818616867,91.92552947998047,0.07644862681627274,0.03066466562449932,90.0807113647461,0.07718146592378616,0.05981406196951866,0.061094723641872406,0.06025001034140587,0.06107160076498985
288,0.030760494992136955,91.88336944580078,0.0764300748705864,0.030639545992016792,90.04158782958984,0.07716389000415802,0.05980541929602623,0.06108394265174866,0.06024227291345596,0.06106049194931984
289,0.03073510341346264,91.8414077758789,0.07641156017780304,0.030614633113145828,90.00261688232422,0.07714640349149704,0.059796810150146484,0.061073336750268936,0.06023450195789337,0.06104951351881027
290,0.030709827318787575,91.7995834350586,0.07639310508966446,0.030589593574404716,89.9637680053711,0.07712893933057785,0.059788186103105545,0.06106296926736832,0.06022673845291138,0.06103872135281563
291,0.03068440593779087,91.75790405273438,0.07637470215559006,0.030564526095986366,89.92499542236328,0.07711149007081985,0.059779562056064606,0.0610526017844677,0.060219015926122665,0.06102804094552994
292,0.030659114941954613,91.7164077758789,0.07635638862848282,0.030539702624082565,89.88642120361328,0.07709416002035141,0.05977092310786247,0.06104225665330887,0.06021144613623619,0.061017319560050964
293,0.0306340754032135,91.67501068115234,0.07633812725543976,0.030515063554048538,89.8479995727539,0.07707686722278595,0.05976235866546631,0.06103171780705452,0.06020386144518852,0.06100654602050781
294,0.030609378591179848,91.63371276855469,0.0763198658823967,0.03049083985388279,89.80976104736328,0.07705967128276825,0.05975373834371567,0.06102115288376808,0.06019618734717369,0.06099570915102959
295,0.03058486618101597,91.59260559082031,0.07630173861980438,0.030466804280877113,89.77159881591797,0.07704252004623413,0.059745121747255325,0.061010632663965225,0.06018858402967453,0.06098489463329315
296,0.030560631304979324,91.55168914794922,0.07628365606069565,0.030443042516708374,89.73359680175781,0.0770254135131836,0.059736549854278564,0.06100005656480789,0.06018100678920746,0.06097406893968582
297,0.03053656779229641,91.51101684570312,0.07626569271087646,0.030419358983635902,89.69575500488281,0.07700840383768082,0.05972801521420479,0.06098954752087593,0.06017358973622322,0.06096326932311058
298,0.030512729659676552,91.47039031982422,0.07624778151512146,0.0303959958255291,89.65802764892578,0.07699144631624222,0.05971958860754967,0.0609789602458477,0.06016600504517555,0.060952503234148026
299,0.030489042401313782,91.42988586425781,0.07622988522052765,0.0303727425634861,89.62039947509766,0.0769745260477066,0.05971112847328186,0.06096823886036873,0.060158517211675644,0.060941535979509354
300,0.030465561896562576,91.38961791992188,0.07621213048696518,0.03034975565969944,89.58293151855469,0.07695768773555756,0.05970269441604614,0.060957569628953934,0.0601511187851429,0.06093054264783859
301,0.030442189425230026,91.34967803955078,0.07619444280862808,0.030326394364237785,89.54580688476562,0.07694093883037567,0.05969439819455147,0.06094717979431152,0.060143742710351944,0.06091984361410141
302,0.030418798327445984,91.30989074707031,0.07617680728435516,0.030303405597805977,89.50896453857422,0.07692430168390274,0.05968615412712097,0.060936976224184036,0.060136448591947556,0.06090928241610527
303,0.030395707115530968,91.2703857421875,0.07615932077169418,0.030280668288469315,89.4723129272461,0.07690775394439697,0.05967794731259346,0.060926709324121475,0.060129281133413315,0.06089870259165764
304,0.03037291020154953,91.23103332519531,0.076141856610775,0.030258089303970337,89.43586730957031,0.07689129561185837,0.05966978520154953,0.06091637536883354,0.06012209504842758,0.06088811531662941
305,0.03035031072795391,91.19171142578125,0.07612447440624237,0.030235769227147102,89.39956665039062,0.07687488943338394,0.05966169759631157,0.06090608984231949,0.060114867985248566,0.06087755039334297
306,0.030327986925840378,91.15265655517578,0.07610715925693512,0.03021368198096752,89.36345672607422,0.07685857266187668,0.05965372174978256,0.060895804315805435,0.06010771915316582,0.06086692959070206
307,0.03030581772327423,91.11375427246094,0.07608992606401443,0.030191689729690552,89.3275146484375,0.07684231549501419,0.05964583531022072,0.060885440558195114,0.06010063365101814,0.060856375843286514
308,0.030283888801932335,91.07504272460938,0.07607278972864151,0.030170002952218056,89.2917251586914,0.07682617008686066,0.05963805690407753,0.06087515130639076,0.060093481093645096,0.06084581837058067
309,0.03026222251355648,91.03641510009766,0.07605569064617157,0.03014848567545414,89.25609588623047,0.0768100768327713,0.05963035300374031,0.06086483597755432,0.060086365789175034,0.060835205018520355
310,0.030240768566727638,90.99805450439453,0.07603869587182999,0.030127165839076042,89.2206039428711,0.07679403573274612,0.05962274596095085,0.06085445359349251,0.06007938086986542,0.06082463264465332
311,0.03021951951086521,90.95976257324219,0.07602174580097198,0.03010600432753563,89.18527221679688,0.07677806913852692,0.05961518734693527,0.060844000428915024,0.06007230654358864,0.060814082622528076
312,0.030198371037840843,90.921630859375,0.07600484043359756,0.030084971338510513,89.15007019042969,0.07676218450069427,0.05960769206285477,0.06083361431956291,0.06006533280014992,0.06080345809459686
313,0.030177420005202293,90.8835220336914,0.07598794996738434,0.03006417490541935,89.11499786376953,0.07674632966518402,0.05960025265812874,0.06082329526543617,0.060058195143938065,0.06079292297363281
314,0.030156712979078293,90.84563446044922,0.07597116380929947,0.03004354238510132,89.08001708984375,0.07673055678606033,0.059592824429273605,0.060812946408987045,0.06005127355456352,0.06078234314918518
315,0.03013620525598526,90.80794525146484,0.07595447450876236,0.03002316877245903,89.04515838623047,0.07671482115983963,0.05958547815680504,0.060802701860666275,0.06004434823989868,0.0607718899846077
316,0.03011581115424633,90.77029418945312,0.07593782246112823,0.03000289388000965,89.01041412353516,0.0766991525888443,0.059578172862529755,0.060792405158281326,0.060037434101104736,0.06076136976480484
317,0.030095506459474564,90.7328872680664,0.07592126727104187,0.029982617124915123,88.97583770751953,0.07668355852365494,0.05957094952464104,0.06078222393989563,0.06003059074282646,0.06075092405080795
318,0.03007527068257332,90.69554901123047,0.0759047269821167,0.02996254339814186,88.94145965576172,0.07666803896427155,0.05956379696726799,0.06077208369970322,0.06002369523048401,0.06074047088623047
319,0.030055323615670204,90.65833282470703,0.0758882537484169,0.02994294837117195,88.90718078613281,0.07665257900953293,0.0595567487180233,0.06076186150312424,0.060016877949237823,0.060729969292879105
320,0.030035724863409996,90.62134552001953,0.07587184756994247,0.02992357313632965,88.87290954589844,0.07663711160421371,0.05954965949058533,0.060751449316740036,0.0600101500749588,0.060719382017850876
321,0.030016493052244186,90.58456420898438,0.07585553824901581,0.029904605820775032,88.83892822265625,0.07662176340818405,0.05954259634017944,0.06074110418558121,0.06000348553061485,0.06070880591869354
322,0.02999749779701233,90.54782104492188,0.07583925873041153,0.029885780066251755,88.80516052246094,0.07660651206970215,0.05953558534383774,0.060730788856744766,0.05999671295285225,0.0606982447206974
323,0.02997858077287674,90.51132202148438,0.07582304626703262,0.02986694872379303,88.7715835571289,0.07659130543470383,0.05952855572104454,0.060720644891262054,0.059989988803863525,0.0606878325343132
324,0.029959816485643387,90.4749984741211,0.07580692321062088,0.02984812669456005,88.73828887939453,0.07657624036073685,0.05952167510986328,0.06071050092577934,0.05998319387435913,0.06067746877670288
325,0.029941082000732422,90.43893432617188,0.0757908746600151,0.029829423874616623,88.70515441894531,0.07656121999025345,0.059514861553907394,0.06070037931203842,0.05997646972537041,0.060667216777801514
326,0.029922466725111008,90.40303039550781,0.0757749080657959,0.029811067506670952,88.67219543457031,0.07654626667499542,0.05950797349214554,0.060690347105264664,0.059969812631607056,0.060656946152448654
327,0.029904082417488098,90.36711883544922,0.07575894892215729,0.029792914167046547,88.63941955566406,0.07653138786554337,0.059501223266124725,0.060680486261844635,0.059962768107652664,0.06064692139625549
328,0.029885834082961082,90.33154296875,0.07574312388896942,0.029774751514196396,88.606689453125,0.0765165239572525,0.059494499117136,0.06067058816552162,0.05995622277259827,0.06063677743077278
329,0.029867781326174736,90.29622650146484,0.07572738826274872,0.029756763949990273,88.57421112060547,0.0765017494559288,0.05948783829808235,0.060660816729068756,0.059949714690446854,0.0606267973780632
330,0.029849842190742493,90.26085662841797,0.07571163028478622,0.029738890007138252,88.54180145263672,0.07648702710866928,0.059481240808963776,0.06065106391906738,0.059943024069070816,0.060616835951805115
331,0.029832076281309128,90.22582244873047,0.07569602131843567,0.029721016064286232,88.50949096679688,0.07647234946489334,0.059474676847457886,0.06064140796661377,0.059936653822660446,0.06060691922903061
332,0.02981443703174591,90.19078826904297,0.07568042725324631,0.02970336563885212,88.47724151611328,0.07645771652460098,0.059468090534210205,0.06063181906938553,0.05993007495999336,0.06059707701206207
333,0.029796838760375977,90.15596008300781,0.07566491514444351,0.02968563325703144,88.44498443603516,0.07644308358430862,0.05946158617734909,0.060622282326221466,0.0599236860871315,0.06058724597096443
334,0.029779182747006416,90.1211166381836,0.07564939558506012,0.029667982831597328,88.41291046142578,0.07642851769924164,0.05945518612861633,0.06061280891299248,0.05991717427968979,0.06057741865515709
335,0.02976175583899021,90.08659362792969,0.07563401013612747,0.029650557786226273,88.38094329833984,0.07641399651765823,0.05944877117872238,0.06060332432389259,0.05991099402308464,0.06056748703122139
336,0.0297444649040699,90.05207824707031,0.07561862468719482,0.029633190482854843,88.34906005859375,0.07639952749013901,0.05944238230586052,0.0605938620865345,0.059904612600803375,0.060557637363672256
337,0.02972734346985817,90.01773071289062,0.07560335099697113,0.0296159740537405,88.31731414794922,0.07638513296842575,0.05943598225712776,0.06058437377214432,0.059898339211940765,0.060547757893800735
338,0.029710251837968826,89.98353576660156,0.07558811455965042,0.02959885261952877,88.28567504882812,0.07637076079845428,0.05942962318658829,0.060574863106012344,0.05989217013120651,0.06053784117102623
339,0.029693355783820152,89.94939422607422,0.07557293772697449,0.029581932350993156,88.25418853759766,0.07635647803544998,0.05942337587475777,0.06056541949510574,0.0598859004676342,0.06052800267934799
340,0.029676569625735283,89.91544342041016,0.07555778324604034,0.029565168544650078,88.22273254394531,0.07634223252534866,0.05941719934344292,0.06055595725774765,0.059879742562770844,0.06051814928650856
341,0.029659921303391457,89.88151550292969,0.07554270327091217,0.02954852767288685,88.19149017333984,0.07632805407047272,0.05941113084554672,0.06054642051458359,0.05987356975674629,0.06050825119018555
342,0.02964341640472412,89.8477783203125,0.07552770525217056,0.029531942680478096,88.1602783203125,0.07631391286849976,0.05940517038106918,0.060536954551935196,0.05986747890710831,0.0604984387755394
343,0.0296269953250885,89.8141098022461,0.07551272213459015,0.02951551042497158,88.12923431396484,0.07629983872175217,0.0593993254005909,0.06052744388580322,0.059861358255147934,0.06048864871263504
344,0.029610849916934967,89.78060913085938,0.0754978358745575,0.029499325901269913,88.09829711914062,0.07628579437732697,0.05939348787069321,0.060518037527799606,0.059855345636606216,0.060478873550891876
345,0.029594840481877327,89.74723052978516,0.07548301666975021,0.029483262449502945,88.06751251220703,0.07627183198928833,0.05938772112131119,0.06050863489508629,0.05984935164451599,0.060469161719083786
346,0.029578929767012596,89.71400451660156,0.0754682645201683,0.02946721389889717,88.03681945800781,0.07625789940357208,0.05938199162483215,0.060499340295791626,0.05984339118003845,0.060459550470113754
347,0.029563117772340775,89.68085479736328,0.0754535049200058,0.029451346024870872,88.00635528564453,0.0762440636754036,0.05937635898590088,0.060490112751722336,0.059837400913238525,0.06044996157288551
348,0.029547426849603653,89.64781188964844,0.07543879002332687,0.029435470700263977,87.97592163085938,0.0762302502989769,0.059370722621679306,0.060480911284685135,0.059831392019987106,0.06044036149978638
349,0.029531795531511307,89.61493682861328,0.07542415708303452,0.02941981516778469,87.9456558227539,0.07621650397777557,0.059365127235651016,0.060471709817647934,0.05982549116015434,0.060430802404880524
350,0.029516255483031273,89.58219146728516,0.07540960609912872,0.0294041745364666,87.9154281616211,0.07620279490947723,0.059359580278396606,0.060462500900030136,0.05981966108083725,0.06042119488120079
351,0.029500829055905342,89.54946899414062,0.07539504766464233,0.02938869036734104,87.88532257080078,0.07618913799524307,0.059354107826948166,0.06045332923531532,0.0598137266933918,0.06041162088513374
352,0.029485508799552917,89.51701354980469,0.07538061589002609,0.02937324345111847,87.85530853271484,0.07617552578449249,0.05934871360659599,0.06044420599937439,0.059807971119880676,0.06040205806493759
353,0.029470235109329224,89.48455810546875,0.07536618411540985,0.029357975348830223,87.8254165649414,0.07616197317838669,0.05934334918856621,0.06043501943349838,0.059802163392305374,0.060392558574676514
354,0.029455166310071945,89.45235443115234,0.07535187900066376,0.029342738911509514,87.79588317871094,0.07614854723215103,0.0593380369246006,0.06042599305510521,0.05979645624756813,0.060383133590221405
355,0.029440194368362427,89.42031860351562,0.07533758878707886,0.029327716678380966,87.7665786743164,0.07613521814346313,0.05933273583650589,0.06041702628135681,0.059790629893541336,0.06037382036447525
356,0.029425330460071564,89.38837432861328,0.07532336562871933,0.0293127428740263,87.73733520507812,0.07612190395593643,0.05932750925421715,0.06040794402360916,0.059784870594739914,0.0603644959628582
357,0.029410600662231445,89.35652923583984,0.07530912756919861,0.02929800935089588,87.7081298828125,0.07610858231782913,0.05932222679257393,0.06039881333708763,0.05977905914187431,0.060355108231306076
358,0.029396021738648415,89.32491302490234,0.07529503107070923,0.029283294454216957,87.67904663085938,0.0760953351855278,0.059316981583833694,0.06038977950811386,0.059773363173007965,0.06034575402736664
359,0.029381433501839638,89.2934341430664,0.07528099417686462,0.02926868014037609,87.6500473022461,0.07608211785554886,0.059311725199222565,0.06038082391023636,0.0597677119076252,0.060336459428071976
360,0.029366841539740562,89.26224517822266,0.07526708394289017,0.02925405465066433,87.62120819091797,0.07606897503137589,0.059306494891643524,0.06037202104926109,0.05976226553320885,0.06032724678516388
361,0.02935224212706089,89.23101806640625,0.07525315135717392,0.02923952415585518,87.59237670898438,0.0760558620095253,0.05930131673812866,0.06036311388015747,0.05975664034485817,0.060318030416965485
362,0.029337754473090172,89.199951171875,0.07523929327726364,0.029225094243884087,87.56370544433594,0.0760427713394165,0.059296172112226486,0.06035417690873146,0.059751156717538834,0.060308799147605896
363,0.029323317110538483,89.16895294189453,0.07522547245025635,0.029210705310106277,87.53510284423828,0.07602974027395248,0.05929106846451759,0.06034521013498306,0.059745583683252335,0.0602995827794075
364,0.02930893748998642,89.13815307617188,0.07521170377731323,0.02919641323387623,87.50655364990234,0.07601673901081085,0.059285968542099,0.06033622473478317,0.05974012613296509,0.0602903813123703
365,0.029294654726982117,89.10743713378906,0.07519803941249847,0.02918216772377491,87.47805786132812,0.0760037750005722,0.05928083509206772,0.06032717972993851,0.05973469838500023,0.06028119474649429
366,0.02928050421178341,89.0767822265625,0.07518437504768372,0.02916802279651165,87.44962310791016,0.07599084079265594,0.05927573889493942,0.0603182427585125,0.05972921475768089,0.06027200445532799
367,0.029266351833939552,89.04630279541016,0.07517078518867493,0.029153989627957344,87.42134094238281,0.07597795873880386,0.0592707134783268,0.060309261083602905,0.05972384288907051,0.06026284024119377
368,0.029252294450998306,89.01587677001953,0.07515722513198853,0.029139960184693336,87.39312744140625,0.07596512138843536,0.05926569178700447,0.060300372540950775,0.059718407690525055,0.06025368347764015
369,0.0292382650077343,88.98558807373047,0.0751437172293663,0.02912607230246067,87.36502075195312,0.07595233619213104,0.059260766953229904,0.06029144674539566,0.05971306189894676,0.06024457886815071
370,0.029224330559372902,88.95536041259766,0.07513028383255005,0.02911226823925972,87.3369369506836,0.07593955844640732,0.05925587937235832,0.06028250232338905,0.05970766022801399,0.06023550033569336
371,0.029210474342107773,88.92529296875,0.07511689513921738,0.02909858524799347,87.30900573730469,0.07592686265707016,0.05925107002258301,0.06027359887957573,0.05970233678817749,0.06022648513317108
372,0.029196685180068016,88.8952865600586,0.07510354369878769,0.029084891080856323,87.2811279296875,0.07591420412063599,0.059246279299259186,0.06026472896337509,0.0596969909965992,0.06021746248006821
373,0.02918299101293087,88.86544036865234,0.07509030401706696,0.029071345925331116,87.25337219238281,0.0759015828371048,0.05924146994948387,0.060255903750658035,0.05969173088669777,0.06020845100283623
374,0.029169388115406036,88.83562469482422,0.07507701963186264,0.029057910665869713,87.22569274902344,0.07588900625705719,0.05923667550086975,0.06024705991148949,0.05968637764453888,0.060199446976184845
375,0.029155999422073364,88.80596923828125,0.07506384700536728,0.029044533148407936,87.1980972290039,0.07587647438049316,0.05923188477754593,0.060238245874643326,0.05968107283115387,0.06019049882888794
376,0.029142631217837334,88.77639770507812,0.0750507041811943,0.02903122268617153,87.170654296875,0.07586400955915451,0.0592271089553833,0.06022952124476433,0.05967576429247856,0.06018161028623581
377,0.029129356145858765,88.74693298339844,0.07503759860992432,0.02901802957057953,87.14339447021484,0.07585158199071884,0.05922234430909157,0.0602208711206913,0.05967031791806221,0.060172829777002335
378,0.029116136953234673,88.717529296875,0.07502451539039612,0.029004784300923347,87.11614990234375,0.07583919912576675,0.05921761319041252,0.060212161391973495,0.05966475233435631,0.06016414985060692
379,0.029102938249707222,88.6883544921875,0.07501153647899628,0.0289915818721056,87.08894348144531,0.07582682371139526,0.059212829917669296,0.060203466564416885,0.05965947359800339,0.06015533208847046
380,0.029089733958244324,88.65925598144531,0.07499860972166061,0.028978390619158745,87.06179809570312,0.07581448554992676,0.059208113700151443,0.06019475683569908,0.059654172509908676,0.060146622359752655
381,0.029076654464006424,88.63024139404297,0.07498570531606674,0.02896535024046898,87.03475952148438,0.07580219954252243,0.05920339375734329,0.06018606945872307,0.059648849070072174,0.060137879103422165
382,0.0290636345744133,88.60138702392578,0.07497287541627884,0.028952404856681824,87.00775146484375,0.0757899358868599,0.059198666363954544,0.06017732992768288,0.05964359641075134,0.06012919917702675
383,0.029050663113594055,88.57251739501953,0.07496006786823273,0.028939565643668175,86.98085021972656,0.07577770948410034,0.059193987399339676,0.06016858294606209,0.05963825061917305,0.06012047827243805
384,0.02903781644999981,88.54389953613281,0.07494735717773438,0.028926843777298927,86.9540786743164,0.07576553523540497,0.05918925255537033,0.060159921646118164,0.059633124619722366,0.060111768543720245
385,0.02902509644627571,88.51531982421875,0.07493466138839722,0.02891428954899311,86.92741394042969,0.07575343549251556,0.05918455868959427,0.06015119329094887,0.05962785333395004,0.06010311841964722
386,0.029012460261583328,88.4868392944336,0.07492201775312424,0.028901774436235428,86.9007797241211,0.07574132829904556,0.05917986482381821,0.06014254689216614,0.059622641652822495,0.06009446084499359
387,0.028999919071793556,88.45845031738281,0.07490941882133484,0.028889359906315804,86.87422943115234,0.07572927325963974,0.05917522683739662,0.06013387069106102,0.059617429971694946,0.06008583679795265
388,0.02898741327226162,88.43011474609375,0.07489687204360962,0.02887698821723461,86.84769439697266,0.0757172480225563,0.05917060747742653,0.060125160962343216,0.059612203389406204,0.06007721647620201
389,0.028975022956728935,88.40191650390625,0.0748843401670456,0.028864726424217224,86.82125854492188,0.07570523768663406,0.05916604772210121,0.06011642888188362,0.05960706248879433,0.06006859987974167
390,0.028962621465325356,88.37373352050781,0.07487186789512634,0.028852442279458046,86.79487609863281,0.0756932869553566,0.05916154384613037,0.06010765582323074,0.05960182845592499,0.060059987008571625
391,0.028950320556759834,88.34577178955078,0.07485946267843246,0.028840316459536552,86.7685546875,0.07568135112524033,0.059157006442546844,0.06009891256690025,0.05959674343466759,0.06005143001675606
392,0.02893809601664543,88.31782531738281,0.07484707236289978,0.02882823720574379,86.7423324584961,0.07566945254802704,0.05915254354476929,0.060090143233537674,0.059591591358184814,0.06004287675023079
393,0.028926020488142967,88.28995513916016,0.07483471930027008,0.02881639078259468,86.7161865234375,0.07565755397081375,0.05914803594350815,0.06008134037256241,0.05958646163344383,0.06003427505493164
394,0.028914041817188263,88.2621078491211,0.07482235133647919,0.028804566711187363,86.69012451171875,0.07564570009708405,0.059143535792827606,0.06007254868745804,0.05958132445812225,0.06002557650208473
395,0.028902128338813782,88.23454284667969,0.07481010258197784,0.02879283018410206,86.6640853881836,0.07563389092683792,0.05913907662034035,0.06006372720003128,0.059576403349637985,0.06001690402626991
396,0.028890268877148628,88.20696258544922,0.0747978538274765,0.028781117871403694,86.63817596435547,0.07562212646007538,0.05913464352488518,0.060054998844861984,0.05957123264670372,0.060008320957422256
397,0.0288784671574831,88.17961120605469,0.0747857317328453,0.028769399970769882,86.61225128173828,0.07561036199331284,0.05913015082478523,0.06004628911614418,0.05956622585654259,0.05999980866909027
398,0.028866684064269066,88.15234375,0.0747736245393753,0.02875778265297413,86.58634185791016,0.07559859752655029,0.05912565067410469,0.06003757566213608,0.05956117436289787,0.059991370886564255
399,0.02885494753718376,88.12516784667969,0.0747615396976471,0.028746062889695168,86.56059265136719,0.07558690011501312,0.05912113934755325,0.060028910636901855,0.05955616757273674,0.059982918202877045
400,0.028843019157648087,88.09808349609375,0.07474951446056366,0.028734153136610985,86.53495025634766,0.07557523250579834,0.0591166615486145,0.06002020835876465,0.0595511794090271,0.059974536299705505
401,0.0288311205804348,88.07112121582031,0.07473752647638321,0.028722450137138367,86.5093994140625,0.07556361705064774,0.05911218374967575,0.0600116141140461,0.05954620614647865,0.05996615067124367
402,0.028819331899285316,88.04413604736328,0.07472556829452515,0.02871079370379448,86.48385620117188,0.07555200159549713,0.059107787907123566,0.06000293046236038,0.05954120680689812,0.059957750141620636
403,0.02880759909749031,88.01730346679688,0.07471362501382828,0.028699150308966637,86.45841979980469,0.07554042339324951,0.05910336598753929,0.05999430641531944,0.05953628197312355,0.0599493533372879
404,0.028795896098017693,87.99057006835938,0.07470176368951797,0.028687572106719017,86.43297576904297,0.07552886009216309,0.059098951518535614,0.0599856898188591,0.05953129008412361,0.05994105339050293
405,0.028784306719899178,87.96393585205078,0.07468993961811066,0.028676126152276993,86.40760040283203,0.07551731169223785,0.05909449979662895,0.05997711047530174,0.05952645093202591,0.05993277207016945
406,0.028772898018360138,87.93736267089844,0.07467816025018692,0.02866492047905922,86.38229370117188,0.0755058005452156,0.05909007415175438,0.05996844545006752,0.05952148139476776,0.05992453172802925
407,0.028761714696884155,87.91094207763672,0.07466644048690796,0.02865392155945301,86.35704040527344,0.07549432665109634,0.059085723012685776,0.05995970219373703,0.05951663479208946,0.059916213154792786
408,0.02875065803527832,87.88453674316406,0.07465469837188721,0.02864295430481434,86.33183288574219,0.07548286765813828,0.05908144637942314,0.05995093658566475,0.059511758387088776,0.05990784987807274
409,0.028739651665091515,87.85828399658203,0.074643075466156,0.028632087633013725,86.30669403076172,0.07547146081924438,0.0590771920979023,0.05994214490056038,0.05950700864195824,0.0598994717001915
410,0.02872869372367859,87.83197021484375,0.07463141530752182,0.02862139418721199,86.28160095214844,0.07546006143093109,0.059072963893413544,0.059933338314294815,0.059502072632312775,0.05989113450050354
411,0.028717830777168274,87.80587768554688,0.07461986690759659,0.028610730543732643,86.2564926147461,0.07544867694377899,0.05906867980957031,0.05992453917860985,0.059497393667697906,0.0598827488720417
412,0.028707021847367287,87.77977752685547,0.07460833340883255,0.028600109741091728,86.23150634765625,0.07543732970952988,0.05906444787979126,0.05991576984524727,0.059492550790309906,0.05987442657351494
413,0.02869625948369503,87.75370025634766,0.07459677755832672,0.02858949638903141,86.20647430419922,0.07542598247528076,0.05906018987298012,0.059906937181949615,0.05948774889111519,0.05986607447266579
414,0.02868553064763546,87.72776794433594,0.07458532601594925,0.02857881784439087,86.18151092529297,0.07541462033987045,0.05905598774552345,0.05989796668291092,0.059483062475919724,0.05985766649246216
415,0.02867482230067253,87.70187377929688,0.07457385957241058,0.028567975386977196,86.15679168701172,0.07540334016084671,0.05905183404684067,0.05988902971148491,0.05947829410433769,0.059849295765161514
416,0.028663190081715584,87.67630767822266,0.07456247508525848,0.02855605073273182,86.1327133178711,0.07539214938879013,0.05904765799641609,0.0598800890147686,0.05947355926036835,0.059841006994247437
417,0.028651520609855652,87.65090942382812,0.07455115020275116,0.028544681146740913,86.10867309570312,0.07538098096847534,0.05904344096779823,0.05987105891108513,0.059468913823366165,0.059832535684108734
418,0.028640296310186386,87.62547302246094,0.07453979551792145,0.02853354811668396,86.0847396850586,0.07536984980106354,0.05903928354382515,0.059862054884433746,0.05946407467126846,0.05982412397861481
419,0.028629297390580177,87.60030364990234,0.07452857494354248,0.028522586449980736,86.06075286865234,0.07535872608423233,0.05903506278991699,0.05985308066010475,0.059459440410137177,0.059815775603055954
420,0.02861839346587658,87.57511138916016,0.07451733201742172,0.028511738404631615,86.0367660522461,0.07534762471914291,0.05903088301420212,0.05984404683113098,0.05945466831326485,0.0598074346780777
421,0.028607716783881187,87.55009460449219,0.07450618594884872,0.02850104682147503,86.0128173828125,0.07533653825521469,0.05902673676609993,0.059835053980350494,0.059449948370456696,0.059799134731292725
422,0.028597112745046616,87.52498626708984,0.07449501752853394,0.02849051170051098,85.98882293701172,0.07532546669244766,0.05902256444096565,0.0598260723054409,0.059445109218358994,0.05979085713624954
423,0.028586696833372116,87.50012969970703,0.07448392361402512,0.028480088338255882,85.9649658203125,0.07531443983316422,0.059018492698669434,0.0598171167075634,0.059440433979034424,0.059782613068819046
424,0.02857634238898754,87.47543334960938,0.07447291910648346,0.02846980094909668,85.94115447998047,0.07530343532562256,0.05901450663805008,0.05980806425213814,0.05943594127893448,0.059774354100227356
425,0.028566015884280205,87.45062255859375,0.07446187734603882,0.028459545224905014,85.9173583984375,0.07529245316982269,0.05901055783033371,0.05979897454380989,0.05943121016025543,0.05976606532931328
426,0.02855571173131466,87.42595672607422,0.07445088773965836,0.02844936028122902,85.89361572265625,0.07528150081634521,0.059006594121456146,0.05978982895612717,0.059426676481962204,0.05975772812962532
427,0.028545577079057693,87.4012451171875,0.0744398981332779,0.028439441695809364,85.86985778808594,0.07527053356170654,0.059002578258514404,0.059780608862638474,0.059421900659799576,0.05974937230348587
428,0.028535621240735054,87.3767318725586,0.07442896068096161,0.02842952497303486,85.84618377685547,0.07525961846113205,0.058998528867959976,0.059771500527858734,0.05941728502511978,0.059740982949733734
429,0.028525710105895996,87.3521728515625,0.07441800832748413,0.028419721871614456,85.8224868774414,0.07524871081113815,0.05899454280734062,0.059762392193078995,0.05941259488463402,0.05973266810178757
430,0.028515802696347237,87.32771301269531,0.07440712302923203,0.0284099318087101,85.798828125,0.07523781806230545,0.05899055674672127,0.05975329875946045,0.05940796807408333,0.059724319726228714
431,0.02850598283112049,87.30332946777344,0.07439626008272171,0.02840021438896656,85.77522277832031,0.07522695511579514,0.05898658186197281,0.059744227677583694,0.05940335988998413,0.059716012328863144
432,0.028496256098151207,87.27893829345703,0.0743853971362114,0.028390537947416306,85.75159454345703,0.07521609961986542,0.05898267403244972,0.059735190123319626,0.05939866974949837,0.05970773100852966
433,0.028486521914601326,87.25463104248047,0.07437459379434586,0.02838093601167202,85.72795867919922,0.0752052590250969,0.058978743851184845,0.059726178646087646,0.05939413234591484,0.0596994012594223
434,0.028476949781179428,87.23039245605469,0.0743638426065445,0.028371509164571762,85.70439147949219,0.07519441843032837,0.05897482857108116,0.05971720069646835,0.05938955396413803,0.0596911795437336
435,0.028467407450079918,87.20606231689453,0.07435303181409836,0.02836204506456852,85.68083190917969,0.07518361508846283,0.05897095054388046,0.059708159416913986,0.059384822845458984,0.05968290567398071
436,0.028457950800657272,87.181884765625,0.07434229552745819,0.028352757915854454,85.6573486328125,0.07517282664775848,0.058967091143131256,0.05969920754432678,0.05938024818897247,0.059674669057130814
437,0.028448600322008133,87.15774536132812,0.07433155179023743,0.028343454003334045,85.63386535644531,0.07516203820705414,0.05896325781941414,0.059690289199352264,0.05937567353248596,0.05966640263795853
438,0.028439173474907875,87.1338119506836,0.07432091981172562,0.028334055095911026,85.61038208007812,0.07515124976634979,0.05895945429801941,0.05968138575553894,0.0593712143599987,0.05965830758213997
439,0.02842983603477478,87.10983276367188,0.07431025803089142,0.028324758633971214,85.58695983886719,0.07514049857854843,0.05895564332604408,0.059672482311725616,0.059366703033447266,0.05965014547109604
440,0.028420425951480865,87.0859146118164,0.0742996484041214,0.02831554040312767,85.5634765625,0.07512974739074707,0.058951880782842636,0.0596635639667511,0.05936238542199135,0.059641897678375244
441,0.028411202132701874,87.06195068359375,0.07428900897502899,0.0283065102994442,85.54010772705078,0.07511898130178452,0.05894815921783447,0.05965469032526016,0.05935778468847275,0.05963372439146042
442,0.028401996940374374,87.03811645507812,0.07427841424942017,0.028297483921051025,85.51663208007812,0.07510822266340256,0.058944374322891235,0.059645745903253555,0.05935344845056534,0.059625450521707535
443,0.028392942622303963,87.0143051147461,0.07426784187555313,0.028288494795560837,85.4932861328125,0.07509750127792358,0.058940641582012177,0.059636909514665604,0.05934891104698181,0.05961727350950241
444,0.02838381566107273,86.99050903320312,0.0742572620511055,0.028279602527618408,85.46990203857422,0.07508677989244461,0.058936864137649536,0.05962805822491646,0.059344492852687836,0.059609007090330124
445,0.028374845162034035,86.96680450439453,0.07424677163362503,0.028270727023482323,85.44654083251953,0.07507606595754623,0.05893315002322197,0.05961921811103821,0.05934011563658714,0.059600818902254105
446,0.02836582437157631,86.94309997558594,0.07423627376556396,0.028261905536055565,85.42315673828125,0.07506535947322845,0.058929406106472015,0.059610363095998764,0.059335753321647644,0.05959256365895271
447,0.028356963768601418,86.91944885253906,0.0742257609963417,0.02825304865837097,85.40001678466797,0.07505474984645844,0.05892571806907654,0.05960170552134514,0.05933128297328949,0.05958450958132744
448,0.02834801748394966,86.89576721191406,0.07421525567770004,0.028244322165846825,85.3768310546875,0.07504409551620483,0.058922041207551956,0.05959293618798256,0.05932692065834999,0.05957631766796112
449,0.02833915688097477,86.87223815917969,0.07420480251312256,0.02823558822274208,85.35366821289062,0.07503347843885422,0.05891834571957588,0.05958425626158714,0.05932268500328064,0.059568095952272415
450,0.028330296277999878,86.8486099243164,0.07419431954622269,0.028226906433701515,85.33042907714844,0.07502283155918121,0.05891476944088936,0.059575386345386505,0.05931836739182472,0.059559859335422516
451,0.02832147851586342,86.82501983642578,0.0741838663816452,0.028218260034918785,85.30731964111328,0.07501222938299179,0.058911196887493134,0.05956653133034706,0.059314094483852386,0.05955161899328232
452,0.02831272780895233,86.80170440673828,0.07417353987693787,0.02820960059762001,85.28412628173828,0.07500161230564117,0.05890767648816109,0.05955761671066284,0.059310127049684525,0.05954331159591675
453,0.02830398455262184,86.77815246582031,0.07416311651468277,0.028201041743159294,85.26100158691406,0.07499102503061295,0.058904197067022324,0.05954866483807564,0.05930577591061592,0.05953507870435715
454,0.028295304626226425,86.75471496582031,0.07415273040533066,0.02819250151515007,85.23780059814453,0.07498040050268173,0.05890069529414177,0.05953965708613396,0.05930161476135254,0.05952673405408859
455,0.028286682441830635,86.7313461303711,0.07414238154888153,0.02818402647972107,85.214599609375,0.0749698057770729,0.0588972382247448,0.059530626982450485,0.059297509491443634,0.05951838940382004
456,0.028278131037950516,86.7079086303711,0.07413201779127121,0.02817562222480774,85.1914291381836,0.07495921105146408,0.05889376625418663,0.05952158570289612,0.05929320678114891,0.059510115534067154
457,0.02826959453523159,86.68450164794922,0.07412168383598328,0.02816724218428135,85.16816711425781,0.07494858652353287,0.05889030173420906,0.05951246991753578,0.05928902328014374,0.059501763433218
458,0.028261104598641396,86.66117858886719,0.07411135733127594,0.028158947825431824,85.1448745727539,0.07493794709444046,0.05888679251074791,0.05950338765978813,0.059284936636686325,0.05949336662888527
459,0.028252650052309036,86.63780212402344,0.07410101592540741,0.028150588274002075,85.12166595458984,0.07492733001708984,0.05888335034251213,0.05949436500668526,0.05928060784935951,0.05948512628674507
460,0.02824414148926735,86.6144790649414,0.07409068942070007,0.028142254799604416,85.09867095947266,0.07491686195135117,0.05887990444898605,0.05948537588119507,0.05927642062306404,0.05947677046060562
461,0.02823576144874096,86.5913314819336,0.0740804672241211,0.02813408151268959,85.07582092285156,0.07490644603967667,0.058876462280750275,0.05947640538215637,0.0592724047601223,0.059468455612659454
462,0.0282274316996336,86.56812286376953,0.07407020032405853,0.02812596596777439,85.05293273925781,0.07489599287509918,0.05887295678257942,0.059467438608407974,0.05926826223731041,0.05946012958884239
463,0.028219100087881088,86.54498291015625,0.07405998557806015,0.02811785414814949,85.03003692626953,0.0748855397105217,0.058869365602731705,0.05945845693349838,0.059264183044433594,0.059451837092638016
464,0.02821076475083828,86.52194213867188,0.07404981553554535,0.028109770268201828,85.00711059570312,0.07487507909536362,0.05886581912636757,0.059449467808008194,0.05926019325852394,0.059443484991788864
465,0.02820238284766674,86.49873352050781,0.0740395337343216,0.0281017255038023,84.98422241210938,0.07486463338136673,0.05886230990290642,0.059440452605485916,0.059256039559841156,0.0594351664185524
466,0.028194047510623932,86.4756851196289,0.07402940094470978,0.02809370495378971,84.96125030517578,0.07485419511795044,0.05885878577828407,0.05943148583173752,0.05925217270851135,0.05942673981189728
467,0.028185822069644928,86.45256805419922,0.07401915639638901,0.028085781261324883,84.93827819824219,0.07484372705221176,0.0588553212583065,0.05942242220044136,0.05924803391098976,0.0594184510409832
468,0.028177564963698387,86.4294204711914,0.07400897890329361,0.0280778706073761,84.91527557373047,0.07483325153589249,0.05885184928774834,0.05941339582204819,0.05924411863088608,0.059409987181425095
469,0.02816937118768692,86.40647888183594,0.0739988386631012,0.02807001769542694,84.89229583740234,0.074822798371315,0.058848362416028976,0.0594044029712677,0.05924031510949135,0.059401609003543854
470,0.028161168098449707,86.38325500488281,0.07398861646652222,0.02806207723915577,84.86930847167969,0.07481234520673752,0.05884489044547081,0.05939536914229393,0.059236254543066025,0.05939316004514694
471,0.02815299667418003,86.36026000976562,0.073978491127491,0.028054291382431984,84.84630584716797,0.07480187714099884,0.058841411024332047,0.05938635393977165,0.059232447296381,0.05938474088907242
472,0.028144877403974533,86.33722686767578,0.0739683210849762,0.02804652787744999,84.82331848144531,0.07479141652584076,0.058837901800870895,0.05937742814421654,0.05922849848866463,0.05937632918357849
473,0.028136827051639557,86.31423950195312,0.07395819574594498,0.0280387531965971,84.80039978027344,0.07478097826242447,0.058834437280893326,0.059368547052145004,0.059224579483270645,0.05936797708272934
474,0.028128784149885178,86.29129791259766,0.07394810020923615,0.028031006455421448,84.77738952636719,0.07477052509784698,0.05883102864027023,0.05935964360833168,0.05922078341245651,0.05935962125658989
475,0.02812076173722744,86.26834869384766,0.07393800467252731,0.028023196384310722,84.7543716430664,0.0747600793838501,0.05882763862609863,0.05935076251626015,0.05921698361635208,0.05935125797986984
476,0.02811276540160179,86.24535369873047,0.07392788678407669,0.028015678748488426,84.7314224243164,0.0747496634721756,0.058824267238378525,0.05934182181954384,0.059213172644376755,0.05934291332960129
477,0.028105024248361588,86.22239685058594,0.07391779124736786,0.02800815738737583,84.70841979980469,0.0747392326593399,0.05882090702652931,0.05933293327689171,0.0592094361782074,0.05933447927236557
478,0.028097277507185936,86.19945526123047,0.07390773296356201,0.028000738471746445,84.6854019165039,0.07472880184650421,0.05881757289171219,0.059324000030756,0.059205666184425354,0.05932611972093582
479,0.02808951400220394,86.17642211914062,0.07389760762453079,0.027993181720376015,84.66243743896484,0.07471837848424911,0.05881428346037865,0.059314973652362823,0.05920189246535301,0.05931767821311951
480,0.028081687167286873,86.15352630615234,0.07388751208782196,0.027985572814941406,84.639404296875,0.07470794022083282,0.058810923248529434,0.05930596590042114,0.05919818580150604,0.059309277683496475
481,0.028073901310563087,86.13052368164062,0.07387743145227432,0.027978168800473213,84.616455078125,0.07469750195741653,0.058807630091905594,0.05929695814847946,0.05919444188475609,0.05930081754922867
482,0.028066197410225868,86.1075210571289,0.07386733591556549,0.0279706958681345,84.59343719482422,0.07468706369400024,0.05880437418818474,0.05928800255060196,0.059190668165683746,0.05929240584373474
483,0.028058484196662903,86.08475494384766,0.07385731488466263,0.02796326018869877,84.57046508789062,0.07467664033174515,0.05880111828446388,0.05927899107336998,0.05918716639280319,0.05928399786353111
484,0.02805085852742195,86.0617446899414,0.0738472193479538,0.027955928817391396,84.54764556884766,0.07466627657413483,0.05879785865545273,0.059270117431879044,0.05918338522315025,0.05927558243274689
485,0.028043322265148163,86.03890228271484,0.07383716851472855,0.02794855646789074,84.5247573852539,0.07465589791536331,0.05879458412528038,0.05926118418574333,0.05917976424098015,0.05926717445254326
486,0.02803574688732624,86.01603698730469,0.07382714748382568,0.027941247448325157,84.50188446044922,0.07464549690485,0.058791399002075195,0.05925224348902702,0.05917616933584213,0.059258706867694855
487,0.028028232976794243,85.99320983886719,0.07381710410118103,0.027933944016695023,84.47895050048828,0.0746350884437561,0.05878822132945061,0.05924319848418236,0.05917256698012352,0.05925024673342705
488,0.028020674362778664,85.97029876708984,0.07380702346563339,0.027926644310355186,84.45602416992188,0.07462465018033981,0.05878511071205139,0.059234168380498886,0.05916900187730789,0.05924176424741745
489,0.028013097122311592,85.94746398925781,0.07379697263240814,0.02791929431259632,84.43307495117188,0.07461421936750412,0.05878198891878128,0.05922507867217064,0.059165485203266144,0.059233251959085464
490,0.028005538508296013,85.92459869384766,0.07378695160150528,0.02791200764477253,84.41014862060547,0.07460378855466843,0.058778855949640274,0.05921604111790657,0.0591619536280632,0.05922478437423706
491,0.027998024597764015,85.90164947509766,0.07377684861421585,0.027904676273465157,84.38717651367188,0.07459335774183273,0.058775756508111954,0.05920696631073952,0.059158384799957275,0.0592162162065506
492,0.02799047715961933,85.8787841796875,0.0737668052315712,0.027897344902157784,84.36421966552734,0.07458288967609406,0.058772679418325424,0.05919789522886276,0.0591549351811409,0.05920768529176712
493,0.0279829278588295,85.85576629638672,0.07375669479370117,0.02788999304175377,84.34121704101562,0.07457243651151657,0.05876962095499039,0.05918879434466362,0.05915132164955139,0.05919915810227394
494,0.02797533944249153,85.83295440673828,0.0737466886639595,0.027882739901542664,84.31824493408203,0.0745619684457779,0.058766577392816544,0.05917965993285179,0.05914796516299248,0.05919059365987778
495,0.02796781063079834,85.8099136352539,0.07373655587434769,0.02787545695900917,84.2953109741211,0.07455150783061981,0.05876370891928673,0.05917055532336235,0.05914434790611267,0.05918198078870773
496,0.02796020731329918,85.78694915771484,0.07372646033763885,0.027868246659636497,84.27235412597656,0.07454103231430054,0.05876082181930542,0.05916144698858261,0.05914092808961868,0.0591733381152153
497,0.027952641248703003,85.76399993896484,0.07371637970209122,0.027861010283231735,84.24938201904297,0.07453055679798126,0.058757927268743515,0.059152327477931976,0.05913757532835007,0.059164684265851974
498,0.027945080772042274,85.74098205566406,0.07370625436306,0.027853701263666153,84.22640228271484,0.0745200589299202,0.058755047619342804,0.059143178164958954,0.05913407728075981,0.05915605649352074
499,0.027937499806284904,85.71806335449219,0.07369618117809296,0.027846496552228928,84.20342254638672,0.07450957596302032,0.058752160519361496,0.059134017676115036,0.05913080275058746,0.059147365391254425
500,0.027930017560720444,85.69502258300781,0.07368606328964233,0.027839357033371925,84.180419921875,0.07449908554553986,0.058749377727508545,0.05912484601140022,0.05912734940648079,0.05913873016834259
501,0.027922505512833595,85.6720199584961,0.07367594540119171,0.027832115069031715,84.15742492675781,0.07448859512805939,0.0587465763092041,0.05911562964320183,0.05912407487630844,0.0591299794614315
502,0.02791496179997921,85.64895629882812,0.0736657977104187,0.02782493270933628,84.1344223022461,0.07447809725999832,0.05874382331967354,0.05910647660493851,0.05912075191736221,0.05912124738097191
503,0.027907460927963257,85.6259765625,0.07365571707487106,0.02781781367957592,84.11150360107422,0.07446760684251785,0.05874107405543327,0.0590972900390625,0.05911756306886673,0.05911247059702873
504,0.027900058776140213,85.60284423828125,0.07364553958177567,0.02781072072684765,84.08858489990234,0.07445714622735977,0.05873837694525719,0.05908814072608948,0.05911422520875931,0.059103675186634064
505,0.02789268270134926,85.57990264892578,0.07363545894622803,0.027803679928183556,84.06568908691406,0.0744466632604599,0.05873566120862961,0.05907898023724556,0.059111155569553375,0.0590948686003685
506,0.0278853178024292,85.55671691894531,0.07362524420022964,0.027796510607004166,84.04292297363281,0.0744362324476242,0.0587330237030983,0.05906987562775612,0.059107717126607895,0.059086110442876816
507,0.027877897024154663,85.53385925292969,0.073615163564682,0.027789434418082237,84.02027130126953,0.07442581653594971,0.05873022601008415,0.05906081572175026,0.05910468101501465,0.05907733365893364
508,0.027870552614331245,85.51074981689453,0.07360494881868362,0.027782348915934563,83.99761962890625,0.07441540062427521,0.058727484196424484,0.05905180051922798,0.05910119414329529,0.059068672358989716
509,0.02786324732005596,85.48800659179688,0.07359491288661957,0.027775367721915245,83.9749755859375,0.0744049921631813,0.058724720031023026,0.05904265493154526,0.0590982623398304,0.05905993655323982
510,0.027855997905135155,85.46492767333984,0.07358475029468536,0.027768326923251152,83.95234680175781,0.0743945837020874,0.05872204527258873,0.05903356149792671,0.0590948611497879,0.0590512678027153
511,0.02784866839647293,85.4421615600586,0.07357470691204071,0.02776123769581318,83.92973327636719,0.0743841752409935,0.058719344437122345,0.05902446433901787,0.05909200757741928,0.05904250591993332
512,0.02784118428826332,85.41910552978516,0.07356449216604233,0.027753720059990883,83.90715026855469,0.0743737667798996,0.058716703206300735,0.059015434235334396,0.059088751673698425,0.0590338259935379
513,0.027833474799990654,85.3962173461914,0.0735543742775917,0.02774638868868351,83.8845443725586,0.0743633434176445,0.05871403217315674,0.05900642275810242,0.059085819870233536,0.059025153517723083
514,0.02782592549920082,85.37333679199219,0.07354428619146347,0.027739139273762703,83.86199951171875,0.0743529424071312,0.05871142819523811,0.05899728462100029,0.05908292159438133,0.05901646614074707
515,0.027818450704216957,85.35025787353516,0.07353406399488449,0.027731886133551598,83.8395004272461,0.07434256374835968,0.058708835393190384,0.05898820608854294,0.05907975509762764,0.05900780111551285
516,0.02781101129949093,85.32743835449219,0.07352399080991745,0.027724677696824074,83.81700134277344,0.07433218508958817,0.05870624631643295,0.058979082852602005,0.05907702445983887,0.05899900943040848
517,0.027803566306829453,85.30437469482422,0.07351380586624146,0.027717452496290207,83.79457092285156,0.07432181388139725,0.058703742921352386,0.05896991491317749,0.05907393619418144,0.05899026617407799
518,0.027796197682619095,85.28150939941406,0.07350368797779083,0.027710357680916786,83.77217864990234,0.07431147247552872,0.058701205998659134,0.05896073579788208,0.059071142226457596,0.05898144468665123
519,0.027788836508989334,85.25834655761719,0.07349345833063126,0.02770322933793068,83.74980163574219,0.07430113852024078,0.05869872123003006,0.05895153433084488,0.059068094938993454,0.05897258594632149
520,0.02778148092329502,85.23540496826172,0.07348331063985825,0.027696076780557632,83.7273941040039,0.07429079711437225,0.05869622901082039,0.058942317962646484,0.059065405279397964,0.05896364524960518
521,0.027774125337600708,85.2123031616211,0.07347309589385986,0.027689054608345032,83.70500183105469,0.07428046315908432,0.058693766593933105,0.058933086693286896,0.05906251445412636,0.058954741805791855
522,0.027766814455389977,85.18919372558594,0.07346291840076447,0.02768193744122982,83.68264770507812,0.07427015155553818,0.058691322803497314,0.05892379209399223,0.05905972421169281,0.058945707976818085
523,0.027759529650211334,85.16609191894531,0.07345273345708847,0.027674827724695206,83.66035461425781,0.07425986230373383,0.05868887901306152,0.05891451984643936,0.059056926518678665,0.05893673002719879
524,0.027752257883548737,85.14290618896484,0.0734424740076065,0.02766766957938671,83.63800048828125,0.0742495208978653,0.05868646129965782,0.05890520289540291,0.059054065495729446,0.05892764404416084
525,0.027744995430111885,85.11992645263672,0.0734323263168335,0.027660539373755455,83.61575317382812,0.07423923909664154,0.058684028685092926,0.058895889669656754,0.059051454067230225,0.058918606489896774
526,0.027737731114029884,85.09667205810547,0.07342204451560974,0.027653327211737633,83.59349060058594,0.07422894239425659,0.0586816631257534,0.05888653174042702,0.059048689901828766,0.058909423649311066
527,0.027730517089366913,85.07357025146484,0.07341186702251434,0.02764618955552578,83.5713119506836,0.07421867549419403,0.058679308742284775,0.05887720733880997,0.059046145528554916,0.058900292962789536
528,0.027723295614123344,85.05035400390625,0.07340160757303238,0.02763909101486206,83.54912567138672,0.07420842349529266,0.058677010238170624,0.05886787548661232,0.05904350429773331,0.05889111012220383
529,0.02771609276533127,85.02716064453125,0.0733913853764534,0.027631986886262894,83.52693176269531,0.0741981640458107,0.05867471545934677,0.058858487755060196,0.05904098600149155,0.05888192728161812
530,0.02770889736711979,85.0038833618164,0.07338110357522964,0.02762479893863201,83.50481414794922,0.07418791949748993,0.0586724691092968,0.058849118649959564,0.05903840810060501,0.058872636407613754
531,0.027701664716005325,84.9806900024414,0.07337085157632828,0.027617620304226875,83.48267364501953,0.07417766004800797,0.05867023020982742,0.05883973091840744,0.05903594568371773,0.05886337533593178
532,0.0276944600045681,84.95730590820312,0.07336054742336273,0.02761043608188629,83.46056365966797,0.07416744530200958,0.05866803973913193,0.05883033946156502,0.05903329700231552,0.05885416641831398
533,0.027687227353453636,84.93404388427734,0.07335027307271957,0.02760334499180317,83.43851470947266,0.0741572305560112,0.058665771037340164,0.058821018785238266,0.059030886739492416,0.058844856917858124
534,0.027680091559886932,84.91072082519531,0.07333997637033463,0.027596240863204002,83.41645812988281,0.07414700835943222,0.05866354703903198,0.05881171673536301,0.059028323739767075,0.058835674077272415
535,0.027672987431287766,84.88742065429688,0.07332968711853027,0.027589203789830208,83.39440155029297,0.07413681596517563,0.05866135284304619,0.05880240350961685,0.05902595818042755,0.05882634222507477
536,0.027665818110108376,84.86389923095703,0.07331930100917816,0.027582092210650444,83.37239074707031,0.07412662357091904,0.05865919589996338,0.05879312381148338,0.05902339145541191,0.05881704390048981
537,0.027658730745315552,84.84051513671875,0.07330898940563202,0.02757503092288971,83.35041046142578,0.07411644607782364,0.05865703150629997,0.05878383293747902,0.059021029621362686,0.05880776047706604
538,0.027651609852910042,84.81696319580078,0.0732986330986023,0.027567928656935692,83.32845306396484,0.07410628348588943,0.05865493416786194,0.05877459794282913,0.059018559753894806,0.05879843607544899
539,0.027644546702504158,84.79329681396484,0.07328815013170242,0.027560943737626076,83.30652618408203,0.07409613579511642,0.058652836829423904,0.05876537412405014,0.05901600793004036,0.05878911167383194
540,0.02763751707971096,84.76982879638672,0.07327783107757568,0.02755393274128437,83.28461456298828,0.07408597320318222,0.058650724589824677,0.05875615403056145,0.059013836085796356,0.05877970531582832
541,0.02763049304485321,84.74604034423828,0.07326731085777283,0.02754693664610386,83.26274108886719,0.0740758404135704,0.05864863842725754,0.05874696001410484,0.05901120975613594,0.0587703213095665
542,0.02762346714735031,84.7224349975586,0.07325689494609833,0.02754000946879387,83.24085235595703,0.0740656927227974,0.05864657834172249,0.05873772129416466,0.059008873999118805,0.05876091867685318
543,0.027616390958428383,84.69882202148438,0.07324647158384323,0.027533043175935745,83.21900177001953,0.07405556738376617,0.058644503355026245,0.05872848257422447,0.0590066984295845,0.05875140801072121
544,0.027609383687376976,84.67511749267578,0.07323604077100754,0.02752608247101307,83.19711303710938,0.07404541969299316,0.05864247307181358,0.0587192140519619,0.05900447443127632,0.05874191224575043
545,0.0276023019105196,84.6513900756836,0.07322557270526886,0.02751900628209114,83.17523956298828,0.07403527200222015,0.05864045023918152,0.05870993807911873,0.059002239257097244,0.05873240530490875
546,0.02759518474340439,84.62762451171875,0.07321509718894958,0.02751193381845951,83.15335845947266,0.07402513176202774,0.05863847956061363,0.05870067700743675,0.05900004133582115,0.05872289091348648
547,0.027588123455643654,84.60383605957031,0.07320459187030792,0.027504917234182358,83.13153839111328,0.07401499897241592,0.05863648280501366,0.0586913637816906,0.058997780084609985,0.05871335789561272
548,0.027581073343753815,84.58000183105469,0.07319408655166626,0.02749793417751789,83.10969543457031,0.07400485128164291,0.058634545654058456,0.058682046830654144,0.05899561941623688,0.058703768998384476
549,0.027574043720960617,84.55619049072266,0.0731835812330246,0.02749096415936947,83.08784484863281,0.07399468123912811,0.058632563799619675,0.058672722429037094,0.058993611484766006,0.058694176375865936
550,0.027566976845264435,84.53231811523438,0.07317303866147995,0.02748398669064045,83.06602478027344,0.0739845260977745,0.058630649000406265,0.05866336077451706,0.05899153649806976,0.05868455395102501
551,0.027559921145439148,84.50841522216797,0.07316248118877411,0.027476977556943893,83.04429626464844,0.07397439330816269,0.05862873047590256,0.05865400284528732,0.05898949131369591,0.05867492035031319
552,0.02755291387438774,84.48444366455078,0.07315191626548767,0.027469923719763756,83.02253723144531,0.07396426051855087,0.058626797050237656,0.058644648641347885,0.058987416326999664,0.058665286749601364
553,0.02754588983952999,84.46057891845703,0.07314135879278183,0.027462905272841454,83.00080108642578,0.07395412027835846,0.05862492322921753,0.058635227382183075,0.058985523879528046,0.058655597269535065
554,0.027538904920220375,84.43665313720703,0.07313075661659241,0.027455836534500122,82.97900390625,0.07394395768642426,0.058623213320970535,0.05862579867243767,0.05898362770676613,0.05864585563540459
555,0.02753192000091076,84.41258239746094,0.0731201171875,0.027448836714029312,82.95730590820312,0.07393381744623184,0.05862150341272354,0.058616336435079575,0.05898163095116615,0.05863603949546814
556,0.02752496488392353,84.38849639892578,0.07310944050550461,0.027441883459687233,82.93557739257812,0.07392366975545883,0.05861981585621834,0.05860685557126999,0.05897962674498558,0.058626238256692886
557,0.027518033981323242,84.36444091796875,0.07309882342815399,0.02743488922715187,82.9138412475586,0.07391352206468582,0.05861806124448776,0.05859740450978279,0.058977797627449036,0.05861637368798256
558,0.027511049062013626,84.34017181396484,0.07308809459209442,0.027427958324551582,82.89214324951172,0.07390338182449341,0.05861634761095047,0.058587901294231415,0.0589756965637207,0.05860648304224014
559,0.027504144236445427,84.31611633300781,0.07307742536067963,0.027420956641435623,82.87042236328125,0.0738932341337204,0.058614540845155716,0.05857827141880989,0.05897391960024834,0.058596521615982056
560,0.02749709226191044,84.29176330566406,0.07306663691997528,0.027413781732320786,82.84868621826172,0.0738830715417862,0.05861278250813484,0.05856867879629135,0.05897179991006851,0.05858655273914337
561,0.027489978820085526,84.26780700683594,0.07305601984262466,0.02740654908120632,82.82695770263672,0.07387290894985199,0.058611009269952774,0.05855909362435341,0.05897030979394913,0.05857645347714424
562,0.02748286724090576,84.24341583251953,0.07304520905017853,0.027399379760026932,82.8052749633789,0.07386273890733719,0.058609239757061005,0.05854949727654457,0.0589681901037693,0.05856642127037048
563,0.027475785464048386,84.21925354003906,0.07303447276353836,0.027392340824007988,82.7835922241211,0.0738525539636612,0.05860742926597595,0.05853980779647827,0.05896643549203873,0.05855633690953255
564,0.027468781918287277,84.19497680664062,0.07302369177341461,0.027385378256440163,82.76188659667969,0.0738423690199852,0.05860556289553642,0.058530163019895554,0.05896453559398651,0.05854620784521103
565,0.027461841702461243,84.17070770263672,0.07301291823387146,0.027378423139452934,82.74018096923828,0.07383213937282562,0.05860370025038719,0.05852047726511955,0.05896266549825668,0.058536045253276825
566,0.027454985305666924,84.1463394165039,0.07300207763910294,0.02737162820994854,82.7184829711914,0.07382192462682724,0.05860186368227005,0.05851081386208534,0.05896081030368805,0.05852581933140755
567,0.02744820900261402,84.12197875976562,0.07299128919839859,0.027364831417798996,82.69676971435547,0.07381168752908707,0.05860001966357231,0.05850113183259964,0.05895897001028061,0.05851566419005394
568,0.027441466227173805,84.0975570678711,0.07298038899898529,0.027358097955584526,82.67498779296875,0.07380141317844391,0.05859817937016487,0.05849142000079155,0.058957163244485855,0.05850543826818466
569,0.02743477374315262,84.0730972290039,0.07296955585479736,0.027351323515176773,82.65323638916016,0.07379115372896194,0.058596350252628326,0.05848173424601555,0.05895540490746498,0.058495115488767624
570,0.02742813341319561,84.04859924316406,0.07295866310596466,0.02734457142651081,82.63147735595703,0.07378087937831879,0.05859454721212387,0.05847206339240074,0.05895364657044411,0.05848483741283417
571,0.02742151916027069,84.02400207519531,0.07294772565364838,0.02733791247010231,82.60969543457031,0.07377058267593384,0.058592770248651505,0.05846235156059265,0.058951836079359055,0.05847448110580444
572,0.027414953336119652,83.99944305419922,0.0729367733001709,0.02733115293085575,82.58782958984375,0.0737602561712265,0.05859098955988884,0.058452580124139786,0.05895009636878967,0.058464109897613525
573,0.02740839682519436,83.97480773925781,0.07292579114437103,0.027324561029672623,82.56597900390625,0.07374989241361618,0.05858919024467468,0.05844273418188095,0.05894843488931656,0.05845361948013306
574,0.02740195393562317,83.95018005371094,0.07291483879089355,0.027317937463521957,82.54412078857422,0.07373954355716705,0.05858739838004112,0.05843289941549301,0.058946769684553146,0.05844314023852348
575,0.02739550918340683,83.92549896240234,0.07290384918451309,0.02731149084866047,82.52227020263672,0.07372917234897614,0.058585576713085175,0.05842304602265358,0.05894511565566063,0.058432649821043015
576,0.027389075607061386,83.90067291259766,0.07289278507232666,0.027305053547024727,82.50035858154297,0.07371877878904343,0.058583829551935196,0.05841315537691116,0.05894334241747856,0.05842216685414314
577,0.027382761240005493,83.87596893310547,0.0728817731142044,0.027298668399453163,82.47840118408203,0.07370836287736893,0.058582160621881485,0.058403048664331436,0.05894177779555321,0.05841163173317909
578,0.027376387268304825,83.85112762451172,0.07287068665027618,0.027292434126138687,82.4564437866211,0.07369793951511383,0.0585804283618927,0.05839305743575096,0.05894016474485397,0.058400992304086685
579,0.027370169758796692,83.82634735107422,0.07285962253808975,0.027286347001791,82.43450927734375,0.07368751615285873,0.05857870727777481,0.05838301405310631,0.058938633650541306,0.05839041620492935
580,0.027363937348127365,83.80133819580078,0.07284846901893616,0.02728029526770115,82.41256713867188,0.07367707788944244,0.05857697129249573,0.05837305262684822,0.05893693119287491,0.05837975814938545
581,0.027357574552297592,83.77644348144531,0.07283735275268555,0.02727385424077511,82.39053344726562,0.07366664707660675,0.058575231581926346,0.05836302787065506,0.05893539637327194,0.05836908891797066
582,0.02735104411840439,83.75139617919922,0.07282614707946777,0.02726762183010578,82.3685531616211,0.07365618646144867,0.05857343226671219,0.05835304036736488,0.058933645486831665,0.05835841968655586
583,0.027344835922122,83.72639465332031,0.0728149563074112,0.027261631563305855,82.34657287597656,0.0736457109451294,0.05857165902853012,0.058342982083559036,0.058931976556777954,0.05834764242172241
584,0.027338672429323196,83.70126342773438,0.07280370593070984,0.02725561149418354,82.32453155517578,0.07363518327474594,0.058569855988025665,0.05833287909626961,0.05893019214272499,0.05833686515688896
585,0.027332544326782227,83.67622375488281,0.07279247045516968,0.02724965289235115,82.30241394042969,0.07362464815378189,0.05856791138648987,0.058322858065366745,0.05892864987254143,0.05832599475979805
586,0.027326494455337524,83.65111541748047,0.07278121262788773,0.02724391222000122,82.28034973144531,0.07361408323049545,0.05856597423553467,0.058312736451625824,0.058927033096551895,0.05831509828567505
587,0.027320530265569687,83.62574005126953,0.07276984304189682,0.027238203212618828,82.25836944580078,0.0736035630106926,0.05856401100754738,0.05830272287130356,0.05892523005604744,0.05830409750342369
588,0.027314666658639908,83.60076904296875,0.07275862991809845,0.027232514694333076,82.23637390136719,0.07359298318624496,0.058561988174915314,0.058292586356401443,0.058923739939928055,0.05829320102930069
589,0.02730894461274147,83.57543182373047,0.07274725288152695,0.027226930484175682,82.21431732177734,0.07358240336179733,0.05855999514460564,0.05828244611620903,0.058921825140714645,0.05828229337930679
590,0.027303259819746017,83.55027770996094,0.07273595035076141,0.02722146548330784,82.19222259521484,0.07357178628444672,0.058558013290166855,0.058272235095500946,0.058920249342918396,0.058271318674087524
591,0.027297668159008026,83.52477264404297,0.07272449135780334,0.02721603587269783,82.17012023925781,0.0735611692070961,0.05855599045753479,0.05826210230588913,0.05891834571957588,0.05826028063893318
592,0.027292093262076378,83.4995346069336,0.07271311432123184,0.027210775762796402,82.14791107177734,0.07355048507452011,0.05855398252606392,0.05825183913111687,0.05891681835055351,0.05824923515319824
593,0.02728661708533764,83.4738998413086,0.07270161807537079,0.027205539867281914,82.1257095336914,0.07353983074426651,0.058551955968141556,0.058241602033376694,0.05891501531004906,0.05823807418346405
594,0.027281146496534348,83.448486328125,0.07269016653299332,0.02720036543905735,82.10346984863281,0.07352912425994873,0.058549974113702774,0.058231256902217865,0.05891350656747818,0.058226849883794785
595,0.027275729924440384,83.42266082763672,0.07267855852842331,0.027195218950510025,82.08113861083984,0.07351839542388916,0.058547914028167725,0.0582209937274456,0.05891162157058716,0.058215636759996414
596,0.027270369231700897,83.39728546142578,0.07266714423894882,0.02719021774828434,82.05882263183594,0.07350765913724899,0.058545954525470734,0.05821056291460991,0.05891035869717598,0.058204375207424164
597,0.027265017852187157,83.37120819091797,0.07265541702508926,0.027184994891285896,82.03640747070312,0.07349689304828644,0.05854400247335434,0.058200232684612274,0.058908235281705856,0.05819303169846535
598,0.027259619906544685,83.3458251953125,0.07264398783445358,0.027179865166544914,82.01394653320312,0.07348610460758209,0.05854201689362526,0.05818980559706688,0.05890713632106781,0.05818169191479683
599,0.02725422941148281,83.31967163085938,0.07263218611478806,0.027174828574061394,81.991455078125,0.07347529381513596,0.05854007601737976,0.05817935988306999,0.05890510603785515,0.05817035585641861
600,0.027249017730355263,83.2940444946289,0.07262065261602402,0.02716994844377041,81.96898651123047,0.07346446812152863,0.05853807553648949,0.058168936520814896,0.058903757482767105,0.05815901607275009
601,0.027243826538324356,83.26786041259766,0.07260887324810028,0.027165178209543228,81.9464340209961,0.07345361262559891,0.05853613093495369,0.058158449828624725,0.05890192091464996,0.05814754590392113
602,0.02723875641822815,83.24189758300781,0.07259712368249893,0.027160650119185448,81.92375946044922,0.07344265282154083,0.05853420868515968,0.058147747069597244,0.05890043452382088,0.058135878294706345
603,0.027233799919486046,83.21575927734375,0.07258535176515579,0.027156051248311996,81.90111541748047,0.07343173772096634,0.058532219380140305,0.058137260377407074,0.058898746967315674,0.05812424048781395
604,0.027228867635130882,83.18982696533203,0.07257363200187683,0.02715136669576168,81.87850189208984,0.07342080771923065,0.058530230075120926,0.058126721531152725,0.0588972307741642,0.058112744241952896
605,0.027223963290452957,83.16358947753906,0.07256175577640533,0.027146730571985245,81.85586547851562,0.07340986281633377,0.058528244495391846,0.05811621993780136,0.05889540910720825,0.05810128152370453
606,0.027219051495194435,83.13762664794922,0.07255003601312637,0.027142047882080078,81.83322143554688,0.0733989030122757,0.058526165783405304,0.05810573324561119,0.05889393016695976,0.058089785277843475
607,0.027214156463742256,83.11126708984375,0.07253812253475189,0.027137482538819313,81.8105239868164,0.07338793575763702,0.058524083346128464,0.05809521675109863,0.05889204517006874,0.05807832255959511
608,0.027209365740418434,83.08523559570312,0.07252635061740875,0.027133062481880188,81.78782653808594,0.07337695360183716,0.05852198600769043,0.0580846406519413,0.058890633285045624,0.05806676670908928
609,0.027204658836126328,83.05873107910156,0.0725143551826477,0.02712877467274666,81.76513671875,0.0733659416437149,0.05851989611983299,0.058073990046978,0.05888871103525162,0.05805514380335808
610,0.0272000003606081,83.032470703125,0.07250245660543442,0.027124566957354546,81.74247741699219,0.07335495203733444,0.05851765349507332,0.058063458651304245,0.05888724327087402,0.05804341658949852
611,0.02719542197883129,83.00586700439453,0.07249041646718979,0.02712051011621952,81.7197494506836,0.073343925178051,0.0585155263543129,0.05805278941988945,0.058885492384433746,0.058031611144542694
612,0.027190862223505974,82.97944641113281,0.07247841358184814,0.027116449549794197,81.69707489013672,0.07333286851644516,0.05851327255368233,0.05804223194718361,0.0588839128613472,0.05801975354552269
613,0.027186287567019463,82.95285034179688,0.07246633619070053,0.027112284675240517,81.67420959472656,0.07332176715135574,0.05851100757718086,0.05803162232041359,0.05888218432664871,0.05800796300172806
614,0.02718174457550049,82.92638397216797,0.0724543109536171,0.02710818126797676,81.65132141113281,0.07331062853336334,0.05850870534777641,0.05802092328667641,0.058880601078271866,0.05799621343612671
615,0.027177272364497185,82.89972686767578,0.0724422037601471,0.027104178443551064,81.62840270996094,0.07329947501420975,0.05850636586546898,0.05801022797822952,0.05887884646654129,0.05798446014523506
616,0.027172861620783806,82.873046875,0.0724300742149353,0.027100279927253723,81.60545349121094,0.07328828424215317,0.05850399658083916,0.05799951031804085,0.05887709930539131,0.05797272175550461
617,0.027168579399585724,82.84635925292969,0.0724179670214653,0.027096405625343323,81.58245849609375,0.07327710837125778,0.058501653373241425,0.057988766580820084,0.05887540429830551,0.05796099454164505
618,0.027164224535226822,82.81951904296875,0.07240574061870575,0.027092600241303444,81.5594711303711,0.07326589524745941,0.058499302715063095,0.057977985590696335,0.05887367203831673,0.05794914439320564
619,0.027159903198480606,82.79261779785156,0.0723934918642044,0.0270888339728117,81.53641510009766,0.07325462996959686,0.05849693343043327,0.05796715244650841,0.05887198448181152,0.05793711170554161
620,0.027155544608831406,82.76575469970703,0.07238128036260605,0.027085114270448685,81.51337432861328,0.07324337959289551,0.05849451944231987,0.05795637518167496,0.058870308101177216,0.05792517960071564
621,0.02715129218995571,82.7387924194336,0.07236897945404053,0.027081312611699104,81.49022674560547,0.07323207706212997,0.05849212408065796,0.057945553213357925,0.058868542313575745,0.05791328474879265
622,0.027146952226758003,82.71177673339844,0.07235666364431381,0.027077632024884224,81.46710968017578,0.07322078943252563,0.058489710092544556,0.0579347126185894,0.05886681005358696,0.05790141597390175
623,0.027142750099301338,82.68472290039062,0.0723443403840065,0.027074050158262253,81.44396209716797,0.07320947200059891,0.05848727002739906,0.05792387202382088,0.05886504426598549,0.05788949504494667
624,0.027138512581586838,82.65766143798828,0.072332002222538,0.02707049809396267,81.42073059082031,0.07319813221693039,0.058484841138124466,0.05791296809911728,0.05886334925889969,0.05787761136889458
625,0.02713404782116413,82.63043212890625,0.07231955230236053,0.027066389098763466,81.3975601196289,0.07318677008152008,0.05848235264420509,0.05790203437209129,0.05886143073439598,0.05786574259400368
626,0.027129093185067177,82.60326385498047,0.07230713218450546,0.02706201933324337,81.37434387207031,0.07317536324262619,0.05847988650202751,0.05789109319448471,0.05885971710085869,0.05785379558801651
627,0.02712412178516388,82.5762939453125,0.07229478657245636,0.02705777995288372,81.35121154785156,0.07316400110721588,0.05847736820578575,0.05788018926978111,0.05885808542370796,0.05784197151660919
628,0.027119368314743042,82.54911804199219,0.0722823441028595,0.0270537082105875,81.32807159423828,0.07315260171890259,0.05847484990954399,0.05786919966340065,0.05885631963610649,0.0578300878405571
629,0.027114802971482277,82.52210235595703,0.07226994633674622,0.02704983949661255,81.30493927001953,0.07314123213291168,0.058472245931625366,0.05785825103521347,0.058854758739471436,0.057818200439214706
630,0.027110325172543526,82.4947280883789,0.07225741446018219,0.02704596146941185,81.28179168701172,0.07312984764575958,0.05846967175602913,0.0578472726047039,0.05885275453329086,0.05780632421374321
631,0.027105944231152534,82.46776580810547,0.07224506139755249,0.027042323723435402,81.25865936279297,0.07311846315860748,0.05846700817346573,0.05783635377883911,0.05885130167007446,0.057794466614723206
632,0.02710154838860035,82.44034576416016,0.0722324475646019,0.02703864313662052,81.2354507446289,0.073107048869133,0.05846438556909561,0.05782540515065193,0.05884917452931404,0.05778266862034798
633,0.027097219601273537,82.41339874267578,0.07222004979848862,0.02703496627509594,81.2122802734375,0.07309561222791672,0.058461688458919525,0.05781445652246475,0.05884771794080734,0.05777077376842499
634,0.027093084529042244,82.38604736328125,0.0722074806690216,0.027032075449824333,81.1891860961914,0.07308421283960342,0.05845900997519493,0.05780341476202011,0.058845579624176025,0.057759106159210205
635,0.027089914306998253,82.35950469970703,0.07219522446393967,0.027029264718294144,81.16616821289062,0.07307281345129013,0.058456216007471085,0.05779227614402771,0.058844178915023804,0.057747453451156616
636,0.02708626724779606,82.33212280273438,0.07218257337808609,0.02702597714960575,81.14313507080078,0.07306141406297684,0.058453530073165894,0.05778130143880844,0.0588417574763298,0.05773570016026497
637,0.027082407847046852,82.30530548095703,0.0721701830625534,0.027022579684853554,81.1201171875,0.07305002957582474,0.05845077708363533,0.05777056887745857,0.05884017050266266,0.05772406980395317
638,0.02707844227552414,82.27796173095703,0.07215751707553864,0.027019159868359566,81.09709167480469,0.07303861528635025,0.058448027819395065,0.057759739458560944,0.0588378980755806,0.057712431997060776
639,0.027074433863162994,82.25099182128906,0.07214505970478058,0.027015818282961845,81.07404327392578,0.07302721589803696,0.05844523757696152,0.057748883962631226,0.058836210519075394,0.057700783014297485
640,0.02707046829164028,82.22376251220703,0.07213246822357178,0.02701251395046711,81.05101776123047,0.07301582396030426,0.05844242125749588,0.05773809552192688,0.058834172785282135,0.05768906697630882
641,0.027066556736826897,82.19669342041016,0.07211994379758835,0.02700934000313282,81.02796173095703,0.07300442457199097,0.05843960866332054,0.05772726610302925,0.05883234739303589,0.05767737701535225
642,0.027062615379691124,82.16935729980469,0.07210730016231537,0.0270062368363142,81.00495147705078,0.07299304008483887,0.058436788618564606,0.057716500014066696,0.058830127120018005,0.05766577273607254
643,0.027058865875005722,82.1421890258789,0.07209473848342896,0.02700323797762394,80.98197174072266,0.07298167794942856,0.058433931320905685,0.05770575627684593,0.05882807821035385,0.05765412375330925
644,0.027055099606513977,82.1149673461914,0.07208214700222015,0.027000324800610542,80.95896911621094,0.07297029346227646,0.05843106284737587,0.05769504979252815,0.05882592499256134,0.05764256417751312
645,0.02705133520066738,82.08740234375,0.07206936180591583,0.02699742093682289,80.93599700927734,0.07295896112918854,0.058428145945072174,0.057684462517499924,0.058823734521865845,0.057630687952041626
646,0.027047647163271904,82.06037139892578,0.072056844830513,0.02699456550180912,80.9129638671875,0.07294759899377823,0.0584251843392849,0.05767374858260155,0.058821890503168106,0.057619087398052216
647,0.027044018730521202,82.03311157226562,0.07204423099756241,0.026991790160536766,80.88999938964844,0.07293624430894852,0.05842224135994911,0.05766304209828377,0.058819591999053955,0.05760759115219116
648,0.02704043686389923,82.00614166259766,0.07203174382448196,0.02698897011578083,80.86701965332031,0.07292486727237701,0.05841931700706482,0.05765238776803017,0.05881766974925995,0.05759613588452339
649,0.027036918327212334,81.97898864746094,0.07201918959617615,0.026986196637153625,80.84410095214844,0.07291354984045029,0.05841639265418053,0.05764177069067955,0.058815471827983856,0.0575847253203392
650,0.027033429592847824,81.95196533203125,0.07200667262077332,0.026983465999364853,80.82115936279297,0.07290224730968475,0.05841345340013504,0.05763121694326401,0.058813463896512985,0.05757331848144531
651,0.027029912918806076,81.92483520507812,0.07199409604072571,0.026980793103575706,80.79824829101562,0.07289095222949982,0.05841049179434776,0.05762072652578354,0.05881127715110779,0.05756200850009918
652,0.02702639438211918,81.89787292480469,0.07198160141706467,0.026978163048624992,80.77535247802734,0.07287967950105667,0.058407507836818695,0.05761031433939934,0.05880924314260483,0.05755072832107544
653,0.02702290564775467,81.87090301513672,0.07196912169456482,0.026975631713867188,80.75250244140625,0.07286842167377472,0.05840449407696724,0.057599883526563644,0.058807168155908585,0.057539474219083786
654,0.027019379660487175,81.84375,0.0719565600156784,0.026972997933626175,80.72966003417969,0.07285718619823456,0.05840146169066429,0.0575895681977272,0.05880483239889145,0.05752832069993019
655,0.0270159300416708,81.81697082519531,0.07194414734840393,0.02697042003273964,80.70685577392578,0.07284597307443619,0.05839836597442627,0.057579316198825836,0.05880293250083923,0.05751713365316391
656,0.0270124189555645,81.78986358642578,0.0719316154718399,0.026967745274305344,80.68402862548828,0.07283475250005722,0.05839529633522034,0.05756911635398865,0.05880057439208031,0.05750603973865509
657,0.02700894884765148,81.76305389404297,0.07191918790340424,0.026965079829096794,80.66123962402344,0.07282357662916183,0.058392204344272614,0.05755898356437683,0.05879851430654526,0.05749494209885597
658,0.027005499228835106,81.73612976074219,0.07190672308206558,0.02696242928504944,80.63851165771484,0.07281241565942764,0.058389149606227875,0.057548969984054565,0.05879620462656021,0.05748394876718521
659,0.02700199745595455,81.70931243896484,0.07189431041479111,0.026959752663969994,80.61581420898438,0.07280125468969345,0.05838605388998985,0.0575389638543129,0.05879407376050949,0.05747291073203087
660,0.026998499408364296,81.68233489990234,0.07188180088996887,0.02695707604289055,80.59315490722656,0.07279013097286224,0.058382969349622726,0.05752897635102272,0.05879164859652519,0.05746188759803772
661,0.0269949808716774,81.65562438964844,0.07186944782733917,0.02695440873503685,80.570556640625,0.07277904450893402,0.058379895985126495,0.057519037276506424,0.05878954380750656,0.05745086818933487
662,0.026991447433829308,81.62883758544922,0.0718570351600647,0.026951665058732033,80.5479736328125,0.07276797294616699,0.058376822620630264,0.05750909075140953,0.05878730118274689,0.05743984133005142
663,0.026987850666046143,81.602294921875,0.07184471935033798,0.026948969811201096,80.52549743652344,0.07275696098804474,0.058373697102069855,0.0574992336332798,0.05878525972366333,0.05742894113063812
664,0.026984162628650665,81.57595825195312,0.07183252274990082,0.026946203783154488,80.50310516357422,0.07274595648050308,0.05837058275938034,0.05748936906456947,0.05878358334302902,0.05741795897483826
665,0.026980580762028694,81.54969787597656,0.07182028144598007,0.026943480595946312,80.48088836669922,0.07273497432470322,0.05836743116378784,0.05747954919934273,0.05878163129091263,0.057407114654779434
666,0.02697695605456829,81.52300262451172,0.07180781662464142,0.026940828189253807,80.45877838134766,0.07272408157587051,0.05836427956819534,0.05746986344456673,0.0587787963449955,0.05739651992917061
667,0.026973359286785126,81.49713134765625,0.0717957392334938,0.026938166469335556,80.43671417236328,0.07271319627761841,0.05836108699440956,0.05746021866798401,0.05877697095274925,0.057385850697755814
668,0.026969676837325096,81.47071075439453,0.0717834010720253,0.026935430243611336,80.41465759277344,0.07270234078168869,0.05835789814591408,0.05745052546262741,0.05877436697483063,0.05737518519163132
669,0.026966016739606857,81.44474029541016,0.0717712789773941,0.026932725682854652,80.39270782470703,0.07269153743982315,0.05835461989045143,0.05744091048836708,0.058772262185811996,0.057364571839571
670,0.02696230635046959,81.41861724853516,0.07175909727811813,0.026929955929517746,80.3707504272461,0.07268073409795761,0.058351337909698486,0.05743132159113884,0.05876989662647247,0.05735403299331665
671,0.02695857360959053,81.39269256591797,0.07174699753522873,0.026927175000309944,80.34886169433594,0.07266999781131744,0.05834803357720375,0.057421743869781494,0.058767687529325485,0.05734352767467499
672,0.026954805478453636,81.36673736572266,0.07173487544059753,0.02692437544465065,80.32701110839844,0.07265927642583847,0.05834474787116051,0.057412199676036835,0.05876533314585686,0.057333122938871384
673,0.026951055973768234,81.3409194946289,0.07172282785177231,0.02692149579524994,80.3053207397461,0.07264862209558487,0.05834141746163368,0.05740279331803322,0.05876299366354942,0.057322774082422256
674,0.026947209611535072,81.31468200683594,0.07171053439378738,0.02691866271197796,80.28372955322266,0.07263798266649246,0.058338068425655365,0.05739349499344826,0.05875974893569946,0.057312674820423126
675,0.026943400502204895,81.28933715820312,0.0716986432671547,0.026915941387414932,80.26222229003906,0.07262738794088364,0.058334652334451675,0.05738423392176628,0.05875765159726143,0.05730250105261803
676,0.02693953365087509,81.26336669921875,0.07168647646903992,0.02691320702433586,80.2407455444336,0.0726168304681778,0.05833125859498978,0.05737503990530968,0.05875462293624878,0.05729244276881218
677,0.026935774832963943,81.23815155029297,0.07167460769414902,0.026910429820418358,80.2193832397461,0.07260631769895554,0.05832783505320549,0.05736585706472397,0.058752406388521194,0.057282377034425735
678,0.02693205140531063,81.21244049072266,0.0716625526547432,0.026907755061984062,80.19808959960938,0.07259584218263626,0.05832437053322792,0.057356663048267365,0.0587494894862175,0.057272352278232574
679,0.02692839503288269,81.18730163574219,0.07165072113275528,0.026905076578259468,80.17681884765625,0.07258538901805878,0.05832088366150856,0.05734748765826225,0.0587470717728138,0.05726233869791031
680,0.026924623176455498,81.16183471679688,0.07163874804973602,0.026902323588728905,80.1556396484375,0.07257498800754547,0.0583173930644989,0.057338546961545944,0.05874412879347801,0.05725247785449028
681,0.02692081779241562,81.13665771484375,0.0716269314289093,0.026899533346295357,80.13447570800781,0.07256460934877396,0.058313824236392975,0.05732971429824829,0.058741603046655655,0.05724261328577995
682,0.026916977018117905,81.1114730834961,0.0716150775551796,0.02689678594470024,80.11336517333984,0.07255426794290543,0.05831024795770645,0.057320866733789444,0.058738838881254196,0.05723286792635918
683,0.02691313624382019,81.08645629882812,0.07160329818725586,0.02689395844936371,80.09233856201172,0.07254397124052048,0.05830662325024605,0.05731210112571716,0.05873624607920647,0.057223159819841385
684,0.026909247040748596,81.0613784790039,0.07159151136875153,0.026891132816672325,80.07136535644531,0.07253370434045792,0.058302976191043854,0.05730331689119339,0.05873342975974083,0.05721350759267807
685,0.026905395090579987,81.03646850585938,0.07157980650663376,0.026888294145464897,80.05046844482422,0.07252347469329834,0.05829929560422897,0.05729461461305618,0.058730706572532654,0.057203929871320724
686,0.026901520788669586,81.01160430908203,0.07156810164451599,0.02688533067703247,80.02965545654297,0.07251327484846115,0.05829562619328499,0.05728596821427345,0.05872803181409836,0.057194311171770096
687,0.026897558942437172,80.9868392944336,0.0715564489364624,0.026882415637373924,80.00889587402344,0.07250313460826874,0.05829191207885742,0.05727744847536087,0.0587252676486969,0.05718483775854111
688,0.026893550530076027,80.96208190917969,0.07154480367898941,0.02687953971326351,79.98818969726562,0.07249303162097931,0.05828818678855896,0.0572688989341259,0.05872243270277977,0.05717543512582779
689,0.0268896222114563,80.93763732910156,0.07153327763080597,0.026876691728830338,79.9675521850586,0.07248294353485107,0.05828442424535751,0.0572604238986969,0.058719854801893234,0.05716603621840477
690,0.02688564732670784,80.91294860839844,0.07152168452739716,0.02687385305762291,79.94691467285156,0.07247288525104523,0.05828065425157547,0.05725192278623581,0.058716896921396255,0.05715667083859444
691,0.02688162960112095,80.8886489868164,0.07151021808385849,0.026870807632803917,79.92636108398438,0.07246285676956177,0.058276884257793427,0.0572434663772583,0.05871431902050972,0.057147327810525894
692,0.026877455413341522,80.86422729492188,0.07149869948625565,0.026867786422371864,79.90584564208984,0.0724528580904007,0.058273132890462875,0.05723503977060318,0.05871136859059334,0.0571381151676178
693,0.02687324956059456,80.83997344970703,0.07148726284503937,0.02686466835439205,79.88540649414062,0.0724429115653038,0.058269351720809937,0.057226695120334625,0.05870860442519188,0.057128868997097015
694,0.02686905674636364,80.81566619873047,0.07147582620382309,0.026861602440476418,79.86497497558594,0.0724329873919487,0.058265555649995804,0.05721839889883995,0.05870562046766281,0.057119712233543396
695,0.026864876970648766,80.79157257080078,0.07146445661783218,0.02685851790010929,79.84465789794922,0.07242310047149658,0.05826175957918167,0.05721009895205498,0.05870285630226135,0.05711057409644127
696,0.02686077356338501,80.76744079589844,0.07145307213068008,0.026855530217289925,79.8243408203125,0.07241324335336685,0.05825795605778694,0.05720183998346329,0.05869989097118378,0.05710151419043541
697,0.026856690645217896,80.7434310913086,0.07144174724817276,0.026852449402213097,79.80402374267578,0.07240335643291473,0.05825410038232803,0.05719355493783951,0.05869701877236366,0.057092465460300446
698,0.026852527633309364,80.71939086914062,0.07143039256334305,0.02684934064745903,79.78382873535156,0.07239357382059097,0.05825022608041763,0.05718544125556946,0.058694008737802505,0.05708351731300354
699,0.0268484465777874,80.69567108154297,0.07141920179128647,0.026846256107091904,79.7636489868164,0.07238377630710602,0.05824635177850723,0.05717727914452553,0.05869118496775627,0.05707469582557678
700,0.02684437669813633,80.67173767089844,0.07140791416168213,0.026843087747693062,79.7435531616211,0.07237403094768524,0.05824249982833862,0.057169198989868164,0.05868802219629288,0.05706595629453659
701,0.026840336620807648,80.64822387695312,0.07139679044485092,0.026839930564165115,79.7234878540039,0.07236427813768387,0.058238644152879715,0.057161152362823486,0.058685265481472015,0.05705725774168968
702,0.026836320757865906,80.62451171875,0.07138556241989136,0.02683672495186329,79.70342254638672,0.07235453277826309,0.05823475494980812,0.05715322494506836,0.05868210643529892,0.05704866722226143
703,0.026832228526473045,80.60106658935547,0.07137447595596313,0.02683364227414131,79.68343353271484,0.07234479486942291,0.058230847120285034,0.05714529752731323,0.05867920070886612,0.05704009160399437
704,0.026828216388821602,80.57772064208984,0.0713634043931961,0.02683063969016075,79.66353607177734,0.0723351389169693,0.05822698026895523,0.057137422263622284,0.05867624282836914,0.0570315346121788
705,0.02682415209710598,80.55437469482422,0.07135234028100967,0.026827631518244743,79.6436538696289,0.07232547551393509,0.05822309851646423,0.057129502296447754,0.05867323279380798,0.057023029774427414
706,0.02682015299797058,80.5311279296875,0.07134135067462921,0.026824651286005974,79.62394714355469,0.07231590896844864,0.058219194412231445,0.05712166801095009,0.058670248836278915,0.05701461434364319
707,0.02681615762412548,80.5079345703125,0.07133031636476517,0.026821613311767578,79.6042251586914,0.072306327521801,0.05821528658270836,0.05711379274725914,0.0586671307682991,0.05700625479221344
708,0.026812175288796425,80.48484802246094,0.07131938636302948,0.02681855484843254,79.58458709716797,0.07229679822921753,0.05821137875318527,0.057105932384729385,0.05866411700844765,0.05699795112013817
709,0.026808161288499832,80.46168518066406,0.07130839675664902,0.02681547775864601,79.56500244140625,0.07228729873895645,0.05820738151669502,0.05709816887974739,0.05866091325879097,0.05698968097567558
710,0.026804225519299507,80.43881225585938,0.0712975263595581,0.026812458410859108,79.54550170898438,0.07227779924869537,0.05820336565375328,0.05709051340818405,0.05865789204835892,0.05698151886463165
711,0.026800258085131645,80.41580200195312,0.0712866261601448,0.026809455826878548,79.52600860595703,0.07226832956075668,0.058199383318424225,0.05708295479416847,0.058654606342315674,0.056973520666360855
712,0.02679631859064102,80.39305114746094,0.07127583026885986,0.02680639736354351,79.50650024414062,0.0722588524222374,0.05819537118077278,0.057075370103120804,0.05865151807665825,0.05696554481983185
713,0.026792330667376518,80.37020874023438,0.07126498967409134,0.026803234592080116,79.48709869384766,0.07224945724010468,0.05819140002131462,0.05706787109375,0.058648258447647095,0.05695755407214165
714,0.026788275688886642,80.34751892089844,0.07125423103570938,0.026800096035003662,79.46770477294922,0.07224006950855255,0.05818740651011467,0.0570603646337986,0.05864516645669937,0.056949589401483536
715,0.026784243062138557,80.3248291015625,0.07124347239732742,0.02679692581295967,79.44834899902344,0.07223070412874222,0.05818340182304382,0.05705292895436287,0.05864184722304344,0.05694170296192169
716,0.026780182495713234,80.30237579345703,0.07123281806707382,0.026793809607625008,79.42903137207031,0.07222135365009308,0.05817936733365059,0.05704546347260475,0.05863877758383751,0.056933797895908356
717,0.026776127517223358,80.27967071533203,0.07122204452753067,0.02679067850112915,79.40983581542969,0.07221206277608871,0.05817537382245064,0.05703805014491081,0.058635324239730835,0.056925904005765915
718,0.026772093027830124,80.25741577148438,0.07121146470308304,0.026787519454956055,79.3906478881836,0.07220279425382614,0.05817138031125069,0.057030659168958664,0.0586322583258152,0.05691808462142944
719,0.026768000796437263,80.2349853515625,0.07120082527399063,0.026784341782331467,79.37146759033203,0.07219354063272476,0.05816737189888954,0.05702332779765129,0.05862889438867569,0.05691035836935043
720,0.026763921603560448,80.21267700195312,0.0711902379989624,0.026781132444739342,79.35235595703125,0.07218430191278458,0.0581633485853672,0.057016078382730484,0.058625608682632446,0.05690266564488411
721,0.02675982192158699,80.19039916992188,0.07117965072393417,0.0267778467386961,79.33325958251953,0.07217509299516678,0.05815928801894188,0.057008881121873856,0.05862212926149368,0.05689509958028793
722,0.026755671948194504,80.16828155517578,0.07116915285587311,0.026774566620588303,79.31427764892578,0.07216595113277435,0.05815521627664566,0.05700173228979111,0.05861876532435417,0.056887563318014145
723,0.026751607656478882,80.14627075195312,0.07115871459245682,0.026771437376737595,79.29532623291016,0.07215680181980133,0.058151159435510635,0.05699458718299866,0.05861549824476242,0.05687997117638588
724,0.02674754522740841,80.12431335449219,0.07114827632904053,0.02676813118159771,79.27645111083984,0.07214771211147308,0.05814711004495621,0.056987445801496506,0.058612238615751266,0.05687233433127403
725,0.026743417605757713,80.10247802734375,0.07113786786794662,0.02676483802497387,79.25755310058594,0.07213861495256424,0.058143049478530884,0.05698031932115555,0.05860902741551399,0.05686479061841965
726,0.026739317923784256,80.08072662353516,0.07112753391265869,0.02676154114305973,79.23872375488281,0.07212954759597778,0.058138977736234665,0.056973256170749664,0.05860589072108269,0.05685725808143616
727,0.026735154911875725,80.05899810791016,0.07111718505620956,0.026758166030049324,79.21993255615234,0.07212047278881073,0.05813491344451904,0.0569661445915699,0.05860266834497452,0.05684972554445267
728,0.026730960234999657,80.03738403320312,0.07110689580440521,0.026754815131425858,79.20112609863281,0.07211139053106308,0.058130837976932526,0.05695900321006775,0.05859946087002754,0.05684227496385574
729,0.026726774871349335,80.01580047607422,0.07109662890434265,0.026751423254609108,79.18241119384766,0.0721023678779602,0.058126769959926605,0.05695190653204918,0.05859629064798355,0.056834787130355835
730,0.026722613722085953,79.99429321289062,0.07108639925718307,0.026748033240437508,79.1637191772461,0.07209334522485733,0.0581226646900177,0.05694478750228882,0.05859307199716568,0.05682734400033951
731,0.026718417182564735,79.9728012084961,0.07107611000537872,0.026744579896330833,79.14507293701172,0.07208435982465744,0.0581185556948185,0.05693775415420532,0.058589689433574677,0.05682000517845154
732,0.026714187115430832,79.95148468017578,0.0710660070180893,0.026741018518805504,79.1264877319336,0.07207540422677994,0.0581144355237484,0.056930817663669586,0.05858651548624039,0.056812699884176254
733,0.026709873229265213,79.93006896972656,0.0710558071732521,0.02673744596540928,79.10796356201172,0.07206647843122482,0.058110300451517105,0.05692390725016594,0.058583103120326996,0.056805480271577835
734,0.026705609634518623,79.90882110595703,0.07104568183422089,0.02673390880227089,79.08954620361328,0.07205758988857269,0.05810615047812462,0.05691707506775856,0.058579832315444946,0.0567982979118824
735,0.026700928807258606,79.88764190673828,0.07103554904460907,0.026729514822363853,79.07097625732422,0.07204858958721161,0.058102019131183624,0.05691029503941536,0.05857640504837036,0.05679122731089592
736,0.02669568546116352,79.86671447753906,0.07102552801370621,0.026724742725491524,79.05254364013672,0.07203960418701172,0.05809786915779114,0.05690357834100723,0.058573167771101,0.056784115731716156
737,0.02669045329093933,79.84579467773438,0.07101547718048096,0.026720313355326653,79.03411865234375,0.07203064858913422,0.05809369683265686,0.05689689889550209,0.05856974795460701,0.05677708238363266
738,0.026685472577810287,79.82498931884766,0.07100552320480347,0.026716062799096107,79.01583099365234,0.0720217376947403,0.058089494705200195,0.056890249252319336,0.058566369116306305,0.05677007883787155
739,0.02668057382106781,79.80413055419922,0.0709955245256424,0.02671179734170437,78.99755859375,0.07201284915208817,0.05808531120419502,0.056883662939071655,0.05856288969516754,0.056763067841529846
740,0.026675784960389137,79.783447265625,0.0709855780005455,0.02670769765973091,78.97941589355469,0.072004035115242,0.05808109790086746,0.05687715485692024,0.05855950713157654,0.056756116449832916
741,0.026671020314097404,79.76271057128906,0.070975661277771,0.02670358121395111,78.96123504638672,0.07199521362781525,0.0580768957734108,0.05687076970934868,0.058555956929922104,0.05674924701452255
742,0.026666348800063133,79.74217224121094,0.07096580415964127,0.026699569076299667,78.94318389892578,0.07198645919561386,0.058072712272405624,0.056864481419324875,0.0585525743663311,0.05674237757921219
743,0.02666163258254528,79.72160339355469,0.07095595449209213,0.026695506647229195,78.92517852783203,0.07197773456573486,0.05806850269436836,0.05685823783278465,0.058549076318740845,0.056735560297966
744,0.026657048612833023,79.70121765136719,0.07094617187976837,0.02669156901538372,78.90725708007812,0.07196904718875885,0.058064281940460205,0.05685203894972801,0.05854567885398865,0.0567287877202034
745,0.0266523826867342,79.68074798583984,0.07093635946512222,0.026687588542699814,78.88932800292969,0.07196036726236343,0.05806007981300354,0.05684586986899376,0.058542147278785706,0.05672208219766617
746,0.026647750288248062,79.66030883789062,0.07092653959989548,0.02668357454240322,78.8714370727539,0.07195170223712921,0.058055851608514786,0.05683973804116249,0.0585385337471962,0.0567154698073864
747,0.02664314955472946,79.6399917602539,0.07091681659221649,0.026679610833525658,78.85357666015625,0.07194305956363678,0.05805165693163872,0.05683363229036331,0.058535099029541016,0.05670880526304245
748,0.026638532057404518,79.61972045898438,0.0709070935845375,0.026675667613744736,78.83566284179688,0.07193440943956375,0.05804741755127907,0.056827615946531296,0.05853145197033882,0.05670236796140671
749,0.026633957400918007,79.59957122802734,0.07089743763208389,0.026671838015317917,78.81787109375,0.0719258040189743,0.05804315581917763,0.05682158097624779,0.058527979999780655,0.05669586732983589
750,0.02662939950823784,79.57945251464844,0.07088778913021088,0.026667997241020203,78.80012512207031,0.07191719859838486,0.05803890898823738,0.05681556463241577,0.05852438881993294,0.05668947473168373
751,0.02662498690187931,79.55936431884766,0.07087812572717667,0.02666425332427025,78.78242492675781,0.0719086304306984,0.058034639805555344,0.05680963024497032,0.05852074921131134,0.05668310075998306
752,0.026620596647262573,79.53944396972656,0.0708685964345932,0.026660436764359474,78.76472473144531,0.07190006226301193,0.05803035944700241,0.056803714483976364,0.05851723626255989,0.05667681246995926
753,0.02661619894206524,79.5194091796875,0.07085899263620377,0.026656758040189743,78.74707794189453,0.07189150899648666,0.05802608281373978,0.056797925382852554,0.05851353704929352,0.05667050927877426
754,0.02661183476448059,79.49954986572266,0.0708494633436203,0.026652945205569267,78.72947692871094,0.07188300043344498,0.058021776378154755,0.056792110204696655,0.058509957045316696,0.05666428059339523
755,0.026607416570186615,79.47972106933594,0.07083997875452042,0.02664906717836857,78.7119369506836,0.07187451422214508,0.05801742523908615,0.05678640678524971,0.0585063137114048,0.05665808171033859
756,0.026602918282151222,79.45992279052734,0.07083049416542053,0.02664509229362011,78.6944351196289,0.07186605036258698,0.05801311135292053,0.05678072199225426,0.05850261449813843,0.056651946157217026
757,0.026598390191793442,79.44026184082031,0.07082106918096542,0.026641113683581352,78.67694854736328,0.07185760885477066,0.058008767664432526,0.056775033473968506,0.05849898234009743,0.05664585158228874
758,0.026593824848532677,79.42057800292969,0.07081162929534912,0.02663709782063961,78.65955352783203,0.07184921205043793,0.05800443887710571,0.05676943063735962,0.05849526450037956,0.056639786809682846
759,0.026589293032884598,79.40099334716797,0.0708022490143776,0.026633087545633316,78.64212036132812,0.0718408077955246,0.05800013616681099,0.05676382780075073,0.05849158391356468,0.05663374811410904
760,0.02658475562930107,79.3814468383789,0.07079287618398666,0.026629069820046425,78.62479400634766,0.07183244079351425,0.05799580737948418,0.05675830319523811,0.058487873524427414,0.05662771686911583
761,0.02658027783036232,79.36195373535156,0.07078354060649872,0.026625024154782295,78.60746002197266,0.0718240812420845,0.05799148604273796,0.05675278976559639,0.058484166860580444,0.05662180855870247
762,0.026575764641165733,79.3424301147461,0.07077419012784958,0.026620950549840927,78.5901870727539,0.07181576639413834,0.05798716098070145,0.05674736574292183,0.058480385690927505,0.05661585554480553
763,0.02657119184732437,79.32311248779297,0.070764921605587,0.02661682292819023,78.5728759765625,0.07180742919445038,0.05798282101750374,0.05674191936850548,0.05847672000527382,0.05660999193787575
764,0.026566538959741592,79.3036880493164,0.07075562328100204,0.026612620800733566,78.55555725097656,0.07179908454418182,0.05797848105430603,0.05673651769757271,0.05847287178039551,0.056604184210300446
765,0.026561874896287918,79.28446197509766,0.07074644416570663,0.026608364656567574,78.53831481933594,0.07179076969623566,0.05797410383820534,0.056731171905994415,0.05846921354532242,0.05659838020801544
766,0.02655719220638275,79.26522827148438,0.07073719054460526,0.026604119688272476,78.52108001708984,0.07178246974945068,0.057969722896814346,0.05672585219144821,0.05846535786986351,0.05659264326095581
767,0.026552530005574226,79.2460708618164,0.07072803378105164,0.02659985050559044,78.50389862060547,0.0717741921544075,0.05796532705426216,0.05672061815857887,0.058461640030145645,0.05658694729208946
768,0.026547832414507866,79.22686004638672,0.07071883976459503,0.02659548819065094,78.48668670654297,0.07176589965820312,0.0579608716070652,0.056715402752161026,0.058457743376493454,0.0565812774002552
769,0.026543134823441505,79.20779418945312,0.07070967555046082,0.026591172441840172,78.46955871582031,0.07175765186548233,0.05795639753341675,0.05671026185154915,0.05845386162400246,0.056575704365968704
770,0.026538437232375145,79.18878936767578,0.07070057839155197,0.026586782187223434,78.452392578125,0.07174938917160034,0.057951919734478,0.05670509487390518,0.05845002084970474,0.05657016858458519
771,0.026533717289566994,79.16985321044922,0.07069151103496552,0.02658243104815483,78.43531036376953,0.07174115628004074,0.05794746056199074,0.05670002102851868,0.05844616889953613,0.056564658880233765
772,0.026529017835855484,79.15096282958984,0.07068246603012085,0.026578035205602646,78.41825866699219,0.07173293828964233,0.05794299393892288,0.056695081293582916,0.05844223126769066,0.05655921995639801
773,0.026524314656853676,79.13225555419922,0.07067348062992096,0.026573577895760536,78.40129089355469,0.07172472029924393,0.05793852359056473,0.056690096855163574,0.058438461273908615,0.05655380338430405
774,0.02651955373585224,79.1137466430664,0.07066457718610764,0.0265691876411438,78.38449096679688,0.07171659916639328,0.057934075593948364,0.05668520927429199,0.05843482166528702,0.05654846504330635
775,0.026514800265431404,79.0949935913086,0.07065556198358536,0.026564715430140495,78.3676986694336,0.07170848548412323,0.05792957916855812,0.05668032169342041,0.058430664241313934,0.05654314532876015
776,0.02651001699268818,79.07647705078125,0.07064667344093323,0.026560241356492043,78.35095977783203,0.07170038670301437,0.05792508274316788,0.05667548254132271,0.05842681974172592,0.05653785914182663
777,0.026505226269364357,79.05806732177734,0.0706377923488617,0.026555705815553665,78.33423614501953,0.07169229537248611,0.05792059749364853,0.05667070671916008,0.05842282995581627,0.05653278902173042
778,0.026500439271330833,79.03977966308594,0.07062899321317673,0.026551170274615288,78.31758117675781,0.07168422639369965,0.05791609734296799,0.05666596442461014,0.05841890722513199,0.0565277561545372
779,0.026495618745684624,79.02145385742188,0.07062014192342758,0.02654661238193512,78.30104064941406,0.07167621701955795,0.057911597192287445,0.05666128918528557,0.05841487646102905,0.05652269721031189
780,0.02649077959358692,79.00322723388672,0.07061134278774261,0.02654203772544861,78.28456115722656,0.07166821509599686,0.05790712684392929,0.056656647473573685,0.058410823345184326,0.05651770532131195
781,0.026485931128263474,78.98497772216797,0.07060256600379944,0.02653742954134941,78.26810455322266,0.07166022807359695,0.057902608066797256,0.056651998311281204,0.0584067776799202,0.05651264637708664
782,0.02648109383881092,78.96684265136719,0.07059383392333984,0.02653294801712036,78.25165557861328,0.07165225595235825,0.05789809301495552,0.056647367775440216,0.05840274319052696,0.056507598608732224
783,0.026476271450519562,78.9487533569336,0.07058510184288025,0.026528384536504745,78.2353286743164,0.07164434343576431,0.0578935481607914,0.05664283037185669,0.0583987757563591,0.05650254711508751
784,0.026471443474292755,78.93067932128906,0.07057635486125946,0.026523800566792488,78.2189712524414,0.07163640111684799,0.057889025658369064,0.05663829296827316,0.05839463695883751,0.056497592478990555
785,0.02646653540432453,78.91272735595703,0.07056769728660583,0.026519140228629112,78.20267486572266,0.07162849605083466,0.05788447707891464,0.056633878499269485,0.05839064344763756,0.05649266391992569
786,0.026461610570549965,78.89479064941406,0.0705590471625328,0.02651440165936947,78.18634796142578,0.07162056863307953,0.057879917323589325,0.056629426777362823,0.05838652700185776,0.05648782476782799
787,0.02645665779709816,78.87686920166016,0.07055041193962097,0.026509566232562065,78.1701431274414,0.07161269336938858,0.0578753836452961,0.056625042110681534,0.05838245898485184,0.0564829483628273
788,0.026451632380485535,78.859130859375,0.07054184377193451,0.026504740118980408,78.15396118164062,0.07160483300685883,0.057870831340551376,0.05662060156464577,0.058378420770168304,0.056478101760149
789,0.02644665725529194,78.84149932861328,0.07053332775831223,0.026499908417463303,78.13777160644531,0.07159695774316788,0.05786621570587158,0.05661618709564209,0.05837428197264671,0.05647337809205055
790,0.026441622525453568,78.8238525390625,0.07052481919527054,0.02649501897394657,78.12162780761719,0.07158911973237991,0.057861652225255966,0.05661191791296005,0.05837016552686691,0.0564686544239521
791,0.026436522603034973,78.80625915527344,0.07051631808280945,0.026490123942494392,78.1055908203125,0.07158131152391434,0.057857103645801544,0.056607697159051895,0.058366041630506516,0.05646398290991783
792,0.02643141709268093,78.78870391845703,0.07050782442092896,0.026485223323106766,78.08953857421875,0.07157351821660995,0.05785256624221802,0.05660351738333702,0.05836194381117821,0.05645933747291565
793,0.026426266878843307,78.77116394042969,0.07049934566020966,0.02648022584617138,78.07351684570312,0.07156573235988617,0.0578480139374733,0.05659935250878334,0.05835781991481781,0.05645476654171944
794,0.026421060785651207,78.75374603271484,0.07049093395471573,0.02647516131401062,78.05747985839844,0.0715579241514206,0.05784345418214798,0.05659518390893936,0.05835369974374771,0.05645021051168442
795,0.026415793225169182,78.73629760742188,0.0704825147986412,0.026470107957720757,78.04154968261719,0.0715501680970192,0.05783889815211296,0.05659111589193344,0.058349501341581345,0.05644574016332626
796,0.026410510763525963,78.71906280517578,0.07047416269779205,0.026465104892849922,78.02558135986328,0.07154238969087601,0.05783435329794884,0.05658705160021782,0.05834542587399483,0.05644126236438751
797,0.026405218988656998,78.7016372680664,0.07046575099229813,0.02646007016301155,78.0096664428711,0.0715346485376358,0.05782978981733322,0.05658307671546936,0.058341123163700104,0.05643680319190025
798,0.02639993652701378,78.68443298339844,0.07045742869377136,0.026455000042915344,77.99376678466797,0.0715269222855568,0.05782525986433029,0.056579120457172394,0.05833696201443672,0.05643242225050926
799,0.026394600048661232,78.66719818115234,0.0704491138458252,0.02644987404346466,77.97791290283203,0.07151921093463898,0.057820700109004974,0.05657519772648811,0.058332715183496475,0.05642808601260185
800,0.026389341801404953,78.65007019042969,0.07044082134962082,0.026444749906659126,77.96215057373047,0.07151152938604355,0.05781617388129234,0.056571297347545624,0.05832843482494354,0.056423794478178024
801,0.02638402208685875,78.63307189941406,0.07043258845806122,0.026439640671014786,77.94636535644531,0.07150387018918991,0.05781162157654762,0.056567467749118805,0.0583241768181324,0.05641961842775345
802,0.026378702372312546,78.61597442626953,0.07042431086301804,0.026434555649757385,77.93062591552734,0.07149621099233627,0.05780710652470589,0.05656364932656288,0.05831991136074066,0.05641532689332962
803,0.02637339010834694,78.59901428222656,0.07041612267494202,0.02642945386469364,77.91490936279297,0.07148858159780502,0.057802554219961166,0.05655987933278084,0.058315690606832504,0.056411124765872955
804,0.02636808715760708,78.58208465576172,0.07040795683860779,0.026424363255500793,77.89927673339844,0.07148098200559616,0.05779803544282913,0.05655613914132118,0.058311425149440765,0.056406956166028976
805,0.02636263519525528,78.56513214111328,0.07039973884820938,0.026418711990118027,77.88362884521484,0.0714733675122261,0.05779349058866501,0.05655244365334511,0.058307092636823654,0.056402787566185
806,0.026356682181358337,78.54840087890625,0.07039161026477814,0.0264130849391222,77.86796569824219,0.07146575301885605,0.05778893828392029,0.05654875189065933,0.05830288678407669,0.0563986636698246
807,0.0263508427888155,78.53157806396484,0.0703834593296051,0.02640744112432003,77.85237121582031,0.07145815342664719,0.05778435617685318,0.05654507502913475,0.05829852446913719,0.0563945434987545
808,0.02634507045149803,78.51486206054688,0.07037533819675446,0.02640189602971077,77.83686065673828,0.07145057618618011,0.05777973309159279,0.05654142424464226,0.05829419195652008,0.05639045313000679
809,0.02633933536708355,78.49820709228516,0.070367231965065,0.02639642171561718,77.82136535644531,0.07144300639629364,0.057775113731622696,0.05653775855898857,0.05828990042209625,0.056386400014162064
810,0.026333626359701157,78.48151397705078,0.07035915553569794,0.026390908285975456,77.80591583251953,0.07143542915582657,0.057770468294620514,0.05653414502739906,0.0582854300737381,0.05638234689831734
811,0.02632783353328705,78.465087890625,0.07035116106271744,0.026385236531496048,77.79048156738281,0.07142787426710129,0.057765860110521317,0.05653057247400284,0.058281172066926956,0.05637839809060097
812,0.02632203698158264,78.44849395751953,0.07034309208393097,0.026379700750112534,77.77510070800781,0.0714203491806984,0.05776124447584152,0.056527186185121536,0.058276768773794174,0.05637451633810997
813,0.0263163261115551,78.43218231201172,0.07033514976501465,0.026374151930212975,77.75981140136719,0.07141284644603729,0.05775662511587143,0.05652376636862755,0.058272574096918106,0.05637067183852196
814,0.02631058730185032,78.4157943725586,0.07032717019319534,0.02636856399476528,77.74455261230469,0.07140535861253738,0.05775201693177223,0.05652033910155296,0.0582682304084301,0.05636681616306305
815,0.02630491927266121,78.39966583251953,0.07031930983066559,0.026363063603639603,77.72942352294922,0.07139793783426285,0.05774739384651184,0.05651691555976868,0.05826406925916672,0.05636310577392578
816,0.026299236342310905,78.38348388671875,0.07031141966581345,0.02635745331645012,77.71434020996094,0.07139052450656891,0.05774277448654175,0.056513555347919464,0.05825969949364662,0.05635938048362732
817,0.026293544098734856,78.3672103881836,0.07030346244573593,0.026351843029260635,77.69927215576172,0.07138310372829437,0.05773812159895897,0.056510210037231445,0.058255117386579514,0.056355688720941544
818,0.026287848129868507,78.3510513305664,0.07029559463262558,0.026346255093812943,77.68421173095703,0.07137571275234222,0.057733479887247086,0.056506842374801636,0.05825061351060867,0.05635208636522293
819,0.02628215029835701,78.33505249023438,0.07028775662183762,0.026340706273913383,77.66918182373047,0.07136831432580948,0.057728834450244904,0.05650341138243675,0.05824616923928261,0.05634855106472969
820,0.026276491582393646,78.31903839111328,0.07027994096279144,0.026335222646594048,77.65415954589844,0.07136092334985733,0.05772417411208153,0.05649998039007187,0.05824167653918266,0.05634497478604317
821,0.026270795613527298,78.30310821533203,0.07027214020490646,0.02632969059050083,77.63924407958984,0.07135356217622757,0.05771952494978905,0.05649671331048012,0.05823729559779167,0.05634135752916336
822,0.026265129446983337,78.28718566894531,0.07026436924934387,0.026324214413762093,77.62432861328125,0.07134624570608139,0.057714883238077164,0.05649350956082344,0.0582328662276268,0.05633789673447609
823,0.026259515434503555,78.27131652832031,0.07025659829378128,0.0263187438249588,77.60945892333984,0.07133892923593521,0.05771023407578468,0.05649036169052124,0.05822841450572014,0.05633445084095001
824,0.026253903284668922,78.25553131103516,0.07024887949228287,0.02631327323615551,77.59458923339844,0.07133161276578903,0.05770555138587952,0.05648718401789665,0.05822392925620079,0.056331049650907516
825,0.026248285546898842,78.23980712890625,0.07024119049310684,0.02630779705941677,77.57978057861328,0.07132433354854584,0.057700879871845245,0.05648401752114296,0.05821949243545532,0.056327685713768005
826,0.02624269388616085,78.2240219116211,0.07023347169160843,0.026302261278033257,77.56501007080078,0.07131706178188324,0.05769616737961769,0.05648093670606613,0.058214858174324036,0.056324392557144165
827,0.026237046346068382,78.20835876464844,0.07022581994533539,0.026296747848391533,77.55033111572266,0.07130984216928482,0.05769146606326103,0.0564778707921505,0.05821039155125618,0.05632106214761734
828,0.026231389492750168,78.19258880615234,0.07021810114383698,0.026291193440556526,77.53557586669922,0.07130259275436401,0.057686734944581985,0.056474827229976654,0.05820572003722191,0.056317780166864395
829,0.026225736364722252,78.17703247070312,0.07021047919988632,0.02628570981323719,77.5209732055664,0.07129540294408798,0.05768197029829025,0.05647183209657669,0.058201152831315994,0.05631453916430473
830,0.026220036670565605,78.16145324707031,0.07020287960767746,0.026280120015144348,77.50641632080078,0.07128824293613434,0.05767720937728882,0.056468937546014786,0.0581965446472168,0.05631142109632492
831,0.026214318349957466,78.14605712890625,0.07019530981779099,0.026274610310792923,77.49188995361328,0.0712810531258583,0.05767245963215828,0.05646602064371109,0.058192066848278046,0.056308306753635406
832,0.02620861865580082,78.13056182861328,0.07018771767616272,0.026268964633345604,77.47730255126953,0.07127384841442108,0.057667721062898636,0.056463129818439484,0.05818741396069527,0.05630520358681679
833,0.026202861219644547,78.11521911621094,0.07018021494150162,0.026263264939188957,77.4627685546875,0.07126666605472565,0.0576629564166069,0.05646025761961937,0.05818294733762741,0.05630210414528847
834,0.026197094470262527,78.09976959228516,0.07017260789871216,0.026257609948515892,77.44824981689453,0.0712594985961914,0.05765819549560547,0.056457407772541046,0.05817824974656105,0.056299034506082535
835,0.02619129605591297,78.08441162109375,0.07016506791114807,0.02625192329287529,77.43376159667969,0.07125233113765717,0.05765344947576523,0.056454580277204514,0.05817368999123573,0.056296005845069885
836,0.026185497641563416,78.06905364990234,0.07015753537416458,0.026246339082717896,77.41928100585938,0.07124518603086472,0.0576486699283123,0.05645174905657768,0.05816904827952385,0.056292999535799026
837,0.026179712265729904,78.05382537841797,0.07015006989240646,0.026240769773721695,77.40485382080078,0.07123805582523346,0.05764393135905266,0.056448932737112045,0.05816447362303734,0.05629006773233414
838,0.026173941791057587,78.03858947753906,0.07014258205890656,0.026235142722725868,77.39049530029297,0.07123095542192459,0.05763915553689003,0.056446176022291183,0.05815989896655083,0.05628708377480507
839,0.02616812102496624,78.0234146118164,0.07013511657714844,0.026229560375213623,77.3761215209961,0.07122386246919632,0.0576343797147274,0.05644339695572853,0.058155227452516556,0.05628415197134018
840,0.026162337511777878,78.00823974609375,0.07012765109539032,0.026223953813314438,77.36182403564453,0.07121678441762924,0.05762959644198418,0.05644068121910095,0.058150529861450195,0.056281283497810364
841,0.02615639939904213,77.99308013916016,0.0701202005147934,0.026218077167868614,77.34760284423828,0.07120972871780396,0.057624828070402145,0.05643796920776367,0.058145780116319656,0.05627843365073204
842,0.026150483638048172,77.97808074951172,0.07011280953884125,0.026212390512228012,77.33345794677734,0.07120269536972046,0.057620055973529816,0.056435246020555496,0.05814118683338165,0.056275613605976105
843,0.02614464797079563,77.96305084228516,0.0701054185628891,0.026206757873296738,77.31929016113281,0.07119565457105637,0.0576152428984642,0.05643251910805702,0.058136411011219025,0.05627280846238136
844,0.026138871908187866,77.9482192993164,0.07009807974100113,0.026201212778687477,77.30519104003906,0.07118864357471466,0.05761042609810829,0.05642981082201004,0.05813185125589371,0.056269992142915726
845,0.026133090257644653,77.93321228027344,0.07009067386388779,0.02619563601911068,77.29105377197266,0.07118161767721176,0.0576055683195591,0.05642705783247948,0.058126963675022125,0.05626719072461128
846,0.02612726204097271,77.91824340820312,0.07008330523967743,0.026190048083662987,77.2770004272461,0.07117462903261185,0.057600706815719604,0.056424327194690704,0.0581221766769886,0.05626435577869415
847,0.02612145058810711,77.90338134765625,0.07007595151662827,0.02618439868092537,77.2629165649414,0.07116763293743134,0.05759584903717041,0.056421566754579544,0.05811751261353493,0.056261494755744934
848,0.02611563354730606,77.88843536376953,0.07006857544183731,0.02617878094315529,77.24887084960938,0.07116064429283142,0.05759099870920181,0.056418802589178085,0.058112699538469315,0.0562586672604084
849,0.026109827682375908,77.87355041503906,0.07006122916936874,0.026173127815127373,77.2348861694336,0.0711536854505539,0.05758612975478172,0.05641603469848633,0.058107890188694,0.05625588074326515
850,0.026104038581252098,77.85873413085938,0.07005390524864197,0.026167461648583412,77.22089385986328,0.07114674150943756,0.05758127570152283,0.05641334503889084,0.05810302123427391,0.05625314265489578
