epoch,cotBeta_mae_metric,loss,slim_rmse_metric,val_cotBeta_mae_metric,val_loss,val_slim_rmse_metric,val_x_mae_metric,val_y_mae_metric,x_mae_metric,y_mae_metric
0,0.313019335269928,2728.768310546875,0.4196186065673828,0.2268466204404831,1088.527587890625,0.273164838552475,0.20831194519996643,0.21992553770542145,0.38464853167533875,0.35874664783477783
1,0.12998254597187042,642.7904663085938,0.20514462888240814,0.10172562301158905,504.9914245605469,0.1855490356683731,0.13592328131198883,0.16662971675395966,0.15112322568893433,0.1809091418981552
2,0.09706304222345352,491.2725524902344,0.1804225891828537,0.09439311921596527,468.0396423339844,0.17856495082378387,0.1319083869457245,0.15910989046096802,0.1332319974899292,0.16173137724399567
3,0.09166557341814041,451.17852783203125,0.1728212684392929,0.08981911092996597,419.08245849609375,0.16887617111206055,0.12610098719596863,0.14750193059444427,0.12867173552513123,0.15324406325817108
4,0.08776494115591049,390.3331604003906,0.16058534383773804,0.08694437146186829,351.38470458984375,0.15446676313877106,0.11792448908090591,0.1267092227935791,0.12140319496393204,0.13713158667087555
5,0.08612370491027832,322.95208740234375,0.14588119089603424,0.08641983568668365,290.1411437988281,0.14017075300216675,0.10978709906339645,0.10423890501260757,0.11303292959928513,0.11453431099653244
6,0.08570317924022675,274.60882568359375,0.13437674939632416,0.08543245494365692,254.3805694580078,0.1311139017343521,0.1028391644358635,0.09301570802927017,0.10546369105577469,0.09778158366680145
7,0.08381380885839462,246.0620574951172,0.12707588076591492,0.0829230546951294,231.1315460205078,0.12487433850765228,0.09670250117778778,0.08751563727855682,0.09899026900529861,0.09025591611862183
8,0.0813199132680893,225.7681121826172,0.12160921841859818,0.0806632861495018,213.9958038330078,0.12006346136331558,0.09154239296913147,0.08368232846260071,0.0933336615562439,0.08578979969024658
9,0.07933545857667923,210.79373168945312,0.11740704625844955,0.07899431139230728,201.55172729492188,0.11643969267606735,0.08766469359397888,0.0807320773601532,0.08883216977119446,0.08243398368358612
10,0.0778762474656105,199.8495635986328,0.11423297971487045,0.07773289084434509,192.37718200683594,0.1136883795261383,0.08492182195186615,0.07842841744422913,0.08556298166513443,0.07980213314294815
11,0.07672817260026932,191.50469970703125,0.11174865812063217,0.07670177519321442,185.13491821289062,0.11146371811628342,0.08282378315925598,0.0765979215502739,0.0831829234957695,0.07770396769046783
12,0.07574343681335449,184.64694213867188,0.10966277867555618,0.07578862458467484,178.99041748046875,0.10953665524721146,0.08104275166988373,0.07510499656200409,0.08127501606941223,0.07600002735853195
13,0.07486415654420853,178.69961547851562,0.10781983286142349,0.07495243102312088,173.6068115234375,0.107816681265831,0.07945449650287628,0.07387792319059372,0.07960056513547897,0.0745905190706253
14,0.0740617960691452,173.47952270507812,0.10617462545633316,0.0741768404841423,168.90003967285156,0.10628815740346909,0.07803907990455627,0.07287277281284332,0.07809768617153168,0.07343309372663498
15,0.07331245392560959,168.9362335205078,0.10472080856561661,0.07344107329845428,164.81312561035156,0.10494189709424973,0.07681270688772202,0.07205760478973389,0.07678721845149994,0.07249408215284348
16,0.0725867748260498,164.99220275878906,0.10344131290912628,0.0727146714925766,161.2369384765625,0.10374888777732849,0.0757676213979721,0.07139336317777634,0.07566237449645996,0.0717306137084961
17,0.07186277955770493,161.52212524414062,0.10230131447315216,0.07198227196931839,158.04052734375,0.1026700809597969,0.07486884295940399,0.07083321362733841,0.0746985673904419,0.07109325379133224
18,0.07112894207239151,158.3968963623047,0.10126305371522903,0.07123107463121414,155.11415100097656,0.10167200863361359,0.07407208532094955,0.07034531235694885,0.07385556399822235,0.07054301351308823
19,0.07038048654794693,155.51934814453125,0.10029711574316025,0.07046597450971603,152.38816833496094,0.10073287785053253,0.07334522157907486,0.06990902125835419,0.0731007382273674,0.07005215436220169
20,0.06961871683597565,152.82984924316406,0.09938554465770721,0.06969159096479416,149.82254028320312,0.0998406782746315,0.0726604089140892,0.06951434910297394,0.07241000980138779,0.06960534304380417
21,0.06884691119194031,150.2950439453125,0.09851863235235214,0.06890740990638733,147.3973846435547,0.09898947924375534,0.07201223075389862,0.06915955245494843,0.07177024334669113,0.06919627636671066
22,0.06807250529527664,147.8981475830078,0.09769172966480255,0.06812231242656708,145.10110473632812,0.09817647933959961,0.07140059024095535,0.0688382163643837,0.07117316871881485,0.0688244178891182
23,0.06730206310749054,145.62969970703125,0.09690254181623459,0.06734437495470047,142.92759704589844,0.09740033745765686,0.07082600146532059,0.06854952126741409,0.07061269134283066,0.06848848611116409
24,0.06653942912817001,143.4840545654297,0.09615003317594528,0.06657525151968002,140.87159729003906,0.09666013717651367,0.07028534263372421,0.0682888776063919,0.07008607685565948,0.06818308681249619
25,0.06578828394412994,141.45724487304688,0.09543358534574509,0.06581560522317886,138.92941284179688,0.09595542401075363,0.06977933645248413,0.06805624812841415,0.06959404796361923,0.06790721416473389
26,0.06504979729652405,139.54498291015625,0.09475252777338028,0.06506999582052231,137.0955047607422,0.09528516232967377,0.06930968165397644,0.06784550100564957,0.06913747638463974,0.06765700876712799
27,0.06432298570871353,137.7436981201172,0.09410630911588669,0.06433925032615662,135.36289978027344,0.09464747458696365,0.06887613981962204,0.06764988601207733,0.06871902942657471,0.06742895394563675
28,0.0636063888669014,136.04566955566406,0.09349294006824493,0.063618965446949,133.72032165527344,0.0940389558672905,0.06847742199897766,0.06746932119131088,0.06833913177251816,0.06721952557563782
29,0.06289620697498322,134.43222045898438,0.09290626645088196,0.06289797276258469,132.15902709960938,0.09345678240060806,0.06811138987541199,0.06730068475008011,0.0679887980222702,0.06702416390180588
30,0.06218688562512398,132.8887481689453,0.0923416018486023,0.062172356992959976,130.6678466796875,0.0928974449634552,0.06777583062648773,0.06713767349720001,0.06766261905431747,0.0668385773897171
31,0.06147081032395363,131.4087371826172,0.0917966291308403,0.0614398717880249,129.23611450195312,0.09235699474811554,0.06746865808963776,0.06697769463062286,0.06736250966787338,0.06666111946105957
32,0.060741063207387924,129.97915649414062,0.09126707166433334,0.06069151312112808,127.85050964355469,0.09183115512132645,0.0671876072883606,0.06681911647319794,0.06708482652902603,0.06648891419172287
33,0.05998947098851204,128.58868408203125,0.09074924141168594,0.059918761253356934,126.49979400634766,0.09131591767072678,0.06692975759506226,0.06666267663240433,0.06682800501585007,0.06632064282894135
34,0.05920817330479622,127.22672271728516,0.09023923426866531,0.059116143733263016,125.17625427246094,0.09080842137336731,0.06669235974550247,0.06650766730308533,0.06658979505300522,0.0661545842885971
35,0.05839239060878754,125.88610076904297,0.08973468840122223,0.058276645839214325,123.87203216552734,0.09030602872371674,0.06647353619337082,0.06635227054357529,0.06636878103017807,0.06598907709121704
36,0.057537563145160675,124.56059265136719,0.08923332393169403,0.057398177683353424,122.58399200439453,0.08980748057365417,0.06626991182565689,0.06619799137115479,0.06616251915693283,0.06582404673099518
37,0.05664040893316269,123.24828338623047,0.08873441070318222,0.056476712226867676,121.31163024902344,0.08931254595518112,0.06608075648546219,0.06604266911745071,0.06597135961055756,0.06565934419631958
38,0.055702853947877884,121.94942474365234,0.08823800086975098,0.05551352724432945,120.05689239501953,0.08882199972867966,0.06590323895215988,0.06588757783174515,0.06579247862100601,0.06549452990293503
39,0.054729659110307693,120.6666030883789,0.08774510771036148,0.05452493205666542,118.82522583007812,0.08833803236484528,0.06573690474033356,0.06573304533958435,0.06562349945306778,0.06533019989728928
40,0.0537298247218132,119.4066162109375,0.08725843578577042,0.05352488532662392,117.62477111816406,0.08786389231681824,0.06558119505643845,0.06557710468769073,0.0654628723859787,0.0651659443974495
41,0.05271978676319122,118.17976379394531,0.0867820531129837,0.05252467840909958,116.46768188476562,0.08740450441837311,0.0654321238398552,0.0654199868440628,0.06530962884426117,0.06500180065631866
42,0.051716309040784836,116.99673461914062,0.08632032573223114,0.05154486000537872,115.36418151855469,0.08696449548006058,0.06528977304697037,0.06526164710521698,0.06516151875257492,0.06483866274356842
43,0.050743598490953445,115.86981964111328,0.0858784168958664,0.05060982704162598,114.32506561279297,0.08654826134443283,0.06515195965766907,0.06510284543037415,0.06501853466033936,0.0646761879324913
44,0.04982401803135872,114.8092269897461,0.08546053618192673,0.04974035173654556,113.35636901855469,0.0861586183309555,0.06501876562833786,0.06494291126728058,0.06488051265478134,0.06451433897018433
45,0.048972904682159424,113.81922912597656,0.08506864309310913,0.048943083733320236,112.4584732055664,0.08579611033201218,0.06489013135433197,0.06478230655193329,0.06474731117486954,0.06435415893793106
46,0.04819938912987709,112.90025329589844,0.08470354974269867,0.04822079464793205,111.62739562988281,0.08545956015586853,0.0647662803530693,0.06462562829256058,0.06461995840072632,0.06419668346643448
47,0.04750421270728111,112.0474624633789,0.08436368405818939,0.047572653740644455,110.85736846923828,0.08514675498008728,0.06464790552854538,0.0644715279340744,0.06449731439352036,0.06404155492782593
48,0.04688403010368347,111.25672912597656,0.08404739946126938,0.046990931034088135,110.14259338378906,0.08485540002584457,0.0645335242152214,0.06432269513607025,0.06438084691762924,0.06388988345861435
49,0.04632937163114548,110.51937103271484,0.08375156670808792,0.04647288843989372,109.4754409790039,0.08458268642425537,0.06442353129386902,0.06417855620384216,0.06426874548196793,0.06374257057905197
50,0.04583263769745827,109.83039093017578,0.083474300801754,0.04601325839757919,108.85363006591797,0.08432761579751968,0.06431630998849869,0.0640435665845871,0.06416147202253342,0.06360016763210297
51,0.04538482800126076,109.17928314208984,0.08321163058280945,0.04559911787509918,108.27191162109375,0.08408825844526291,0.06421242654323578,0.06391692906618118,0.06405309587717056,0.06346204876899719
52,0.044978123158216476,108.56629180908203,0.08296365290880203,0.045242633670568466,107.7546157836914,0.08387410640716553,0.06411011517047882,0.06382359564304352,0.06394752860069275,0.06332999467849731
53,0.04467291012406349,108.16458892822266,0.08279983699321747,0.044771257787942886,107.38211822509766,0.08372560143470764,0.06438306719064713,0.0635552778840065,0.0639505609869957,0.06324657052755356
54,0.04431045427918434,107.59119415283203,0.0825667753815651,0.04453512653708458,106.68419647216797,0.08343121409416199,0.06392090767621994,0.06354587525129318,0.06386291980743408,0.06309814006090164
55,0.04398812726140022,106.962646484375,0.08231126517057419,0.04418850690126419,106.16468811035156,0.08321674913167953,0.06385010480880737,0.06337976455688477,0.06361709535121918,0.06299299001693726
56,0.04368118196725845,106.46398162841797,0.08210763335227966,0.04390901327133179,105.72047424316406,0.08303160220384598,0.06375695765018463,0.06328299641609192,0.06354840099811554,0.06286552548408508
57,0.04339968040585518,106.00248718261719,0.08191876113414764,0.04364714398980141,105.29939270019531,0.0828554779291153,0.06366336345672607,0.06319598853588104,0.06346728652715683,0.06276481598615646
58,0.04313275218009949,105.56449890136719,0.08173935860395432,0.04345562681555748,104.99775695800781,0.08272698521614075,0.06358084082603455,0.06319881975650787,0.06338520348072052,0.06267496943473816
59,0.0430089570581913,105.56082916259766,0.08173596113920212,0.04309776797890663,104.45453643798828,0.08250336349010468,0.06355337798595428,0.0629308670759201,0.06353448331356049,0.06272124499082565
60,0.042661137878894806,104.69607543945312,0.08138204365968704,0.04293124005198479,104.11714172363281,0.08235832303762436,0.06340628862380981,0.06293170899152756,0.06317155808210373,0.06246498227119446
61,0.0424351803958416,104.32421112060547,0.08122842013835907,0.042699024081230164,103.7397689819336,0.08220003545284271,0.06332507729530334,0.06283355504274368,0.06308112293481827,0.062410783022642136
62,0.04221252351999283,103.99176788330078,0.08109108358621597,0.04256323724985123,103.56295013427734,0.0821220725774765,0.0633002519607544,0.06286831200122833,0.063047856092453,0.06234435737133026
63,0.04209154099225998,103.94599151611328,0.08107050508260727,0.04222472757101059,103.06646728515625,0.08191876858472824,0.06329838931560516,0.06258276849985123,0.06316645443439484,0.06235616281628609
64,0.04181322827935219,103.28843688964844,0.08079920709133148,0.04210934787988663,102.7688217163086,0.08178780972957611,0.06310360133647919,0.06263087689876556,0.06290438026189804,0.06216733530163765
65,0.04161902889609337,102.93922424316406,0.0806540921330452,0.04190627112984657,102.42877197265625,0.08164428174495697,0.06302348524332047,0.06254012137651443,0.06277036666870117,0.0621357299387455
66,0.04144284501671791,102.78668975830078,0.08059144765138626,0.041966915130615234,102.95740509033203,0.08185835927724838,0.06348388642072678,0.06281568855047226,0.0628562793135643,0.062117695808410645
67,0.04131659120321274,102.53958129882812,0.08048692345619202,0.04151443392038345,101.77449035644531,0.081367127597332,0.0628904327750206,0.06234894320368767,0.06274446099996567,0.062092479318380356
68,0.04106803610920906,102.07830810546875,0.08029525727033615,0.04142758622765541,101.68269348144531,0.08132346719503403,0.0628984272480011,0.06239912286400795,0.06265551596879959,0.061936527490615845
69,0.0409112386405468,101.74522399902344,0.08015577495098114,0.041188061237335205,101.2400894165039,0.08113855868577957,0.06275412440299988,0.06224561110138893,0.06249292194843292,0.06190158426761627
70,0.04075237363576889,101.82626342773438,0.08018865436315536,0.041121866554021835,101.15287017822266,0.08109699934720993,0.06277730315923691,0.062266841530799866,0.06281537562608719,0.061903148889541626
71,0.040589623153209686,101.19417572021484,0.07992509007453918,0.040893394500017166,100.74181365966797,0.08092400431632996,0.06263238936662674,0.06214579567313194,0.06236349046230316,0.06178324669599533
72,0.0404328815639019,101.0525131225586,0.0798662081360817,0.04092960059642792,101.05994415283203,0.08105234801769257,0.06297461688518524,0.06227672100067139,0.062432341277599335,0.06175874546170235
73,0.04034867510199547,100.90260314941406,0.07980193197727203,0.040541574358940125,100.18534851074219,0.08068788051605225,0.06252646446228027,0.06196856498718262,0.06239255145192146,0.06173437461256981
74,0.0401233434677124,100.5559310913086,0.07965691387653351,0.040508393198251724,100.20331573486328,0.08068932592868805,0.0625891387462616,0.062055472284555435,0.062348734587430954,0.06163579598069191
75,0.039997074753046036,100.22380828857422,0.07951699197292328,0.04029436409473419,99.76202392578125,0.08050345629453659,0.06239944323897362,0.061915066093206406,0.062140949070453644,0.06160213425755501
76,0.039858002215623856,100.33011627197266,0.07956181466579437,0.04028581827878952,99.88189697265625,0.08054939657449722,0.06259617209434509,0.06196810305118561,0.06246943026781082,0.06160341203212738
77,0.039719510823488235,99.7613296508789,0.07932183891534805,0.040036268532276154,99.34098815917969,0.08032102882862091,0.062311671674251556,0.061817388981580734,0.06203792989253998,0.06149981543421745
78,0.039583608508110046,99.665771484375,0.07928194105625153,0.040053971111774445,99.66600036621094,0.08045367896556854,0.0627104640007019,0.0619044303894043,0.06213000789284706,0.061477936804294586
79,0.039493292570114136,99.45279693603516,0.079190693795681,0.039726678282022476,98.84194946289062,0.08010833710432053,0.06219376623630524,0.061659395694732666,0.06203087419271469,0.06143409386277199
80,0.03931480646133423,99.34078979492188,0.07914341986179352,0.03969687595963478,98.86756896972656,0.08011353015899658,0.06228717416524887,0.061711691319942474,0.06216711550951004,0.06138760596513748
81,0.039203446358442307,98.92520904541016,0.07896775752305984,0.03954789415001869,98.60249328613281,0.07999983429908752,0.0621899738907814,0.06164843589067459,0.06185917928814888,0.06132836267352104
82,0.03909562528133392,98.8013687133789,0.07891576737165451,0.03953326493501663,99.03968811035156,0.08018159121274948,0.06275990605354309,0.061717867851257324,0.06187613680958748,0.06131061539053917
83,0.03902817890048027,98.82583618164062,0.07892457395792007,0.03924914821982384,98.04380798339844,0.07976137101650238,0.06199923902750015,0.061473287642002106,0.0620238222181797,0.06128152087330818
84,0.03883446380496025,98.45911407470703,0.07876992225646973,0.03919276222586632,98.11920166015625,0.07978912442922592,0.062165241688489914,0.061515193432569504,0.06189930438995361,0.061198215931653976
85,0.038732435554265976,98.18690490722656,0.07865447551012039,0.039082832634449005,97.9848403930664,0.07973040640354156,0.062177691608667374,0.06147628650069237,0.061728812754154205,0.061166420578956604
86,0.03863690048456192,98.01573944091797,0.07858117669820786,0.03889666497707367,97.50629425048828,0.07953072339296341,0.06190274655818939,0.06131681054830551,0.0616886168718338,0.06112369894981384
87,0.03850386291742325,98.21942138671875,0.07866678386926651,0.03882382810115814,97.3696517944336,0.07946768403053284,0.0618680864572525,0.06130583956837654,0.06210549548268318,0.061121102422475815
88,0.03840206190943718,97.60723876953125,0.07840804010629654,0.03872853145003319,97.27484130859375,0.07942553609609604,0.06187937408685684,0.06129930913448334,0.06159890443086624,0.06101325526833534
89,0.03830445557832718,97.52702331542969,0.07837441563606262,0.03866975009441376,97.44503784179688,0.07949566096067429,0.062168799340724945,0.06132741644978523,0.06163417175412178,0.06101445108652115
90,0.038216426968574524,97.32644653320312,0.07828837633132935,0.03849267587065697,96.83030700683594,0.07923497259616852,0.06172926723957062,0.061169322580099106,0.06154625862836838,0.06096752732992172
91,0.03808232396841049,97.4677734375,0.0783488005399704,0.038430310785770416,96.78251647949219,0.07921183854341507,0.061803869903087616,0.061138834804296494,0.06190543621778488,0.06095544993877411
92,0.037994980812072754,96.93842315673828,0.07812359929084778,0.03831614926457405,96.60226440429688,0.07913427799940109,0.06174081563949585,0.06110746040940285,0.06146544963121414,0.06085572391748428
93,0.03790292143821716,96.905029296875,0.07811011373996735,0.038269057869911194,96.79975891113281,0.07921663671731949,0.06206928938627243,0.06111845001578331,0.06155586242675781,0.060852378606796265
94,0.03781692311167717,96.6548843383789,0.07800305634737015,0.038114823400974274,96.29088592529297,0.07899941504001617,0.061687130481004715,0.06102069839835167,0.06140849366784096,0.06080120429396629
95,0.03771842643618584,96.82672119140625,0.07807732373476028,0.038069240748882294,96.3608627319336,0.07902757823467255,0.06190630421042442,0.06097783148288727,0.061779264360666275,0.06078225001692772
96,0.037613384425640106,96.3040542602539,0.07785386592149734,0.03791993111371994,95.92821502685547,0.07884328067302704,0.0615755170583725,0.060915254056453705,0.06134411320090294,0.060692887753248215
97,0.037521831691265106,96.28759765625,0.07784758508205414,0.037859536707401276,95.98723602294922,0.07886678725481033,0.061758413910865784,0.06090288981795311,0.0614604614675045,0.06068257987499237
98,0.03743946924805641,96.07444763183594,0.07775674015283585,0.037769004702568054,95.87946319580078,0.07882003486156464,0.061776939779520035,0.06086422875523567,0.061349861323833466,0.06063906475901604
99,0.03735894709825516,95.96366882324219,0.07771005481481552,0.03769669309258461,95.98072052001953,0.07886283099651337,0.062041208148002625,0.060831718146800995,0.06135818362236023,0.06060481444001198
100,0.037282414734363556,95.77713012695312,0.07762977480888367,0.03754669800400734,95.28031921386719,0.07856616377830505,0.061399299651384354,0.06072693690657616,0.06127987429499626,0.060553885996341705
101,0.03716861084103584,95.93798065185547,0.07769891619682312,0.0374753475189209,95.15159606933594,0.07850801199674606,0.061397287994623184,0.06067423149943352,0.061636414378881454,0.06053055450320244
102,0.03709175065159798,95.44623565673828,0.0774889886379242,0.03740036487579346,95.10902404785156,0.07848860323429108,0.06143974885344505,0.06067618355154991,0.061219215393066406,0.06045187637209892
103,0.037014495581388474,95.41158294677734,0.07747472822666168,0.03733471408486366,95.16276550292969,0.07851052284240723,0.06161557883024216,0.06066187098622322,0.061291780322790146,0.06044510006904602
104,0.03693852946162224,95.23526000976562,0.07739929854869843,0.037255171686410904,95.04959106445312,0.0784614235162735,0.061626434326171875,0.0606125146150589,0.06122031807899475,0.060399480164051056
105,0.03686382248997688,95.14376831054688,0.07736057043075562,0.03718393296003342,95.05384063720703,0.07846280187368393,0.06177608668804169,0.06056633219122887,0.06124979257583618,0.06036010757088661
106,0.036787621676921844,94.95943450927734,0.07728138566017151,0.03709474578499794,94.78546142578125,0.07834704965353012,0.061600543558597565,0.06051120534539223,0.06117184832692146,0.06031092628836632
107,0.03671373054385185,94.95613098144531,0.07728063315153122,0.03703140839934349,94.78372955322266,0.07834580540657043,0.061756864190101624,0.060445334762334824,0.06131158024072647,0.06027216464281082
108,0.03663313016295433,94.67012786865234,0.07715732604265213,0.03693073242902756,94.3423080444336,0.07815608382225037,0.0613342747092247,0.06041501462459564,0.0611104778945446,0.06021895259618759
109,0.036556001752614975,94.68732452392578,0.07716525346040726,0.0368596687912941,94.1959457397461,0.07809270918369293,0.0612998865544796,0.06035681441426277,0.061259251087903976,0.06019672378897667
110,0.036487746983766556,94.4527816772461,0.07706460356712341,0.03678245469927788,94.06398010253906,0.07803603261709213,0.06124059110879898,0.060341596603393555,0.06110301986336708,0.0601532906293869
111,0.03641768917441368,94.38326263427734,0.07703512907028198,0.036713141947984695,93.96631622314453,0.07799351215362549,0.0612480454146862,0.06030208244919777,0.061141807585954666,0.06012530252337456
112,0.03634918853640556,94.23338317871094,0.07697094976902008,0.03664356842637062,93.85879516601562,0.0779469683766365,0.06123555451631546,0.06026924401521683,0.0610915832221508,0.0600830614566803
113,0.03628135100007057,94.12421417236328,0.07692429423332214,0.03657595068216324,93.75123596191406,0.07790037989616394,0.061227597296237946,0.060230888426303864,0.061086855828762054,0.060046013444662094
114,0.03621503710746765,93.99737548828125,0.07687003165483475,0.03650873526930809,93.63375091552734,0.07784959673881531,0.061204299330711365,0.060193981975317,0.06106044352054596,0.06000649929046631
115,0.03614994138479233,93.88327026367188,0.07682126015424728,0.03644254058599472,93.515625,0.07779855281114578,0.06117948517203331,0.06015666574239731,0.06104670837521553,0.0599689818918705
116,0.03608611226081848,93.76493072509766,0.07677061855792999,0.036377351731061935,93.39649963378906,0.07774711400270462,0.06115050986409187,0.060121115297079086,0.06102614849805832,0.05993141233921051
117,0.03602331504225731,93.65135955810547,0.07672207057476044,0.036313071846961975,93.28010559082031,0.07769688963890076,0.061122994869947433,0.060086123645305634,0.06100945919752121,0.05989508703351021
118,0.0359618104994297,93.53742980957031,0.07667333632707596,0.03624981641769409,93.16675567626953,0.07764793187379837,0.06109696626663208,0.06005164235830307,0.060990624129772186,0.05985905975103378
119,0.035901471972465515,93.42611694335938,0.07662571966648102,0.03618767112493515,93.056396484375,0.07760029286146164,0.061073049902915955,0.06001763045787811,0.06097317487001419,0.0598234124481678
120,0.03584209457039833,93.31549835205078,0.07657841593027115,0.03612682968378067,92.94834899902344,0.07755366712808609,0.06105033680796623,0.059984106570482254,0.060955096036195755,0.0597880594432354
121,0.03578370437026024,93.20674133300781,0.07653191685676575,0.03606744855642319,92.84231567382812,0.07750793546438217,0.06102848798036575,0.059950992465019226,0.06093757972121239,0.0597531758248806
122,0.03572631999850273,93.0990219116211,0.07648586481809616,0.036009255796670914,92.73760223388672,0.0774628072977066,0.061006560921669006,0.05991820618510246,0.06092008575797081,0.059718526899814606
123,0.035670023411512375,92.99299621582031,0.07644056528806686,0.03595221787691116,92.6342544555664,0.07741829007863998,0.060985028743743896,0.05988580361008644,0.06090307980775833,0.059684284031391144
124,0.03561465069651604,92.88804626464844,0.07639575004577637,0.035896483808755875,92.53223419189453,0.07737437635660172,0.060963504016399384,0.05985400825738907,0.06088598817586899,0.05965062975883484
125,0.03556034341454506,92.78478240966797,0.07635166496038437,0.03584211319684982,92.43159484863281,0.0773310512304306,0.06094231456518173,0.05982261151075363,0.06086939200758934,0.05961740389466286
126,0.03550727292895317,92.68280029296875,0.07630807906389236,0.03578922897577286,92.33283233642578,0.07728854566812515,0.06092141568660736,0.059792086482048035,0.060852762311697006,0.05958469212055206
127,0.03545515239238739,92.5824966430664,0.07626523822546005,0.03573707863688469,92.23563385009766,0.07724674046039581,0.06090094894170761,0.05976244434714317,0.060836534947156906,0.05955265089869499
128,0.0354040153324604,92.4836196899414,0.07622300833463669,0.03568585589528084,92.1402587890625,0.07720571011304855,0.060880761593580246,0.05973351001739502,0.06082034483551979,0.05952109768986702
129,0.03535391390323639,92.38633728027344,0.07618147134780884,0.035635724663734436,92.0462875366211,0.07716532796621323,0.060860924422740936,0.05970473960042,0.060804333537817,0.059490103274583817
130,0.035304632037878036,92.29032897949219,0.07614047825336456,0.03558649867773056,91.9538803100586,0.07712558656930923,0.06084131449460983,0.059676643460989,0.06078832224011421,0.059459734708070755
131,0.03525635972619057,92.19568634033203,0.07610001415014267,0.03553854674100876,91.86284637451172,0.0770864337682724,0.06082097068428993,0.05964946001768112,0.06077205762267113,0.059430088847875595
132,0.03520891070365906,92.1026382446289,0.07606028765439987,0.035491570830345154,91.77361297607422,0.07704806327819824,0.06080131232738495,0.059622976928949356,0.06075604632496834,0.059401076287031174
133,0.03516219183802605,92.01116180419922,0.07602116465568542,0.03544541448354721,91.68608093261719,0.07701044529676437,0.06078243628144264,0.059597041457891464,0.06074034422636032,0.059372685849666595
134,0.035116199404001236,91.92093658447266,0.07598263770341873,0.03540002554655075,91.60021209716797,0.0769735649228096,0.06076422706246376,0.059571776539087296,0.06072486191987991,0.05934487655758858
135,0.03507100045681,91.8322982788086,0.07594475150108337,0.03535552695393562,91.51593780517578,0.07693736255168915,0.06074649095535278,0.05954700708389282,0.06070973351597786,0.05931757390499115
136,0.03502694144845009,91.74504089355469,0.07590746879577637,0.03531205654144287,91.43292236328125,0.07690171152353287,0.06072917953133583,0.0595223642885685,0.06069492921233177,0.059290483593940735
137,0.03498365357518196,91.65900421142578,0.07587073743343353,0.03526948392391205,91.35132598876953,0.07686671614646912,0.06071186438202858,0.05949830263853073,0.06068024784326553,0.059263840317726135
138,0.0349411778151989,91.57441711425781,0.07583463191986084,0.0352274589240551,91.27130126953125,0.07683242112398148,0.06069494038820267,0.05947484076023102,0.0606657937169075,0.05923805013298988
139,0.034899480640888214,91.49128723144531,0.07579914480447769,0.03518606722354889,91.19264221191406,0.0767986997961998,0.060678284615278244,0.059451766312122345,0.06065160408616066,0.05921290069818497
140,0.03485850617289543,91.4092025756836,0.07576411217451096,0.03514549881219864,91.1150894165039,0.07676547765731812,0.060661688446998596,0.05942925065755844,0.060637421905994415,0.05918826535344124
141,0.034818217158317566,91.32829284667969,0.0757296085357666,0.035105690360069275,91.0387191772461,0.07673278450965881,0.06064536049962044,0.05940729007124901,0.06062328815460205,0.059164199978113174
142,0.034778594970703125,91.24871826171875,0.07569564878940582,0.03506641089916229,90.96357727050781,0.07670063525438309,0.06062915548682213,0.05938594043254852,0.060609325766563416,0.05914074927568436
143,0.03473962843418121,91.17027282714844,0.07566224038600922,0.0350278876721859,90.88948822021484,0.07666900008916855,0.06061297282576561,0.05936507508158684,0.060595396906137466,0.0591178797185421
144,0.034701358526945114,91.09285736083984,0.0756293460726738,0.03499029576778412,90.81655883789062,0.07663789391517639,0.06059717386960983,0.059344496577978134,0.060581568628549576,0.05909540876746178
145,0.03466367349028587,91.01653289794922,0.0755968987941742,0.034953441470861435,90.74481964111328,0.07660730928182602,0.06058163940906525,0.0593244805932045,0.06056782230734825,0.05907334014773369
146,0.03462640568614006,90.94152069091797,0.07556501030921936,0.034916702657938004,90.67432403564453,0.07657728344202042,0.06056644022464752,0.059305332601070404,0.06055435165762901,0.0590519979596138
147,0.034589748829603195,90.86766052246094,0.07553360611200333,0.03488118201494217,90.6049575805664,0.07654772698879242,0.060551293194293976,0.059286341071128845,0.06054086238145828,0.059031251817941666
148,0.034553688019514084,90.79486083984375,0.0755026713013649,0.03484637662768364,90.53662872314453,0.07651863992214203,0.060536302626132965,0.0592678040266037,0.060527510941028595,0.059010788798332214
149,0.0345182791352272,90.72309875488281,0.07547222822904587,0.0348123274743557,90.46942138671875,0.07649005949497223,0.060521386563777924,0.059249915182590485,0.06051429733633995,0.05899064615368843
150,0.03448345139622688,90.65230560302734,0.07544216513633728,0.03477882221341133,90.40311431884766,0.07646186649799347,0.060506660491228104,0.05923229455947876,0.06050119176506996,0.05897084251046181
151,0.034449171274900436,90.58241271972656,0.07541254907846451,0.03474592790007591,90.33763885498047,0.07643405348062515,0.060492079704999924,0.05921514704823494,0.06048830971121788,0.05895126238465309
152,0.034415289759635925,90.51348876953125,0.07538332790136337,0.03471335023641586,90.27322387695312,0.07640666514635086,0.06047743931412697,0.059198565781116486,0.06047540903091431,0.05893207713961601
153,0.03438197076320648,90.44574737548828,0.07535460591316223,0.03468123450875282,90.20973205566406,0.07637966424226761,0.06046295166015625,0.05918220058083534,0.06046263501048088,0.05891324579715729
154,0.03434908390045166,90.37902069091797,0.07532631605863571,0.03464934974908829,90.14716339111328,0.07635306566953659,0.060448650270700455,0.05916617810726166,0.060450103133916855,0.0588945671916008
155,0.03431648761034012,90.31322479248047,0.07529839128255844,0.03461775928735733,90.0854721069336,0.07632680237293243,0.06043460592627525,0.059150420129299164,0.060437627136707306,0.05887619033455849
156,0.03428418189287186,90.24853515625,0.07527092844247818,0.03458637371659279,90.02490997314453,0.0763009563088417,0.06042104959487915,0.05913488194346428,0.060425691306591034,0.05885794386267662
157,0.03425215929746628,90.1845932006836,0.07524371892213821,0.03455526381731033,89.96503448486328,0.07627543061971664,0.06040734052658081,0.059119801968336105,0.060413580387830734,0.05884012207388878
158,0.03422059491276741,90.12175750732422,0.07521701604127884,0.03452455997467041,89.90602111816406,0.07625030726194382,0.06039360910654068,0.059105295687913895,0.06040162593126297,0.05882273241877556
159,0.034189414232969284,90.05950927734375,0.07519061863422394,0.03449416160583496,89.84770965576172,0.07622550427913666,0.06037997454404831,0.05909094959497452,0.060389500111341476,0.058805692940950394
160,0.034158576279878616,89.99806213378906,0.0751645565032959,0.03446407616138458,89.7899169921875,0.07620091736316681,0.060366395860910416,0.059076521545648575,0.06037752330303192,0.05878881737589836
161,0.03412802517414093,89.93736267089844,0.07513879239559174,0.03443431854248047,89.73308563232422,0.07617675513029099,0.06035294756293297,0.05906248465180397,0.06036554276943207,0.05877220258116722
162,0.03409779071807861,89.87734985351562,0.07511331886053085,0.03440485894680023,89.67678833007812,0.07615280151367188,0.06033972650766373,0.05904867872595787,0.06035361438989639,0.05875587463378906
163,0.03406786546111107,89.81808471679688,0.07508818805217743,0.03437568247318268,89.62107849121094,0.07612912356853485,0.06032651662826538,0.059035103768110275,0.06034190207719803,0.05873978137969971
164,0.03403830528259277,89.759521484375,0.0750633254647255,0.03434690460562706,89.5657958984375,0.07610560208559036,0.06031326577067375,0.05902143940329552,0.06033025681972504,0.05872378498315811
165,0.034009020775556564,89.70146942138672,0.07503869384527206,0.03431834280490875,89.51121520996094,0.07608239352703094,0.06030034273862839,0.059007737785577774,0.06031860411167145,0.058707814663648605
166,0.03397999703884125,89.64408874511719,0.0750143751502037,0.03429001569747925,89.45731353759766,0.07605946063995361,0.0602874830365181,0.058994360268116,0.060307133942842484,0.05869195982813835
167,0.03395114839076996,89.58748626708984,0.07499036937952042,0.03426174074411392,89.40393829345703,0.07603675872087479,0.0602746456861496,0.05898135155439377,0.06029583886265755,0.058676376938819885
168,0.03392252326011658,89.53144836425781,0.07496658712625504,0.03423365205526352,89.35137176513672,0.07601440697908401,0.06026197224855423,0.05896864831447601,0.06028451398015022,0.05866113677620888
169,0.03389391675591469,89.4759521484375,0.07494304329156876,0.03420557454228401,89.29912567138672,0.07599218934774399,0.060249313712120056,0.05895606800913811,0.06027326360344887,0.05864608287811279
170,0.03386544808745384,89.42092895507812,0.07491970807313919,0.03417767584323883,89.2475357055664,0.07597027719020844,0.06023680418729782,0.05894368141889572,0.06026213616132736,0.05863115191459656
171,0.033837199211120605,89.36649322509766,0.07489662617444992,0.03414996713399887,89.19641876220703,0.07594854384660721,0.06022437661886215,0.058931585401296616,0.06025112047791481,0.058616410940885544
172,0.033809054642915726,89.31254577636719,0.07487375289201736,0.03412242978811264,89.1458740234375,0.07592706382274628,0.06021209806203842,0.058919720351696014,0.060240160673856735,0.0586019903421402
173,0.033781033009290695,89.25917053222656,0.0748511254787445,0.034095052629709244,89.09575653076172,0.07590575516223907,0.06019999831914902,0.05890782177448273,0.06022946909070015,0.05858772620558739
174,0.03375306352972984,89.206298828125,0.07482870668172836,0.03406747803092003,89.04598236083984,0.07588457316160202,0.06018803268671036,0.05889591947197914,0.06021896377205849,0.058573514223098755
175,0.03372512757778168,89.15384674072266,0.07480645924806595,0.034039948135614395,88.9964370727539,0.07586349546909332,0.06017611548304558,0.05888407677412033,0.06020862236618996,0.05855938419699669
176,0.03369726613163948,89.10172271728516,0.07478436082601547,0.03401244431734085,88.947265625,0.07584256678819656,0.060164276510477066,0.058872319757938385,0.06019823998212814,0.0585453063249588
177,0.033669523894786835,89.050048828125,0.07476244866847992,0.033985160291194916,88.89859771728516,0.07582184672355652,0.06015249341726303,0.05886055901646614,0.06018799915909767,0.05853135138750076
178,0.03364190086722374,88.99883270263672,0.07474072277545929,0.033957965672016144,88.85037994384766,0.0758013129234314,0.06014097481966019,0.058848973363637924,0.060177937150001526,0.05851738154888153
179,0.03361452743411064,88.94793701171875,0.07471910864114761,0.03393104672431946,88.80252075195312,0.07578092068433762,0.06012940779328346,0.058837492018938065,0.060167837888002396,0.05850351229310036
180,0.03358737379312515,88.89757537841797,0.07469771802425385,0.03390407934784889,88.75497436523438,0.07576067745685577,0.06011789292097092,0.0588260143995285,0.060157857835292816,0.05848975107073784
181,0.033560268580913544,88.84742736816406,0.07467642426490784,0.03387710824608803,88.70756530761719,0.07574048638343811,0.06010649353265762,0.05881445109844208,0.060147881507873535,0.05847597122192383
182,0.03353326395153999,88.79762268066406,0.07465529441833496,0.033850230276584625,88.66053771972656,0.07572046667337418,0.06009521707892418,0.0588030181825161,0.060138072818517685,0.05846233665943146
183,0.033506229519844055,88.748046875,0.07463424652814865,0.03382325544953346,88.61380767822266,0.0757005363702774,0.06008404493331909,0.058791592717170715,0.060128264129161835,0.058448757976293564
184,0.03347914293408394,88.69879913330078,0.0746133103966713,0.033796265721321106,88.56724548339844,0.0756806805729866,0.060072965919971466,0.058780040591955185,0.060118600726127625,0.05843527987599373
185,0.033452052623033524,88.64994812011719,0.07459255307912827,0.03376949951052666,88.52117156982422,0.07566102594137192,0.06006192788481712,0.058768607676029205,0.06010913848876953,0.05842170491814613
186,0.03342515975236893,88.60155487060547,0.07457197457551956,0.03374301642179489,88.47554016113281,0.07564155012369156,0.06005096063017845,0.058757223188877106,0.060099828988313675,0.05840810760855675
187,0.03339814394712448,88.55340576171875,0.07455148547887802,0.03371620923280716,88.43019104003906,0.07562219351530075,0.06004010885953903,0.058746132999658585,0.06009044125676155,0.058394741266965866
188,0.03337101265788078,88.50556945800781,0.07453115284442902,0.0336894728243351,88.3848876953125,0.07560283690690994,0.060029320418834686,0.05873490869998932,0.06008117273449898,0.05838153883814812
189,0.033344004303216934,88.45790100097656,0.07451087981462479,0.03366280347108841,88.3397216796875,0.07558353245258331,0.0600186251103878,0.05872372165322304,0.06007200479507446,0.058368366211652756
190,0.033317092806100845,88.41044616699219,0.07449071109294891,0.033636197447776794,88.29460906982422,0.07556425780057907,0.06000809371471405,0.05871247500181198,0.06006293743848801,0.05835524573922157
191,0.03329024463891983,88.36319732666016,0.07447059452533722,0.033609770238399506,88.2497787475586,0.07554508000612259,0.05999772995710373,0.058701291680336,0.06005394086241722,0.05834215506911278
192,0.03326354920864105,88.31625366210938,0.07445059716701508,0.0335833914577961,88.20518493652344,0.07552599161863327,0.05998755246400833,0.058690257370471954,0.06004500016570091,0.05832908675074577
193,0.033236850053071976,88.26971435546875,0.07443077862262726,0.033556994050741196,88.16105651855469,0.07550709694623947,0.05997762829065323,0.05867937579751015,0.06003634259104729,0.058316104114055634
194,0.03321019560098648,88.22340393066406,0.07441104203462601,0.03353060781955719,88.11701965332031,0.07548823952674866,0.05996781960129738,0.05866841971874237,0.06002778187394142,0.0583031065762043
195,0.033183373510837555,88.17720794677734,0.07439136505126953,0.033503927290439606,88.07307434082031,0.07546938210725784,0.05995815992355347,0.058657530695199966,0.060019273310899734,0.0582900233566761
196,0.03315652161836624,88.13117218017578,0.07437173277139664,0.03347715362906456,88.02935028076172,0.07545062899589539,0.05994861572980881,0.05864673852920532,0.06001075729727745,0.05827701464295387
197,0.03312964364886284,88.08528137207031,0.07435213774442673,0.033450450748205185,87.98578643798828,0.07543191313743591,0.05993923172354698,0.058635909110307693,0.060002394020557404,0.05826399847865105
198,0.03310290724039078,88.03966522216797,0.07433263957500458,0.033423975110054016,87.94232177734375,0.07541324198246002,0.05992988869547844,0.05862508714199066,0.05999412015080452,0.058250945061445236
199,0.03307623043656349,87.99419403076172,0.074313223361969,0.033397383987903595,87.89911651611328,0.07539466768503189,0.05992070585489273,0.05861430987715721,0.059985894709825516,0.058237913995981216
200,0.03304946422576904,87.94896697998047,0.07429390400648117,0.0333707369863987,87.85604858398438,0.07537616044282913,0.05991169437766075,0.05860356241464615,0.059977926313877106,0.058224938809871674
201,0.03302258253097534,87.90384674072266,0.07427462190389633,0.03334399685263634,87.8131332397461,0.07535769045352936,0.05990277975797653,0.0585927776992321,0.05996998772025108,0.058211952447891235
202,0.03299564868211746,87.85902404785156,0.07425542920827866,0.033317357301712036,87.77049255371094,0.07533930987119675,0.05989385023713112,0.05858223885297775,0.059962138533592224,0.05819910392165184
203,0.03296880051493645,87.81431579589844,0.07423628121614456,0.03329072892665863,87.72801208496094,0.0753210037946701,0.05988510698080063,0.05857151374220848,0.05995425209403038,0.058186281472444534
204,0.03294198960065842,87.76978302001953,0.07421721518039703,0.0332641676068306,87.68561553955078,0.07530272006988525,0.0598764605820179,0.05856066569685936,0.059946510940790176,0.05817333981394768
205,0.03291509672999382,87.72528839111328,0.0741981640458107,0.03323741629719734,87.64335632324219,0.07528451085090637,0.05986809730529785,0.05854978784918785,0.05993884801864624,0.05816027894616127
206,0.03288811445236206,87.68108367919922,0.07417920231819153,0.03321066126227379,87.60116577148438,0.0752662941813469,0.05985981971025467,0.058538831770420074,0.05993134528398514,0.05814722925424576
207,0.032861143350601196,87.63694763183594,0.07416030764579773,0.03318377211689949,87.5589828491211,0.07524808496236801,0.059851646423339844,0.058527614921331406,0.05992395058274269,0.05813412740826607
208,0.03283412382006645,87.59285736083984,0.07414139062166214,0.03315671905875206,87.51688385009766,0.07522989809513092,0.05984349548816681,0.05851634219288826,0.05991653725504875,0.058120984584093094
209,0.03280697762966156,87.54891204833984,0.07412253320217133,0.033129576593637466,87.47479248046875,0.07521168887615204,0.05983545258641243,0.05850500240921974,0.05990925058722496,0.05810784548521042
210,0.0327797457575798,87.50506591796875,0.0741037130355835,0.03310239687561989,87.43280029296875,0.07519351691007614,0.05982751399278641,0.058493707329034805,0.05990203842520714,0.05809471011161804
211,0.03275242820382118,87.46141815185547,0.07408493757247925,0.03307525813579559,87.39098358154297,0.07517541199922562,0.059819623827934265,0.05848250910639763,0.05989493802189827,0.05808168649673462
212,0.032725170254707336,87.4178695678711,0.07406625896692276,0.03304809331893921,87.34925079345703,0.07515735179185867,0.059811849147081375,0.058471180498600006,0.059888001531362534,0.05806855857372284
213,0.03269781917333603,87.37444305419922,0.07404760271310806,0.033020637929439545,87.30744171142578,0.07513922452926636,0.05980426445603371,0.05845966562628746,0.05988117679953575,0.058055419474840164
214,0.03267039358615875,87.33110809326172,0.07402897626161575,0.03299328684806824,87.2657470703125,0.07512115687131882,0.05979675054550171,0.05844815447926521,0.0598745159804821,0.058042243123054504
215,0.0326429046690464,87.28791809082031,0.07401034981012344,0.03296566754579544,87.2242660522461,0.07510315626859665,0.05978933721780777,0.05843662470579147,0.05986789986491203,0.05802907422184944
216,0.032615046948194504,87.2448959350586,0.07399183511734009,0.03293783217668533,87.18285369873047,0.07508517056703568,0.05978197231888771,0.05842507258057594,0.0598614439368248,0.058015916496515274
217,0.032587118446826935,87.20195770263672,0.07397333532571793,0.032909784466028214,87.14134979248047,0.07506712526082993,0.05977470427751541,0.058413367718458176,0.05985504388809204,0.058002691715955734
218,0.03255913779139519,87.15901947021484,0.07395484298467636,0.03288169205188751,87.0998764038086,0.07504910975694656,0.05976750701665878,0.05840165913105011,0.059848684817552567,0.05798940360546112
219,0.03253113105893135,87.11617279052734,0.07393638044595718,0.03285352140665054,87.05841827392578,0.07503107190132141,0.05976047366857529,0.058389849960803986,0.059842366725206375,0.05797615274786949
220,0.03250301629304886,87.0733413696289,0.07391789555549622,0.03282516449689865,87.01704406738281,0.07501305639743805,0.05975359305739403,0.058378078043460846,0.059836119413375854,0.0579628124833107
221,0.032474882900714874,87.03068542480469,0.07389949262142181,0.032796818763017654,86.97571563720703,0.07499504834413528,0.05974679812788963,0.058366354554891586,0.059830062091350555,0.05794958397746086
222,0.03244682401418686,86.98808288574219,0.0738811120390892,0.03276843577623367,86.93433380126953,0.07497699558734894,0.05974005162715912,0.058354541659355164,0.05982404947280884,0.057936299592256546
223,0.032418668270111084,86.94554138183594,0.073862724006176,0.032740022987127304,86.89291381835938,0.07495889067649841,0.05973346531391144,0.058342620730400085,0.05981811508536339,0.057923007756471634
224,0.032390471547842026,86.9029541015625,0.07384432107210159,0.03271159157156944,86.8515625,0.07494083046913147,0.05972694978117943,0.0583307109773159,0.059812117367982864,0.05790963023900986
225,0.03236222639679909,86.86053466796875,0.07382594048976898,0.032683029770851135,86.81024169921875,0.07492275536060333,0.05972068011760712,0.058318573981523514,0.05980631336569786,0.05789625644683838
226,0.03233394771814346,86.81819915771484,0.07380764186382294,0.03265436366200447,86.76896667480469,0.07490468770265579,0.05971452221274376,0.05830645561218262,0.059800706803798676,0.05788280442357063
227,0.03230558708310127,86.77595520019531,0.0737893357872963,0.032625433057546616,86.72764587402344,0.07488659024238586,0.05970847234129906,0.05829434096813202,0.05979515239596367,0.05786944180727005
228,0.03227714076638222,86.73371124267578,0.07377103716135025,0.03259638324379921,86.68616485595703,0.07486841082572937,0.05970246344804764,0.05828201770782471,0.05978972464799881,0.05785609781742096
229,0.03224862366914749,86.69145965576172,0.07375272363424301,0.03256731107831001,86.644775390625,0.07485026121139526,0.059696536511182785,0.058269813656806946,0.05978431925177574,0.05784278362989426
230,0.03222012519836426,86.64934539794922,0.07373443245887756,0.03253842890262604,86.6033935546875,0.07483206689357758,0.05969071015715599,0.0582575723528862,0.05977896600961685,0.057829614728689194
231,0.03219170868396759,86.60726928710938,0.0737161934375763,0.03250955790281296,86.56201171875,0.0748138502240181,0.05968509241938591,0.05824512988328934,0.05977379530668259,0.05781641975045204
232,0.03216316178441048,86.56523132324219,0.07369791716337204,0.03248040750622749,86.52046203613281,0.07479556649923325,0.05967961251735687,0.058232519775629044,0.05976874381303787,0.057803187519311905
233,0.03213440254330635,86.52322387695312,0.073679618537426,0.032451074570417404,86.47874450683594,0.07477717101573944,0.05967430770397186,0.05821981281042099,0.05976378172636032,0.05778992176055908
234,0.032105542719364166,86.48114013671875,0.07366131246089935,0.03242176026105881,86.4369888305664,0.07475877553224564,0.05966908112168312,0.05820709466934204,0.059758830815553665,0.0577765516936779
235,0.03207649290561676,86.43913269042969,0.07364300638437271,0.03239215910434723,86.39511108398438,0.07474029064178467,0.05966397002339363,0.05819431319832802,0.059753987938165665,0.057763200253248215
236,0.03204727917909622,86.39714050292969,0.07362471520900726,0.032362453639507294,86.3532485961914,0.0747217983007431,0.05965878814458847,0.05818168818950653,0.05974920094013214,0.0577499084174633
237,0.032018084079027176,86.35527038574219,0.07360643148422241,0.03233260288834572,86.31139373779297,0.07470326870679855,0.05965369567275047,0.05816904455423355,0.05974451079964638,0.05773664638400078
238,0.03198876976966858,86.31349182128906,0.07358819246292114,0.03230275586247444,86.2694091796875,0.07468469440937042,0.05964869633316994,0.058156270533800125,0.059739913791418076,0.05772342160344124
239,0.03195931017398834,86.2715835571289,0.0735698789358139,0.032272692769765854,86.22733306884766,0.07466606795787811,0.05964377894997597,0.05814347043633461,0.05973537266254425,0.057710129767656326
240,0.03192983567714691,86.229736328125,0.07355160266160965,0.03224274143576622,86.18525695800781,0.0746474340558052,0.05963895469903946,0.05813046172261238,0.059730906039476395,0.05769679322838783
241,0.031900398433208466,86.18802642822266,0.07353336364030838,0.03221277892589569,86.14320373535156,0.07462874054908752,0.05963421240448952,0.05811752751469612,0.059726499021053314,0.057683467864990234
242,0.03187079727649689,86.14633178710938,0.07351507991552353,0.03218260779976845,86.10099029541016,0.07460997998714447,0.05962950736284256,0.0581044927239418,0.05972220376133919,0.05767014995217323
243,0.03184105083346367,86.10452270507812,0.07349676638841629,0.032152239233255386,86.05875396728516,0.07459119707345963,0.059624895453453064,0.05809146165847778,0.05971790477633476,0.05765681713819504
244,0.03181124106049538,86.06275939941406,0.07347841560840607,0.032121606171131134,86.01628112792969,0.07457228004932404,0.059620462357997894,0.05807824432849884,0.059713732451200485,0.05764342099428177
245,0.03178158402442932,86.0210189819336,0.07346007972955704,0.03209131583571434,85.97430419921875,0.07455354183912277,0.0596160814166069,0.05806531384587288,0.05970952287316322,0.05762990191578865
246,0.03175203502178192,85.97946166992188,0.07344178110361099,0.032060958445072174,85.93194580078125,0.0745345875620842,0.05961174517869949,0.05805186927318573,0.05970543995499611,0.05761625990271568
247,0.03172243759036064,85.93795776367188,0.07342343777418137,0.032030586153268814,85.8895034790039,0.07451558858156204,0.05960746482014656,0.05803839862346649,0.05970149114727974,0.057602547109127045
248,0.03169282153248787,85.89656829833984,0.07340516895055771,0.032000139355659485,85.8470230102539,0.0744965448975563,0.059603169560432434,0.05802498385310173,0.05969766154885292,0.057589005678892136
249,0.031663086265325546,85.85515594482422,0.07338688522577286,0.03196937218308449,85.80437469482422,0.07447738945484161,0.059598810970783234,0.05801146477460861,0.05969390645623207,0.05757548660039902
250,0.03163320943713188,85.81370544433594,0.07336852699518204,0.031938496977090836,85.76177215576172,0.0744582787156105,0.059594471007585526,0.05799808353185654,0.05969003215432167,0.05756209045648575
251,0.03160330280661583,85.77227783203125,0.07335016876459122,0.031907595694065094,85.71907043457031,0.07443905621767044,0.059590015560388565,0.05798450484871864,0.059686098247766495,0.05754867568612099
252,0.0315735898911953,85.7308349609375,0.0733317881822586,0.03187689557671547,85.67626953125,0.0744197815656662,0.05958549305796623,0.05797097831964493,0.05968208611011505,0.05753520503640175
253,0.031543996185064316,85.68943786621094,0.0733134001493454,0.03184612840414047,85.63323974609375,0.074400395154953,0.059581104665994644,0.05795746669173241,0.059678152203559875,0.05752181261777878
254,0.03151434659957886,85.64794921875,0.07329496741294861,0.0318152979016304,85.59002685546875,0.07438090443611145,0.05957673117518425,0.05794389918446541,0.05967426300048828,0.05750840902328491
255,0.03148465231060982,85.60646057128906,0.07327652722597122,0.031784478574991226,85.54667663574219,0.07436135411262512,0.059572406113147736,0.05793042480945587,0.05967041477560997,0.057495083659887314
256,0.03145497664809227,85.56504821777344,0.07325808703899384,0.03175365552306175,85.50325775146484,0.07434174418449402,0.05956803262233734,0.05791705101728439,0.05966669321060181,0.05748188495635986
257,0.03142524138092995,85.52360534667969,0.07323962450027466,0.03172267973423004,85.4597396850586,0.07432208210229874,0.05956369265913963,0.05790368467569351,0.059662993997335434,0.057468757033348083
258,0.031395383179187775,85.48204803466797,0.0732211023569107,0.03169151395559311,85.4161148071289,0.07430236041545868,0.05955934897065163,0.057890281081199646,0.05965932831168175,0.0574556402862072
259,0.031365398317575455,85.44052124023438,0.07320260256528854,0.03166015446186066,85.37232971191406,0.07428251206874847,0.05955497547984123,0.0578768216073513,0.059655651450157166,0.05744263157248497
260,0.03133540600538254,85.39903259277344,0.07318403571844101,0.031628742814064026,85.32864379882812,0.07426270842552185,0.05955062806606293,0.057863421738147736,0.05965203791856766,0.05742969736456871
261,0.0313054695725441,85.35761260986328,0.07316552847623825,0.031597547233104706,85.28526306152344,0.07424301654100418,0.05954621732234955,0.05785025656223297,0.05964846536517143,0.05741676315665245
262,0.031275615096092224,85.31626892089844,0.07314704358577728,0.031566325575113297,85.24190521240234,0.07422330975532532,0.05954190343618393,0.057837292551994324,0.059644825756549835,0.057404082268476486
263,0.031245579943060875,85.27497863769531,0.07312857359647751,0.031534865498542786,85.19827270507812,0.0742034986615181,0.059537675231695175,0.057824138551950455,0.059641312807798386,0.057391516864299774
264,0.03121543861925602,85.2336196899414,0.07311004400253296,0.03150331974029541,85.15444946289062,0.07418359071016312,0.05953342095017433,0.05781092122197151,0.05963779613375664,0.057378869503736496
265,0.031185297295451164,85.19219207763672,0.07309149950742722,0.03147168084979057,85.1104507446289,0.07416358590126038,0.05952918156981468,0.05779758468270302,0.05963435769081116,0.05736612156033516
266,0.03115505911409855,85.15071105957031,0.07307291030883789,0.031439993530511856,85.06622314453125,0.07414348423480988,0.05952496826648712,0.057784199714660645,0.05963093042373657,0.05735337734222412
267,0.031124843284487724,85.1092529296875,0.07305434346199036,0.031408362090587616,85.02184295654297,0.07412329316139221,0.05952075868844986,0.0577707439661026,0.05962751805782318,0.05734061449766159
268,0.031094685196876526,85.06767272949219,0.07303569465875626,0.03137688711285591,84.97743225097656,0.07410308718681335,0.05951659008860588,0.05775737017393112,0.05962395295500755,0.057327888906002045
269,0.031064601615071297,85.02618408203125,0.07301708310842514,0.03134535998106003,84.93304443359375,0.0740828812122345,0.0595124326646328,0.057743869721889496,0.059620488435029984,0.057315099984407425
270,0.03103461116552353,84.98468780517578,0.07299845665693283,0.031313732266426086,84.88858795166016,0.07406263798475266,0.0595083013176918,0.05773041397333145,0.05961695685982704,0.057302333414554596
271,0.031004643067717552,84.94317626953125,0.07297983020544052,0.03128201514482498,84.84402465820312,0.07404233515262604,0.059504177421331406,0.057716865092515945,0.059613462537527084,0.05728951841592789
272,0.030974606052041054,84.90167999267578,0.07296119630336761,0.031250111758708954,84.7994613647461,0.07402198761701584,0.05949995666742325,0.05770333111286163,0.05960993096232414,0.05727676674723625
273,0.03094424307346344,84.86040496826172,0.07294261455535889,0.03121800348162651,84.75492095947266,0.07400165498256683,0.059495773166418076,0.057689741253852844,0.059606537222862244,0.057264093309640884
274,0.03091392293572426,84.8191146850586,0.07292402535676956,0.03118608146905899,84.71044921875,0.07398132979869843,0.05949169024825096,0.057676203548908234,0.05960312858223915,0.05725143477320671
275,0.030883843079209328,84.77788543701172,0.07290545850992203,0.03115442767739296,84.66609191894531,0.0739610567688942,0.05948749557137489,0.0576627291738987,0.059599749743938446,0.05723871290683746
276,0.03085392713546753,84.73655700683594,0.07288681715726852,0.031122805550694466,84.62161254882812,0.073940709233284,0.059483326971530914,0.05764907971024513,0.05959624797105789,0.05722595378756523
277,0.030824091285467148,84.69528198242188,0.072868213057518,0.03109111450612545,84.57720947265625,0.07392038404941559,0.059479109942913055,0.05763552710413933,0.059592798352241516,0.05721321329474449
278,0.030794374644756317,84.65406799316406,0.07284963130950928,0.03105965442955494,84.53280639648438,0.07390005886554718,0.0594748891890049,0.05762223154306412,0.05958934500813484,0.05720049887895584
279,0.030764784663915634,84.61300659179688,0.07283107191324234,0.031028321012854576,84.4887466430664,0.07387987524271011,0.05947059020400047,0.057609155774116516,0.05958579108119011,0.05718794837594032
280,0.030735228210687637,84.57190704345703,0.07281249016523361,0.030996961519122124,84.44458770751953,0.07385960221290588,0.05946618691086769,0.05759592354297638,0.059582047164440155,0.057175420224666595
281,0.030705885961651802,84.53102111816406,0.07279399782419205,0.030965711921453476,84.40031433105469,0.07383927702903748,0.05946177989244461,0.05758240073919296,0.05957860127091408,0.0571628138422966
282,0.03067675791680813,84.4902114868164,0.07277553528547287,0.030934641137719154,84.3560791015625,0.07381895184516907,0.059457384049892426,0.05756896361708641,0.059575147926807404,0.05715015530586243
283,0.030647872015833855,84.4494400024414,0.07275707274675369,0.030903635546565056,84.311767578125,0.07379860430955887,0.05945289507508278,0.05755558982491493,0.059571702033281326,0.057137563824653625
284,0.03061906434595585,84.40870666503906,0.0727386474609375,0.03087289072573185,84.26762390136719,0.07377832382917404,0.0594484843313694,0.05754227191209793,0.05956825241446495,0.05712495744228363
285,0.030590424314141273,84.36805725097656,0.07272022217512131,0.030842380598187447,84.22358703613281,0.07375810295343399,0.05944405123591423,0.05752899870276451,0.059564732015132904,0.0571124330163002
286,0.030562082305550575,84.32745361328125,0.0727018266916275,0.030812181532382965,84.17990112304688,0.07373803108930588,0.05943964421749115,0.05751591920852661,0.05956109240651131,0.057099826633930206
287,0.030533969402313232,84.2871322631836,0.07268355786800385,0.030782021582126617,84.1362075805664,0.07371796667575836,0.05943521112203598,0.05750282481312752,0.05955751985311508,0.05708738788962364
288,0.030505936592817307,84.24675750732422,0.072665274143219,0.03075195662677288,84.09247589111328,0.07369787245988846,0.05943075567483902,0.057489655911922455,0.05955387279391289,0.05707492306828499
289,0.03047805093228817,84.20654296875,0.07264704257249832,0.03072197176516056,84.04878234863281,0.07367778569459915,0.059426311403512955,0.057476501911878586,0.059550292789936066,0.05706236511468887
290,0.030450213700532913,84.16632843017578,0.07262879610061646,0.030692193657159805,84.00511169433594,0.07365769892930984,0.05942177772521973,0.05746346339583397,0.05954667180776596,0.057049866765737534
291,0.030422624200582504,84.12625122070312,0.07261061668395996,0.0306625384837389,83.96156311035156,0.0736376941204071,0.05941719561815262,0.057450469583272934,0.05954306572675705,0.057037413120269775
292,0.030395198613405228,84.08628845214844,0.07259249687194824,0.030633114278316498,83.91809844970703,0.07361771166324615,0.059412676841020584,0.057437531650066376,0.059539470821619034,0.05702502280473709
293,0.03036794252693653,84.04638671875,0.0725744217634201,0.03060399740934372,83.87478637695312,0.07359779626131058,0.05940801650285721,0.057424742728471756,0.05953571945428848,0.0570126436650753
294,0.030340934172272682,84.00657653808594,0.07255636900663376,0.030575182288885117,83.83170318603516,0.07357797771692276,0.059403400868177414,0.05741221457719803,0.059531956911087036,0.0570002943277359
295,0.03031408227980137,83.9669189453125,0.07253836840391159,0.030546512454748154,83.78872680664062,0.07355818152427673,0.05939877778291702,0.05739949271082878,0.059528131037950516,0.056987978518009186
296,0.030287403613328934,83.92748260498047,0.07252047210931778,0.0305178202688694,83.74601745605469,0.07353849709033966,0.05939404293894768,0.05738711357116699,0.05952433496713638,0.056975726038217545
297,0.030260754749178886,83.8882064819336,0.07250261306762695,0.030489392578601837,83.70347595214844,0.07351888716220856,0.05938934534788132,0.057374659925699234,0.05952046439051628,0.056963592767715454
298,0.030234312638640404,83.84901428222656,0.07248479127883911,0.030461184680461884,83.6610107421875,0.07349931448698044,0.059384625405073166,0.05736219137907028,0.059516582638025284,0.05695135518908501
299,0.030208036303520203,83.80998992919922,0.07246705889701843,0.03043319098651409,83.61874389648438,0.07347983866930008,0.059379927814006805,0.05734976753592491,0.05951280891895294,0.056939058005809784
300,0.030181942507624626,83.77106475830078,0.07244938611984253,0.03040548413991928,83.57662200927734,0.07346042990684509,0.05937515199184418,0.05733746290206909,0.05950896069407463,0.056926846504211426
301,0.030156094580888748,83.73230743408203,0.0724317878484726,0.030378073453903198,83.5346908569336,0.07344110310077667,0.05937037989497185,0.0573250912129879,0.0595051534473896,0.05691460520029068
302,0.030130503699183464,83.69374084472656,0.07241424173116684,0.030350955203175545,83.49287414550781,0.07342184334993362,0.05936563014984131,0.05731269344687462,0.05950138717889786,0.05690230056643486
303,0.030105121433734894,83.6552505493164,0.07239674776792526,0.030324064195156097,83.45128631591797,0.07340265810489655,0.05936083942651749,0.05730056390166283,0.05949753150343895,0.056890036910772324
304,0.030079971998929977,83.61691284179688,0.07237936556339264,0.03029734268784523,83.40973663330078,0.07338352501392365,0.05935601890087128,0.057288289070129395,0.05949368327856064,0.05687780678272247
305,0.030055025592446327,83.57870483398438,0.07236198335886002,0.030270786955952644,83.36841583251953,0.07336446642875671,0.05935118347406387,0.05727614462375641,0.05948983505368233,0.056865643709897995
306,0.030030274763703346,83.54066467285156,0.07234472036361694,0.030244387686252594,83.32725524902344,0.07334549725055695,0.05934635549783707,0.057263948023319244,0.059485986828804016,0.05685344710946083
307,0.030005700886249542,83.50282287597656,0.07232751697301865,0.03021817095577717,83.28627014160156,0.07332659512758255,0.059341542422771454,0.05725165829062462,0.0594821497797966,0.056841325014829636
308,0.029981210827827454,83.4651107788086,0.07231041043996811,0.03019195795059204,83.24544525146484,0.07330776751041412,0.05933675915002823,0.057239532470703125,0.05947823449969292,0.056829243898391724
309,0.029956897720694542,83.4276351928711,0.07229336351156235,0.030165931209921837,83.20484161376953,0.07328903675079346,0.05933193862438202,0.05722755193710327,0.05947441980242729,0.056817274540662766
310,0.029932744801044464,83.39036560058594,0.07227642089128494,0.030140168964862823,83.16439819335938,0.07327037304639816,0.05932709947228432,0.05721556395292282,0.05947059392929077,0.0568053163588047
311,0.029908765107393265,83.35318756103516,0.07225953042507172,0.030114632099866867,83.1241455078125,0.07325179874897003,0.0593222975730896,0.057203490287065506,0.05946675315499306,0.05679333955049515
312,0.029884986579418182,83.31615447998047,0.07224272191524506,0.030089328065514565,83.08409118652344,0.07323329150676727,0.059317491948604584,0.05719149485230446,0.05946287512779236,0.05678141862154007
313,0.029861457645893097,83.27937316894531,0.07222595810890198,0.03006424382328987,83.0444107055664,0.07321495562791824,0.05931265652179718,0.05717964842915535,0.0594591423869133,0.05676940456032753
314,0.029838168993592262,83.24287414550781,0.07220935076475143,0.030039530247449875,83.00511169433594,0.07319679111242294,0.059307828545570374,0.05716798081994057,0.05945539474487305,0.05675745755434036
315,0.0298150684684515,83.20664978027344,0.07219288498163223,0.030015021562576294,82.96604919433594,0.0731787234544754,0.05930303782224655,0.05715630576014519,0.05945161357522011,0.05674567073583603
316,0.029792040586471558,83.17047882080078,0.07217643409967422,0.029990721493959427,82.92706298828125,0.07316067814826965,0.059298284351825714,0.057144515216350555,0.05944780632853508,0.05673374980688095
317,0.029769252985715866,83.13446044921875,0.0721600279211998,0.029966656118631363,82.88807678222656,0.0731426477432251,0.05929366126656532,0.05713261663913727,0.05944398418068886,0.05672183632850647
318,0.029746565967798233,83.09857177734375,0.07214368134737015,0.02994261495769024,82.84915924072266,0.07312463223934174,0.05928901582956314,0.05712063983082771,0.05944019556045532,0.056709859520196915
319,0.02972397394478321,83.06294250488281,0.07212744653224945,0.02991880290210247,82.81072235107422,0.07310684025287628,0.05928443372249603,0.05710907280445099,0.059436507523059845,0.056697946041822433
320,0.029701629653573036,83.02745056152344,0.07211130857467651,0.029895223677158356,82.77254486083984,0.07308918237686157,0.059279914945364,0.057097628712654114,0.059432756155729294,0.05668618157505989
321,0.02967950701713562,82.99219512939453,0.07209529727697372,0.02987188845872879,82.73472595214844,0.07307170331478119,0.059275347739458084,0.057086482644081116,0.059429019689559937,0.056674547493457794
322,0.029657548293471336,82.95716094970703,0.07207935303449631,0.029848696663975716,82.69718933105469,0.07305432111024857,0.059270743280649185,0.057075437158346176,0.05942530557513237,0.05666298791766167
323,0.02963569387793541,82.9222640991211,0.07206347584724426,0.029825786128640175,82.65999603271484,0.07303709536790848,0.05926613137125969,0.0570647194981575,0.059421490877866745,0.056651610881090164
324,0.029614005237817764,82.8875732421875,0.07204773277044296,0.029803048819303513,82.62300872802734,0.07301996648311615,0.0592615008354187,0.0570540651679039,0.05941776558756828,0.056640300899744034
325,0.029592368751764297,82.85309600830078,0.07203204184770584,0.029780380427837372,82.58613586425781,0.0730029046535492,0.059256911277770996,0.057043321430683136,0.05941411107778549,0.05662908777594566
326,0.029570871964097023,82.8187026977539,0.0720163956284523,0.029757831245660782,82.54954528808594,0.07298595458269119,0.05925235524773598,0.057032663375139236,0.059410419315099716,0.0566178634762764
327,0.029549548402428627,82.78450775146484,0.07200083136558533,0.029735535383224487,82.51310729980469,0.07296908646821976,0.059247832745313644,0.057021982967853546,0.05940677598118782,0.056606654077768326
328,0.029528437182307243,82.75050354003906,0.0719853863120079,0.029713455587625504,82.47701263427734,0.07295235991477966,0.05924328416585922,0.05701135843992233,0.0594031997025013,0.05659545958042145
329,0.02950746938586235,82.71661376953125,0.07196996361017227,0.0296915452927351,82.4412612915039,0.0729357972741127,0.05923881754279137,0.05700075626373291,0.05939943715929985,0.05658416450023651
330,0.029486756771802902,82.68309020996094,0.07195472717285156,0.02966977097094059,82.4056625366211,0.07291930168867111,0.05923432856798172,0.0569901242852211,0.05939583107829094,0.05657288059592247
331,0.029466165229678154,82.6497573852539,0.07193957269191742,0.029648108407855034,82.37040710449219,0.07290298491716385,0.05922988802194595,0.056979648768901825,0.059392299503088,0.056561585515737534
332,0.029445722699165344,82.61659240722656,0.07192450761795044,0.029626615345478058,82.33539581298828,0.07288677245378494,0.05922536551952362,0.056969381868839264,0.05938876420259476,0.056550417095422745
333,0.029425403103232384,82.58367919921875,0.07190953195095062,0.029605261981487274,82.3005599975586,0.07287061214447021,0.05922088772058487,0.056959040462970734,0.05938525125384331,0.05653934180736542
334,0.029405146837234497,82.55083465576172,0.0718945860862732,0.02958402968943119,82.26597595214844,0.07285456359386444,0.059216562658548355,0.05694856494665146,0.059381693601608276,0.056528158485889435
335,0.029385019093751907,82.5182876586914,0.0718797817826271,0.029562899842858315,82.23165130615234,0.07283864915370941,0.059212248772382736,0.05693826451897621,0.059378255158662796,0.05651703104376793
336,0.029365016147494316,82.48591613769531,0.07186506688594818,0.029541827738285065,82.19746398925781,0.07282280176877975,0.05920793488621712,0.056927960366010666,0.05937480926513672,0.05650598183274269
337,0.029345082119107246,82.45367431640625,0.07185040414333344,0.02952096238732338,82.16354370117188,0.07280708849430084,0.05920358747243881,0.0569177083671093,0.059371329843997955,0.05649502947926521
338,0.029325321316719055,82.42167663574219,0.07183586806058884,0.02950027398765087,82.12979888916016,0.0727914497256279,0.05919923260807991,0.05690748244524002,0.05936785042285919,0.05648425593972206
339,0.02930566668510437,82.38980102539062,0.07182137668132782,0.029479648917913437,82.09624481201172,0.07277589291334152,0.059194937348365784,0.0568973608314991,0.059364352375268936,0.05647352337837219
340,0.029286054894328117,82.35804748535156,0.07180695980787277,0.02945905178785324,82.06288146972656,0.0727604478597641,0.05919071286916733,0.056887269020080566,0.05936088785529137,0.056462839245796204
341,0.02926657162606716,82.32646179199219,0.07179257273674011,0.02943856455385685,82.02972412109375,0.07274507731199265,0.05918654054403305,0.05687717720866203,0.05935746058821678,0.05645217373967171
342,0.02924715355038643,82.29505920410156,0.07177833467721939,0.02941814996302128,81.9968032836914,0.07272983342409134,0.059182364493608475,0.05686729773879051,0.059354085475206375,0.056441567838191986
343,0.02922782488167286,82.2637939453125,0.07176415622234344,0.02939789555966854,81.9642333984375,0.07271475344896317,0.059178177267313004,0.05685756728053093,0.05935073271393776,0.056431058794260025
344,0.02920858934521675,82.2327651977539,0.07175005972385406,0.029377799481153488,81.93177795410156,0.07269971817731857,0.05917394161224365,0.0568479485809803,0.05934740975499153,0.05642066150903702
345,0.02918943203985691,82.2019271850586,0.07173603773117065,0.029357900843024254,81.89946746826172,0.07268474996089935,0.059169668704271317,0.05683835223317146,0.05934412404894829,0.05641039460897446
346,0.029170408844947815,82.17112731933594,0.07172206044197083,0.029338181018829346,81.86739349365234,0.07266988605260849,0.05916547402739525,0.05682880058884621,0.05934084579348564,0.05640006437897682
347,0.029151590541005135,82.14051055908203,0.07170816510915756,0.02931874804198742,81.8355484008789,0.07265515625476837,0.05916120484471321,0.05681929364800453,0.05933753028512001,0.056389808654785156
348,0.02913293056190014,82.11002349853516,0.07169433683156967,0.02929939515888691,81.8038330078125,0.07264048606157303,0.05915699526667595,0.0568096898496151,0.05933422967791557,0.056379612535238266
349,0.029114380478858948,82.07967376708984,0.07168054580688477,0.0292801670730114,81.77230834960938,0.07262586802244186,0.05915272980928421,0.05680001527070999,0.05933094024658203,0.05636937916278839
350,0.02909592166543007,82.04952239990234,0.07166687399148941,0.029261045157909393,81.74103546142578,0.07261137664318085,0.05914852395653725,0.05679040774703026,0.059327688068151474,0.056359175592660904
351,0.02907751314342022,82.01960754394531,0.07165329903364182,0.029241999611258507,81.71016693115234,0.07259707152843475,0.059144411236047745,0.05678096041083336,0.05932452157139778,0.056348975747823715
352,0.029059208929538727,81.98992919921875,0.07163979113101959,0.029223259538412094,81.67959594726562,0.07258287817239761,0.05914030224084854,0.056771762669086456,0.05932128429412842,0.056338995695114136
353,0.029041122645139694,81.96038818359375,0.07162635028362274,0.02920469269156456,81.64913940429688,0.07256873697042465,0.05913615599274635,0.05676250904798508,0.059318047016859055,0.05632902681827545
354,0.029023170471191406,81.93102264404297,0.07161300629377365,0.029186232015490532,81.61890411376953,0.07255469262599945,0.059132013469934464,0.056753311306238174,0.05931481346487999,0.05631904676556587
355,0.02900536358356476,81.9018325805664,0.07159971445798874,0.029168013483285904,81.58882904052734,0.07254073023796082,0.05912782996892929,0.05674419179558754,0.05931159108877182,0.05630908161401749
356,0.02898777648806572,81.872802734375,0.07158651947975159,0.02914990670979023,81.55900573730469,0.07252686470746994,0.0591236911714077,0.056735023856163025,0.059308312833309174,0.056299131363630295
357,0.028970161452889442,81.84383392333984,0.07157335430383682,0.029131732881069183,81.52924346923828,0.07251303642988205,0.05911954864859581,0.05672580376267433,0.05930499732494354,0.056289151310920715
358,0.028952589258551598,81.8150634765625,0.07156024873256683,0.029113654047250748,81.49981689453125,0.0724993646144867,0.059115372598171234,0.0567169189453125,0.05930176004767418,0.05627931281924248
359,0.028935110196471214,81.7864761352539,0.0715472549200058,0.029095616191625595,81.470458984375,0.07248571515083313,0.05911118537187576,0.05670803785324097,0.059298496693372726,0.05626959353685379
360,0.02891768515110016,81.75800323486328,0.07153429836034775,0.02907768078148365,81.44136810302734,0.07247219979763031,0.05910705029964447,0.05669941008090973,0.059295229613780975,0.056259915232658386
361,0.02890031412243843,81.72959899902344,0.07152138650417328,0.0290597565472126,81.41226196289062,0.0724586769938469,0.059102918952703476,0.056690625846385956,0.059292007237672806,0.05625021830201149
362,0.028883034363389015,81.7013931274414,0.07150857895612717,0.02904198318719864,81.38343811035156,0.07244528830051422,0.05909879878163338,0.056681957095861435,0.059288837015628815,0.05624057352542877
363,0.028865793719887733,81.67334747314453,0.07149580866098404,0.029024336487054825,81.3548583984375,0.0724320113658905,0.059094659984111786,0.05667347088456154,0.05928565561771393,0.05623098090291023
364,0.028848614543676376,81.64542388916016,0.07148313522338867,0.02900683507323265,81.32642364501953,0.07241879403591156,0.05909053608775139,0.05666511505842209,0.05928252264857292,0.056221481412649155
365,0.02883155271410942,81.61772918701172,0.07147056609392166,0.02898947335779667,81.29808044433594,0.0724056139588356,0.05908644571900368,0.05665666610002518,0.059279490262269974,0.05621201545000076
366,0.028814544901251793,81.59001159667969,0.07145792990922928,0.028972111642360687,81.26973724365234,0.07239241898059845,0.05908232182264328,0.05664810165762901,0.059276361018419266,0.056202493607997894
367,0.028797583654522896,81.5624771118164,0.07144542783498764,0.02895485982298851,81.24156188964844,0.07237932085990906,0.059078242629766464,0.05663951858878136,0.059273310005664825,0.0561930350959301
368,0.028780685737729073,81.5350570678711,0.07143296301364899,0.028937678784132004,81.21360778808594,0.07236630469560623,0.059074122458696365,0.056631121784448624,0.059270188212394714,0.056183695793151855
369,0.028763780370354652,81.50785827636719,0.0714205950498581,0.028920529410243034,81.18570709228516,0.0723533034324646,0.05906997248530388,0.05662251263856888,0.05926710367202759,0.056174397468566895
370,0.028746936470270157,81.48074340820312,0.0714082345366478,0.028903426602482796,81.15784454345703,0.07234032452106476,0.05906591936945915,0.05661381036043167,0.05926407501101494,0.05616506561636925
371,0.028730161488056183,81.45370483398438,0.07139594852924347,0.0288863405585289,81.13013458251953,0.07232742011547089,0.0590619258582592,0.05660511925816536,0.05926099419593811,0.05615571513772011
372,0.028713438659906387,81.42680358886719,0.07138370722532272,0.028869381174445152,81.10260009765625,0.07231459021568298,0.05905792862176895,0.05659649893641472,0.05925790220499039,0.056146420538425446
373,0.028696825727820396,81.40007781982422,0.07137152552604675,0.028852414339780807,81.07513427734375,0.07230180501937866,0.05905395373702049,0.056587912142276764,0.05925491452217102,0.05613720417022705
374,0.028680264949798584,81.3734359741211,0.07135941088199615,0.028835592791438103,81.0479965209961,0.07228915393352509,0.05905007943511009,0.056579604744911194,0.05925191193819046,0.05612809211015701
375,0.028663860633969307,81.3470458984375,0.07134740799665451,0.028818896040320396,81.02096557617188,0.07227656990289688,0.05904623121023178,0.05657122656702995,0.05924898386001587,0.056119102984666824
376,0.02864757739007473,81.32073974609375,0.07133545726537704,0.02880239300429821,80.99413299560547,0.07226409018039703,0.05904237926006317,0.05656284838914871,0.05924604833126068,0.05611005425453186
377,0.028631415218114853,81.29458618164062,0.07132356613874435,0.028786035254597664,80.96743774414062,0.07225167006254196,0.059038467705249786,0.05655457824468613,0.05924314260482788,0.056100994348526
378,0.028615320101380348,81.26850891113281,0.07131171226501465,0.028769761323928833,80.94092559814453,0.07223934680223465,0.05903454124927521,0.05654638260602951,0.059240199625492096,0.056091953068971634
379,0.028599286451935768,81.24256896972656,0.07129993289709091,0.028753597289323807,80.91452026367188,0.07222706079483032,0.059030648320913315,0.05653824657201767,0.05923732742667198,0.05608297884464264
380,0.028583304956555367,81.21672821044922,0.07128821313381195,0.028737502172589302,80.88831329345703,0.07221487909555435,0.05902677774429321,0.0565301850438118,0.059234436601400375,0.056074004620313644
381,0.028567321598529816,81.19100189208984,0.07127653062343597,0.02872149832546711,80.86215209960938,0.07220273464918137,0.059022895991802216,0.056522198021411896,0.059231556951999664,0.056065067648887634
382,0.02855144999921322,81.1653823852539,0.07126493752002716,0.02870560996234417,80.83621215820312,0.07219069451093674,0.05901908874511719,0.05651428923010826,0.059228695929050446,0.056056227535009384
383,0.028535611927509308,81.13980865478516,0.07125336676836014,0.028689753264188766,80.81025695800781,0.07217865437269211,0.05901530757546425,0.056506361812353134,0.059225816279649734,0.05604736506938934
384,0.028519831597805023,81.11429595947266,0.0712418183684349,0.02867400459945202,80.78455352783203,0.07216674834489822,0.05901152268052101,0.05649865046143532,0.05922289937734604,0.056038569658994675
385,0.028504179790616035,81.0889892578125,0.07123034447431564,0.02865835838019848,80.75886535644531,0.07215482741594315,0.059007786214351654,0.056490786373615265,0.05922010540962219,0.05602984130382538
386,0.028488552197813988,81.0637435913086,0.07121892273426056,0.028642823919653893,80.73336791992188,0.07214298844337463,0.05900409445166588,0.056483007967472076,0.05921730026602745,0.05602114275097847
387,0.02847299724817276,81.03861236572266,0.07120756059885025,0.02862728387117386,80.70800018310547,0.07213122397661209,0.059000417590141296,0.05647522583603859,0.05921449884772301,0.05601256340742111
388,0.028457511216402054,81.01361846923828,0.07119625061750412,0.028611920773983,80.68291473388672,0.0721195787191391,0.05899685621261597,0.056467559188604355,0.059211745858192444,0.056004006415605545
389,0.028442244976758957,80.98882293701172,0.07118502259254456,0.028596721589565277,80.65802001953125,0.07210803031921387,0.05899323895573616,0.05645998939871788,0.059209004044532776,0.05599548667669296
390,0.028427094221115112,80.96414947509766,0.07117386162281036,0.02858157828450203,80.63309478759766,0.07209645956754684,0.05898966267704964,0.05645225569605827,0.05920623615384102,0.05598701909184456
391,0.028412027284502983,80.93958282470703,0.07116273790597916,0.028566528111696243,80.60839080810547,0.07208500057458878,0.05898600071668625,0.05644477903842926,0.05920346453785896,0.055978573858737946
392,0.02839701622724533,80.91517639160156,0.07115169614553452,0.028551574796438217,80.58375549316406,0.0720735639333725,0.058982349932193756,0.05643715336918831,0.05920078977942467,0.05597022548317909
393,0.028382059186697006,80.89081573486328,0.07114066183567047,0.02853667549788952,80.55933380126953,0.07206220924854279,0.058978624641895294,0.056429699063301086,0.059197962284088135,0.055961962789297104
394,0.02836720459163189,80.86658477783203,0.0711296796798706,0.02852199599146843,80.53482055664062,0.07205081731081009,0.05897492915391922,0.05642195791006088,0.05919516831636429,0.055953655391931534
395,0.028352558612823486,80.8423843383789,0.07111871987581253,0.02850745990872383,80.5103988647461,0.07203947752714157,0.05897131189703941,0.05641420558094978,0.059192389249801636,0.05594528838992119
396,0.028338059782981873,80.8183822631836,0.07110785692930222,0.028493035584688187,80.48637390136719,0.07202833145856857,0.0589677058160305,0.05640684813261032,0.05918964371085167,0.05593706667423248
397,0.028323687613010406,80.79450225830078,0.0710970088839531,0.02847856469452381,80.46228790283203,0.07201714813709259,0.05896410718560219,0.05639926716685295,0.059186868369579315,0.05592896789312363
398,0.028309358283877373,80.77063751220703,0.07108624279499054,0.028464164584875107,80.43838500976562,0.07200607657432556,0.05896057188510895,0.05639181658625603,0.059184081852436066,0.055920831859111786
399,0.028295131400227547,80.74695587158203,0.07107552886009216,0.028449835255742073,80.4145736694336,0.07199503481388092,0.058957017958164215,0.056384384632110596,0.0591813400387764,0.05591275542974472
400,0.02828093245625496,80.72328186035156,0.07106481492519379,0.02843554876744747,80.39107513427734,0.07198414951562881,0.05895346775650978,0.05637712776660919,0.05917845293879509,0.05590473860502243
401,0.028266776353120804,80.6998062133789,0.07105419784784317,0.02842131443321705,80.36752319335938,0.07197324186563492,0.05894988030195236,0.056369759142398834,0.05917569249868393,0.05589675530791283
402,0.028252677991986275,80.67638397216797,0.07104362547397614,0.028407137840986252,80.34418487548828,0.07196244597434998,0.05894630774855614,0.05636252835392952,0.05917289853096008,0.05588885024189949
403,0.028238635510206223,80.65308380126953,0.07103309035301208,0.028393058106303215,80.32095336914062,0.07195170223712921,0.05894273519515991,0.056355349719524384,0.059170085936784744,0.05588098242878914
404,0.028224680572748184,80.62985229492188,0.07102261483669281,0.02837909199297428,80.29788970947266,0.07194101810455322,0.05893915891647339,0.05634826794266701,0.05916737765073776,0.05587312951683998
405,0.028210807591676712,80.60663604736328,0.07101216167211533,0.02836514450609684,80.27487182617188,0.07193039357662201,0.05893561989068985,0.05634114518761635,0.059164538979530334,0.055865343660116196
406,0.02819696255028248,80.58362579345703,0.07100176066160202,0.02835129387676716,80.2519302368164,0.07191979140043259,0.05893208459019661,0.05633405223488808,0.05916183069348335,0.05585756525397301
407,0.02818315476179123,80.56063079833984,0.0709913969039917,0.028337379917502403,80.22904968261719,0.07190921902656555,0.05892857536673546,0.05632695183157921,0.05915902927517891,0.0558498241007328
408,0.028169400990009308,80.5377197265625,0.07098107039928436,0.028323642909526825,80.20636749267578,0.07189873605966568,0.058925069868564606,0.05632009729743004,0.059156276285648346,0.0558420829474926
409,0.02815571054816246,80.5149154663086,0.0709707960486412,0.028309889137744904,80.18368530273438,0.0718882605433464,0.05892157554626465,0.05631309375166893,0.0591534823179245,0.055834461003541946
410,0.028142064809799194,80.49211120605469,0.07096051424741745,0.028296172618865967,80.16091918945312,0.07187773287296295,0.058918118476867676,0.05630581080913544,0.05915069580078125,0.05582674220204353
411,0.028128577396273613,80.46942901611328,0.07095029205083847,0.028282655403017998,80.1384048461914,0.07186733931303024,0.05891472101211548,0.056298669427633286,0.05914789438247681,0.05581903085112572
412,0.028115252032876015,80.44690704345703,0.07094015926122665,0.02826923504471779,80.11605834960938,0.0718570202589035,0.0589112788438797,0.05629163607954979,0.059145160019397736,0.055811334401369095
413,0.028102006763219833,80.42450714111328,0.07093004882335663,0.02825591340661049,80.09383392333984,0.07184676080942154,0.05890782177448273,0.05628461390733719,0.05914238840341568,0.05580371618270874
414,0.028088780120015144,80.40218353271484,0.07091999799013138,0.028242724016308784,80.07177734375,0.07183657586574554,0.05890435352921486,0.056277696043252945,0.05913960188627243,0.055796124041080475
415,0.028075678274035454,80.37999725341797,0.07090999186038971,0.0282296035438776,80.04988098144531,0.07182647287845612,0.05890083312988281,0.056270912289619446,0.05913678556680679,0.055788587778806686
416,0.028062576428055763,80.35789489746094,0.07090002298355103,0.028216443955898285,80.02803039550781,0.07181639224290848,0.05889737606048584,0.05626412108540535,0.05913400650024414,0.05578111857175827
417,0.0280495323240757,80.33589172363281,0.07089012116193771,0.028203308582305908,80.0062484741211,0.07180631905794144,0.058893896639347076,0.05625738203525543,0.05913129448890686,0.05577372759580612
418,0.0280364491045475,80.31398010253906,0.070880226790905,0.02819027379155159,79.98451232910156,0.07179628312587738,0.05889038369059563,0.0562506765127182,0.05912857875227928,0.05576636642217636
419,0.02802354097366333,80.29216003417969,0.07087036222219467,0.028177371248602867,79.9631576538086,0.07178641110658646,0.05888693034648895,0.05624428018927574,0.05912584066390991,0.05575907230377197
420,0.028010744601488113,80.27042388916016,0.07086056470870972,0.028164682909846306,79.94180297851562,0.07177652418613434,0.058883484452962875,0.05623774975538254,0.059123147279024124,0.05575178191065788
421,0.027998147532343864,80.24896240234375,0.07085086405277252,0.02815217152237892,79.920654296875,0.07176674902439117,0.05888001248240471,0.05623140558600426,0.059120502322912216,0.05574462190270424
422,0.027985574677586555,80.2274398803711,0.07084117829799652,0.028139693662524223,79.89945983886719,0.07175694406032562,0.05887649580836296,0.05622494965791702,0.05911772698163986,0.0557374469935894
423,0.027973057702183723,80.20600891113281,0.07083146274089813,0.028127368539571762,79.87846374511719,0.07174722850322723,0.058873049914836884,0.05621863901615143,0.0591149739921093,0.05573027953505516
424,0.02796063758432865,80.18466186523438,0.07082182914018631,0.028115110471844673,79.85749816894531,0.07173754274845123,0.058869585394859314,0.056212253868579865,0.059112299233675,0.055723126977682114
425,0.027948200702667236,80.16337585449219,0.07081222534179688,0.028102759271860123,79.83661651611328,0.07172790169715881,0.058866236358881,0.05620592460036278,0.059109605848789215,0.055716004222631454
426,0.027935819700360298,80.14212799072266,0.07080262154340744,0.028090480715036392,79.81574249267578,0.0717182531952858,0.05886276066303253,0.05619961395859718,0.059106919914484024,0.05570888891816139
427,0.02792348526418209,80.12100219726562,0.07079310715198517,0.028078259900212288,79.79498291015625,0.07170866429805756,0.05885928124189377,0.05619330704212189,0.05910420045256615,0.05570187047123909
428,0.027911251410841942,80.09988403320312,0.0707835853099823,0.0280661191791296,79.7743148803711,0.0716991126537323,0.05885573476552963,0.05618710815906525,0.05910142883658409,0.05569484829902649
429,0.027899088338017464,80.07894897460938,0.0707741305232048,0.028054047375917435,79.75376892089844,0.07168964296579361,0.058852240443229675,0.056181106716394424,0.059098705649375916,0.05568794161081314
430,0.027886968106031418,80.05802154541016,0.0707646831870079,0.028042014688253403,79.73330688476562,0.07168018072843552,0.058848753571510315,0.05617505684494972,0.059095967561006546,0.05568104237318039
431,0.027874933555722237,80.03719329833984,0.07075531035661697,0.028030050918459892,79.71289825439453,0.07167075574398041,0.05884525924921036,0.05616898089647293,0.05909326672554016,0.055674124509096146
432,0.027862954884767532,80.01641845703125,0.07074593007564545,0.028018129989504814,79.69245910644531,0.0716613307595253,0.05884173884987831,0.05616282671689987,0.05909046530723572,0.055667247623205185
433,0.027851060032844543,79.9957504272461,0.0707365944981575,0.028006432577967644,79.67244720458984,0.07165206968784332,0.05883815512061119,0.056157033890485764,0.05908772721886635,0.055660370737314224
434,0.02783927507698536,79.9752197265625,0.07072734087705612,0.027994750067591667,79.65239715576172,0.07164281606674194,0.05883465334773064,0.05615106597542763,0.05908504128456116,0.05565357208251953
435,0.027827532961964607,79.95474243164062,0.07071810960769653,0.027983106672763824,79.63236236572266,0.07163356244564056,0.05883124843239784,0.05614497885107994,0.05908234789967537,0.05564674735069275
436,0.02781582623720169,79.93431091308594,0.07070887833833694,0.027971504256129265,79.61248016357422,0.07162437587976456,0.05882785841822624,0.05613891780376434,0.05907962843775749,0.05563994497060776
437,0.027804173529148102,79.9139633178711,0.07069969922304153,0.027960024774074554,79.59261322021484,0.07161518931388855,0.058824487030506134,0.056132785975933075,0.0590769462287426,0.05563311278820038
438,0.027792569249868393,79.89362335205078,0.07069052755832672,0.027948571369051933,79.57286071777344,0.07160607725381851,0.05882110819220543,0.05612669885158539,0.059074193239212036,0.05562630668282509
439,0.027781018987298012,79.8734130859375,0.07068140804767609,0.027937183156609535,79.55323791503906,0.07159702479839325,0.05881766974925995,0.05612069368362427,0.05907151475548744,0.05561951920390129
440,0.0277695432305336,79.85330200195312,0.07067232578992844,0.027925806120038033,79.53351593017578,0.07158791273832321,0.05881425365805626,0.05611465126276016,0.05906878039240837,0.05561276152729988
441,0.02775811217725277,79.83314514160156,0.07066324353218079,0.027914535254240036,79.51387786865234,0.07157885283231735,0.058810845017433167,0.05610867217183113,0.059066060930490494,0.05560597404837608
442,0.027746742591261864,79.81314086914062,0.07065422087907791,0.027903232723474503,79.49427032470703,0.07156980782747269,0.05880749225616455,0.05610271170735359,0.05906340852379799,0.05559921637177467
443,0.02773541770875454,79.79312896728516,0.07064521312713623,0.0278919767588377,79.474853515625,0.07156084477901459,0.058804139494895935,0.05609694495797157,0.0590607151389122,0.05559247359633446
444,0.027724090963602066,79.77324676513672,0.07063624262809753,0.027880731970071793,79.45556640625,0.07155192643404007,0.0588008314371109,0.05609121173620224,0.05905808135867119,0.05558580905199051
445,0.027712836861610413,79.75348663330078,0.07062732428312302,0.027869541198015213,79.4363021850586,0.07154305279254913,0.05879747122526169,0.05608554556965828,0.059055447578430176,0.05557922646403313
446,0.027701614424586296,79.73368072509766,0.0706184133887291,0.02785835787653923,79.41697692871094,0.07153414934873581,0.058794159442186356,0.05607972666621208,0.05905276909470558,0.05557263642549515
447,0.027690455317497253,79.71398162841797,0.07060950994491577,0.0278472900390625,79.3978500366211,0.07152534276247025,0.058790866285562515,0.05607403814792633,0.059050124138593674,0.05556609109044075
448,0.02767937257885933,79.69429016113281,0.07060066610574722,0.027836263179779053,79.37870788574219,0.0715165063738823,0.058787647634744644,0.0560683012008667,0.059047479182481766,0.055559493601322174
449,0.027668334543704987,79.6747055053711,0.07059181481599808,0.027825284749269485,79.3597183227539,0.07150774449110031,0.05878433212637901,0.05606277659535408,0.05904487892985344,0.05555294081568718
450,0.02765730954706669,79.65518188476562,0.07058300077915192,0.027814330533146858,79.34069061279297,0.07149896025657654,0.058780964463949203,0.05605725571513176,0.05904226005077362,0.05554650351405144
451,0.0276463832706213,79.63573455810547,0.07057423889636993,0.027803443372249603,79.32189178466797,0.07149029523134232,0.05877760425209999,0.05605185031890869,0.059039585292339325,0.055540136992931366
452,0.02763546071946621,79.61631774902344,0.07056550681591034,0.02779257670044899,79.30299377441406,0.07148159295320511,0.05877427011728287,0.056046344339847565,0.05903695896267891,0.055533766746520996
453,0.02762460894882679,79.59699249267578,0.07055680453777313,0.0277817714959383,79.28408813476562,0.07147286832332611,0.058770932257175446,0.05604074150323868,0.05903439596295357,0.05552738904953003
454,0.027613798156380653,79.57763671875,0.07054806500673294,0.027771009132266045,79.26526641845703,0.0714641883969307,0.05876760184764862,0.05603513494133949,0.05903168022632599,0.055520977824926376
455,0.02760307304561138,79.55841827392578,0.07053940743207932,0.02776028774678707,79.2467269897461,0.07145564258098602,0.0587642565369606,0.05602983757853508,0.05902905389666557,0.05551465228199959
456,0.027592312544584274,79.53927612304688,0.07053078711032867,0.02774963155388832,79.22830200195312,0.07144714146852493,0.05876102298498154,0.056024499237537384,0.059026435017585754,0.05550835654139519
457,0.027581581845879555,79.5201416015625,0.07052215188741684,0.02773900143802166,79.20986938476562,0.07143862545490265,0.05875783786177635,0.056019075214862823,0.05902380496263504,0.0555020272731781
458,0.02757091261446476,79.50118255615234,0.07051361352205276,0.027728427201509476,79.1916732788086,0.07143023610115051,0.05875462293624878,0.05601400136947632,0.059021323919296265,0.05549580603837967
459,0.02756030671298504,79.48221588134766,0.07050507515668869,0.027717888355255127,79.17337799072266,0.0714217945933342,0.058751463890075684,0.0560087151825428,0.05901878699660301,0.05548959597945213
460,0.027549762278795242,79.46341705322266,0.07049659639596939,0.02770736627280712,79.1550521850586,0.07141334563493729,0.0587482713162899,0.056003399193286896,0.059016354382038116,0.055483393371105194
461,0.02753925882279873,79.44461822509766,0.07048814743757248,0.0276968814432621,79.13677978515625,0.07140491902828217,0.058745112270116806,0.055998023599386215,0.059013910591602325,0.055477164685726166
462,0.02752884104847908,79.42585754394531,0.07047969102859497,0.027686454355716705,79.1187973022461,0.07139663398265839,0.0587419793009758,0.05599292367696762,0.05901145935058594,0.05547098442912102
463,0.027518436312675476,79.40724182128906,0.07047127932310104,0.027676038444042206,79.10067749023438,0.07138826698064804,0.05873881280422211,0.05598754063248634,0.05900903418660164,0.05546484515070915
464,0.02750810980796814,79.38858032226562,0.0704628974199295,0.02766568586230278,79.08252716064453,0.0713798925280571,0.05873560905456543,0.05598205700516701,0.05900663137435913,0.05545860156416893
465,0.027497848495841026,79.3699722290039,0.07045449316501617,0.027655480429530144,79.06443786621094,0.07137154042720795,0.05873243138194084,0.055976543575525284,0.05900418013334274,0.05545233190059662
466,0.027487657964229584,79.35138702392578,0.07044612616300583,0.027645288035273552,79.0464859008789,0.07136326283216476,0.05872923508286476,0.055971138179302216,0.059001702815294266,0.05544610694050789
467,0.027477487921714783,79.33295440673828,0.07043780386447906,0.02763519436120987,79.02861022949219,0.07135500013828278,0.05872601270675659,0.05596577376127243,0.058999255299568176,0.055439963936805725
468,0.027467375621199608,79.31455993652344,0.07042953372001648,0.027625106275081635,79.01077270507812,0.07134675979614258,0.05872271582484245,0.055960409343242645,0.0589967779815197,0.05543379858136177
469,0.02745731547474861,79.2962875366211,0.07042128592729568,0.027615072205662727,78.99288940429688,0.07133850455284119,0.05871949717402458,0.055954888463020325,0.05899433419108391,0.055427659302949905
470,0.027447298169136047,79.2779769897461,0.0704130083322525,0.02760501578450203,78.9750747680664,0.07133025676012039,0.058716293424367905,0.05594935640692711,0.05899185687303543,0.055421460419893265
471,0.027437342330813408,79.25980377197266,0.0704047903418541,0.02759508229792118,78.95738983154297,0.07132209837436676,0.058713093400001526,0.05594399943947792,0.05898943170905113,0.05541530251502991
472,0.027427412569522858,79.24160766601562,0.07039658725261688,0.02758512645959854,78.93968200683594,0.07131391018629074,0.058709852397441864,0.055938586592674255,0.05898699909448624,0.055409178137779236
473,0.02741750329732895,79.22356414794922,0.07038841396570206,0.02757524698972702,78.92215728759766,0.07130582630634308,0.05870664492249489,0.055933333933353424,0.05898456275463104,0.055403124541044235
474,0.027407655492424965,79.20552825927734,0.070380300283432,0.02756538800895214,78.90460205078125,0.07129771262407303,0.05870341509580612,0.055927906185388565,0.058982063084840775,0.055397067219018936
475,0.027397820726037025,79.18753814697266,0.07037214189767838,0.02755553647875786,78.8871841430664,0.07128965854644775,0.058700185269117355,0.055922672152519226,0.05897959694266319,0.05539100244641304
476,0.027387991547584534,79.16960144042969,0.07036404311656952,0.027545703575015068,78.86980438232422,0.07128163427114487,0.05869695916771889,0.05591747537255287,0.058977141976356506,0.05538496747612953
477,0.027378197759389877,79.15169525146484,0.07035597413778305,0.027535978704690933,78.85259246826172,0.07127367705106735,0.05869372934103012,0.055912360548973083,0.05897469073534012,0.055379025638103485
478,0.027368472889065742,79.13391876220703,0.07034792751073837,0.027526238933205605,78.83540344238281,0.07126572728157043,0.058690428733825684,0.055907268077135086,0.05897222459316254,0.05537308007478714
479,0.027358759194612503,79.11613464355469,0.07033989578485489,0.027516596019268036,78.8182144165039,0.07125778496265411,0.05868716910481453,0.05590213090181351,0.05896974727511406,0.055367156863212585
480,0.02734905667603016,79.09837341308594,0.07033184915781021,0.027506928890943527,78.80113983154297,0.07124988734722137,0.05868395417928696,0.05589703842997551,0.0589672215282917,0.055361274629831314
481,0.027339428663253784,79.08065032958984,0.07032383978366852,0.02749740146100521,78.78424835205078,0.0712420716881752,0.058680787682533264,0.05589202791452408,0.058964695781469345,0.05535540729761124
482,0.02732982113957405,79.06295013427734,0.07031580060720444,0.02748776786029339,78.76727294921875,0.07123421877622604,0.05867765098810196,0.055886924266815186,0.058962151408195496,0.055349573493003845
483,0.027320239692926407,79.04537963867188,0.07030785828828812,0.027478285133838654,78.75050354003906,0.07122644782066345,0.058674491941928864,0.0558820404112339,0.05895975977182388,0.055343739688396454
484,0.027310723438858986,79.02790069580078,0.07029993087053299,0.02746879868209362,78.73365020751953,0.07121863216161728,0.05867135524749756,0.055876877158880234,0.05895734205842018,0.05533790960907936
485,0.027301285415887833,79.01049041748047,0.07029204815626144,0.027459336444735527,78.71682739257812,0.0712108239531517,0.058668188750743866,0.05587163195014,0.05895491689443588,0.055331964045763016
486,0.02729189768433571,78.99317932128906,0.07028418034315109,0.027449874207377434,78.70011138916016,0.07120306044816971,0.05866505950689316,0.05586644262075424,0.05895255133509636,0.055326055735349655
487,0.02728254720568657,78.9759292602539,0.07027634233236313,0.027440441772341728,78.6833724975586,0.07119528949260712,0.05866193771362305,0.0558612197637558,0.05895019695162773,0.055320169776678085
488,0.027273187413811684,78.95866394042969,0.07026851922273636,0.027430983260273933,78.66653442382812,0.07118748128414154,0.05865885317325592,0.05585587024688721,0.0589478462934494,0.05531425029039383
489,0.027263855561614037,78.94145202636719,0.07026068866252899,0.027421552687883377,78.64986419677734,0.07117971777915955,0.0586557537317276,0.055850666016340256,0.05894548073410988,0.05530834570527077
490,0.027254506945610046,78.92420959472656,0.07025287300348282,0.027412177994847298,78.6332778930664,0.07117203623056412,0.05865275114774704,0.05584556609392166,0.05894311144948006,0.0553024597465992
491,0.027245238423347473,78.90711975097656,0.07024510204792023,0.027402838692069054,78.61677551269531,0.07116438448429108,0.058649733662605286,0.05584048479795456,0.05894077941775322,0.055296629667282104
492,0.027235962450504303,78.89006042480469,0.07023737579584122,0.027393482625484467,78.6003189086914,0.07115675508975983,0.05864671990275383,0.055835504084825516,0.058938462287187576,0.055290818214416504
493,0.027226770296692848,78.87301635742188,0.07022963464260101,0.02738424949347973,78.58402252197266,0.07114920020103455,0.05864367261528969,0.05583075433969498,0.058936070650815964,0.05528506264090538
494,0.02721766196191311,78.8560791015625,0.07022196054458618,0.027374979108572006,78.56763458251953,0.07114160060882568,0.058640625327825546,0.05582587048411369,0.05893373489379883,0.05527939274907112
495,0.02720854990184307,78.83909606933594,0.07021424919366837,0.027365753427147865,78.55126190185547,0.07113400846719742,0.05863756313920021,0.05582096427679062,0.058931369334459305,0.05527368560433388
496,0.027199452742934227,78.82218933105469,0.07020658254623413,0.027356546372175217,78.53504943847656,0.07112649828195572,0.05863453447818756,0.0558161735534668,0.05892893299460411,0.0552680566906929
497,0.02719038538634777,78.80535888671875,0.0701989084482193,0.027347330003976822,78.51883697509766,0.07111898809671402,0.05863156169652939,0.0558113232254982,0.058926600962877274,0.055262379348278046
498,0.027181299403309822,78.78846740722656,0.07019124925136566,0.027338143438100815,78.50257110595703,0.07111144810914993,0.05862853303551674,0.05580649524927139,0.05892421305179596,0.055256690829992294
499,0.0271722674369812,78.77166748046875,0.0701836496591568,0.027329005300998688,78.48643493652344,0.07110398262739182,0.05862559378147125,0.055801745504140854,0.05892184004187584,0.05525103211402893
500,0.027163224294781685,78.75485229492188,0.07017602026462555,0.027319874614477158,78.47027587890625,0.0710965096950531,0.05862261727452278,0.05579696223139763,0.05891948938369751,0.05524538457393646
501,0.027154242619872093,78.73807525634766,0.07016842812299728,0.027310816571116447,78.45415496826172,0.07108903676271439,0.05861964449286461,0.05579216033220291,0.05891716107726097,0.055239737033843994
502,0.02714531309902668,78.72137451171875,0.07016084343194962,0.027301868423819542,78.43824768066406,0.07108167558908463,0.058616653084754944,0.05578742176294327,0.058914776891469955,0.055234119296073914
503,0.02713644877076149,78.70460510253906,0.07015322893857956,0.027293004095554352,78.42243957519531,0.07107435166835785,0.058613698929548264,0.05578279495239258,0.058912377804517746,0.055228475481271744
504,0.027127627283334732,78.68799591064453,0.07014570385217667,0.027284124866127968,78.40673065185547,0.07106707990169525,0.05861075222492218,0.055778320878744125,0.05891003459692001,0.055222928524017334
505,0.027118833735585213,78.6714096069336,0.07013814896345139,0.027275195345282555,78.39092254638672,0.07105974853038788,0.058607831597328186,0.055773720145225525,0.05890766158699989,0.055217429995536804
506,0.027110053226351738,78.65483856201172,0.07013062387704849,0.027266351506114006,78.3752670288086,0.07105248421430588,0.058604877442121506,0.05576924607157707,0.05890529230237007,0.055211953818798065
507,0.0271013043820858,78.63838195800781,0.07012314349412918,0.02725750394165516,78.35961151123047,0.07104522734880447,0.058601900935173035,0.055764760822057724,0.058903008699417114,0.05520649626851082
508,0.02709253318607807,78.62190246582031,0.07011565566062927,0.027248701080679893,78.34400177001953,0.07103797793388367,0.058598943054676056,0.05576020106673241,0.0589006133377552,0.055201008915901184
509,0.027083810418844223,78.6055679321289,0.07010820508003235,0.02723989635705948,78.32852935791016,0.07103081047534943,0.05859597399830818,0.05575571581721306,0.05889824777841568,0.05519547313451767
510,0.02707505226135254,78.58919525146484,0.07010077685117722,0.027231046929955482,78.31294250488281,0.07102358341217041,0.0585930272936821,0.05575104430317879,0.05889591574668884,0.05518995225429535
511,0.027066290378570557,78.57298278808594,0.07009336352348328,0.027222217991948128,78.2974853515625,0.07101640105247498,0.05859007313847542,0.05574651435017586,0.05889362096786499,0.05518445745110512
512,0.027057578787207603,78.55674743652344,0.07008598744869232,0.027213454246520996,78.2821044921875,0.07100926339626312,0.05858709290623665,0.05574203282594681,0.05889128893613815,0.05517898499965668
513,0.02704886719584465,78.54048156738281,0.07007858902215958,0.027204688638448715,78.26661682128906,0.07100207358598709,0.058584097772836685,0.055737413465976715,0.058888837695121765,0.05517357215285301
514,0.02704020030796528,78.5242691040039,0.07007120549678802,0.027195997536182404,78.2513198852539,0.07099498808383942,0.05858108028769493,0.055732984095811844,0.05888643488287926,0.05516817420721054
515,0.02703157439827919,78.50812530517578,0.07006385922431946,0.027187231928110123,78.23583221435547,0.07098781317472458,0.05857810005545616,0.05572827532887459,0.058884069323539734,0.05516274645924568
516,0.027022957801818848,78.49190521240234,0.07005646079778671,0.027178602293133736,78.22058868408203,0.07098072022199631,0.05857506021857262,0.05572378635406494,0.05888167396187782,0.05515720322728157
517,0.027014369145035744,78.47589111328125,0.07004914432764053,0.02716999500989914,78.20543670654297,0.0709737092256546,0.0585719496011734,0.05571941286325455,0.0588793009519577,0.055151790380477905
518,0.027005815878510475,78.45980834960938,0.07004182785749435,0.027161380276083946,78.19020080566406,0.07096660882234573,0.05856892839074135,0.05571477860212326,0.05887684226036072,0.05514634773135185
519,0.026997288689017296,78.44380187988281,0.07003455609083176,0.027152827009558678,78.17510223388672,0.07095961272716522,0.058565862476825714,0.055710319429636,0.05887444689869881,0.05514091998338699
520,0.026988787576556206,78.42774200439453,0.07002722471952438,0.027144260704517365,78.15998077392578,0.07095258682966232,0.05856281891465187,0.05570588260889053,0.05887198820710182,0.05513549596071243
521,0.02698029763996601,78.41179656982422,0.07001995295286179,0.027135761454701424,78.14501190185547,0.07094564288854599,0.058559734374284744,0.0557016059756279,0.058869618922472,0.05513016879558563
522,0.0269718486815691,78.39585876464844,0.07001267373561859,0.02712726779282093,78.13007354736328,0.07093869894742966,0.058556701987981796,0.055697325617074966,0.058867137879133224,0.05512488633394241
523,0.026963410899043083,78.37997436523438,0.07000543922185898,0.027118738740682602,78.1150894165039,0.07093174755573273,0.05855366215109825,0.05569300800561905,0.058864742517471313,0.055119600147008896
524,0.026954911649227142,78.364013671875,0.06999816000461578,0.0271101463586092,78.10009002685547,0.0709247961640358,0.058550622314214706,0.055688705295324326,0.05886228382587433,0.0551142543554306
525,0.02694641798734665,78.34815979003906,0.06999092549085617,0.02710157446563244,78.085205078125,0.07091788947582245,0.058547575026750565,0.05568448826670647,0.05885988473892212,0.055108942091464996
526,0.026937948539853096,78.33231353759766,0.06998369842767715,0.02709304355084896,78.07025909423828,0.07091094553470612,0.058544497936964035,0.055680159479379654,0.05885748192667961,0.05510365217924118
527,0.026929523795843124,78.31653594970703,0.06997648626565933,0.027084529399871826,78.05538177490234,0.07090403884649277,0.058541420847177505,0.055675946176052094,0.05885506421327591,0.05509837344288826
528,0.02692110277712345,78.3006362915039,0.06996925175189972,0.02707602269947529,78.04046630859375,0.07089710980653763,0.05853831768035889,0.05567166581749916,0.058852557092905045,0.05509309098124504
529,0.026912789791822433,78.28495788574219,0.06996208429336548,0.027067601680755615,78.02559661865234,0.07089020311832428,0.05853519216179848,0.0556674562394619,0.05885013937950134,0.055087849497795105
530,0.026904435828328133,78.2691421508789,0.06995485723018646,0.02705911174416542,78.01068115234375,0.07088328152894974,0.058532118797302246,0.05566318705677986,0.058847613632678986,0.05508258193731308
531,0.026896130293607712,78.25348663330078,0.06994770467281342,0.027050672098994255,77.9958724975586,0.07087640464305878,0.058529116213321686,0.05565899983048439,0.05884518474340439,0.055077385157346725
532,0.026887834072113037,78.23782348632812,0.06994056701660156,0.02704225666821003,77.98101043701172,0.07086948305368423,0.05852610617876053,0.05565469712018967,0.05884275212883949,0.05507214367389679
533,0.026879534125328064,78.2221450805664,0.06993337720632553,0.027033831924200058,77.96624755859375,0.07086261361837387,0.05852309614419937,0.055650535970926285,0.05884024128317833,0.05506691709160805
534,0.02687128633260727,78.20659637451172,0.06992626190185547,0.027025487273931503,77.9515380859375,0.0708557665348053,0.0585201121866703,0.0556463748216629,0.058837831020355225,0.05506178364157677
535,0.026863079518079758,78.1910629272461,0.0699191614985466,0.027017148211598396,77.93695831298828,0.0708489865064621,0.058517105877399445,0.05564230680465698,0.05883537977933884,0.0550566203892231
536,0.02685490809381008,78.1756591796875,0.06991210579872131,0.027008898556232452,77.92247009277344,0.07084222882986069,0.05851409584283829,0.05563831701874733,0.058832988142967224,0.05505151301622391
537,0.02684682607650757,78.16021728515625,0.06990505009889603,0.027000674977898598,77.90788269042969,0.07083543390035629,0.05851109325885773,0.05563412606716156,0.058830611407756805,0.05504637584090233
538,0.026838740333914757,78.14482116699219,0.06989802420139313,0.026992538943886757,77.8933334350586,0.07082866132259369,0.058508045971393585,0.055629923939704895,0.0588282011449337,0.05504121258854866
539,0.026830732822418213,78.12942504882812,0.06989093869924545,0.026984410360455513,77.8788833618164,0.07082191854715347,0.0585050992667675,0.055625781416893005,0.05882582068443298,0.0550360269844532
540,0.026822693645954132,78.11402130126953,0.06988389045000076,0.026976294815540314,77.8643798828125,0.07081515341997147,0.058502115309238434,0.05562158674001694,0.05882341042160988,0.055030833929777145
541,0.02681470662355423,78.09870910644531,0.06987687945365906,0.026968199759721756,77.84996795654297,0.07080842554569244,0.05849914997816086,0.05561749264597893,0.058821018785238266,0.05502571910619736
542,0.02680673822760582,78.0833740234375,0.06986984610557556,0.026960067451000214,77.8355941772461,0.07080172747373581,0.05849616229534149,0.055613450706005096,0.058818623423576355,0.055020589381456375
543,0.02679874561727047,78.06808471679688,0.06986285001039505,0.02695203572511673,77.8212890625,0.07079505920410156,0.05849318206310272,0.05560943856835365,0.05881623178720474,0.055015504360198975
544,0.026790790259838104,78.0527572631836,0.06985582411289215,0.026943935081362724,77.80687713623047,0.07078834623098373,0.05849022418260574,0.055605318397283554,0.05881377309560776,0.055010441690683365
545,0.026782820001244545,78.0374755859375,0.06984884291887283,0.026935873553156853,77.79259490966797,0.07078168541193008,0.058487243950366974,0.055601298809051514,0.05881137400865555,0.055005382746458054
546,0.026774857193231583,78.02222442626953,0.06984182447195053,0.026927875354886055,77.77824401855469,0.07077500224113464,0.05848425254225731,0.055597204715013504,0.05880894511938095,0.055000316351652145
547,0.02676691859960556,78.00688934326172,0.06983482837677002,0.026919923722743988,77.76404571533203,0.07076838612556458,0.05848127603530884,0.05559321492910385,0.05880645290017128,0.054995276033878326
548,0.026759006083011627,77.99158477783203,0.06982780992984772,0.02691197209060192,77.74977111816406,0.07076172530651093,0.058478254824876785,0.055589161813259125,0.05880388617515564,0.05499023199081421
549,0.02675110287964344,77.97644805908203,0.06982086598873138,0.026904048398137093,77.735595703125,0.07075511664152145,0.05847523361444473,0.05558520182967186,0.05880146473646164,0.05498529225587845
550,0.026743153110146523,77.96116638183594,0.06981386244297028,0.02689605951309204,77.72113800048828,0.07074836641550064,0.058472201228141785,0.05558093637228012,0.05879895016551018,0.054980214685201645
551,0.026735268533229828,77.9459228515625,0.06980685889720917,0.026888204738497734,77.70701599121094,0.07074175775051117,0.05846919119358063,0.05557698756456375,0.05879642069339752,0.054975152015686035
552,0.02672743797302246,77.93087005615234,0.06979995220899582,0.026880349963903427,77.69278717041016,0.07073512673377991,0.05846620351076126,0.055572979152202606,0.058794040232896805,0.054970212280750275
553,0.026719599962234497,77.91574096679688,0.0697929859161377,0.026872549206018448,77.67871856689453,0.07072854787111282,0.05846324935555458,0.05556905269622803,0.05879157781600952,0.05496525764465332
554,0.02671183831989765,77.90069580078125,0.06978610903024673,0.02686481922864914,77.6646499633789,0.07072199136018753,0.05846022069454193,0.05556511878967285,0.05878913775086403,0.054960351437330246
555,0.026704076677560806,77.88561248779297,0.06977919489145279,0.026857059448957443,77.65069580078125,0.07071546465158463,0.058457229286432266,0.05556131899356842,0.05878664180636406,0.05495542287826538
556,0.02669636718928814,77.87064361572266,0.06977228075265884,0.02684936672449112,77.63674926757812,0.07070896029472351,0.05845421180129051,0.05555751174688339,0.05878414958715439,0.0549505315721035
557,0.026688657701015472,77.85565948486328,0.06976542621850967,0.026841649785637856,77.62271881103516,0.07070240378379822,0.05845119059085846,0.05555354803800583,0.05878173187375069,0.05494563654065132
558,0.02668103575706482,77.84069061279297,0.06975856423377991,0.02683405391871929,77.6087417602539,0.07069586962461472,0.058448176831007004,0.05554952099919319,0.05877919867634773,0.05494072660803795
559,0.026673346757888794,77.82561492919922,0.06975160539150238,0.026826374232769012,77.59465026855469,0.07068927586078644,0.05844518169760704,0.05554528534412384,0.05877666920423508,0.05493563786149025
560,0.026665765792131424,77.81072998046875,0.06974475085735321,0.02681877464056015,77.580810546875,0.07068280875682831,0.05844222754240036,0.055541299283504486,0.05877421051263809,0.05493060499429703
561,0.02665812335908413,77.79578399658203,0.06973787397146225,0.02681116573512554,77.56704711914062,0.07067636400461197,0.05843931809067726,0.05553731694817543,0.05877169594168663,0.054925594478845596
562,0.026650559157133102,77.78091430664062,0.06973102688789368,0.026803571730852127,77.55321502685547,0.07066989690065384,0.05843641236424446,0.05553328990936279,0.05876921862363815,0.05492062121629715
563,0.026642970740795135,77.76609802246094,0.06972423195838928,0.026795996353030205,77.5393295288086,0.07066339999437332,0.058433447033166885,0.055529214441776276,0.05876670777797699,0.05491568520665169
564,0.02663540281355381,77.751220703125,0.06971736252307892,0.02678840421140194,77.52546691894531,0.0706569030880928,0.05843043327331543,0.05552517995238304,0.05876416712999344,0.05491070821881294
565,0.026627838611602783,77.73639678955078,0.06971051543951035,0.02678084559738636,77.51164245605469,0.07065042853355408,0.05842744559049606,0.055521175265312195,0.05876161530613899,0.05490580201148987
566,0.02662030979990959,77.72156524658203,0.06970369070768356,0.026773331686854362,77.49787139892578,0.07064398378133774,0.05842440947890282,0.05551723390817642,0.058758996427059174,0.054900918155908585
567,0.026612814515829086,77.7068099975586,0.06969688832759857,0.026765896007418633,77.4842529296875,0.07063759863376617,0.058421388268470764,0.055513400584459305,0.05875638499855995,0.05489606410264969
568,0.02660531923174858,77.69210052490234,0.06969011574983597,0.02675839327275753,77.47063446044922,0.0706312283873558,0.05841832980513573,0.055509623140096664,0.05875372514128685,0.05489129573106766
569,0.026597807183861732,77.67740631103516,0.06968332827091217,0.026750894263386726,77.45713806152344,0.07062488049268723,0.058415286242961884,0.0555059090256691,0.05875106528401375,0.05488653853535652
570,0.026590272784233093,77.66273498535156,0.06967655569314957,0.026743365451693535,77.44353485107422,0.07061849534511566,0.05841222032904625,0.055502112954854965,0.058748405426740646,0.05488177016377449
571,0.026582691818475723,77.64800262451172,0.06966976821422577,0.02673587203025818,77.42997741699219,0.07061213254928589,0.0584091916680336,0.05549834296107292,0.05874570831656456,0.054876990616321564
572,0.02657517045736313,77.63336944580078,0.06966301053762436,0.026728389784693718,77.41647338867188,0.07060578465461731,0.05840614065527916,0.05549458786845207,0.05874305218458176,0.05487223342061043
573,0.026567671447992325,77.61869049072266,0.06965620070695877,0.02672097273170948,77.40287780761719,0.07059940695762634,0.05840307101607323,0.055490732192993164,0.05874033272266388,0.054867424070835114
574,0.026560241356492043,77.60404205322266,0.06964946538209915,0.026713557541370392,77.38932800292969,0.07059302926063538,0.058399979025125504,0.055486876517534256,0.05873769521713257,0.05486257001757622
575,0.026552800089120865,77.58940124511719,0.06964267045259476,0.026706205680966377,77.37590026855469,0.07058669626712799,0.05839689075946808,0.0554831400513649,0.058734994381666183,0.05485774204134941
576,0.02654540166258812,77.57475280761719,0.06963587552309036,0.026698758825659752,77.36234283447266,0.07058031857013702,0.058393850922584534,0.0554792545735836,0.05873226746916771,0.05485288053750992
577,0.026538051664829254,77.56021881103516,0.06962914019823074,0.026691418141126633,77.34881591796875,0.07057394087314606,0.05839079990983009,0.05547533929347992,0.0587296225130558,0.0548480823636055
578,0.026530729606747627,77.5456314086914,0.06962239742279053,0.02668408490717411,77.3353500366211,0.07056759297847748,0.058387719094753265,0.05547147989273071,0.05872683972120285,0.05484329164028168
579,0.026523441076278687,77.53112030029297,0.06961563229560852,0.026676835492253304,77.32202911376953,0.07056128233671188,0.05838465690612793,0.055467698723077774,0.05872408673167229,0.054838478565216064
580,0.02651619166135788,77.51654815673828,0.0696088895201683,0.02666974440217018,77.30864715576172,0.07055497169494629,0.05838146060705185,0.055463843047618866,0.05872118100523949,0.054833702743053436
581,0.026509059593081474,77.50214385986328,0.06960218399763107,0.026662705466151237,77.29521942138672,0.0705486312508583,0.05837824568152428,0.05545993894338608,0.05871838703751564,0.05482890084385872
582,0.026502028107643127,77.48775482177734,0.06959550827741623,0.02665572054684162,77.28174591064453,0.07054223120212555,0.05837499722838402,0.05545597895979881,0.0587155781686306,0.05482405424118042
583,0.026494981721043587,77.4733657836914,0.069588802754879,0.026648692786693573,77.26831817626953,0.07053588330745697,0.05837177857756615,0.0554521307349205,0.058712732046842575,0.054819256067276
584,0.026487916707992554,77.4590072631836,0.06958208978176117,0.026641609147191048,77.25480651855469,0.07052947580814362,0.05836851894855499,0.055448152124881744,0.05870998278260231,0.05481443926692009
585,0.02648080512881279,77.44462585449219,0.06957538425922394,0.026634596288204193,77.24156188964844,0.07052318751811981,0.058365289121866226,0.05544447526335716,0.0587071031332016,0.054809704422950745
586,0.02647375501692295,77.4302978515625,0.0695687010884285,0.02662752941250801,77.22818756103516,0.07051683962345123,0.058362044394016266,0.05544064939022064,0.05870429426431656,0.05480499193072319
587,0.02646666206419468,77.41593933105469,0.06956201046705246,0.02662046067416668,77.21488952636719,0.07051052153110504,0.05835878476500511,0.05543691664934158,0.05870143324136734,0.05480028688907623
588,0.026459595188498497,77.40170288085938,0.0695553570985794,0.02661338821053505,77.20172119140625,0.07050426304340363,0.05835556238889694,0.05543329939246178,0.058698620647192,0.054795682430267334
589,0.026452548801898956,77.38741302490234,0.06954866647720337,0.026606334373354912,77.18848419189453,0.07049795240163803,0.058352306485176086,0.05542953312397003,0.05869574472308159,0.05479108542203903
590,0.026445480063557625,77.37311553955078,0.06954196840524673,0.026599297299981117,77.1751480102539,0.07049159705638885,0.05834897607564926,0.05542566627264023,0.05869285762310028,0.054786451160907745
591,0.026438502594828606,77.35896301269531,0.06953535974025726,0.026592286303639412,77.1620101928711,0.07048533856868744,0.058345697820186615,0.055422015488147736,0.058690086007118225,0.05478183180093765
592,0.026431474834680557,77.34469604492188,0.06952868402004242,0.026585234329104424,77.14875030517578,0.07047902047634125,0.05834238976240158,0.05541817843914032,0.05868716165423393,0.05477721616625786
593,0.026424465700984,77.33055877685547,0.06952203810214996,0.026578161865472794,77.13555145263672,0.07047272473573685,0.05833905562758446,0.05541445314884186,0.058684322983026505,0.05477261170744896
594,0.026417452841997147,77.31640625,0.0695154145359993,0.026571104303002357,77.12232971191406,0.07046641409397125,0.05833568051457405,0.05541068688035011,0.058681439608335495,0.05476801469922066
595,0.026410449296236038,77.30226135253906,0.06950879096984863,0.026564031839370728,77.10916137695312,0.07046014070510864,0.05833238363265991,0.055407002568244934,0.05867849290370941,0.054763469845056534
596,0.02640344388782978,77.28814697265625,0.06950213760137558,0.02655697800219059,77.09602355957031,0.07045386731624603,0.058329008519649506,0.05540332570672035,0.058675579726696014,0.05475885421037674
597,0.026396475732326508,77.27406311035156,0.0694955363869667,0.0265499334782362,77.08297729492188,0.070447638630867,0.058325640857219696,0.05539977550506592,0.058672670274972916,0.05475427582859993
598,0.026389526203274727,77.2599868774414,0.06948889791965485,0.02654285915195942,77.0698471069336,0.0704413577914238,0.05832229554653168,0.055396053940057755,0.05866973474621773,0.05474967509508133
599,0.026382602751255035,77.24581909179688,0.06948227435350418,0.02653585560619831,77.0567626953125,0.07043512165546417,0.05831892043352127,0.05539237707853317,0.058666765689849854,0.05474502965807915
600,0.02637566812336445,77.23178100585938,0.0694756805896759,0.026528844609856606,77.0437240600586,0.07042888551950455,0.05831551551818848,0.05538872629404068,0.05866385996341705,0.054740436375141144
601,0.02636878937482834,77.21772766113281,0.06946906447410583,0.026521852239966393,77.03067779541016,0.07042265683412552,0.0583120733499527,0.05538509413599968,0.058660876005887985,0.054735831916332245
602,0.026361912488937378,77.20365905761719,0.06946245580911636,0.026514913886785507,77.01759338378906,0.0704163983464241,0.05830865353345871,0.05538136139512062,0.05865788832306862,0.054731205105781555
603,0.026355057954788208,77.18952941894531,0.06945580244064331,0.026507973670959473,77.00447845458984,0.07041013240814209,0.05830523744225502,0.0553775392472744,0.05865483358502388,0.054726529866456985
604,0.02634824439883232,77.17547607421875,0.06944920867681503,0.026501191779971123,76.99150085449219,0.07040392607450485,0.058301810175180435,0.055373869836330414,0.05865183100104332,0.05472187697887421
605,0.02634144388139248,77.1613998413086,0.06944258511066437,0.026494363322854042,76.9785385131836,0.07039771974086761,0.05829835683107376,0.05537023767828941,0.058648787438869476,0.05471725016832352
606,0.026334652677178383,77.1473617553711,0.0694359615445137,0.0264875665307045,76.96566009521484,0.07039156556129456,0.05829492583870888,0.055366676300764084,0.058645717799663544,0.05471263453364372
607,0.026327861472964287,77.1333999633789,0.06942939013242722,0.02648071199655533,76.95272827148438,0.07038534432649612,0.05829141288995743,0.05536303669214249,0.058642711490392685,0.05470803752541542
608,0.026321034878492355,77.11929321289062,0.06942274421453476,0.02647390030324459,76.93974304199219,0.07037912309169769,0.05828792229294777,0.05535941570997238,0.05863955244421959,0.05470346659421921
609,0.026314284652471542,77.10527801513672,0.06941616535186768,0.02646714262664318,76.92683410644531,0.07037292420864105,0.05828440561890602,0.055355850607156754,0.05863640829920769,0.05469891056418419
610,0.026307525113224983,77.09131622314453,0.0694095715880394,0.026460375636816025,76.91387176513672,0.07036670297384262,0.058280907571315765,0.05535218492150307,0.058633241802453995,0.05469435825943947
611,0.026300830766558647,77.07743072509766,0.0694030150771141,0.026453642174601555,76.90105438232422,0.07036054879426956,0.058277424424886703,0.05534866824746132,0.05863017216324806,0.054689813405275345
612,0.026294104754924774,77.06343078613281,0.06939640641212463,0.026446878910064697,76.88804626464844,0.07035430520772934,0.05827394500374794,0.05534503236413002,0.05862700194120407,0.054685238748788834
613,0.026287376880645752,77.04948425292969,0.06938982009887695,0.026440126821398735,76.87516784667969,0.07034812867641449,0.0582704097032547,0.055341556668281555,0.05862387269735336,0.054680705070495605
614,0.026280701160430908,77.03551483154297,0.06938321888446808,0.026433436200022697,76.86227416992188,0.07034192979335785,0.05826694145798683,0.05533802509307861,0.0586206279695034,0.054676223546266556
615,0.026273999363183975,77.02165222167969,0.06937668472528458,0.026426764205098152,76.84952545166016,0.07033580541610718,0.05826345458626747,0.05533468350768089,0.058617543429136276,0.05467168614268303
616,0.026267345994710922,77.00774383544922,0.06937011331319809,0.026420118287205696,76.83676147460938,0.07032967358827591,0.058259908109903336,0.055331356823444366,0.05861430615186691,0.054667260497808456
617,0.026260700076818466,76.99388122558594,0.06936357915401459,0.026413410902023315,76.82390594482422,0.07032348215579987,0.05825638025999069,0.05532790720462799,0.05861114338040352,0.054662808775901794
618,0.026254037395119667,76.97994995117188,0.06935698539018631,0.026406731456518173,76.81102752685547,0.07031729817390442,0.05825283005833626,0.05532437190413475,0.05860786885023117,0.05465834587812424
619,0.026247361674904823,76.966064453125,0.06935042142868042,0.026400016620755196,76.79821014404297,0.07031111419200897,0.05824928730726242,0.05532094091176987,0.058604635298252106,0.05465388298034668
620,0.026240704581141472,76.95213317871094,0.06934380531311035,0.026393325999379158,76.78540802001953,0.07030494511127472,0.058245737105607986,0.05531752109527588,0.05860131233930588,0.05464944615960121
621,0.026234077289700508,76.93831634521484,0.06933729350566864,0.02638660930097103,76.77251434326172,0.07029873877763748,0.05824214592576027,0.05531400814652443,0.0585981085896492,0.054645027965307236
622,0.026227423921227455,76.92436981201172,0.06933067739009857,0.026379909366369247,76.75965118408203,0.07029255479574203,0.05823856592178345,0.055310554802417755,0.058594729751348495,0.05464059114456177
623,0.026220813393592834,76.91051483154297,0.06932412832975388,0.026373235508799553,76.74683380126953,0.07028638571500778,0.05823497101664543,0.05530717223882675,0.05859146639704704,0.054636165499687195
624,0.02621421217918396,76.89666748046875,0.06931754946708679,0.02636655792593956,76.7339859008789,0.07028019428253174,0.05823134630918503,0.05530368536710739,0.05858811363577843,0.05463176593184471
625,0.026207605376839638,76.88276672363281,0.06931097060441971,0.026359915733337402,76.72124481201172,0.07027404755353928,0.05822775885462761,0.05530029535293579,0.058584704995155334,0.054627396166324615
626,0.02620101533830166,76.86898040771484,0.06930442899465561,0.026353178545832634,76.70842742919922,0.07026787102222443,0.05822410434484482,0.0552968829870224,0.0585814006626606,0.05462300777435303
627,0.026194406673312187,76.85507202148438,0.06929783523082733,0.026346473023295403,76.69572448730469,0.07026173919439316,0.05822048708796501,0.05529353767633438,0.058577947318553925,0.05461867153644562
628,0.026187822222709656,76.84130096435547,0.06929130107164383,0.026339709758758545,76.6829605102539,0.0702555850148201,0.05821681022644043,0.0552901066839695,0.05857459455728531,0.054614316672086716
629,0.02618119679391384,76.82744598388672,0.06928470730781555,0.026333037763834,76.67027282714844,0.07024946808815002,0.058213092386722565,0.05528675764799118,0.05857114493846893,0.05460997670888901
630,0.026174655184149742,76.81364440917969,0.06927815079689026,0.026326386258006096,76.65758514404297,0.07024334371089935,0.058209385722875595,0.05528337508440018,0.05856771022081375,0.05460560321807861
631,0.02616809867322445,76.79975891113281,0.06927157193422318,0.026319805532693863,76.64490509033203,0.07023720443248749,0.058205585926771164,0.05528006702661514,0.058564137667417526,0.05460124462842941
632,0.02616160176694393,76.78600311279297,0.06926500797271729,0.026313195005059242,76.63224029541016,0.07023109495639801,0.058201808482408524,0.055276770144701004,0.05856072157621384,0.0545969195663929
633,0.0261551421135664,76.7721939086914,0.06925845891237259,0.026306621730327606,76.6194839477539,0.07022492587566376,0.0581979900598526,0.05527330935001373,0.05855720862746239,0.05459260195493698
634,0.026148665696382523,76.75838470458984,0.0692519024014473,0.026300041005015373,76.60679626464844,0.07021879404783249,0.058194153010845184,0.05526997148990631,0.05855371057987213,0.05458822846412659
635,0.02614220231771469,76.74454498291016,0.06924530863761902,0.026293519884347916,76.59414672851562,0.07021267712116241,0.05819028243422508,0.055266670882701874,0.05855017155408859,0.05458388477563858
636,0.0261357631534338,76.73076629638672,0.06923875212669373,0.02628699131309986,76.58148956298828,0.07020655274391174,0.05818643048405647,0.05526335537433624,0.05854661762714386,0.05457959696650505
637,0.026129307225346565,76.7170639038086,0.06923223286867142,0.02628038078546524,76.56878662109375,0.07020039111375809,0.058182597160339355,0.05525987967848778,0.05854314565658569,0.05457530915737152
638,0.026122815907001495,76.70328521728516,0.06922564655542374,0.02627379447221756,76.55620574951172,0.0701943039894104,0.05817870795726776,0.05525657907128334,0.05853953957557678,0.0545710064470768
639,0.026116346940398216,76.68954467773438,0.06921910494565964,0.026267267763614655,76.54357147216797,0.07018818706274033,0.05817481502890587,0.05525321513414383,0.05853595212101936,0.05456671863794327
640,0.026109881699085236,76.67581176757812,0.06921255588531494,0.026260752230882645,76.53094482421875,0.07018206268548965,0.05817089602351189,0.05524986609816551,0.05853235349059105,0.05456240475177765
641,0.026103423908352852,76.66197967529297,0.06920593976974487,0.02625434659421444,76.51860809326172,0.07017605006694794,0.0581669844686985,0.05524669587612152,0.058528605848550797,0.054558105766773224
642,0.026097046211361885,76.6484146118164,0.06919944286346436,0.026248009875416756,76.50613403320312,0.07016997039318085,0.05816304683685303,0.05524338036775589,0.05852508544921875,0.054553885012865067
643,0.026090681552886963,76.63473510742188,0.06919287890195847,0.02624163217842579,76.49366760253906,0.07016388326883316,0.05815916508436203,0.05524000898003578,0.05852139741182327,0.05454961955547333
644,0.026084357872605324,76.62109375,0.06918630748987198,0.026235338300466537,76.48120880126953,0.07015781104564667,0.058155253529548645,0.05523664131760597,0.0585176907479763,0.05454535037279129
645,0.0260781180113554,76.60755920410156,0.06917978823184967,0.02622903510928154,76.46866607666016,0.070151686668396,0.058151308447122574,0.05523320287466049,0.058514077216386795,0.054541051387786865
646,0.026071814820170403,76.59381866455078,0.06917320936918259,0.02622276544570923,76.45622253417969,0.0701456069946289,0.05814738571643829,0.05522983893752098,0.05851031839847565,0.054536718875169754
647,0.026065504178404808,76.5801773071289,0.0691666528582573,0.02621641755104065,76.4437026977539,0.07013949751853943,0.058143436908721924,0.05522649735212326,0.05850663036108017,0.054532453417778015
648,0.026059171184897423,76.56645202636719,0.06916005164384842,0.0262101162225008,76.43124389648438,0.07013340294361115,0.05813942104578018,0.05522318184375763,0.058502860367298126,0.0545281283557415
649,0.02605285868048668,76.55281829833984,0.06915349513292313,0.026203807443380356,76.41890716552734,0.07012737542390823,0.05813537538051605,0.05522007495164871,0.058499108999967575,0.054523855447769165
650,0.02604653686285019,76.53915405273438,0.06914691627025604,0.026197515428066254,76.4065170288086,0.07012132555246353,0.05813135206699371,0.05521690100431442,0.05849529430270195,0.05451956391334534
651,0.02604023925960064,76.52560424804688,0.06914039701223373,0.02619117498397827,76.39397430419922,0.07011519372463226,0.05812734737992287,0.055213477462530136,0.05849156528711319,0.05451532080769539
652,0.026033923029899597,76.51194763183594,0.06913382560014725,0.026184890419244766,76.38175964355469,0.07010920345783234,0.05812336876988411,0.05521036684513092,0.05848770961165428,0.054511044174432755
653,0.026027651503682137,76.49842834472656,0.06912729144096375,0.026178590953350067,76.36930847167969,0.07010310143232346,0.058119338005781174,0.055207014083862305,0.05848394334316254,0.0545068196952343
654,0.026021389290690422,76.48485565185547,0.06912077218294144,0.026172319427132607,76.3568344116211,0.07009699940681458,0.05811530724167824,0.0552036315202713,0.058480169624090195,0.05450258404016495
655,0.026015108451247215,76.47114562988281,0.06911412626504898,0.02616608887910843,76.34434509277344,0.0700908750295639,0.05811118334531784,0.05520019680261612,0.05847621336579323,0.054498281329870224
656,0.02600885182619095,76.4574966430664,0.0691075399518013,0.026159891858696938,76.33202362060547,0.0700848326086998,0.05810707062482834,0.05519691854715347,0.058472298085689545,0.054493993520736694
657,0.026002641767263412,76.44390869140625,0.06910096108913422,0.02615378051996231,76.31968688964844,0.0700787678360939,0.05810287967324257,0.05519359931349754,0.058468349277973175,0.054489776492118835
658,0.02599644474685192,76.43030548095703,0.06909440457820892,0.02614758349955082,76.30719757080078,0.07007265090942383,0.05809870734810829,0.055190104991197586,0.05846435949206352,0.05448546260595322
659,0.0259901974350214,76.41670227050781,0.06908779591321945,0.026141436770558357,76.29485321044922,0.07006657868623734,0.058094464242458344,0.05518665537238121,0.058460384607315063,0.0544811487197876
660,0.025984009727835655,76.40316009521484,0.06908123195171356,0.026135284453630447,76.28242492675781,0.07006048411130905,0.058090176433324814,0.05518317222595215,0.05845644697546959,0.05447681248188019
661,0.025977836921811104,76.38961791992188,0.06907467544078827,0.02612907625734806,76.26996612548828,0.07005435228347778,0.05808587744832039,0.05517960339784622,0.058452457189559937,0.054472509771585464
662,0.025971701368689537,76.37613677978516,0.06906813383102417,0.026122964918613434,76.2575912475586,0.0700482651591301,0.05808152258396149,0.05517614260315895,0.05844850093126297,0.05446821078658104
663,0.02596554532647133,76.36253356933594,0.06906154751777649,0.02611682005226612,76.24529266357422,0.0700422152876854,0.058077163994312286,0.05517268553376198,0.058444373309612274,0.05446392297744751
664,0.025959433987736702,76.34895324707031,0.06905494630336761,0.026110650971531868,76.23299407958984,0.0700361579656601,0.058072857558727264,0.05516917258501053,0.05844026803970337,0.0544595941901207
665,0.025953322649002075,76.33551025390625,0.0690484344959259,0.026104439049959183,76.22061157226562,0.07003006339073181,0.05806851387023926,0.05516559258103371,0.058436233550310135,0.05445528030395508
666,0.025947220623493195,76.32205200195312,0.0690418928861618,0.026098350062966347,76.2083969116211,0.0700240284204483,0.05806415528059006,0.055162154138088226,0.05843218415975571,0.05445101857185364
667,0.025941144675016403,76.30853271484375,0.06903530657291412,0.02609221823513508,76.19601440429688,0.07001792639493942,0.05805979296565056,0.0551585890352726,0.05842805281281471,0.0544467456638813
668,0.025935107842087746,76.29515075683594,0.06902880221605301,0.02608616277575493,76.18392181396484,0.07001195847988129,0.058055415749549866,0.05515533313155174,0.058424096554517746,0.05444246530532837
669,0.025929054245352745,76.28163146972656,0.06902223080396652,0.026080114766955376,76.17170715332031,0.07000592350959778,0.05805104225873947,0.05515192076563835,0.05841993913054466,0.054438233375549316
670,0.02592303976416588,76.2682113647461,0.06901570409536362,0.026074113324284554,76.15945434570312,0.06999985873699188,0.05804657191038132,0.055148523300886154,0.05841590836644173,0.05443399399518967
671,0.02591702714562416,76.25471496582031,0.06900911778211594,0.02606816403567791,76.14728546142578,0.06999383866786957,0.05804210901260376,0.05514514446258545,0.05841181427240372,0.05442969501018524
672,0.025911016389727592,76.24126434326172,0.06900254637002945,0.02606216073036194,76.1349868774414,0.06998774409294128,0.058037664741277695,0.055141620337963104,0.0584077350795269,0.05442541465163231
673,0.02590499445796013,76.22769927978516,0.06899595260620117,0.026056203991174698,76.12276458740234,0.06998170167207718,0.058033231645822525,0.05513814836740494,0.05840354040265083,0.05442112311720848
674,0.025898996740579605,76.2142105102539,0.06898937374353409,0.026050180196762085,76.1104507446289,0.0699756070971489,0.05802880972623825,0.05513455346226692,0.05839945748448372,0.05441683903336525
675,0.025893015787005424,76.20072174072266,0.068982794880867,0.02604425884783268,76.09818267822266,0.0699695274233818,0.05802437290549278,0.055131059139966965,0.05839533731341362,0.05441257357597351
676,0.025887008756399155,76.18719482421875,0.06897619366645813,0.026038290932774544,76.08574676513672,0.06996334344148636,0.058019932359457016,0.0551273413002491,0.05839120224118233,0.0544082410633564
677,0.02588101476430893,76.17369079589844,0.06896957755088806,0.02603246457874775,76.07368469238281,0.06995736062526703,0.05801555886864662,0.0551239475607872,0.05838708579540253,0.054403867572546005
678,0.02587510272860527,76.16036987304688,0.06896308064460754,0.026026640087366104,76.0615463256836,0.06995132565498352,0.05801110714673996,0.05512059107422829,0.058382973074913025,0.054399654269218445
679,0.025869246572256088,76.14696502685547,0.06895650923252106,0.026020873337984085,76.0493392944336,0.06994526088237762,0.058006685227155685,0.05511704459786415,0.05837881565093994,0.0543953999876976
680,0.025863364338874817,76.13349914550781,0.06894991546869278,0.02601510100066662,76.03720092773438,0.06993921101093292,0.058002274483442307,0.05511357635259628,0.05837462469935417,0.05439113453030586
681,0.02585754171013832,76.12005615234375,0.06894335895776749,0.02600940689444542,76.02503967285156,0.06993316859006882,0.05799781531095505,0.055110055953264236,0.05837041512131691,0.05438684672117233
682,0.02585170604288578,76.10665130615234,0.068936787545681,0.026003660634160042,76.0129165649414,0.0699271634221077,0.05799337849020958,0.05510660633444786,0.05836621671915054,0.05438259243965149
683,0.02584591880440712,76.09322357177734,0.06893022358417511,0.025997936725616455,76.00068664550781,0.06992107629776001,0.05798899754881859,0.0551028847694397,0.058362025767564774,0.054378315806388855
684,0.02584012784063816,76.07986450195312,0.06892366707324982,0.025992153212428093,75.98863983154297,0.06991507112979889,0.05798451602458954,0.055099472403526306,0.05835789814591408,0.05437402054667473
685,0.02583434246480465,76.06645202636719,0.06891710311174393,0.025986384600400925,75.97639465332031,0.0699089840054512,0.057980120182037354,0.05509575828909874,0.058353666216135025,0.05436977371573448
686,0.025828609243035316,76.05309295654297,0.06891054660081863,0.025980738922953606,75.96430969238281,0.06990296393632889,0.0579756498336792,0.055092211812734604,0.05834949016571045,0.054365482181310654
687,0.025822849944233894,76.0396728515625,0.06890396028757095,0.025975007563829422,75.95208740234375,0.0698968842625618,0.057971205562353134,0.05508846789598465,0.0583452507853508,0.05436118319630623
688,0.025817103683948517,76.0262680053711,0.06889739632606506,0.02596939355134964,75.94015502929688,0.06989092379808426,0.057966746389865875,0.05508505925536156,0.058341026306152344,0.05435691028833389
689,0.02581142447888851,76.01295471191406,0.06889083981513977,0.02596377395093441,75.92811584472656,0.06988493353128433,0.057962290942668915,0.05508151277899742,0.05833685025572777,0.05435267463326454
690,0.025805728510022163,75.99951934814453,0.06888426840305328,0.025958217680454254,75.91624450683594,0.06987901777029037,0.05795779079198837,0.05507819354534149,0.05833250284194946,0.0543484203517437
691,0.025800080969929695,75.98619079589844,0.06887772679328918,0.02595258131623268,75.90412139892578,0.06987299025058746,0.05795331671833992,0.0550745390355587,0.05832827091217041,0.054344214498996735
692,0.02579442970454693,75.97281646728516,0.0688711553812027,0.02594710700213909,75.89225769042969,0.0698670819401741,0.0579487644135952,0.05507132038474083,0.05832400918006897,0.054339952766895294
693,0.025788770988583565,75.95941162109375,0.06886457651853561,0.025941573083400726,75.88021850585938,0.06986108422279358,0.05794418230652809,0.05506778135895729,0.05831972137093544,0.05433566868305206
694,0.025783170014619827,75.94609069824219,0.06885803490877151,0.025936095044016838,75.86833953857422,0.06985516846179962,0.05793962627649307,0.05506446585059166,0.05831543728709221,0.054331421852111816
695,0.025777559727430344,75.9327163696289,0.06885145604610443,0.025930659845471382,75.85637664794922,0.06984920799732208,0.05793499946594238,0.055061034858226776,0.058311112225055695,0.054327160120010376
696,0.025772010907530785,75.91927337646484,0.06884483247995377,0.02592523954808712,75.844482421875,0.06984326988458633,0.057930443435907364,0.0550575815141201,0.058306679129600525,0.05432288721203804
697,0.025766458362340927,75.90575408935547,0.06883817911148071,0.02591988816857338,75.8326187133789,0.06983733922243118,0.057925745844841,0.05505426973104477,0.058302078396081924,0.05431867018342018
698,0.025760965421795845,75.89234161376953,0.06883158534765244,0.02591458335518837,75.82077026367188,0.06983141601085663,0.05792105197906494,0.05505095049738884,0.05829760059714317,0.05431448668241501
699,0.02575548179447651,75.87897491455078,0.06882497668266296,0.025909215211868286,75.80878448486328,0.0698254406452179,0.05791638046503067,0.05504752695560455,0.05829313397407532,0.054310258477926254
700,0.025749968364834785,75.8656005859375,0.06881839781999588,0.025903932750225067,75.796875,0.06981949508190155,0.05791163817048073,0.05504418909549713,0.058288782835006714,0.0543060302734375
701,0.025744449347257614,75.8521957397461,0.06881178915500641,0.025898585096001625,75.7849349975586,0.06981353461742401,0.05790694057941437,0.05504082143306732,0.05828433111310005,0.054301824420690536
702,0.02573893405497074,75.83877563476562,0.06880518049001694,0.025893360376358032,75.77314758300781,0.06980764120817184,0.05790223181247711,0.05503762140870094,0.05827992409467697,0.054297637194395065
703,0.02573344297707081,75.82537841796875,0.06879857927560806,0.025888042524456978,75.76128387451172,0.0698017105460167,0.05789754167199135,0.05503436177968979,0.05827544257044792,0.05429345741868019
704,0.025727933272719383,75.81201934814453,0.06879200041294098,0.025882743299007416,75.74932098388672,0.06979572772979736,0.05789283663034439,0.05503100901842117,0.05827106535434723,0.054289311170578
705,0.025722477585077286,75.79865264892578,0.0687853991985321,0.025877417996525764,75.7374496459961,0.0697898119688034,0.05788809806108475,0.055027786642313004,0.05826660618185997,0.054285187274217606
706,0.02571701630949974,75.78529357910156,0.06877882033586502,0.025872180238366127,75.72566986083984,0.06978391855955124,0.05788329988718033,0.05502466857433319,0.058262139558792114,0.0542810820043087
707,0.025711579248309135,75.77191162109375,0.06877221912145615,0.025866897776722908,75.71385955810547,0.06977801024913788,0.05787855386734009,0.05502145737409592,0.05825763940811157,0.054277002811431885
708,0.025706157088279724,75.75846862792969,0.06876558810472488,0.025861648842692375,75.70204162597656,0.06977210938930511,0.057873792946338654,0.055018238723278046,0.058253102004528046,0.05427290499210358
709,0.0257007647305727,75.74504852294922,0.06875895708799362,0.02585645765066147,75.69032287597656,0.06976625323295593,0.05786903202533722,0.055015143007040024,0.05824853852391243,0.05426880717277527
710,0.025695405900478363,75.73169708251953,0.06875235587358475,0.025851279497146606,75.67859649658203,0.06976039707660675,0.05786425620317459,0.05501201003789902,0.058244042098522186,0.05426467955112457
711,0.025690022855997086,75.71825408935547,0.06874573975801468,0.02584608644247055,75.66681671142578,0.06975452601909637,0.05785946547985077,0.05500883236527443,0.058239441365003586,0.054260578006505966
712,0.025684673339128494,75.7048568725586,0.06873912364244461,0.025840936228632927,75.65503692626953,0.06974862515926361,0.05785459652543068,0.055005647242069244,0.05823490768671036,0.054256465286016464
713,0.025679338723421097,75.69148254394531,0.06873253732919693,0.025835739448666573,75.64326477050781,0.06974274665117264,0.05784979835152626,0.05500245839357376,0.05823041498661041,0.054252348840236664
714,0.025673963129520416,75.67802429199219,0.06872589886188507,0.025830568745732307,75.6314926147461,0.06973686814308167,0.05784495174884796,0.05499930679798126,0.05822577327489853,0.05424823239445686
715,0.025668639689683914,75.66463470458984,0.068719282746315,0.02582537941634655,75.6197280883789,0.06973100453615189,0.057840101420879364,0.05499614030122757,0.05822128802537918,0.054244086146354675
716,0.025663284584879875,75.65115356445312,0.06871263682842255,0.02582016959786415,75.60789489746094,0.06972507387399673,0.05783519893884659,0.054992858320474625,0.058216631412506104,0.054239969700574875
717,0.025657905265688896,75.63764190673828,0.0687059611082077,0.025815051048994064,75.59615325927734,0.06971920281648636,0.05783027783036232,0.05498969182372093,0.05821198970079422,0.05423581227660179
718,0.02565259300172329,75.62422943115234,0.06869933009147644,0.025809885933995247,75.58439636230469,0.06971333175897598,0.057825349271297455,0.05498652160167694,0.05820746347308159,0.054231658577919006
719,0.025647291913628578,75.61079406738281,0.06869271397590637,0.025804724544286728,75.5726089477539,0.06970744580030441,0.05782042443752289,0.054983291774988174,0.05820286273956299,0.05422750487923622
720,0.025641964748501778,75.59723663330078,0.06868603825569153,0.025799568742513657,75.56076049804688,0.06970150768756866,0.05781549587845802,0.054979972541332245,0.05819817632436752,0.054223332554101944
721,0.02563667669892311,75.58377075195312,0.06867936998605728,0.02579447813332081,75.54903411865234,0.06969564408063889,0.05781048163771629,0.05497681349515915,0.05819357559084892,0.05421910807490349
722,0.025631412863731384,75.57036590576172,0.06867275387048721,0.0257892869412899,75.5371322631836,0.06968969106674194,0.057805486023426056,0.05497346818447113,0.05818900838494301,0.05421491339802742
723,0.025626065209507942,75.5567855834961,0.068666011095047,0.025784138590097427,75.52532958984375,0.06968378275632858,0.05780041217803955,0.05497032403945923,0.05818420648574829,0.05421070009469986
724,0.025620805099606514,75.5433349609375,0.06865939497947693,0.025778967887163162,75.51345825195312,0.06967784464359283,0.05779539793729782,0.054967038333415985,0.058179620653390884,0.05420650169253349
725,0.02561546303331852,75.52970123291016,0.06865265965461731,0.025773843750357628,75.50174713134766,0.06967198103666306,0.05779033154249191,0.05496392771601677,0.05817475914955139,0.05420232191681862
726,0.025610189884901047,75.51622772216797,0.06864598393440247,0.025768710300326347,75.48997497558594,0.06966608017683029,0.05778523534536362,0.05496076121926308,0.058170076459646225,0.05419813469052315
727,0.025604913011193275,75.50263977050781,0.06863927096128464,0.02576368860900402,75.47824096679688,0.06966019421815872,0.057780101895332336,0.05495758354663849,0.058165233582258224,0.05419393256306648
728,0.025599639862775803,75.48908233642578,0.0686325654387474,0.025758564472198486,75.46639251708984,0.06965427100658417,0.05777492746710777,0.05495428666472435,0.058160439133644104,0.05418969318270683
729,0.025594348087906837,75.47551727294922,0.06862583756446838,0.02575342170894146,75.45458221435547,0.06964833289384842,0.0577697791159153,0.05495094507932663,0.05815567821264267,0.0541854202747345
730,0.02558906190097332,75.46185302734375,0.06861905753612518,0.025748305022716522,75.44270324707031,0.06964235752820969,0.05776456370949745,0.05494755879044533,0.0581507608294487,0.05418115109205246
731,0.025583839043974876,75.44832611083984,0.06861238181591034,0.02574322372674942,75.43083190917969,0.06963639706373215,0.0577593632042408,0.054944075644016266,0.05814598128199577,0.05417684093117714
732,0.025578586384654045,75.43464660644531,0.06860557198524475,0.025738127529621124,75.41895294189453,0.06963042169809341,0.05775412544608116,0.05494064837694168,0.05814104899764061,0.054172541946172714
733,0.02557339332997799,75.42113494873047,0.06859887391328812,0.02573303133249283,75.40704345703125,0.06962443143129349,0.05774889886379242,0.054937127977609634,0.05813634395599365,0.0541682243347168
734,0.025568127632141113,75.40747833251953,0.06859208643436432,0.025728000327944756,75.395263671875,0.06961850821971893,0.05774366483092308,0.054933805018663406,0.05813142657279968,0.054163943976163864
735,0.02556288242340088,75.39388275146484,0.0685853511095047,0.02572290413081646,75.38341522216797,0.0696125477552414,0.05773840472102165,0.05493040382862091,0.05812658369541168,0.05415971204638481
736,0.02555764839053154,75.38024139404297,0.0685785710811615,0.025717832148075104,75.37153625488281,0.06960657238960266,0.05773315206170082,0.05492701008915901,0.05812167376279831,0.05415547266602516
737,0.025552423670887947,75.36664581298828,0.06857182085514069,0.025712762027978897,75.3595199584961,0.06960051506757736,0.05772785097360611,0.05492343381047249,0.0581168457865715,0.05415121465921402
738,0.025547197088599205,75.35291290283203,0.0685650035738945,0.025707772001624107,75.34761047363281,0.06959451735019684,0.057722534984350204,0.05492006987333298,0.05811188369989395,0.05414693430066109
739,0.02554203011095524,75.33931732177734,0.06855825334787369,0.025702746585011482,75.33563232421875,0.06958849728107452,0.05771724134683609,0.054916612803936005,0.05810704082250595,0.054142680019140244
740,0.02553677000105381,75.32553100585938,0.06855139881372452,0.025697758421301842,75.3236083984375,0.06958244740962982,0.05771186202764511,0.054913148283958435,0.058102089911699295,0.054138362407684326
741,0.025531571358442307,75.3119125366211,0.06854462623596191,0.025692811235785484,75.3116226196289,0.06957641243934631,0.057706430554389954,0.05490981042385101,0.058097243309020996,0.054134074598550797
742,0.025526365265250206,75.29823303222656,0.06853781640529633,0.025687871500849724,75.29967498779297,0.0695703774690628,0.057701025158166885,0.05490647256374359,0.05809231847524643,0.05412980914115906
743,0.0255211740732193,75.28457641601562,0.06853102892637253,0.025683097541332245,75.28775787353516,0.06956437975168228,0.057695552706718445,0.05490314960479736,0.05808739736676216,0.05412560701370239
744,0.02551605924963951,75.27092742919922,0.06852425634860992,0.025678260251879692,75.27574157714844,0.06955830752849579,0.0576900914311409,0.05489972606301308,0.05808255448937416,0.05412130430340767
745,0.02551092579960823,75.25728607177734,0.06851744651794434,0.025673437863588333,75.26363372802734,0.0695522129535675,0.05768461525440216,0.054896172136068344,0.05807765945792198,0.05411703139543533
746,0.02550576627254486,75.24346160888672,0.06851058453321457,0.025668608024716377,75.25150299072266,0.06954608857631683,0.057679060846567154,0.05489267781376839,0.05807262659072876,0.05411268770694733
747,0.025500621646642685,75.22970581054688,0.06850374490022659,0.025663813576102257,75.23954010009766,0.06954006105661392,0.05767351761460304,0.054889336228370667,0.05806760489940643,0.0541083998978138
748,0.025495490059256554,75.21585083007812,0.06849685311317444,0.025658968836069107,75.22736358642578,0.06953390687704086,0.057667896151542664,0.05488581955432892,0.05806246027350426,0.05410413444042206
749,0.025490380823612213,75.20207977294922,0.06848999112844467,0.025654155761003494,75.21537780761719,0.06952786445617676,0.05766237527132034,0.05488244816660881,0.05805740877985954,0.05409979075193405
750,0.02548525109887123,75.18816375732422,0.06848303973674774,0.02564935013651848,75.2032241821289,0.0695217177271843,0.057656727731227875,0.05487894266843796,0.05805220454931259,0.05409546196460724
751,0.025480162352323532,75.17437744140625,0.06847619265317917,0.025644510984420776,75.19116973876953,0.0695156380534172,0.0576510950922966,0.05487558990716934,0.058047134429216385,0.05409112945199013
752,0.025475051254034042,75.1604232788086,0.06846924126148224,0.02563966065645218,75.17901611328125,0.06950949132442474,0.057645443826913834,0.0548720508813858,0.05804186686873436,0.05408678948879242
753,0.0254699494689703,75.1465072631836,0.06846227496862411,0.02563488855957985,75.1668472290039,0.06950335204601288,0.057639773935079575,0.05486854165792465,0.05803665518760681,0.054082438349723816
754,0.025464877486228943,75.13260650634766,0.06845536082983017,0.025630099698901176,75.1546859741211,0.06949721276760101,0.05763405188918114,0.05486506596207619,0.05803149938583374,0.054078057408332825
755,0.025459809228777885,75.11860656738281,0.06844837218523026,0.025625351816415787,75.14257049560547,0.06949109584093094,0.057628341019153595,0.05486162751913071,0.05802619457244873,0.05407371371984482
756,0.025454748421907425,75.10464477539062,0.06844142079353333,0.025620559230446815,75.13024139404297,0.06948486715555191,0.057622604072093964,0.05485795438289642,0.05802096053957939,0.05406935513019562
757,0.025449659675359726,75.09062957763672,0.06843441724777222,0.025615820661187172,75.11817932128906,0.06947875767946243,0.057616863399744034,0.05485465005040169,0.058015648275613785,0.05406499654054642
758,0.025444617494940758,75.07665252685547,0.0684274211525917,0.02561105228960514,75.10589599609375,0.0694725438952446,0.057611048221588135,0.05485120043158531,0.05801035836338997,0.0540606863796711
759,0.0254395492374897,75.06257629394531,0.0684204027056694,0.025606291368603706,75.09378051757812,0.06946640461683273,0.05760524421930313,0.054847992956638336,0.05800497159361839,0.05405638739466667
760,0.025434527546167374,75.0486068725586,0.06841342896223068,0.025601565837860107,75.08148956298828,0.0694601833820343,0.05759938806295395,0.05484457686543465,0.05799969658255577,0.05405212938785553
761,0.02542949467897415,75.03453826904297,0.06840639561414719,0.025596829131245613,75.06922912597656,0.06945397704839706,0.05759358033537865,0.05484117940068245,0.0579942986369133,0.054047841578722
762,0.025424469262361526,75.02045440673828,0.0683993324637413,0.025592140853405,75.05689239501953,0.06944772601127625,0.05758766829967499,0.05483771115541458,0.05798890069127083,0.05404350906610489
763,0.02541949227452278,75.0063247680664,0.06839226186275482,0.02558748796582222,75.04471588134766,0.06944156438112259,0.05758174881339073,0.05483446642756462,0.05798343941569328,0.054039131850004196
764,0.02541450411081314,74.99214172363281,0.06838519126176834,0.02558278851211071,75.03229522705078,0.06943526118993759,0.05757572129368782,0.05483096092939377,0.05797792598605156,0.054034825414419174
765,0.025409510359168053,74.97796630859375,0.06837809085845947,0.025578109547495842,75.0198745727539,0.06942896544933319,0.05756966397166252,0.0548274889588356,0.057972416281700134,0.05403050407767296
766,0.025404533371329308,74.9637680053711,0.0683709904551506,0.025573382154107094,75.00733184814453,0.06942261010408401,0.05756358429789543,0.05482393503189087,0.057966891676187515,0.05402616783976555
767,0.02539956569671631,74.94955444335938,0.06836385279893875,0.025568800047039986,74.9949722290039,0.0694163590669632,0.05755748599767685,0.054820623248815536,0.05796131491661072,0.05402182415127754
768,0.0253946203738451,74.93531799316406,0.0683567225933075,0.025564201176166534,74.98252868652344,0.06941003352403641,0.05755138024687767,0.05481725558638573,0.05795571580529213,0.054017554968595505
769,0.025389712303876877,74.92107391357422,0.06834960728883743,0.025559624657034874,74.96996307373047,0.06940366327762604,0.05754522979259491,0.054813794791698456,0.05795014649629593,0.05401322618126869
770,0.02538479119539261,74.90680694580078,0.06834244728088379,0.025554971769452095,74.95763397216797,0.06939740478992462,0.05753905326128006,0.05481075495481491,0.057944491505622864,0.05400894209742546
771,0.02537977136671543,74.89254760742188,0.06833529472351074,0.025550348684191704,74.94503021240234,0.06939102709293365,0.057532839477062225,0.0548073910176754,0.057938769459724426,0.054004717618227005
772,0.025374747812747955,74.8781967163086,0.06832809001207352,0.025545703247189522,74.93220520019531,0.06938453018665314,0.057526543736457825,0.054803792387247086,0.057933080941438675,0.054000336676836014
773,0.025369806215167046,74.86382293701172,0.0683208554983139,0.025541208684444427,74.91950225830078,0.0693780779838562,0.05752018466591835,0.05480034649372101,0.057927317917346954,0.053995948284864426
774,0.025364890694618225,74.84935760498047,0.06831362098455429,0.025536663830280304,74.9067153930664,0.06937159597873688,0.057513829320669174,0.05479680001735687,0.05792148411273956,0.05399155989289284
775,0.025360025465488434,74.83495330810547,0.06830636411905289,0.025532258674502373,74.89396667480469,0.06936512887477875,0.05750740319490433,0.05479331314563751,0.05791568011045456,0.05398721247911453
776,0.025355156511068344,74.82042694091797,0.0682990774512291,0.02552783116698265,74.88121032714844,0.06935863941907883,0.0575009323656559,0.054789863526821136,0.057909708470106125,0.05398280546069145
777,0.02535034902393818,74.8060531616211,0.06829185783863068,0.02552337571978569,74.8685073852539,0.06935219466686249,0.05749436095356941,0.05478654056787491,0.05790390074253082,0.05397845432162285
778,0.02534552477300167,74.79145050048828,0.0682845339179039,0.02551897242665291,74.85558319091797,0.0693456307053566,0.05748773366212845,0.054782986640930176,0.05789782479405403,0.05397409945726395
779,0.025340765714645386,74.77693176269531,0.06827720999717712,0.0255146287381649,74.84283447265625,0.06933916360139847,0.05748104304075241,0.05477971211075783,0.057891845703125,0.05396970734000206
780,0.025335947051644325,74.76229095458984,0.06826987117528915,0.025510244071483612,74.83000946044922,0.06933265179395676,0.05747433751821518,0.05477636680006981,0.05788568779826164,0.05396539717912674
781,0.025331204757094383,74.74774169921875,0.06826255470514297,0.025505833327770233,74.8170166015625,0.06932605057954788,0.05746755376458168,0.05477290600538254,0.05787966400384903,0.05396106094121933
782,0.02532639354467392,74.73290252685547,0.06825511902570724,0.025501491501927376,74.80403137207031,0.0693194568157196,0.05746069923043251,0.05476948991417885,0.05787333473563194,0.053956691175699234
783,0.02532169409096241,74.71834564208984,0.06824778020381927,0.025497067719697952,74.79105377197266,0.06931287795305252,0.05745377391576767,0.05476612597703934,0.05786715820431709,0.053952403366565704
784,0.02531689591705799,74.70342254638672,0.06824027746915817,0.025492750108242035,74.77794647216797,0.06930622458457947,0.05744682997465134,0.05476263538002968,0.05786065012216568,0.05394802615046501
785,0.025312218815088272,74.68871307373047,0.06823289394378662,0.025488443672657013,74.76490020751953,0.06929958611726761,0.05743984878063202,0.05475924164056778,0.057854391634464264,0.053943708539009094
786,0.025307510048151016,74.67382049560547,0.06822540611028671,0.02548416517674923,74.75170135498047,0.06929289549589157,0.057432789355516434,0.05475577339529991,0.05784798413515091,0.053939338773489
787,0.025302840396761894,74.65898132324219,0.0682179257273674,0.025479882955551147,74.73854064941406,0.06928619742393494,0.05742569640278816,0.05475236847996712,0.05784161761403084,0.05393502116203308
788,0.025298114866018295,74.64404296875,0.06821039319038391,0.025475623086094856,74.7252426147461,0.06927944719791412,0.057418517768383026,0.054748885333538055,0.057835184037685394,0.05393064022064209
789,0.02529345080256462,74.62905883789062,0.06820287555456161,0.025471318513154984,74.71171569824219,0.06927255541086197,0.05741121992468834,0.054745160043239594,0.057828646153211594,0.053926337510347366
790,0.02528873272240162,74.61395263671875,0.06819527596235275,0.025467034429311752,74.6983871459961,0.06926576793193817,0.05740390717983246,0.05474178493022919,0.05782211199402809,0.05392192676663399
791,0.025284025818109512,74.59893798828125,0.06818769872188568,0.02546277828514576,74.68499755859375,0.06925894320011139,0.05739652365446091,0.05473819002509117,0.0578155592083931,0.053917620331048965
792,0.02527921460568905,74.58385467529297,0.06818008422851562,0.02545844204723835,74.67164611816406,0.06925210356712341,0.05738901346921921,0.05473459139466286,0.05780888348817825,0.05391320213675499
793,0.025274384766817093,74.5688247680664,0.06817246228456497,0.025454137474298477,74.65813446044922,0.06924521178007126,0.057381391525268555,0.05473095923662186,0.05780227482318878,0.05390879511833191
794,0.025269566103816032,74.5535888671875,0.06816476583480835,0.025449873879551888,74.64482116699219,0.06923840939998627,0.0573737807571888,0.054727617651224136,0.05779537186026573,0.05390444025397301
795,0.025264818221330643,74.5384521484375,0.06815710663795471,0.02544558234512806,74.631103515625,0.06923139095306396,0.05736604705452919,0.054723937064409256,0.057788554579019547,0.05390011891722679
796,0.02526005171239376,74.52320098876953,0.0681493729352951,0.0254413690418005,74.61763763427734,0.06922449171543121,0.05735825002193451,0.05472060292959213,0.057781610637903214,0.053895775228738785
797,0.025255311280488968,74.50786590576172,0.06814161688089371,0.025437118485569954,74.60387420654297,0.06921745836734772,0.05735038220882416,0.05471697077155113,0.057774584740400314,0.05389145016670227
798,0.025250554084777832,74.49248504638672,0.06813381612300873,0.02543291449546814,74.59021759033203,0.0692104622721672,0.05734241008758545,0.05471359193325043,0.057767465710639954,0.05388711020350456
799,0.02524583227932453,74.47713470458984,0.06812604516744614,0.025428693741559982,74.5763168334961,0.06920335441827774,0.05733440816402435,0.054710011929273605,0.05776037275791168,0.053882796317338943
800,0.02524104155600071,74.46170806884766,0.06811821460723877,0.025424446910619736,74.5623779296875,0.06919620931148529,0.057326335459947586,0.0547063909471035,0.05775326117873192,0.05387844145298004
801,0.02523634396493435,74.44639587402344,0.06811043620109558,0.025420239195227623,74.54854583740234,0.06918910890817642,0.05731823667883873,0.0547030009329319,0.057746149599552155,0.053874168545007706
802,0.02523159049451351,74.43087768554688,0.06810254603624344,0.025416065007448196,74.53458404541016,0.06918194890022278,0.05731004476547241,0.05469954013824463,0.05773872882127762,0.05386995151638985
803,0.02522687427699566,74.41533660888672,0.0680946335196495,0.025411883369088173,74.52054595947266,0.06917475163936615,0.057301755994558334,0.05469610169529915,0.057731352746486664,0.05386573076248169
804,0.025222143158316612,74.39969635009766,0.06808669120073318,0.02540767565369606,74.50647735595703,0.06916752457618713,0.05729341506958008,0.054692648351192474,0.05772384628653526,0.053861528635025024
805,0.02521737478673458,74.38404083251953,0.06807875633239746,0.02540343999862671,74.49227905273438,0.06916023045778275,0.05728495866060257,0.05468914657831192,0.057716283947229385,0.05385735258460045
806,0.02521262690424919,74.36837005615234,0.06807075440883636,0.02539927139878273,74.47795104980469,0.06915288418531418,0.057276464998722076,0.05468549206852913,0.05770869925618172,0.05385313183069229
807,0.025207938626408577,74.3525619506836,0.06806274503469467,0.025395145639777184,74.46366882324219,0.0691455528140068,0.05726788565516472,0.05468204244971275,0.057701077312231064,0.05384889990091324
808,0.025203268975019455,74.33677673339844,0.06805470585823059,0.025391101837158203,74.4493179321289,0.06913819909095764,0.05725923925638199,0.05467858538031578,0.05769331380724907,0.05384473875164986
809,0.025198638439178467,74.3209457397461,0.06804665923118591,0.02538703940808773,74.43501281738281,0.06913085281848907,0.05725055932998657,0.054675277322530746,0.05768554285168648,0.053840577602386475
810,0.025193993002176285,74.30502319335938,0.06803856790065765,0.025382988154888153,74.42050170898438,0.06912339478731155,0.0572417788207531,0.054671768099069595,0.05767767131328583,0.0538364015519619
811,0.02518938109278679,74.28905487060547,0.06803043931722641,0.025378931313753128,74.40594482421875,0.06911593675613403,0.05723295733332634,0.054668229073286057,0.05766972526907921,0.05383223667740822
812,0.025184763595461845,74.2730484008789,0.06802228838205338,0.025374939665198326,74.39144897460938,0.0691084936261177,0.05722419172525406,0.054664865136146545,0.057661715894937515,0.05382808297872543
813,0.025180203840136528,74.25701141357422,0.06801415234804153,0.025370927527546883,74.3768310546875,0.0691009908914566,0.05721540004014969,0.05466131120920181,0.05765366181731224,0.053823940455913544
814,0.025175666436553,74.240966796875,0.06800597161054611,0.02536689303815365,74.36227416992188,0.06909351050853729,0.057206615805625916,0.054657891392707825,0.05764555558562279,0.05381977558135986
815,0.025171075016260147,74.22476959228516,0.06799774616956711,0.0253628920763731,74.34769439697266,0.06908603012561798,0.057197753340005875,0.05465451255440712,0.0576372891664505,0.05381561815738678
816,0.025166606530547142,74.20874786376953,0.06798961013555527,0.02535892277956009,74.33307647705078,0.06907853484153748,0.05718887597322464,0.054651085287332535,0.05762922763824463,0.053811464458703995
817,0.02516212686896324,74.19247436523438,0.06798131763935089,0.025354919955134392,74.31820678710938,0.06907092034816742,0.057179972529411316,0.05464738979935646,0.05762092024087906,0.053807199001312256
818,0.02515771985054016,74.17627716064453,0.06797309219837189,0.025351010262966156,74.30358123779297,0.06906339526176453,0.05717102810740471,0.05464402958750725,0.057612743228673935,0.05380299687385559
819,0.025153348222374916,74.15998840332031,0.0679648146033287,0.02534710057079792,74.2887954711914,0.06905583292245865,0.05716199055314064,0.0546405054628849,0.05760433152318001,0.05379883944988251
820,0.02514900453388691,74.14369201660156,0.06795653700828552,0.025343161076307297,74.27396392822266,0.06904823333024979,0.05715296044945717,0.05463697761297226,0.05759597197175026,0.05379468947649002
821,0.02514464408159256,74.1272964477539,0.06794821470975876,0.025339288637042046,74.2591552734375,0.06904064118862152,0.05714385211467743,0.05463353171944618,0.05758752301335335,0.053790535777807236
822,0.025140251964330673,74.11088562011719,0.067939892411232,0.02533532865345478,74.24414825439453,0.06903295964002609,0.05713470280170441,0.054629936814308167,0.057579025626182556,0.05378636345267296
823,0.025135865435004234,74.09446716308594,0.06793155521154404,0.025331415235996246,74.22911834716797,0.06902527809143066,0.057125523686409,0.05462636426091194,0.05757051706314087,0.05378221720457077
824,0.02513142116367817,74.07791900634766,0.0679231733083725,0.025327393785119057,74.21399688720703,0.06901754438877106,0.0571163073182106,0.054622747004032135,0.057561956346035004,0.0537780225276947
825,0.025126993656158447,74.06141662597656,0.06791481375694275,0.025323454290628433,74.19889068603516,0.06900982558727264,0.05710703507065773,0.05461917445063591,0.05755333974957466,0.05377388000488281
826,0.025122547522187233,74.0447769165039,0.06790640205144882,0.025319460779428482,74.1837158203125,0.06900207698345184,0.057097747921943665,0.0546155646443367,0.05754466727375984,0.05376965552568436
827,0.025118116289377213,74.0281753540039,0.0678979679942131,0.02531547285616398,74.1684799194336,0.06899429857730865,0.057088371366262436,0.05461198464035988,0.05753601714968681,0.05376546457409859
828,0.025113636627793312,74.0114974975586,0.06788951903581619,0.025311462581157684,74.15321350097656,0.06898650527000427,0.057079024612903595,0.05460836738348007,0.057527314871549606,0.05376126244664192
829,0.02510920725762844,73.99479675292969,0.06788108497858047,0.025307534262537956,74.13805389404297,0.06897877156734467,0.05706960707902908,0.0546049103140831,0.057518597692251205,0.05375702679157257
830,0.02510475181043148,73.97801971435547,0.06787258386611938,0.025303559377789497,74.12273406982422,0.0689709335565567,0.05706010386347771,0.05460131913423538,0.05750976502895355,0.05375281721353531
831,0.025100406259298325,73.9613265991211,0.06786413490772247,0.025299714878201485,74.10758209228516,0.06896321475505829,0.05705050751566887,0.054598018527030945,0.05750098079442978,0.05374867096543312
832,0.025096025317907333,73.94457244873047,0.06785564869642258,0.025295743718743324,74.09207153320312,0.06895528733730316,0.05704084411263466,0.05459434539079666,0.057492054998874664,0.053744539618492126
833,0.025091638788580894,73.92770385742188,0.0678471177816391,0.025291748344898224,74.07640075683594,0.06894728541374207,0.057031095027923584,0.05459050089120865,0.05748312175273895,0.053740303963422775
834,0.025087226182222366,73.9107666015625,0.06783851981163025,0.02528768964111805,74.06065368652344,0.0689392238855362,0.05702130123972893,0.054586611688137054,0.05747409537434578,0.053736090660095215
835,0.025082780048251152,73.893798828125,0.06782993674278259,0.025283630937337875,74.04497528076172,0.0689312219619751,0.057011429220438004,0.0545828603208065,0.05746499076485634,0.05373186245560646
836,0.025078322738409042,73.8768310546875,0.06782133132219315,0.025279514491558075,74.02908325195312,0.06892311573028564,0.05700153112411499,0.05457893759012222,0.05745593085885048,0.053727660328149796
837,0.025073828175663948,73.85967254638672,0.06781268119812012,0.02527543716132641,74.01322174072266,0.06891501694917679,0.05699153244495392,0.054575078189373016,0.0574466809630394,0.053723398596048355
838,0.025069382041692734,73.84259796142578,0.0678040161728859,0.025271372869610786,73.99732208251953,0.06890688836574554,0.05698151886463165,0.054571229964494705,0.057437434792518616,0.05371922254562378
839,0.025064827874302864,73.82537841796875,0.0677952766418457,0.02526717633008957,73.98114013671875,0.06889861822128296,0.0569714717566967,0.05456707254052162,0.05742804333567619,0.053714971989393234
840,0.025060266256332397,73.8081283569336,0.0677865594625473,0.025262968614697456,73.96493530273438,0.06889034062623978,0.05696135386824608,0.054562970995903015,0.05741867050528526,0.0537106916308403
841,0.02505570650100708,73.79086303710938,0.06777781248092651,0.02525877207517624,73.94865417480469,0.06888201832771301,0.05695119872689247,0.05455881357192993,0.057409338653087616,0.05370643362402916
842,0.025051185861229897,73.77365112304688,0.06776908785104752,0.025254638865590096,73.93266296386719,0.06887385249137878,0.056940965354442596,0.054555051028728485,0.057399932295084,0.05370226129889488
843,0.02504662796854973,73.75633239746094,0.06776030361652374,0.02525041438639164,73.9163818359375,0.06886553019285202,0.056930702179670334,0.05455099046230316,0.05739036574959755,0.053698115050792694
844,0.02504204772412777,73.73900604248047,0.06775154918432236,0.02524617500603199,73.90015411376953,0.06885723769664764,0.05692043527960777,0.054547056555747986,0.05738089606165886,0.05369393154978752
845,0.025037458166480064,73.72164154052734,0.06774275004863739,0.02524195797741413,73.88381958007812,0.06884889304637909,0.056910134851932526,0.054543014615774155,0.057371366769075394,0.053689777851104736
846,0.02503288723528385,73.7042007446289,0.06773393601179123,0.0252376776188612,73.86739349365234,0.06884048879146576,0.056899748742580414,0.054538946598768234,0.05736176297068596,0.05368567258119583
847,0.025028305128216743,73.6867904663086,0.06772509962320328,0.025233428925275803,73.85099792480469,0.06883211433887482,0.05688934773206711,0.05453495681285858,0.05735216662287712,0.05368153378367424
848,0.02502370998263359,73.66923522949219,0.06771621108055115,0.025229187682271004,73.83455657958984,0.06882370263338089,0.05687890946865082,0.05453101173043251,0.05734240263700485,0.053677402436733246
849,0.02501913718879223,73.6517333984375,0.06770734488964081,0.025224963203072548,73.81800842285156,0.06881523877382278,0.056868381798267365,0.05452696233987808,0.05733271688222885,0.05367329344153404
850,0.02501455880701542,73.63422393798828,0.06769847869873047,0.02522067166864872,73.80134582519531,0.0688067302107811,0.056857816874980927,0.05452292412519455,0.057322945445775986,0.05366915091872215
851,0.02500997483730316,73.61665344238281,0.06768957525491714,0.0252163577824831,73.7846908569336,0.06879821419715881,0.05684719234704971,0.05451890081167221,0.05731311812996864,0.05366504192352295
852,0.025005383417010307,73.59895324707031,0.06768060475587845,0.025212056934833527,73.76787567138672,0.06878960877656937,0.05683651939034462,0.054514747112989426,0.05730319395661354,0.053660888224840164
853,0.025000793859362602,73.58133697509766,0.06767167150974274,0.02520768903195858,73.75092315673828,0.06878095120191574,0.056825779378414154,0.05451049655675888,0.05729332193732262,0.053656741976737976
854,0.024996234104037285,73.5635986328125,0.06766269356012344,0.02520342357456684,73.73401641845703,0.06877230852842331,0.05681503191590309,0.05450630560517311,0.05728328600525856,0.053652625530958176
855,0.024991724640130997,73.54585266113281,0.06765371561050415,0.025199133902788162,73.7169189453125,0.06876357644796371,0.056804243475198746,0.05450192838907242,0.05727330222725868,0.05364841967821121
856,0.024987198412418365,73.5279769897461,0.06764465570449829,0.025194941088557243,73.70011138916016,0.06875496357679367,0.05679341405630112,0.054497964680194855,0.057263147085905075,0.053644198924303055
857,0.024982694536447525,73.51019287109375,0.06763564050197601,0.02519076131284237,73.6833724975586,0.0687464028596878,0.05678253620862961,0.05449412390589714,0.0572529174387455,0.053640175610780716
858,0.0249781534075737,73.4924545288086,0.06762664765119553,0.025186605751514435,73.66641998291016,0.06873773038387299,0.05677160248160362,0.054490163922309875,0.05724268779158592,0.05363616719841957
859,0.024973616003990173,73.47465515136719,0.06761761009693146,0.02518240548670292,73.6494140625,0.06872902065515518,0.056760624051094055,0.05448616296052933,0.05723243206739426,0.05363215506076813
860,0.024969080463051796,73.45682525634766,0.06760856509208679,0.02517818659543991,73.63238525390625,0.06872030347585678,0.05674958974123001,0.05448220297694206,0.05722210928797722,0.053628142923116684
861,0.024964498355984688,73.43892669677734,0.06759951263666153,0.025174014270305634,73.61515808105469,0.06871148943901062,0.056738488376140594,0.05447804555296898,0.057211801409721375,0.05362408980727196
862,0.024959925562143326,73.42095184326172,0.06759040057659149,0.02516981028020382,73.597900390625,0.06870265305042267,0.05672740936279297,0.054473891854286194,0.05720141902565956,0.05361994355916977
863,0.02495536394417286,73.40298461914062,0.06758128106594086,0.025165624916553497,73.58067321777344,0.06869383901357651,0.056716207414865494,0.05446990206837654,0.05719097703695297,0.05361587181687355
864,0.024950778111815453,73.385009765625,0.06757217645645142,0.025161365047097206,73.56328582763672,0.06868495792150497,0.056705035269260406,0.05446575582027435,0.057180531322956085,0.05361182987689972
865,0.024946140125393867,73.3669204711914,0.067562997341156,0.02515709400177002,73.54595947265625,0.06867609173059464,0.056693773716688156,0.054461732506752014,0.0571698397397995,0.053607821464538574
866,0.024941517040133476,73.34893035888672,0.06755390018224716,0.025152849033474922,73.52845001220703,0.06866712123155594,0.05668244883418083,0.05445752292871475,0.05715934932231903,0.053603775799274445
867,0.024936890229582787,73.33070373535156,0.06754463911056519,0.02514857053756714,73.51081848144531,0.06865811347961426,0.05667104572057724,0.054453250020742416,0.05714854225516319,0.05359965190291405
868,0.02493233233690262,73.31262969970703,0.06753546744585037,0.025144342333078384,73.4933090209961,0.06864915788173676,0.05665963143110275,0.054449137300252914,0.05713788419961929,0.053595587611198425
869,0.024927714839577675,73.29437255859375,0.06752624362707138,0.02514013461768627,73.47570037841797,0.06864014267921448,0.0566481314599514,0.05444493144750595,0.05712705850601196,0.05359148979187012
870,0.02492314577102661,73.2762222290039,0.06751701980829239,0.025135966017842293,73.45808410644531,0.0686311349272728,0.056636564433574677,0.054440829902887344,0.057116273790597916,0.0535874217748642
871,0.02491859346628189,73.25790405273438,0.06750773638486862,0.025131825357675552,73.44044494628906,0.06862211972475052,0.056624989956617355,0.05443670600652695,0.057105325162410736,0.05358332023024559
872,0.024914061650633812,73.23967742919922,0.06749849021434784,0.025127669796347618,73.42276000976562,0.06861305236816406,0.05661337822675705,0.05443260446190834,0.05709446594119072,0.05357921123504639
873,0.02490955963730812,73.22135925292969,0.06748919188976288,0.025123585015535355,73.40521240234375,0.06860408186912537,0.056601718068122864,0.05442870035767555,0.057083457708358765,0.05357513576745987
874,0.02490507997572422,73.20307922363281,0.06747991591691971,0.025119511410593987,73.38761901855469,0.06859508901834488,0.0565899983048439,0.05442478507757187,0.05707245692610741,0.053571105003356934
875,0.024900563061237335,73.18465423583984,0.06747061014175415,0.02511543408036232,73.37002563476562,0.0685860738158226,0.05657825618982315,0.05442086607217789,0.05706131458282471,0.05356705188751221
876,0.02489609830081463,73.16632843017578,0.067461296916008,0.025111358612775803,73.352294921875,0.06857700645923615,0.05656643956899643,0.05441689491271973,0.05705023556947708,0.05356304347515106
877,0.024891648441553116,73.1479721069336,0.06745198369026184,0.0251073706895113,73.33463287353516,0.06856798380613327,0.05655456334352493,0.054413024336099625,0.057039134204387665,0.053559012711048126
878,0.024887196719646454,73.12955474853516,0.0674426406621933,0.025103319436311722,73.31687927246094,0.06855888664722443,0.056542620062828064,0.05440911278128624,0.0570279099047184,0.05355501174926758
879,0.024882765486836433,73.11114501953125,0.06743331253528595,0.02509932965040207,73.2990951538086,0.06854980438947678,0.056530650705099106,0.05440518632531166,0.05701669678092003,0.053551021963357925
880,0.024878311902284622,73.09263610839844,0.06742394715547562,0.02509533055126667,73.28119659423828,0.06854065507650375,0.05651867017149925,0.054401203989982605,0.05700535699725151,0.05354699492454529
881,0.02487388625741005,73.07413482666016,0.06741456687450409,0.02509128302335739,73.26318359375,0.06853144615888596,0.05650664120912552,0.054397102445364,0.056994110345840454,0.05354293808341026
882,0.02486945129930973,73.05564880371094,0.06740518659353256,0.025087306275963783,73.24534606933594,0.06852232664823532,0.056494586169719696,0.054393209517002106,0.05698280781507492,0.05353894829750061
883,0.024865081533789635,73.03709411621094,0.06739580631256104,0.0250833909958601,73.22732543945312,0.06851312518119812,0.05648250877857208,0.05438905581831932,0.05697139725089073,0.05353497341275215
884,0.024860747158527374,73.01862335205078,0.06738640367984772,0.025079388171434402,73.20899200439453,0.06850375235080719,0.05647037923336029,0.05438463017344475,0.05696007236838341,0.05353096127510071
885,0.024856355041265488,72.99991607666016,0.06737691909074783,0.025075366720557213,73.19075775146484,0.06849443167448044,0.05645826831459999,0.054380398243665695,0.056948594748973846,0.05352681875228882
886,0.024851933121681213,72.98130798339844,0.06736750900745392,0.025071313604712486,73.17257690429688,0.06848515570163727,0.0564461275935173,0.054376207292079926,0.05693718418478966,0.05352277308702469
887,0.024847524240612984,72.96283721923828,0.0673581212759018,0.02506735920906067,73.15454864501953,0.06847593188285828,0.056433871388435364,0.05437224358320236,0.05692579224705696,0.053518809378147125
888,0.024843089282512665,72.94430541992188,0.06734871864318848,0.02506331540644169,73.13648986816406,0.0684666857123375,0.05642158165574074,0.05436822399497032,0.056914322078228,0.053514789789915085
889,0.024838682264089584,72.92571258544922,0.06733927130699158,0.025059308856725693,73.11841583251953,0.06845743209123611,0.05640927329659462,0.05436428636312485,0.05690273642539978,0.05351077392697334
890,0.024834245443344116,72.90718841552734,0.06732986867427826,0.025055252015590668,73.10022735595703,0.06844813376665115,0.05639699473977089,0.05436026677489281,0.05689122527837753,0.0535067617893219
891,0.02482983097434044,72.88855743408203,0.06732040643692017,0.02505127526819706,73.08216857910156,0.06843888014554977,0.05638465657830238,0.054356351494789124,0.056879572570323944,0.05350274592638016
892,0.024825459346175194,72.87012481689453,0.06731104105710983,0.025047263130545616,73.06392669677734,0.06842953711748123,0.05637233704328537,0.054352231323719025,0.05686812847852707,0.05349878966808319
893,0.024821069091558456,72.8515396118164,0.06730160862207413,0.025043223053216934,73.04581451416016,0.06842026114463806,0.05635996535420418,0.05434829369187355,0.056856583803892136,0.05349470674991608
894,0.024816662073135376,72.83292388916016,0.06729215383529663,0.0250391885638237,73.02764129638672,0.0684109553694725,0.05634755641222,0.05434434115886688,0.05684492737054825,0.05349067598581314
895,0.024812297895550728,72.81439971923828,0.06728271394968033,0.025035152211785316,73.00949096679688,0.06840166449546814,0.0563352145254612,0.05434045568108559,0.05683335289359093,0.05348670855164528
896,0.02480791136622429,72.79574584960938,0.06727324426174164,0.025031138211488724,72.99147033691406,0.06839244067668915,0.05632283166050911,0.054336726665496826,0.056821588426828384,0.05348270758986473
897,0.02480352856218815,72.77710723876953,0.06726378202438354,0.025027088820934296,72.973388671875,0.06838317215442657,0.05631045252084732,0.05433297157287598,0.05680986866354942,0.053478699177503586
898,0.02479911595582962,72.758544921875,0.06725437939167023,0.02502300590276718,72.9552230834961,0.06837387382984161,0.05629809945821762,0.05432913824915886,0.056798238307237625,0.05347477272152901
899,0.024794721975922585,72.73983001708984,0.06724486500024796,0.02501899003982544,72.93709564208984,0.06836459785699844,0.05628572404384613,0.05432534217834473,0.0567864291369915,0.05347081646323204
900,0.024790359660983086,72.72130584716797,0.06723547726869583,0.02501489408314228,72.91889953613281,0.06835527718067169,0.05627339333295822,0.05432150885462761,0.05677480250597,0.053466882556676865
901,0.024785982444882393,72.70257568359375,0.06722597777843475,0.02501082792878151,72.9007339477539,0.06834599375724792,0.056261058896780014,0.05431772768497467,0.056762970983982086,0.05346289649605751
902,0.0247816052287817,72.68392944335938,0.06721650809049606,0.02500678040087223,72.88262176513672,0.06833672523498535,0.05624870955944061,0.054314032196998596,0.05675116553902626,0.05345896631479263
903,0.024777231737971306,72.6653060913086,0.06720706075429916,0.025002721697092056,72.86448669433594,0.06832744181156158,0.056236349046230316,0.05431031435728073,0.05673941597342491,0.05345502123236656
904,0.024772876873612404,72.64659118652344,0.06719756126403809,0.02499871514737606,72.84636688232422,0.06831818073987961,0.05622400715947151,0.05430661886930466,0.056727517396211624,0.053451113402843475
905,0.024768564850091934,72.62809753417969,0.06718817353248596,0.02499471791088581,72.82821655273438,0.06830890476703644,0.05621160566806793,0.05430291220545769,0.05671582370996475,0.053447265177965164
906,0.024764224886894226,72.60942077636719,0.06717870384454727,0.024990685284137726,72.8099136352539,0.0682995468378067,0.056199219077825546,0.054299112409353256,0.05670396238565445,0.05344335362315178
907,0.024759860709309578,72.59085083007812,0.06716927886009216,0.024986712262034416,72.79175567626953,0.06829024851322174,0.05618680268526077,0.054295480251312256,0.056692175567150116,0.053439486771821976
908,0.024755505844950676,72.57225799560547,0.06715986877679825,0.024982700124382973,72.7734375,0.06828088313341141,0.056174345314502716,0.05429164692759514,0.056680403649806976,0.05343559756875038
909,0.024751152843236923,72.55368041992188,0.06715042889118195,0.024978693574666977,72.75514221191406,0.06827152520418167,0.05616186559200287,0.05428783595561981,0.05666867271065712,0.05343165993690491
910,0.02474685199558735,72.53527069091797,0.0671410784125328,0.024974597617983818,72.73685455322266,0.06826215237379074,0.05614940822124481,0.054284073412418365,0.056657057255506516,0.05342775955796242
911,0.024742554873228073,72.51664733886719,0.06713160872459412,0.024970628321170807,72.71871948242188,0.06825286895036697,0.056136973202228546,0.05428048595786095,0.05664527416229248,0.05342382565140724
912,0.024738270789384842,72.49801635742188,0.06712215393781662,0.024966666474938393,72.70072174072266,0.06824365258216858,0.05612454563379288,0.054277028888463974,0.056633397936820984,0.053419940173625946
913,0.024734007194638252,72.4794921875,0.0671127438545227,0.024962695315480232,72.6825180053711,0.06823431700468063,0.05611210688948631,0.054273344576358795,0.05662163347005844,0.05341608449816704
914,0.02472972497344017,72.4607925415039,0.06710325181484222,0.024958748370409012,72.66444396972656,0.06822505593299866,0.05609967187047005,0.05426972359418869,0.056609731167554855,0.05341209098696709
915,0.02472553215920925,72.44244384765625,0.06709393858909607,0.024954836815595627,72.64635467529297,0.06821580231189728,0.05608723685145378,0.054266080260276794,0.05659811943769455,0.053408220410346985
916,0.024721277877688408,72.4238510131836,0.06708450615406036,0.02495095320045948,72.62826538085938,0.0682065337896347,0.056074779480695724,0.0542624369263649,0.05658618360757828,0.053404346108436584
917,0.024717096239328384,72.40544128417969,0.06707514822483063,0.02494702860713005,72.61014556884766,0.06819725781679153,0.05606232210993767,0.05425877869129181,0.05657451972365379,0.053400445729494095
918,0.02471284754574299,72.38683319091797,0.06706570833921432,0.024943120777606964,72.59208679199219,0.06818801909685135,0.05604984983801842,0.054255161434412,0.05656265839934349,0.05339651182293892
919,0.024708662182092667,72.36846923828125,0.06705638766288757,0.02493927627801895,72.57410430908203,0.06817880272865295,0.05603745952248573,0.0542515367269516,0.05655106529593468,0.053392596542835236
920,0.024704482406377792,72.34999084472656,0.06704698503017426,0.02493547461926937,72.55612182617188,0.06816960126161575,0.05602508783340454,0.054247938096523285,0.05653931945562363,0.053388673812150955
921,0.024700380861759186,72.33167266845703,0.06703770905733109,0.024931658059358597,72.5380859375,0.06816036254167557,0.05601276457309723,0.0542442612349987,0.0565277636051178,0.053384747356176376
922,0.0246962271630764,72.31322479248047,0.06702831387519836,0.024927902966737747,72.52020263671875,0.06815122067928314,0.05600046366453171,0.054240789264440536,0.05651603639125824,0.0533808134496212
923,0.02469213865697384,72.29480743408203,0.06701897084712982,0.02492409199476242,72.50206756591797,0.06814194470643997,0.05598822608590126,0.05423702672123909,0.05650433525443077,0.05337686836719513
924,0.0246879942715168,72.27642059326172,0.06700966507196426,0.024920370429754257,72.48421478271484,0.06813280284404755,0.05597597733139992,0.05423353239893913,0.05649271979928017,0.05337289348244667
925,0.024683881551027298,72.25804138183594,0.06700033694505692,0.024916641414165497,72.46640014648438,0.06812368333339691,0.05596373975276947,0.05423009768128395,0.05648103728890419,0.05336898937821388
926,0.024679753929376602,72.23977661132812,0.06699105352163315,0.024912841618061066,72.44853973388672,0.06811452656984329,0.05595150217413902,0.054226603358983994,0.05646945536136627,0.053365085273981094
927,0.02467563934624195,72.2215805053711,0.06698182970285416,0.02490907907485962,72.4306411743164,0.06810536980628967,0.05593934282660484,0.05422300100326538,0.05645791068673134,0.05336121469736099
928,0.024671562016010284,72.20330810546875,0.06697255373001099,0.024905376136302948,72.41276550292969,0.06809620559215546,0.05592723190784454,0.05421941727399826,0.056446317583322525,0.05335726961493492
929,0.024667533114552498,72.18500518798828,0.06696325540542603,0.024901611730456352,72.39494323730469,0.06808708608150482,0.05591515451669693,0.054215867072343826,0.056434717029333115,0.05335328355431557
930,0.024663470685482025,72.16681671142578,0.06695403158664703,0.024897851049900055,72.37710571289062,0.06807795912027359,0.055903103202581406,0.05421224981546402,0.056423235684633255,0.053349316120147705
931,0.02465943619608879,72.1484375,0.06694470345973969,0.02489408850669861,72.35928344726562,0.06806884706020355,0.055891040712594986,0.0542086586356163,0.05641159042716026,0.05334530770778656
932,0.024655425921082497,72.13028717041016,0.06693550199270248,0.024890374392271042,72.34152221679688,0.0680597573518753,0.05587902292609215,0.05420508235692978,0.05640019103884697,0.0533413402736187
933,0.02465139888226986,72.11209106445312,0.06692628562450409,0.024886634200811386,72.32378387451172,0.06805069744586945,0.055867038667201996,0.054201528429985046,0.0563887394964695,0.053337376564741135
934,0.024647315964102745,72.09390258789062,0.0669170692563057,0.024882830679416656,72.3060302734375,0.06804163008928299,0.05585503205657005,0.05419796332716942,0.05637732893228531,0.05333339050412178
935,0.02464326098561287,72.07569122314453,0.06690782308578491,0.024879036471247673,72.28837585449219,0.06803258508443832,0.0558430477976799,0.05419444292783737,0.05636587366461754,0.053329382091760635
936,0.024639232084155083,72.05760955810547,0.0668986514210701,0.024875296279788017,72.27074432373047,0.06802357733249664,0.05583108961582184,0.05419095978140831,0.056354597210884094,0.053325388580560684
937,0.024635205045342445,72.03942108154297,0.0668894425034523,0.02487156167626381,72.25309753417969,0.06801455467939377,0.055819153785705566,0.05418742448091507,0.0563431978225708,0.05332140251994133
938,0.0246311966329813,72.02135467529297,0.06688028573989868,0.02486783266067505,72.23548126220703,0.06800554692745209,0.055807214230298996,0.054183926433324814,0.05633188411593437,0.05331740900874138
939,0.024627188220620155,72.00324249267578,0.06687110662460327,0.024864045903086662,72.21778106689453,0.06799650192260742,0.05579535663127899,0.05418034642934799,0.056320518255233765,0.053313400596380234
940,0.0246232058852911,71.98526000976562,0.06686200201511383,0.024860264733433723,72.2002182006836,0.06798752397298813,0.05578351765871048,0.05417690426111221,0.05630931258201599,0.05330944433808327
941,0.024619154632091522,71.96720123291016,0.06685283780097961,0.024856481701135635,72.18257904052734,0.06797850131988525,0.055771686136722565,0.05417322367429733,0.05629795044660568,0.05330556258559227
942,0.024615120142698288,71.94922637939453,0.06684371829032898,0.024852683767676353,72.16497039794922,0.06796950846910477,0.05575980991125107,0.05416960269212723,0.05628666281700134,0.05330169200897217
943,0.0246110949665308,71.9312973022461,0.06683460623025894,0.024848951026797295,72.14736938476562,0.06796049326658249,0.05574788898229599,0.05416594445705414,0.05627542734146118,0.05329783633351326
944,0.02460707351565361,71.91336059570312,0.0668255165219307,0.024845225736498833,72.12991333007812,0.06795157492160797,0.055735986679792404,0.054162465035915375,0.05626411736011505,0.053293995559215546
945,0.024603091180324554,71.89558410644531,0.06681648641824722,0.024841539561748505,72.11245727539062,0.06794263422489166,0.055724117904901505,0.05415894091129303,0.056252963840961456,0.05329017713665962
946,0.0245991088449955,71.87765502929688,0.06680742651224136,0.024837855249643326,72.09501647949219,0.06793373823165894,0.055712249130010605,0.05415543541312218,0.05624169856309891,0.05328630656003952
947,0.02459516003727913,71.85984802246094,0.0667983889579773,0.024834174662828445,72.07762908935547,0.0679248496890068,0.055700406432151794,0.054151955991983414,0.0562305711209774,0.053282443434000015
948,0.024591220542788506,71.84204864501953,0.06678938865661621,0.024830518290400505,72.06031799316406,0.06791599094867706,0.05568865314126015,0.054148536175489426,0.056219495832920074,0.05327851325273514
949,0.024587253108620644,71.8243179321289,0.06678036600351334,0.024826813489198685,72.04298400878906,0.06790713220834732,0.0556768998503685,0.05414506420493126,0.056208495050668716,0.053274575620889664
950,0.024583294987678528,71.80646514892578,0.06677132099866867,0.024823209270834923,72.02581024169922,0.06789834052324295,0.055665161460638046,0.05414173752069473,0.056197404861450195,0.053270578384399414
951,0.02457934059202671,71.78872680664062,0.06676232069730759,0.024819573387503624,72.00869750976562,0.06788958609104156,0.05565345287322998,0.0541384257376194,0.05618640035390854,0.053266607224941254
952,0.0245753712952137,71.77091217041016,0.06675328314304352,0.02481597661972046,71.99176025390625,0.06788091361522675,0.05564168468117714,0.054135359823703766,0.05617517977952957,0.053262677043676376
953,0.0245713759213686,71.753173828125,0.06674429029226303,0.024812348186969757,71.9747314453125,0.06787218153476715,0.055629901587963104,0.054132118821144104,0.056163981556892395,0.053258806467056274
954,0.024567361921072006,71.7354507446289,0.06673528999090195,0.024808647111058235,71.95765686035156,0.06786342710256577,0.055618174374103546,0.054128799587488174,0.056152909994125366,0.0532548651099205
955,0.02456335537135601,71.71778869628906,0.06672631204128265,0.024804940447211266,71.94051361083984,0.06785465776920319,0.05560646578669548,0.054125383496284485,0.056141890585422516,0.05325090140104294
956,0.02455933392047882,71.7000732421875,0.06671736389398575,0.024801207706332207,71.9234390258789,0.0678459107875824,0.05559481680393219,0.054121993482112885,0.05613090097904205,0.053246933966875076
957,0.02455534227192402,71.68250274658203,0.06670843064785004,0.024797597900032997,71.90657043457031,0.06783726811408997,0.05558321252465248,0.0541188046336174,0.05612000823020935,0.05324297770857811
958,0.024551374837756157,71.66499328613281,0.0666995495557785,0.02479398623108864,71.88959503173828,0.06782858073711395,0.05557166785001755,0.05411544814705849,0.05610915645956993,0.05323906987905502
959,0.02454741857945919,71.64744567871094,0.06669063866138458,0.024790368974208832,71.87268829345703,0.06781993806362152,0.05556013807654381,0.05411214008927345,0.0560983270406723,0.05323508009314537
960,0.024543503299355507,71.62997436523438,0.06668178737163544,0.02478678710758686,71.85580444335938,0.06781131029129028,0.05554864928126335,0.0541088730096817,0.056087568402290344,0.05323114991188049
961,0.02453964576125145,71.61246490478516,0.0666729211807251,0.024783313274383545,71.83906555175781,0.06780275702476501,0.055537182837724686,0.054105691611766815,0.05607681721448898,0.05322713032364845
962,0.024535799399018288,71.59507751464844,0.06666409969329834,0.02477978728711605,71.82225799560547,0.06779415160417557,0.0555257648229599,0.05410241708159447,0.056066155433654785,0.05322311446070671
963,0.024531936272978783,71.57752990722656,0.06665521115064621,0.02477630041539669,71.80551147460938,0.06778557598590851,0.05551436170935631,0.05409915745258331,0.05605538189411163,0.0532190278172493
964,0.02452806942164898,71.56007385253906,0.06664636731147766,0.024772820994257927,71.78894805908203,0.0677771121263504,0.055502988398075104,0.05409610643982887,0.05604472756385803,0.05321499705314636
965,0.024524206295609474,71.54267883300781,0.0666375383734703,0.024769365787506104,71.7723159790039,0.06776860356330872,0.0554916113615036,0.054093021899461746,0.05603400245308876,0.053211063146591187
966,0.02452036924660206,71.5252456665039,0.06662871688604355,0.0247658658772707,71.75569915771484,0.06776009500026703,0.055480241775512695,0.0540899895131588,0.05602328106760979,0.05320711433887482
967,0.024516606703400612,71.5079574584961,0.06661991775035858,0.024762384593486786,71.73909759521484,0.06775160133838654,0.05546889826655388,0.05408692732453346,0.056012656539678574,0.053203191608190536
968,0.024512771517038345,71.49060821533203,0.0666111409664154,0.02475895546376705,71.72256469726562,0.06774315237998962,0.05545755475759506,0.054083891212940216,0.05600198730826378,0.053199220448732376
969,0.02450898103415966,71.4732666015625,0.06660233438014984,0.024755455553531647,71.7060775756836,0.06773471087217331,0.05544628947973251,0.05408094450831413,0.05599130690097809,0.05319523811340332
970,0.024505166336894035,71.4559555053711,0.06659357249736786,0.024751977995038033,71.6895980834961,0.06772629171609879,0.05543505772948265,0.05407791957259178,0.055980704724788666,0.05319124460220337
971,0.024501392617821693,71.43869018554688,0.06658481061458588,0.024748561903834343,71.67325592041016,0.06771791726350784,0.055423859506845474,0.05407503992319107,0.05597008019685745,0.05318726971745491
972,0.024497613310813904,71.42147827148438,0.06657608598470688,0.024745076894760132,71.6570053100586,0.06770960986614227,0.05541270598769188,0.05407222732901573,0.05595951899886131,0.05318331718444824
973,0.02449377439916134,71.40424346923828,0.0665673241019249,0.024741556495428085,71.64069366455078,0.06770125776529312,0.05540155619382858,0.05406933277845383,0.0559488870203495,0.053179316222667694
974,0.024489963427186012,71.38709259033203,0.06655862182378769,0.02473810687661171,71.62442016601562,0.06769294291734695,0.05539043992757797,0.05406641960144043,0.05593840405344963,0.05317532643675804
975,0.024486159905791283,71.36979675292969,0.06654981523752213,0.02473459392786026,71.608154296875,0.067684605717659,0.055379364639520645,0.054063502699136734,0.05592770129442215,0.05317127704620361
976,0.024482334032654762,71.35264587402344,0.06654112786054611,0.024731062352657318,71.59202575683594,0.06767633557319641,0.05536830797791481,0.05406073480844498,0.05591724440455437,0.05316728726029396
977,0.024478521198034286,71.3354721069336,0.06653241068124771,0.02472764253616333,71.57606506347656,0.06766815483570099,0.05535726249217987,0.054058149456977844,0.055906619876623154,0.053163304924964905
978,0.024474717676639557,71.31838989257812,0.0665237084031105,0.024724123999476433,71.5598373413086,0.06765984743833542,0.055346257984638214,0.054055213928222656,0.05589611828327179,0.05315936356782913
979,0.024470942094922066,71.30127716064453,0.06651502102613449,0.024720726534724236,71.54385375976562,0.0676516443490982,0.05533529072999954,0.05405246838927269,0.055885616689920425,0.05315535515546799
980,0.024467170238494873,71.2841796875,0.06650634855031967,0.02471725456416607,71.52767944335938,0.06764335185289383,0.05532432347536087,0.0540495328605175,0.05587512627243996,0.05315137654542923
981,0.024463428184390068,71.26708984375,0.06649764627218246,0.024713855236768723,71.51152038574219,0.06763506680727005,0.05531338229775429,0.05404656380414963,0.05586463212966919,0.053147345781326294
982,0.02445967122912407,71.25,0.06648898124694824,0.024710386991500854,71.49543762207031,0.06762681156396866,0.05530247464776039,0.05404358357191086,0.05585416033864021,0.053143326193094254
983,0.024455951526761055,71.23296356201172,0.06648027896881104,0.024707067757844925,71.47955322265625,0.06761866807937622,0.05529157817363739,0.05404079332947731,0.05584367737174034,0.053139280527830124
984,0.02445223554968834,71.21595001220703,0.0664716437458992,0.024703670293092728,71.4637451171875,0.06761053204536438,0.055280741304159164,0.05403802916407585,0.05583316460251808,0.053135331720113754
985,0.02444855496287346,71.19910430908203,0.06646305322647095,0.024700235575437546,71.44790649414062,0.06760238111019135,0.05526987835764885,0.0540352463722229,0.05582282692193985,0.05313137173652649
986,0.0244448184967041,71.18223571777344,0.06645442545413971,0.024696778506040573,71.4319076538086,0.06759413331747055,0.05525902286171913,0.054032258689403534,0.055812492966651917,0.05312737450003624
987,0.02444111369550228,71.16545104980469,0.06644589453935623,0.024693377315998077,71.41593170166016,0.06758590787649155,0.0552482008934021,0.05402928218245506,0.055802300572395325,0.0531233549118042
988,0.024437420070171356,71.14861297607422,0.06643729656934738,0.024689989164471626,71.39994049072266,0.06757766753435135,0.05523737519979477,0.054026272147893906,0.0557919442653656,0.05311933904886246
989,0.024433741346001625,71.13185119628906,0.06642873585224152,0.02468661405146122,71.3840560913086,0.06756948679685593,0.05522659048438072,0.054023377597332,0.05578178912401199,0.05311528220772743
990,0.024430051445961,71.1150131225586,0.06642014533281326,0.024683203548192978,71.3680648803711,0.06756124645471573,0.05521579086780548,0.05402030795812607,0.05577145889401436,0.05311129242181778
991,0.024426396936178207,71.09819793701172,0.0664115697145462,0.02467980980873108,71.3521499633789,0.06755304336547852,0.05520499497652054,0.054017338901758194,0.05576125532388687,0.053107209503650665
992,0.02442273497581482,71.08145904541016,0.06640300154685974,0.024676449596881866,71.33627319335938,0.0675448626279831,0.055194225162267685,0.05401436239480972,0.05575096979737282,0.0531032420694828
993,0.02441909909248352,71.06465911865234,0.06639443337917328,0.024673104286193848,71.32042694091797,0.06753668189048767,0.05518345162272453,0.05401136726140976,0.05574074015021324,0.053099241107702255
994,0.02441548928618431,71.04791259765625,0.06638588756322861,0.024669835343956947,71.30477142333984,0.06752859801054001,0.05517268180847168,0.054008547216653824,0.055730484426021576,0.0530952550470829
995,0.024411914870142937,71.03123474121094,0.06637735664844513,0.02466646209359169,71.28890228271484,0.0675203949213028,0.055161960422992706,0.05400541052222252,0.05572027713060379,0.053091295063495636
996,0.02440830133855343,71.01461029052734,0.06636885553598404,0.024663176387548447,71.27313995361328,0.06751222908496857,0.05515122786164284,0.05400242283940315,0.055710263550281525,0.0530872605741024
997,0.02440471388399601,70.9980239868164,0.06636035442352295,0.02465982362627983,71.25735473632812,0.06750407069921494,0.055140551179647446,0.053999342024326324,0.055700190365314484,0.053083326667547226
998,0.02440113201737404,70.98131561279297,0.06635179370641708,0.024656642228364944,71.24172973632812,0.06749598681926727,0.055129848420619965,0.05399641767144203,0.055689990520477295,0.05307931825518608
999,0.0243975929915905,70.96481323242188,0.06634336709976196,0.024653375148773193,71.22626495361328,0.06748798489570618,0.05511923134326935,0.05399367958307266,0.05567995458841324,0.0530753992497921
