epoch,cotBeta_mae_metric,loss,slim_rmse_metric,val_cotBeta_mae_metric,val_loss,val_slim_rmse_metric,val_x_mae_metric,val_y_mae_metric,x_mae_metric,y_mae_metric
0,0.3559980094432831,3914.85205078125,0.5100841522216797,0.31211742758750916,3691.8212890625,0.50572669506073,0.48105305433273315,0.4736071527004242,0.4610745310783386,0.47641265392303467
1,0.286689430475235,2938.736083984375,0.4412725865840912,0.25411731004714966,1983.6756591796875,0.37042155861854553,0.3403250277042389,0.2989673614501953,0.41756296157836914,0.3925514221191406
2,0.2367747575044632,1945.5830078125,0.35766109824180603,0.2484443485736847,2047.767333984375,0.3765149712562561,0.36181989312171936,0.30961769819259644,0.32931122183799744,0.3003918528556824
3,0.20966431498527527,1480.8023681640625,0.30917614698410034,0.16888116300106049,905.0939331054688,0.2501089870929718,0.16149425506591797,0.23862692713737488,0.25163426995277405,0.27409806847572327
4,0.19883830845355988,1406.1199951171875,0.2996569275856018,0.1607578992843628,856.9923095703125,0.2433360069990158,0.155686154961586,0.23224695026874542,0.2424710988998413,0.2689487636089325
5,0.1896536946296692,1381.770751953125,0.29641592502593994,0.1486486941576004,800.0366821289062,0.2350614219903946,0.15369388461112976,0.22598521411418915,0.24490271508693695,0.26679959893226624
6,0.1762889325618744,1290.35302734375,0.28519630432128906,0.22215351462364197,1931.66259765625,0.3656579554080963,0.35852688550949097,0.3114626109600067,0.23574323952198029,0.25798818469047546
7,0.16274426877498627,1181.7432861328125,0.27156779170036316,0.12433984130620956,667.266357421875,0.2145705223083496,0.14817336201667786,0.20145608484745026,0.22505880892276764,0.24532251060009003
8,0.15254855155944824,1101.898681640625,0.26125937700271606,0.20788688957691193,1817.1539306640625,0.35458916425704956,0.3527917265892029,0.3011033535003662,0.2121782749891281,0.2394782453775406
9,0.1392507702112198,928.0101928710938,0.23981192708015442,0.20428146421909332,1775.185546875,0.3505232036113739,0.35138341784477234,0.2934229373931885,0.1940564662218094,0.21517649292945862
10,0.13288894295692444,858.7214965820312,0.23078671097755432,0.1130642294883728,563.010009765625,0.19699345529079437,0.1420387327671051,0.17801012098789215,0.18664726614952087,0.20566001534461975
11,0.1297660917043686,816.579345703125,0.2247883379459381,0.19608797132968903,1695.8836669921875,0.3425954282283783,0.34549084305763245,0.2817196547985077,0.1838984489440918,0.19687524437904358
12,0.12513647973537445,776.8770751953125,0.2188793122768402,0.10712940990924835,560.9881591796875,0.1966034471988678,0.14489200711250305,0.18126890063285828,0.17917567491531372,0.19109898805618286
13,0.12198158353567123,743.154052734375,0.21364717185497284,0.10329890251159668,480.57073974609375,0.18187259137630463,0.139168843626976,0.15449771285057068,0.1761416494846344,0.18403007090091705
14,0.11747047305107117,671.2908325195312,0.20385296642780304,0.10159476846456528,458.9504699707031,0.1776965856552124,0.13719595968723297,0.1476801484823227,0.16971907019615173,0.17058338224887848
15,0.11685911566019058,669.91796875,0.2032533884048462,0.10033059120178223,443.33966064453125,0.1746196299791336,0.1370927393436432,0.1426832377910614,0.17308259010314941,0.16661477088928223
16,0.11197266727685928,614.0375366210938,0.19472827017307281,0.09836547076702118,426.824462890625,0.17126965522766113,0.13547703623771667,0.1379479616880417,0.16435416042804718,0.15875639021396637
17,0.11086087673902512,595.664306640625,0.19145731627941132,0.09705670177936554,412.66729736328125,0.168352410197258,0.13481351733207703,0.13350121676921844,0.16324977576732635,0.15346145629882812
18,0.1101771667599678,626.0689086914062,0.19476670026779175,0.09574657678604126,403.96484375,0.1665511131286621,0.13456355035305023,0.1313178986310959,0.1654917448759079,0.16117268800735474
19,0.10697195678949356,552.7852172851562,0.18464675545692444,0.1714881956577301,1357.626953125,0.3065475821495056,0.31605222821235657,0.23975388705730438,0.15869513154029846,0.14595526456832886
20,0.10602016746997833,546.3261108398438,0.18329329788684845,0.09401392936706543,382.1796875,0.1619834452867508,0.13293735682964325,0.12444528192281723,0.1588953137397766,0.143649622797966
21,0.10718554258346558,560.491943359375,0.18507139384746552,0.09293750673532486,438.1139221191406,0.1736137866973877,0.1579534262418747,0.1345556378364563,0.1633385717868805,0.14339914917945862
22,0.12527523934841156,686.9155883789062,0.1963035613298416,0.10444924980401993,633.8905639648438,0.20913569629192352,0.2434624880552292,0.12687529623508453,0.18033002316951752,0.14081819355487823
23,0.1022108644247055,505.5733337402344,0.17642724514007568,0.09324534237384796,383.9741516113281,0.16238953173160553,0.13503018021583557,0.12765364348888397,0.1574188619852066,0.13230068981647491
24,0.10466282814741135,520.8899536132812,0.1778978556394577,0.1670779287815094,1270.303955078125,0.2964947521686554,0.3080238401889801,0.22634544968605042,0.15910467505455017,0.13403965532779694
25,0.1044856458902359,522.9635620117188,0.17871107161045074,0.09115773439407349,349.2627868652344,0.15478529036045074,0.13039544224739075,0.11444572359323502,0.16008058190345764,0.13508139550685883
26,0.10237795859575272,499.70159912109375,0.17500437796115875,0.09074176847934723,343.7709655761719,0.15358398854732513,0.12981511652469635,0.11268032342195511,0.15654462575912476,0.13121657073497772
27,0.10063518583774567,478.8649597167969,0.17166277766227722,0.0902428850531578,337.9617614746094,0.15224239230155945,0.12913160026073456,0.11090890318155289,0.1531490832567215,0.1279279589653015
28,0.1005459800362587,482.5854187011719,0.17187391221523285,0.08976788818836212,334.7618713378906,0.15150026977062225,0.12970349192619324,0.10923324525356293,0.15461252629756927,0.12727245688438416
29,0.09842054545879364,457.1973876953125,0.16775697469711304,0.1521964818239212,1148.26123046875,0.28176477551460266,0.2913925051689148,0.21525458991527557,0.14964929223060608,0.12449478358030319
30,0.09797634929418564,460.1913757324219,0.16775265336036682,0.08905728161334991,328.171142578125,0.14997602999210358,0.12663522362709045,0.10985247045755386,0.14840056002140045,0.12674856185913086
31,0.09662040323019028,431.6075134277344,0.1631007343530655,0.08853554725646973,316.3447570800781,0.147222638130188,0.12575028836727142,0.1048184260725975,0.14495673775672913,0.12015702575445175
32,0.09715715050697327,439.0007629394531,0.16408008337020874,0.08819057047367096,322.4135437011719,0.14867155253887177,0.12463545054197311,0.11029433459043503,0.1475302278995514,0.11926804482936859
33,0.09607666730880737,427.4161682128906,0.16197754442691803,0.08768463879823685,307.4143371582031,0.14513495564460754,0.12457071989774704,0.10215096175670624,0.1430424451828003,0.12047941982746124
34,0.09638511389493942,402.7701721191406,0.15817877650260925,0.087274931371212,314.05120849609375,0.14674745500087738,0.12797023355960846,0.1048235148191452,0.13972562551498413,0.11400477588176727
35,0.09288308769464493,404.8530578613281,0.1570834070444107,0.08689171820878983,296.1069641113281,0.14240756630897522,0.12102071940898895,0.10041237622499466,0.13435034453868866,0.12080483883619308
36,0.09430711716413498,398.157958984375,0.15651658177375793,0.08806421607732773,307.5999450683594,0.14516910910606384,0.12834201753139496,0.09977619349956512,0.13967756927013397,0.11216852068901062
37,0.09498810768127441,410.87835693359375,0.15873512625694275,0.0867304876446724,289.9546813964844,0.1409318596124649,0.11958997696638107,0.09859459847211838,0.14405368268489838,0.11250735819339752
38,0.09502754360437393,409.5593566894531,0.15738166868686676,0.08593281358480453,283.5909423828125,0.13934509456157684,0.11795701086521149,0.09753849357366562,0.13691140711307526,0.1184508353471756
39,0.09366095066070557,393.7677307128906,0.15529784560203552,0.0854225605726242,280.5789794921875,0.1386100798845291,0.11709373444318771,0.09681772440671921,0.1392708718776703,0.11064717918634415
40,0.09209958463907242,373.08856201171875,0.15133817493915558,0.08509685099124908,275.63421630859375,0.13735973834991455,0.11579429358243942,0.09584581851959229,0.13268600404262543,0.10946490615606308
41,0.0908808782696724,382.50634765625,0.1526365429162979,0.08457443863153458,272.0689697265625,0.1364736109972,0.1146114394068718,0.0953286662697792,0.13812243938446045,0.1075303703546524
42,0.09107930958271027,383.91070556640625,0.15257278084754944,0.08420143276453018,273.669677734375,0.13688768446445465,0.1148056760430336,0.0963999405503273,0.13399802148342133,0.11262261122465134
43,0.09137330204248428,362.42205810546875,0.14913927018642426,0.0847640261054039,312.1581726074219,0.14633645117282867,0.12725751101970673,0.11090553551912308,0.13056743144989014,0.10692349076271057
44,0.09353978931903839,390.52374267578125,0.15222345292568207,0.08478913456201553,271.7574157714844,0.13638722896575928,0.11373323947191238,0.09723425656557083,0.13024075329303741,0.1149548813700676
45,0.08869447559118271,331.6045837402344,0.1431393176317215,0.08307311683893204,271.9087829589844,0.1364632248878479,0.11681322753429413,0.09530867636203766,0.12375390529632568,0.10220377147197723
46,0.08914142847061157,343.1570739746094,0.1452518105506897,0.08289007842540741,264.4923095703125,0.13457326591014862,0.11518706381320953,0.09207798540592194,0.12672773003578186,0.10313060134649277
47,0.09073195606470108,367.2324523925781,0.1495111882686615,0.08311635255813599,263.04791259765625,0.134214386343956,0.11468825489282608,0.09164047986268997,0.13525360822677612,0.10359759628772736
48,0.08828835934400558,341.4468994140625,0.1448141187429428,0.08226660639047623,250.62545776367188,0.13090498745441437,0.10758709907531738,0.09090105444192886,0.12841977179050446,0.10163777321577072
49,0.08780135214328766,329.4302978515625,0.14222672581672668,0.08171410113573074,247.5303497314453,0.13007183372974396,0.10654861479997635,0.09054161608219147,0.12134034186601639,0.10291946679353714
50,0.08571064472198486,305.07470703125,0.1377272754907608,0.08119868487119675,243.7482147216797,0.12905733287334442,0.10536831617355347,0.0897507444024086,0.11504808813333511,0.10016850382089615
51,0.0857958048582077,305.54339599609375,0.13759274780750275,0.08175669610500336,258.1875305175781,0.13285401463508606,0.11315460503101349,0.09245919436216354,0.11672329157590866,0.09775364398956299
52,0.08584918081760406,302.2277526855469,0.1366507112979889,0.08013003319501877,237.2982635498047,0.12729820609092712,0.10338068753480911,0.08873598277568817,0.11476734280586243,0.09840263426303864
53,0.08327929675579071,281.2878112792969,0.13275696337223053,0.07951801270246506,234.4633026123047,0.1265304684638977,0.1024436503648758,0.08820253610610962,0.11057546734809875,0.09481959044933319
54,0.08432392030954361,299.71356201171875,0.13578705489635468,0.07968121021986008,247.31631469726562,0.13003899157047272,0.10341904312372208,0.09764327853918076,0.11350052803754807,0.09829100966453552
55,0.08026883751153946,255.92654418945312,0.12779079377651215,0.1379789412021637,920.1793823242188,0.2522844970226288,0.2501482367515564,0.19305913150310516,0.10472654551267624,0.0911737009882927
56,0.08116260915994644,274.0411376953125,0.13081713020801544,0.07752738147974014,225.56655883789062,0.12406010925769806,0.09987960755825043,0.08678711950778961,0.10815277695655823,0.09427908062934875
57,0.08060744404792786,271.8854675292969,0.13012559711933136,0.07682030647993088,223.17970275878906,0.12338177114725113,0.09916960448026657,0.08630461990833282,0.10754808038473129,0.09378522634506226
58,0.07988152652978897,268.0846862792969,0.12918056547641754,0.07615823298692703,221.12759399414062,0.12278341501951218,0.09845560044050217,0.08627688139677048,0.10644206404685974,0.09337665885686874
59,0.07751201838254929,244.89224243164062,0.1246538832783699,0.07525402307510376,217.22756958007812,0.12168128788471222,0.09757667034864426,0.08543020486831665,0.10152826458215714,0.08926007151603699
60,0.07827456295490265,258.05950927734375,0.1271563619375229,0.1588163524866104,1240.37060546875,0.29291749000549316,0.25412219762802124,0.27831029891967773,0.10281999409198761,0.09382201731204987
61,0.07522393018007278,232.72300720214844,0.12191936373710632,0.07343383878469467,211.3323516845703,0.11998234689235687,0.0960376039147377,0.08479362726211548,0.09827639162540436,0.08843452483415604
62,0.07538078725337982,242.1166229248047,0.12316647171974182,0.07274043560028076,208.6040496826172,0.11919569224119186,0.09529930353164673,0.08421676605939865,0.10011045634746552,0.08927600085735321
63,0.076451875269413,267.54119873046875,0.127736896276474,0.0724339559674263,207.34059143066406,0.11880633980035782,0.09490574151277542,0.08391492813825607,0.1067393496632576,0.0930902361869812
64,0.07366187870502472,237.4642333984375,0.12216160446405411,0.07148317247629166,205.5771484375,0.11829476803541183,0.09474962204694748,0.08365661650896072,0.10113712400197983,0.08754938840866089
65,0.07319135963916779,235.93096923828125,0.12159764021635056,0.07079628854990005,202.9608917236328,0.11753637343645096,0.09399677813053131,0.08328815549612045,0.1007465049624443,0.08694812655448914
66,0.07324397563934326,236.5177459716797,0.1213759109377861,0.07007357478141785,200.69515991210938,0.11685893684625626,0.09344208240509033,0.08300314843654633,0.09998425096273422,0.08728910237550735
67,0.07255484908819199,230.55181884765625,0.12002310901880264,0.06942937523126602,198.486328125,0.11619087308645248,0.09283652156591415,0.08257881551980972,0.0983658879995346,0.08629395812749863
68,0.07261120527982712,229.53668212890625,0.1198023334145546,0.0692652016878128,199.1431884765625,0.11638997495174408,0.09289457648992538,0.083213672041893,0.09772728383541107,0.08678696304559708
69,0.07310274988412857,233.91720581054688,0.12002082914113998,0.06892478466033936,198.8362579345703,0.1163061261177063,0.09283862262964249,0.0849141925573349,0.09711387753486633,0.08754981309175491
70,0.06773823499679565,197.16497802734375,0.11349194496870041,0.06732388585805893,192.57337951660156,0.11441376060247421,0.09147012233734131,0.08190460503101349,0.09129399806261063,0.08188822865486145
71,0.06962305307388306,223.83721923828125,0.1179160550236702,0.06690932810306549,191.5730743408203,0.11410804092884064,0.09112068265676498,0.08173288404941559,0.09609515964984894,0.08662611991167068
72,0.06613678485155106,192.67652893066406,0.11216043680906296,0.06583245098590851,188.6969757080078,0.11322291940450668,0.09069747477769852,0.08127013593912125,0.09045339375734329,0.08094369620084763
73,0.06847278773784637,218.7161865234375,0.11665216833353043,0.06547778099775314,187.28469848632812,0.11279875040054321,0.09024220705032349,0.08105592429637909,0.09484747052192688,0.08587759733200073
74,0.06847795099020004,219.65542602539062,0.11673185974359512,0.06530558317899704,186.8174285888672,0.11264342069625854,0.09009885042905807,0.08099780231714249,0.09445826709270477,0.08671099692583084
75,0.0677177682518959,220.41001892089844,0.11630180478096008,0.06499572843313217,185.1796417236328,0.11211619526147842,0.08939556777477264,0.08069629222154617,0.0937492623925209,0.0867556631565094
76,0.06414070725440979,186.46192932128906,0.11028637737035751,0.06385086476802826,182.677734375,0.11136412620544434,0.08921869844198227,0.08026165515184402,0.08894629031419754,0.07997285574674606
77,0.06538071483373642,199.1568145751953,0.11251940578222275,0.06374621391296387,183.2676544189453,0.11155245453119278,0.08926497399806976,0.08049067109823227,0.09120446443557739,0.08231788873672485
78,0.07163453847169876,245.01437377929688,0.1210557296872139,0.0633205696940422,181.67556762695312,0.11106521636247635,0.08929701149463654,0.08017338067293167,0.09691387414932251,0.09279348701238632
79,0.06909100711345673,237.78805541992188,0.11818072944879532,0.06333745270967484,179.79051208496094,0.1104380264878273,0.0881444588303566,0.08008802682161331,0.09507421404123306,0.0905849039554596
80,0.06269004195928574,181.45590209960938,0.10875450819730759,0.0624057874083519,177.6632537841797,0.10978247225284576,0.08785021305084229,0.07954448461532593,0.08769610524177551,0.0792781189084053
81,0.06180743873119354,179.5540771484375,0.10816775262355804,0.061658769845962524,176.1275634765625,0.10930191725492477,0.08762220293283463,0.07928341627120972,0.0874553918838501,0.07889214158058167
82,0.06360704451799393,207.40402221679688,0.11303958296775818,0.06173904612660408,176.56900024414062,0.10943359136581421,0.08763238042593002,0.07908342033624649,0.0933816060423851,0.08320190012454987
83,0.06098300591111183,177.53451538085938,0.10753662139177322,0.060776982456445694,173.93858337402344,0.10859660804271698,0.08730236440896988,0.0786614865064621,0.08714748173952103,0.07824267446994781
84,0.06304556131362915,202.27517700195312,0.1120893731713295,0.06064903736114502,173.1401824951172,0.10833688825368881,0.08714093267917633,0.07827182114124298,0.09343011677265167,0.08124252408742905
85,0.06850200146436691,309.7301940917969,0.12940949201583862,0.06170225143432617,175.9676055908203,0.10923564434051514,0.08846746385097504,0.07947607338428497,0.1171170324087143,0.09454643726348877
86,0.06090407818555832,175.72337341308594,0.10697007179260254,0.06069907918572426,171.5500946044922,0.10781755298376083,0.0865439847111702,0.07827003300189972,0.0868934690952301,0.07810381799936295
87,0.06010712683200836,173.35345458984375,0.10622682422399521,0.060020048171281815,169.87887573242188,0.10727392137050629,0.08602087199687958,0.07803358882665634,0.086016446352005,0.07771927118301392
88,0.05946332588791847,171.71669006347656,0.10571016371250153,0.059361349791288376,168.46774291992188,0.10681615024805069,0.08561895787715912,0.07791312783956528,0.0855596736073494,0.07747677713632584
89,0.06288314610719681,205.04891967773438,0.11177891492843628,0.2601396441459656,1443.71728515625,0.3159721791744232,0.2855083644390106,0.22701534628868103,0.09343418478965759,0.08141116797924042
90,0.06503232568502426,196.82415771484375,0.11075065284967422,0.05910838767886162,169.1327362060547,0.10701535642147064,0.08595138788223267,0.07782165706157684,0.08986437320709229,0.0810079276561737
91,0.06807467341423035,223.75086975097656,0.11394330859184265,0.06104263290762901,172.79739379882812,0.10813046991825104,0.08573030680418015,0.08027612417936325,0.09146199375391006,0.08494007587432861
92,0.05944506451487541,170.4930419921875,0.10531608760356903,0.05891663208603859,166.3419647216797,0.10607112944126129,0.08471472561359406,0.07774662971496582,0.08468829095363617,0.07781340181827545
93,0.05850601941347122,168.07154846191406,0.10454483330249786,0.05828003212809563,164.80484008789062,0.10557037591934204,0.08445828408002853,0.07740262895822525,0.08434226363897324,0.07711902260780334
94,0.05793493986129761,166.73574829101562,0.10411574691534042,0.05775168165564537,163.6873016357422,0.10519256442785263,0.08426018059253693,0.07719482481479645,0.08412022888660431,0.07683362811803818
95,0.057389844208955765,165.50071716308594,0.10371760278940201,0.057354722172021866,162.634521484375,0.10484830290079117,0.08401618897914886,0.07697330415248871,0.08388548344373703,0.0766170397400856
96,0.06039819121360779,183.37542724609375,0.10702779144048691,0.05856446549296379,165.19117736816406,0.10572562366724014,0.08436016738414764,0.07711635529994965,0.08721145242452621,0.07910843938589096
97,0.05716453492641449,164.92611694335938,0.10352538526058197,0.05685725063085556,161.31594848632812,0.10441447794437408,0.08385813236236572,0.07638026028871536,0.08376945555210114,0.07615344226360321
98,0.07133688032627106,291.6048889160156,0.12482459843158722,0.05856521800160408,165.6230010986328,0.10583112388849258,0.08441162109375,0.07937932014465332,0.10340673476457596,0.09831392019987106
99,0.05776897072792053,164.80496215820312,0.10348737984895706,0.057471174746751785,160.61578369140625,0.10419618338346481,0.08310342580080032,0.07691274583339691,0.08338271826505661,0.07720174640417099
100,0.0571465864777565,162.27647399902344,0.10266806930303574,0.05705827847123146,159.23886108398438,0.10370977967977524,0.08263012021780014,0.07645361870527267,0.08270154893398285,0.07615994662046432
101,0.05667771399021149,161.12158203125,0.1022900640964508,0.05659344792366028,158.2113494873047,0.10334716737270355,0.08241621404886246,0.07618432492017746,0.08238635212182999,0.07589227706193924
102,0.05624210461974144,160.01295471191406,0.10192593932151794,0.056220490485429764,157.2053680419922,0.1030164361000061,0.08216980844736099,0.07600336521863937,0.08210597932338715,0.07567746937274933
103,0.05581313744187355,158.96514892578125,0.10158085823059082,0.05579480901360512,156.22927856445312,0.10268508642911911,0.08193688094615936,0.07584882527589798,0.08185934275388718,0.07551160454750061
104,0.059177178889513016,179.49325561523438,0.10502351075410843,0.0712200477719307,184.72975158691406,0.11190755665302277,0.08973301202058792,0.08092012256383896,0.08540663123130798,0.07799522578716278
105,0.06088419258594513,167.70144653320312,0.10434957593679428,0.05607657879590988,156.79263305664062,0.10289023816585541,0.0819794312119484,0.07552769035100937,0.08291283249855042,0.0769469365477562
106,0.05544312670826912,157.92886352539062,0.101231649518013,0.05532015115022659,154.77394104003906,0.10219990462064743,0.0816572979092598,0.07529084384441376,0.08163478225469589,0.07495804131031036
107,0.1288735419511795,784.5770874023438,0.21453586220741272,0.11676915735006332,671.2839965820312,0.21539905667304993,0.19906747341156006,0.16673754155635834,0.203150674700737,0.16056309640407562
108,0.11519518494606018,657.5286865234375,0.20868362486362457,0.11514419317245483,609.9692993164062,0.20535407960414886,0.18771609663963318,0.15434542298316956,0.1930074691772461,0.15930427610874176
109,0.08291644603013992,299.1640319824219,0.1351889818906784,0.06730902940034866,179.72708129882812,0.11037706583738327,0.08816611021757126,0.07880208641290665,0.11905825138092041,0.09557899087667465
110,0.06673423200845718,178.01705932617188,0.10763704776763916,0.06672655791044235,171.2177734375,0.10761194676160812,0.08438676595687866,0.07614375650882721,0.08593166619539261,0.07691952586174011
111,0.06648232042789459,172.31716918945312,0.10585881769657135,0.066668301820755,168.0755157470703,0.1066012755036354,0.08282383531332016,0.07541654258966446,0.0833761990070343,0.07542882859706879
112,0.06618354469537735,169.23609924316406,0.10488257557153702,0.0662090852856636,165.93115234375,0.1058855652809143,0.08192076534032822,0.07514085620641708,0.08210426568984985,0.07485748827457428
113,0.06566005200147629,167.01087951660156,0.10417096316814423,0.0657816082239151,164.0164794921875,0.10522172600030899,0.08114033937454224,0.07500489056110382,0.08131825178861618,0.07462418079376221
114,0.06499478220939636,165.19163513183594,0.10358540713787079,0.06485948711633682,162.082275390625,0.10458660870790482,0.08064430207014084,0.07493704557418823,0.08079278469085693,0.07451360672712326
115,0.06423033773899078,163.4764404296875,0.1030290350317955,0.06410644203424454,160.5022430419922,0.10405484586954117,0.08027572184801102,0.07488346844911575,0.08031807839870453,0.07450013607740402
116,0.06342025846242905,161.7174530029297,0.10245613753795624,0.06313887983560562,158.83445739746094,0.10349217802286148,0.07981842756271362,0.07484365254640579,0.07988543808460236,0.0743648037314415
117,0.06253305077552795,160.1693878173828,0.10194939374923706,0.06234889477491379,157.34396362304688,0.10296952724456787,0.07946930825710297,0.07474873960018158,0.07953186333179474,0.07429298758506775
118,0.06171924248337746,158.71022033691406,0.10146847367286682,0.06154322251677513,155.91372680664062,0.10249564796686172,0.07914835959672928,0.07461393624544144,0.07919355481863022,0.07421481609344482
119,0.060942329466342926,157.35214233398438,0.10101955384016037,0.06079583987593651,154.66055297851562,0.10207684338092804,0.07892311364412308,0.07454787939786911,0.07888483256101608,0.07415282726287842
120,0.060206182301044464,155.96881103515625,0.10055984556674957,0.060106661170721054,153.3040771484375,0.10162555426359177,0.07858027517795563,0.07438156753778458,0.07860769331455231,0.07403568178415298
121,0.05954550951719284,154.75772094726562,0.10015547275543213,0.05944015830755234,152.16795349121094,0.10124102979898453,0.07832897454500198,0.07422924786806107,0.07833395153284073,0.0739452913403511
122,0.058888260275125504,153.5951690673828,0.0997658222913742,0.05880225822329521,150.93418884277344,0.10081158578395844,0.07807905972003937,0.0740840956568718,0.0780569314956665,0.07385194301605225
123,0.05828232318162918,152.53204345703125,0.09940864890813828,0.05817845091223717,149.83737182617188,0.10043965280056,0.07776820659637451,0.07400477677583694,0.0778021439909935,0.07375603169202805
124,0.057743918150663376,151.46029663085938,0.09904687106609344,0.057710520923137665,148.92678833007812,0.10008694231510162,0.07746674120426178,0.07388158142566681,0.07753349840641022,0.0736464411020279
125,0.05720942094922066,150.42767333984375,0.09869720786809921,0.05715937167406082,147.80075073242188,0.0996989756822586,0.07716657221317291,0.0737152099609375,0.0772777870297432,0.07351692020893097
126,0.05670483037829399,149.3360137939453,0.0983261838555336,0.056658901274204254,146.65499877929688,0.09929435700178146,0.07683219760656357,0.07354297488927841,0.07697846740484238,0.07336057722568512
127,0.05623176321387291,148.31243896484375,0.09797683358192444,0.056199751794338226,145.7370147705078,0.09897362440824509,0.07658026367425919,0.07341007143259048,0.07671482861042023,0.07322585582733154
128,0.055788420140743256,147.34661865234375,0.09764569252729416,0.055819038301706314,144.7547149658203,0.09862826019525528,0.07626359164714813,0.07319243997335434,0.07647046446800232,0.07309179753065109
129,0.05540071427822113,146.3682098388672,0.09730960428714752,0.055467408150434494,144.02325439453125,0.09835772961378098,0.07604174315929413,0.07308560609817505,0.07617562264204025,0.07294701784849167
130,0.054988615214824677,145.48046875,0.09700343012809753,0.05502704903483391,143.0974884033203,0.09803023189306259,0.07581289112567902,0.07293283939361572,0.075940802693367,0.07282369583845139
131,0.054617322981357574,144.6074676513672,0.09670157730579376,0.05474042892456055,142.24339294433594,0.09774108976125717,0.0754888579249382,0.0728311613202095,0.07569099217653275,0.0726795643568039
132,0.05428633838891983,143.6533660888672,0.09637036919593811,0.05439770221710205,141.343017578125,0.09740761667490005,0.07521431893110275,0.07266445457935333,0.07539225369691849,0.07250802963972092
133,0.05396066606044769,142.8143768310547,0.09607816487550735,0.05404389649629593,140.4569854736328,0.09709257632493973,0.07490921765565872,0.07250505685806274,0.07516434043645859,0.07234904170036316
134,0.05364058166742325,141.94775390625,0.09577520936727524,0.05373557284474373,139.6177978515625,0.09678927809000015,0.07466448843479156,0.0723256915807724,0.07490324974060059,0.07219472527503967
135,0.05334574356675148,141.12112426757812,0.09548533707857132,0.0534125454723835,138.7745361328125,0.09647945314645767,0.07436959445476532,0.07218162715435028,0.07466009259223938,0.07202489674091339
136,0.0530705563724041,140.25437927246094,0.09518010914325714,0.0531928576529026,137.8183135986328,0.09613626450300217,0.0740121454000473,0.07198617607355118,0.074392169713974,0.07185928523540497
137,0.05280620977282524,139.31463623046875,0.09484846889972687,0.05293746665120125,136.96929931640625,0.09582974016666412,0.07376956939697266,0.07178688049316406,0.0741105005145073,0.07166561484336853
138,0.05256127193570137,138.55682373046875,0.09457994997501373,0.05278441682457924,136.23501586914062,0.09556145966053009,0.07348666340112686,0.07160098105669022,0.07387672364711761,0.07149022072553635
139,0.052315082401037216,137.76321411132812,0.09429796785116196,0.05254846811294556,135.39682006835938,0.0952608659863472,0.07320734113454819,0.07142574340105057,0.07364873588085175,0.07130875438451767
140,0.05205570161342621,136.9739990234375,0.09401673078536987,0.05225367099046707,134.56398010253906,0.09496194124221802,0.07294462621212006,0.0712389200925827,0.07346326112747192,0.07111694663763046
141,0.05181390792131424,136.2973175048828,0.09377492219209671,0.052042100578546524,133.75421142578125,0.09466104954481125,0.07268105447292328,0.07100889831781387,0.07332909107208252,0.07094180583953857
142,0.05159490928053856,135.61529541015625,0.09353047609329224,0.05185272544622421,133.00997924804688,0.09437942504882812,0.07242083549499512,0.07079844921827316,0.07318616658449173,0.07075804471969604
143,0.05139177665114403,134.90713500976562,0.09327596426010132,0.051598601043224335,132.16566467285156,0.0940670371055603,0.07215788215398788,0.07059426605701447,0.07303158938884735,0.0705689787864685
144,0.051152680069208145,134.15040588378906,0.09300357103347778,0.051400233060121536,131.36962890625,0.09377474337816238,0.07191843539476395,0.07037810236215591,0.07284828275442123,0.0703747421503067
145,0.0509665384888649,133.40780639648438,0.09273581951856613,0.05117695778608322,130.66152954101562,0.0935053750872612,0.07166992127895355,0.07021521776914597,0.07262519747018814,0.07017704099416733
146,0.05079135298728943,132.7375946044922,0.09249305725097656,0.051031533628702164,129.9841766357422,0.09325127303600311,0.07142956554889679,0.07002245634794235,0.07242341339588165,0.06999977678060532
147,0.05061995983123779,131.99752807617188,0.09222467243671417,0.05088561773300171,129.3511199951172,0.09301353991031647,0.0712180882692337,0.06984289735555649,0.0721820667386055,0.06980494409799576
148,0.050457630306482315,131.2992401123047,0.09197057038545609,0.050689946860075,128.63436889648438,0.09274132549762726,0.07097923010587692,0.06965956836938858,0.07196406275033951,0.06962352246046066
149,0.05029373615980148,130.5705108642578,0.09170477092266083,0.05051518604159355,127.98575592041016,0.09249500185251236,0.07077694684267044,0.06946919858455658,0.07171721011400223,0.06944592297077179
150,0.05014295503497124,129.9029083251953,0.0914604440331459,0.05030066892504692,127.37174987792969,0.0922674685716629,0.07060687988996506,0.06930913031101227,0.07150540500879288,0.06926587224006653
151,0.04998079687356949,129.22756958007812,0.09121265262365341,0.05014454200863838,126.68477630615234,0.0920039638876915,0.07038291543722153,0.06909259408712387,0.07129152119159698,0.06907983869314194
152,0.04982205852866173,128.57901000976562,0.09097425639629364,0.04996155574917793,126.0713882446289,0.09176689386367798,0.07019572705030441,0.06891478598117828,0.07109876722097397,0.0689067542552948
153,0.04966835305094719,127.91432189941406,0.09072954207658768,0.04980842396616936,125.55903625488281,0.09157442301511765,0.07005559653043747,0.06874780356884003,0.07086231559515,0.06873401999473572
154,0.04952361062169075,127.34501647949219,0.09051930159330368,0.04964609816670418,125.13878631591797,0.09143169969320297,0.06990743428468704,0.06863842904567719,0.0706813633441925,0.06858334690332413
155,0.04938486963510513,126.68751525878906,0.09027592092752457,0.04949060454964638,124.55670928955078,0.09120994061231613,0.06969256699085236,0.06847603619098663,0.07041481882333755,0.06841892004013062
156,0.0492621585726738,126.10144805908203,0.09005807340145111,0.04938667267560959,124.05936431884766,0.09102439880371094,0.06949697434902191,0.06832712143659592,0.07020361721515656,0.06826813519001007
157,0.04913582280278206,125.5088882446289,0.08983766287565231,0.049237512052059174,123.48204803466797,0.09079901874065399,0.06928135454654694,0.06818734109401703,0.06998016685247421,0.0681157037615776
158,0.04900963231921196,124.92359161376953,0.08961927890777588,0.04915803298354149,122.92533111572266,0.09058348089456558,0.06910055130720139,0.06799983233213425,0.06975160539150238,0.06798508018255234
159,0.04888061434030533,124.33917999267578,0.08940067887306213,0.0490155853331089,122.41651153564453,0.0903814360499382,0.06893310695886612,0.06786226481199265,0.06955938786268234,0.06782684475183487
160,0.04874931648373604,123.78724670410156,0.08919373154640198,0.04889762029051781,121.95685577392578,0.09020953625440598,0.06878409534692764,0.06775359064340591,0.06933682411909103,0.06770920753479004
161,0.04862981662154198,123.29608917236328,0.08900909870862961,0.04876502603292465,121.42791748046875,0.08999265730381012,0.06852779537439346,0.06761520355939865,0.06917013227939606,0.06758863478899002
162,0.04852331429719925,122.8287353515625,0.08883295953273773,0.04862514138221741,120.90357971191406,0.08977986872196198,0.06836455315351486,0.06745325773954391,0.0690009742975235,0.06747615337371826
163,0.04842263087630272,122.26924896240234,0.08862195163965225,0.04853944852948189,120.42806243896484,0.0895940288901329,0.06820520013570786,0.06730788201093674,0.06877303868532181,0.06731591373682022
164,0.04833129420876503,121.73188781738281,0.08841877430677414,0.04847138747572899,119.84921264648438,0.0893772765994072,0.06795034557580948,0.0671314150094986,0.06855400651693344,0.06717841327190399
165,0.04821931570768356,121.24347686767578,0.08823370933532715,0.04835621640086174,119.40817260742188,0.08919988572597504,0.06785974651575089,0.06700652837753296,0.06837064027786255,0.06705139577388763
166,0.04811907187104225,120.81163787841797,0.08806975185871124,0.048216063529253006,119.0050048828125,0.08904789388179779,0.06773368269205093,0.06692906469106674,0.06826774775981903,0.06690223515033722
167,0.048001728951931,120.263671875,0.08786121755838394,0.04810362309217453,118.58856964111328,0.08888667076826096,0.06760652363300323,0.06684497743844986,0.06803707778453827,0.06678231805562973
168,0.04789039492607117,119.80643463134766,0.08768698573112488,0.047976862639188766,118.12074279785156,0.08871113508939743,0.06742718070745468,0.06675443798303604,0.06789875775575638,0.06664663553237915
169,0.047777339816093445,119.23450469970703,0.0874682143330574,0.047871123999357224,117.34541320800781,0.08841269463300705,0.06702578067779541,0.0665026307106018,0.06759287416934967,0.06655098497867584
170,0.04767955467104912,118.9361572265625,0.08735397458076477,0.047767769545316696,117.48345947265625,0.08846748620271683,0.0673433244228363,0.06657744199037552,0.06759129464626312,0.06641683727502823
171,0.0475635789334774,118.58078002929688,0.08721719682216644,0.04765967279672623,116.66394805908203,0.08814089000225067,0.06688813865184784,0.06627120822668076,0.06751564890146255,0.06630108505487442
172,0.04748803377151489,117.98946380615234,0.08698984235525131,0.0476204939186573,116.03864288330078,0.08788730204105377,0.06653027981519699,0.06605211645364761,0.06702379137277603,0.06630612164735794
173,0.04741901159286499,117.88465881347656,0.08694920688867569,0.04751389101147652,116.8735580444336,0.08821985870599747,0.06731893867254257,0.06646284461021423,0.06725523620843887,0.06613117456436157
174,0.04729089513421059,117.26545715332031,0.08670967072248459,0.04742326959967613,115.2633056640625,0.08759602159261703,0.06625040620565414,0.06584100425243378,0.06689689308404922,0.06603393703699112
175,0.04718908667564392,116.75996398925781,0.08651367574930191,0.047318730503320694,114.61690521240234,0.08733183145523071,0.06597178429365158,0.06561915576457977,0.06651914119720459,0.06605370342731476
176,0.04709545522928238,116.41571044921875,0.08638071268796921,0.04722471907734871,115.36699676513672,0.08762645721435547,0.06682269275188446,0.06583501398563385,0.06654473394155502,0.06583890318870544
177,0.04698802903294563,116.31989288330078,0.08634226024150848,0.04714047163724899,114.282958984375,0.08719193935394287,0.06597905606031418,0.06558530777692795,0.06681123375892639,0.06565030664205551
178,0.0469127856194973,115.5716781616211,0.08605200797319412,0.04710337147116661,113.74732208251953,0.08697479963302612,0.06568941473960876,0.06533981114625931,0.06613519042730331,0.06564287096261978
179,0.04684716463088989,115.2992172241211,0.08594566583633423,0.047040876001119614,114.0191879272461,0.08708439022302628,0.06610018759965897,0.0654459148645401,0.06614207476377487,0.06548786163330078
180,0.04676414653658867,115.12688446044922,0.08587750792503357,0.04691549390554428,113.3963394165039,0.08683723956346512,0.06570924818515778,0.06535550951957703,0.06627207249403,0.06534561514854431
181,0.04666987806558609,114.52388763427734,0.08564166724681854,0.04685729369521141,112.29955291748047,0.0863989070057869,0.06508718430995941,0.0649484172463417,0.06570617109537125,0.0653982013463974
182,0.04656067118048668,114.29791259765625,0.08555208891630173,0.046727921813726425,112.03075408935547,0.08628980815410614,0.06501783430576324,0.06488703191280365,0.06554900854825974,0.06549022346735
183,0.04645717144012451,113.82733154296875,0.08536838740110397,0.046647392213344574,112.13754272460938,0.086329884827137,0.06531863659620285,0.0648370236158371,0.06543639302253723,0.06523109972476959
184,0.04639098048210144,114.22565460205078,0.08552240580320358,0.046547047793865204,112.10218811035156,0.08632337301969528,0.06536810100078583,0.06492158770561218,0.06626176089048386,0.06500361114740372
185,0.04629119485616684,113.12879180908203,0.08509333431720734,0.04656063765287399,111.39681243896484,0.08603083342313766,0.06483574211597443,0.06465503573417664,0.06525243818759918,0.0649137794971466
186,0.046260155737400055,113.10287475585938,0.08508122712373734,0.04651118069887161,110.9093017578125,0.08583279699087143,0.0645788386464119,0.06453585624694824,0.06510776281356812,0.06509523093700409
187,0.04620170220732689,112.83309173583984,0.08497421443462372,0.046417463570833206,110.62985229492188,0.08572479337453842,0.06452115625143051,0.06444141268730164,0.06505916267633438,0.06498508155345917
188,0.046100929379463196,112.34545135498047,0.08478191494941711,0.04631660506129265,110.38621520996094,0.08562644571065903,0.06451165676116943,0.0643618255853653,0.06489535421133041,0.06478653103113174
189,0.04601278528571129,112.70207977294922,0.08492164313793182,0.04617094621062279,110.94107055664062,0.08585475385189056,0.06518666446208954,0.06452662497758865,0.06561058014631271,0.06462633609771729
190,0.045914843678474426,111.8090591430664,0.08456909656524658,0.04620104283094406,109.75421905517578,0.08537523448467255,0.06414010375738144,0.06425922363996506,0.06472642719745636,0.0646253153681755
191,0.0458688959479332,111.81379699707031,0.0845690444111824,0.04619210213422775,109.51806640625,0.08527898043394089,0.06403379887342453,0.06417670845985413,0.06472122669219971,0.06476221233606339
192,0.04583094269037247,111.36766815185547,0.08439300209283829,0.046149980276823044,109.4408950805664,0.08523952960968018,0.06406556069850922,0.06413780897855759,0.0645185261964798,0.06452879309654236
193,0.0458030141890049,111.12156677246094,0.0842951312661171,0.04611474648118019,109.58519744873047,0.08529894053936005,0.0644637867808342,0.06406600773334503,0.06447254121303558,0.06438931077718735
194,0.04575019329786301,111.4608154296875,0.08442728221416473,0.04600662738084793,109.17874145507812,0.08513976633548737,0.06414245069026947,0.06402871757745743,0.06516732275485992,0.06424524635076523
195,0.045648202300071716,110.65767669677734,0.08410851657390594,0.04595033451914787,108.64665985107422,0.08492326736450195,0.06370334327220917,0.06402379274368286,0.06422127038240433,0.06444421410560608
196,0.04554607346653938,110.4874038696289,0.0840393453836441,0.04583190008997917,108.38208770751953,0.08481689542531967,0.06368064880371094,0.06392177939414978,0.06423743069171906,0.06435659527778625
197,0.0454743318259716,110.12933349609375,0.08389630913734436,0.045778464525938034,108.1546401977539,0.08471830934286118,0.0636027529835701,0.06384740024805069,0.06408374011516571,0.0642254576086998
198,0.04543684795498848,110.46614837646484,0.08402968943119049,0.04569065943360329,109.73558044433594,0.08536636084318161,0.0653209462761879,0.06411240994930267,0.06471793353557587,0.06406654417514801
199,0.045354265719652176,109.65287780761719,0.08370571583509445,0.045645155012607574,107.87833404541016,0.08460020273923874,0.06356287747621536,0.06369084864854813,0.06403810530900955,0.06395012140274048
200,0.04533335193991661,109.94216918945312,0.08381805568933487,0.045572228729724884,107.5679931640625,0.08447318524122238,0.06338165700435638,0.06368126720190048,0.0640472024679184,0.06432630866765976
201,0.04527852311730385,109.22187805175781,0.08353101462125778,0.04552452638745308,107.46649932861328,0.08443677425384521,0.06337713450193405,0.06361925601959229,0.0636831596493721,0.06399697065353394
202,0.04518482834100723,108.9808120727539,0.08343365788459778,0.04541246220469475,107.42742156982422,0.08441906422376633,0.06353248655796051,0.06357569247484207,0.06365475058555603,0.0639052614569664
203,0.04510733112692833,109.71833038330078,0.08372612297534943,0.04527640342712402,107.21375274658203,0.08433280140161514,0.06339620798826218,0.06358814984560013,0.06457388401031494,0.06395784020423889
204,0.04500167444348335,108.54306030273438,0.08325642347335815,0.04529132321476936,106.865966796875,0.08418730646371841,0.06313811242580414,0.0634780004620552,0.06347985565662384,0.06381547451019287
205,0.04493138939142227,108.82778930664062,0.08336780220270157,0.04519515112042427,106.59451293945312,0.08407478779554367,0.06301186978816986,0.06342568248510361,0.06370623409748077,0.06406903266906738
206,0.04486440494656563,108.18167877197266,0.08310959488153458,0.04511411115527153,106.49666595458984,0.08403027057647705,0.0630214661359787,0.0634051114320755,0.063348688185215,0.06375906616449356
207,0.04482756555080414,108.15458679199219,0.08309720456600189,0.045128233730793,106.58123016357422,0.08405552804470062,0.06304839998483658,0.06356502324342728,0.06329533457756042,0.06386645883321762
208,0.04479135945439339,108.70137786865234,0.08331344276666641,0.045020196586847305,106.2170181274414,0.08389940112829208,0.06285286694765091,0.06335806101560593,0.0639701634645462,0.06389175355434418
209,0.04472735896706581,107.67897033691406,0.08290445804595947,0.04498184472322464,106.2821044921875,0.08393581956624985,0.0630638375878334,0.06331506371498108,0.06317822635173798,0.06357552856206894
210,0.04465806111693382,107.60147857666016,0.08287108689546585,0.04488000646233559,105.87620544433594,0.08376540243625641,0.06274999678134918,0.06338337808847427,0.06308219581842422,0.06371472775936127
211,0.04457801207900047,107.96414184570312,0.08301445841789246,0.0447908453643322,105.66352844238281,0.08367965370416641,0.06271223723888397,0.06328840553760529,0.06351761519908905,0.06382106244564056
212,0.044467993080616,107.07864379882812,0.08265835046768188,0.04470115154981613,105.66895294189453,0.08367495983839035,0.06290996074676514,0.06320025026798248,0.0629485696554184,0.06349387019872665
213,0.044374167919158936,106.92424011230469,0.08259409666061401,0.04462529346346855,105.38225555419922,0.08356039971113205,0.06258565932512283,0.06338196247816086,0.06283572316169739,0.06358583271503448
214,0.044273845851421356,107.62738037109375,0.08287514001131058,0.04447995871305466,105.16017150878906,0.08346628397703171,0.06253338605165482,0.06324233114719391,0.06360826641321182,0.06376079469919205
215,0.044172775000333786,106.45002746582031,0.08240092545747757,0.044403400272130966,105.20207977294922,0.08348102122545242,0.06273092329502106,0.063155397772789,0.06275708228349686,0.06336009502410889
216,0.044117238372564316,106.35122680664062,0.08235929906368256,0.04435349255800247,104.86542510986328,0.08334776014089584,0.06240143999457359,0.06327418982982635,0.06262324005365372,0.06347458809614182
217,0.04404555261135101,106.96028137207031,0.08260323107242584,0.04423551633954048,104.58064270019531,0.08322732895612717,0.06231451779603958,0.06310196965932846,0.06326858699321747,0.06364113837480545
218,0.04395182430744171,106.03524017333984,0.0822296068072319,0.04417264461517334,104.70094299316406,0.08327104151248932,0.0625709518790245,0.06308205425739288,0.0626063123345375,0.0633021667599678
219,0.043909817934036255,106.01402282714844,0.08221899718046188,0.04413868859410286,104.3517074584961,0.0831272229552269,0.06219586730003357,0.0631905049085617,0.06253630667924881,0.0634317472577095
220,0.04386240988969803,106.47095489501953,0.08240249752998352,0.04406619444489479,104.20250701904297,0.0830654576420784,0.06218219920992851,0.06301259994506836,0.062970831990242,0.06359752267599106
221,0.04378850385546684,105.68904876708984,0.08208467811346054,0.04401626065373421,104.3157958984375,0.08312421292066574,0.06236008554697037,0.0630275309085846,0.06243321672081947,0.06328682601451874
222,0.043722305446863174,105.84208679199219,0.08214467018842697,0.04394148662686348,103.91682434082031,0.0829562172293663,0.062088411301374435,0.06305598467588425,0.06252128630876541,0.06348787248134613
223,0.04362615570425987,105.69549560546875,0.08208398520946503,0.043813370168209076,103.72708892822266,0.08287587016820908,0.062069930136203766,0.0629621148109436,0.06258492916822433,0.06337391585111618
224,0.043507806956768036,105.29776000976562,0.08192131668329239,0.04371597245335579,103.69278717041016,0.08286060392856598,0.06211797147989273,0.0629519522190094,0.062385547906160355,0.063258096575737
225,0.043409314006567,105.35526275634766,0.08194291591644287,0.04360685870051384,103.4970932006836,0.08277285844087601,0.06200016662478447,0.06297194212675095,0.06249525770545006,0.06335030496120453
226,0.04330042749643326,105.10555267333984,0.08184025436639786,0.04348353296518326,103.36864471435547,0.08271590620279312,0.062008004635572433,0.06292541325092316,0.06241561099886894,0.06325970590114594
227,0.04319938272237778,104.84426879882812,0.08173243701457977,0.04338187724351883,103.21593475341797,0.08265024423599243,0.061944689601659775,0.0629170835018158,0.06229027360677719,0.06320849061012268
228,0.043100129812955856,104.77946472167969,0.08170467615127563,0.043288618326187134,103.0360107421875,0.08257225900888443,0.061877500265836716,0.06289027631282806,0.062302421778440475,0.06323477625846863
229,0.04300588741898537,104.55265045166016,0.08161087334156036,0.04317557066679001,102.86833190917969,0.0825025886297226,0.06179756298661232,0.0628834217786789,0.06217339262366295,0.06321199983358383
230,0.04290038347244263,104.45671081542969,0.08157067745923996,0.043088607490062714,102.73204803466797,0.08244024217128754,0.06177737936377525,0.06284158676862717,0.06218137592077255,0.06320282071828842
231,0.04279998689889908,104.21707153320312,0.08147110044956207,0.04298962280154228,102.64802551269531,0.08240743726491928,0.061775416135787964,0.06281621754169464,0.06207490712404251,0.06313946098089218
232,0.04270647093653679,104.15839385986328,0.08144557476043701,0.042874254286289215,102.49159240722656,0.08234371244907379,0.06171002611517906,0.06280571222305298,0.06210796907544136,0.06315594166517258
233,0.04261241853237152,103.93029022216797,0.08135087043046951,0.04278102517127991,102.40099334716797,0.0822998434305191,0.06171751767396927,0.06278560310602188,0.062020089477300644,0.06308797746896744
234,0.042513009160757065,103.76568603515625,0.08128200471401215,0.04267137870192528,102.18160247802734,0.08221138268709183,0.06162315234541893,0.06275885552167892,0.06196116283535957,0.0630800798535347
235,0.04242400825023651,103.66133880615234,0.08123791217803955,0.04257779195904732,102.04666900634766,0.08215145021677017,0.06156902760267258,0.062743179500103,0.06194581836462021,0.06308568269014359
236,0.04232846572995186,103.50514221191406,0.08117272704839706,0.04249035567045212,101.97883605957031,0.08211987465620041,0.061553776264190674,0.06276070326566696,0.06190044805407524,0.06304160505533218
237,0.04223422333598137,103.35070037841797,0.08110778778791428,0.04239657148718834,101.84111785888672,0.08206719905138016,0.06150731071829796,0.0627431645989418,0.06181450933218002,0.06304991245269775
238,0.042150530964136124,103.2472152709961,0.08106371760368347,0.042315758764743805,101.71697235107422,0.08201154321432114,0.061464957892894745,0.06271084398031235,0.06181734427809715,0.06304241716861725
239,0.042073775082826614,103.04573059082031,0.0809796079993248,0.04225340113043785,101.59619903564453,0.08196163177490234,0.0614209808409214,0.06269102543592453,0.06171290948987007,0.06299909204244614
240,0.042000044137239456,103.04415130615234,0.08097749948501587,0.04216534271836281,101.4460678100586,0.08189698308706284,0.061369068920612335,0.06266936659812927,0.06179707869887352,0.06299340724945068
241,0.04192359745502472,102.80545806884766,0.08087821304798126,0.042117007076740265,101.45203399658203,0.08189992606639862,0.061391327530145645,0.06264860928058624,0.061660490930080414,0.06292395293712616
242,0.04186466336250305,102.85885620117188,0.08089841157197952,0.042035967111587524,101.23368072509766,0.08180861920118332,0.0613001249730587,0.06262212246656418,0.06172908470034599,0.06299985945224762
243,0.04180174693465233,102.72201538085938,0.08084090054035187,0.041955940425395966,101.13725280761719,0.08176571875810623,0.06128387525677681,0.06261640787124634,0.06168011575937271,0.06294680386781693
244,0.04173893481492996,102.57723999023438,0.08078022301197052,0.04191819578409195,101.10804748535156,0.08175120502710342,0.061257775872945786,0.06262912601232529,0.061590444296598434,0.06293799728155136
245,0.04168815538287163,102.5730209350586,0.0807771235704422,0.041857700794935226,100.99213409423828,0.08169043064117432,0.06120789051055908,0.06261934340000153,0.061600685119628906,0.06296786665916443
246,0.04161699116230011,102.39488983154297,0.08070211857557297,0.041756488382816315,100.85668182373047,0.08162868767976761,0.0611666664481163,0.06259223073720932,0.06150099262595177,0.062953419983387
247,0.04152049869298935,102.27423095703125,0.08065090328454971,0.04165748506784439,100.71881866455078,0.08156908303499222,0.06111643835902214,0.06257203966379166,0.061481792479753494,0.06293116509914398
248,0.04142366722226143,102.04947662353516,0.08055693656206131,0.04158788546919823,100.64946746826172,0.08153783529996872,0.06111355498433113,0.06256117671728134,0.06138315796852112,0.0628775879740715
249,0.04134022071957588,102.0459213256836,0.08055379986763,0.04148523136973381,100.4120101928711,0.08142995089292526,0.0610242523252964,0.06250153481960297,0.06142732873558998,0.06291063874959946
250,0.04125337675213814,101.89768981933594,0.08049149811267853,0.04139518365263939,100.36298370361328,0.08140743523836136,0.06103834882378578,0.06250785291194916,0.06140678748488426,0.0628395527601242
251,0.041168827563524246,101.65982818603516,0.08039190620183945,0.04131823033094406,100.32139587402344,0.081387460231781,0.06104502081871033,0.06251329928636551,0.06127852201461792,0.06278096139431
252,0.04109366238117218,101.7296142578125,0.0804191380739212,0.04122452065348625,100.0741958618164,0.08128149062395096,0.06092794984579086,0.06245024874806404,0.061384253203868866,0.06285576522350311
253,0.04101003706455231,101.43637084960938,0.08029692620038986,0.041152797639369965,100.13585662841797,0.08130441606044769,0.061009734869003296,0.06248483806848526,0.061251841485500336,0.06272761523723602
254,0.04093295708298683,101.2756576538086,0.08022868633270264,0.04108716920018196,99.84353637695312,0.08118236064910889,0.060850322246551514,0.06239767745137215,0.06114674732089043,0.06273883581161499
255,0.040870558470487595,101.50875091552734,0.08032423257827759,0.041005466133356094,99.8010025024414,0.08116298168897629,0.060861311852931976,0.06240999698638916,0.06143137067556381,0.06279395520687103
256,0.040786538273096085,101.04815673828125,0.08013264089822769,0.04094436392188072,100.17269897460938,0.08132114261388779,0.06115449219942093,0.06263577193021774,0.061185818165540695,0.0625857561826706
257,0.040708109736442566,100.84164428710938,0.08004580438137054,0.04087400436401367,100.26095581054688,0.08135651051998138,0.061161864548921585,0.0627768412232399,0.0610976405441761,0.0625210553407669
258,0.04064083471894264,101.248779296875,0.08021311461925507,0.04084974154829979,101.38800811767578,0.08185075223445892,0.0615701861679554,0.06379256397485733,0.0614706389605999,0.06272764503955841
259,0.040546201169490814,100.57806396484375,0.07993362098932266,0.0407136045396328,99.7177734375,0.0811290293931961,0.060828451067209244,0.06264559924602509,0.061037346720695496,0.06245776265859604
260,0.040488358587026596,100.49666595458984,0.07989822328090668,0.04063250496983528,99.28661346435547,0.0809364765882492,0.060692254453897476,0.06232958659529686,0.0608840174973011,0.06258705258369446
261,0.04043331742286682,100.63054656982422,0.07995279133319855,0.04053489491343498,99.07259368896484,0.08084256201982498,0.06066250056028366,0.06224757060408592,0.06100199744105339,0.06270935386419296
262,0.040353745222091675,100.31275177001953,0.07981956005096436,0.040467821061611176,99.02024841308594,0.0808200016617775,0.06066048890352249,0.062263358384370804,0.06089222803711891,0.06252342462539673
263,0.04028797149658203,100.24797821044922,0.07979150861501694,0.04041040316224098,98.92308807373047,0.08077820390462875,0.06062536686658859,0.062235452234745026,0.06090608984231949,0.0625201016664505
264,0.04022480174899101,100.18119049072266,0.07976242154836655,0.04035762697458267,98.80292510986328,0.08072628080844879,0.06058860197663307,0.062192004173994064,0.0609118826687336,0.0625138208270073
265,0.040164075791835785,100.0153579711914,0.07969194650650024,0.04029061645269394,98.68486022949219,0.0806775912642479,0.06056131049990654,0.06216645985841751,0.06084685027599335,0.062459494918584824
266,0.0401066355407238,99.91943359375,0.07965056598186493,0.040225621312856674,98.55147552490234,0.08063332736492157,0.06055159121751785,0.0621345080435276,0.060824811458587646,0.062451839447021484
267,0.04004456102848053,99.83425903320312,0.07961386442184448,0.040178921073675156,98.47019958496094,0.08060068637132645,0.06052732467651367,0.06213337555527687,0.060829728841781616,0.06242671608924866
268,0.039979271590709686,99.64225006103516,0.07953254878520966,0.04012959823012352,98.39910888671875,0.08056827634572983,0.060537490993738174,0.06211824342608452,0.06076484173536301,0.06235402449965477
269,0.0399264432489872,99.54383850097656,0.07949016988277435,0.040055450052022934,98.18231964111328,0.08048198372125626,0.06045321747660637,0.0620403029024601,0.060697924345731735,0.06236230209469795
270,0.039869531989097595,99.63701629638672,0.0795278251171112,0.0399714894592762,98.06598663330078,0.08042959868907928,0.06040459871292114,0.062031764537096024,0.06083618476986885,0.06240612268447876
271,0.03981224447488785,99.33967590332031,0.07940275967121124,0.039937492460012436,98.29554748535156,0.08053267002105713,0.060574255883693695,0.0622095987200737,0.06069938465952873,0.062251169234514236
272,0.039769530296325684,99.19794464111328,0.07934243977069855,0.039905864745378494,98.80525207519531,0.08075032383203506,0.06083914637565613,0.06260589510202408,0.06066005304455757,0.06217609718441963
273,0.039723657071590424,99.7542495727539,0.07957208156585693,0.039842914789915085,97.81101989746094,0.08033178746700287,0.06032443046569824,0.062003858387470245,0.061120644211769104,0.062448326498270035
274,0.039653174579143524,98.73297882080078,0.07914402335882187,0.039780374616384506,97.6860580444336,0.08025909960269928,0.060282859951257706,0.06191353127360344,0.06042094528675079,0.06200956553220749
275,0.03961552307009697,98.80400085449219,0.07917286455631256,0.03972542658448219,97.78456115722656,0.08030325919389725,0.06033641844987869,0.062049414962530136,0.06045179069042206,0.06212190166115761
276,0.039568401873111725,98.7388916015625,0.07914408296346664,0.03968720883131027,97.51136016845703,0.08018434047698975,0.06026839837431908,0.061862971633672714,0.06040848419070244,0.062173888087272644
277,0.039519645273685455,98.8515853881836,0.07919015735387802,0.03963858634233475,97.3882064819336,0.08013106137514114,0.0602143369615078,0.0618213415145874,0.06053587421774864,0.06225290894508362
278,0.039474282413721085,98.61846923828125,0.07909124344587326,0.039594028145074844,97.5472183227539,0.08019991964101791,0.060340650379657745,0.06195976957678795,0.060461148619651794,0.06208855286240578
279,0.0394410714507103,98.41033935546875,0.07900220900774002,0.03954566270112991,97.36144256591797,0.08011877536773682,0.06027376651763916,0.06182340160012245,0.06034053489565849,0.06201763451099396
280,0.03942311927676201,98.68074035644531,0.07911410182714462,0.03951933979988098,97.05575561523438,0.07998982816934586,0.06011626496911049,0.061699844896793365,0.06052497774362564,0.06221751868724823
281,0.039389826357364655,98.3359375,0.07896854728460312,0.03949309512972832,97.2905044555664,0.08008374273777008,0.0602639801800251,0.06186830624938011,0.0603528656065464,0.06200297921895981
282,0.03935772925615311,98.2098617553711,0.07891400158405304,0.03947373852133751,97.1098403930664,0.08001041412353516,0.060153696686029434,0.06181848794221878,0.06029704585671425,0.06195563077926636
283,0.03934658691287041,98.31666564941406,0.07895752042531967,0.039476387202739716,96.96051025390625,0.0799410417675972,0.06009194627404213,0.06169683486223221,0.06038150191307068,0.062059227377176285
284,0.03932880237698555,98.18521881103516,0.07890113443136215,0.03945821151137352,97.1919937133789,0.08003770560026169,0.06020110845565796,0.06187667325139046,0.06034351512789726,0.061963267624378204
285,0.039292968809604645,98.03728485107422,0.07883728295564651,0.03940025344491005,96.9876708984375,0.0799480751156807,0.06010061502456665,0.06179562211036682,0.06027587130665779,0.061922602355480194
286,0.039244722574949265,97.96966552734375,0.07880717515945435,0.039342910051345825,96.80851745605469,0.07987045496702194,0.06002216786146164,0.061737097799777985,0.060267724096775055,0.06191478669643402
287,0.03919406980276108,97.86540222167969,0.07876183837652206,0.03928864374756813,96.70132446289062,0.07982232421636581,0.05999171733856201,0.06172022223472595,0.06023964285850525,0.061881039291620255
288,0.0391441248357296,97.71835327148438,0.07869821786880493,0.03925112634897232,96.71833801269531,0.07983333617448807,0.06000249832868576,0.06177130714058876,0.06020010635256767,0.061819612979888916
289,0.0390896238386631,97.5911865234375,0.07864300906658173,0.03919341042637825,96.57237243652344,0.07976849377155304,0.05995243042707443,0.061712004244327545,0.060160957276821136,0.06178874522447586
290,0.039041005074977875,97.49394989013672,0.07860050350427628,0.03914551064372063,96.46723937988281,0.07971810549497604,0.05990850180387497,0.06168251857161522,0.06013457104563713,0.06176728755235672
291,0.038994356989860535,97.37908172607422,0.07855049520730972,0.0391051284968853,96.363037109375,0.07967223972082138,0.059867821633815765,0.06164824217557907,0.060098327696323395,0.061733685433864594
292,0.03894638642668724,97.27690124511719,0.07850584387779236,0.039057206362485886,96.23672485351562,0.07961916923522949,0.059831734746694565,0.061613380908966064,0.06007911637425423,0.06169499456882477
293,0.03890495002269745,97.20633697509766,0.07847467809915543,0.03901900723576546,96.18063354492188,0.07959417998790741,0.05980768799781799,0.06162490323185921,0.060075558722019196,0.06166985258460045
294,0.03885782137513161,97.08937072753906,0.07842368632555008,0.03897954151034355,96.19572448730469,0.0796012133359909,0.05980714410543442,0.06169169396162033,0.060041286051273346,0.061632122844457626
295,0.03880621865391731,96.94064331054688,0.0783592015504837,0.03892631083726883,96.2454833984375,0.07962187379598618,0.05984848737716675,0.06178417056798935,0.060008298605680466,0.06156424432992935
296,0.03876407817006111,96.83042907714844,0.07831113785505295,0.038881685584783554,96.1806640625,0.07959199696779251,0.05981667712330818,0.061789728701114655,0.05996202677488327,0.06154109910130501
297,0.038724135607481,96.73793029785156,0.07827045768499374,0.038829654455184937,96.03279876708984,0.07952656596899033,0.059777915477752686,0.06172525882720947,0.05993012338876724,0.061521776020526886
298,0.03867107257246971,96.62300872802734,0.07822024077177048,0.03877553716301918,95.94622039794922,0.07949107140302658,0.05975796654820442,0.06172697991132736,0.0598965659737587,0.06149357557296753
299,0.03862525150179863,96.5076675415039,0.07816970348358154,0.03874001279473305,95.87506103515625,0.07945286482572556,0.059748951345682144,0.06167394667863846,0.05985906347632408,0.06146332249045372
300,0.038585662841796875,96.42626190185547,0.07813368737697601,0.03870838135480881,95.79725646972656,0.07942117005586624,0.05971863493323326,0.06165389344096184,0.05983341112732887,0.0614466667175293
301,0.03853636607527733,96.31456756591797,0.07808476686477661,0.038663752377033234,95.73828125,0.07939856499433517,0.059741467237472534,0.0616452731192112,0.05980546399950981,0.06141400337219238
302,0.03848802298307419,96.22688293457031,0.07804591953754425,0.038625605404376984,95.69293212890625,0.07937721163034439,0.05971881002187729,0.06166056543588638,0.05979692563414574,0.06137523800134659
303,0.03844406083226204,96.09615325927734,0.07798875868320465,0.03859278932213783,95.630126953125,0.07934790849685669,0.059706754982471466,0.06167267635464668,0.059742335230112076,0.06133626773953438
304,0.038398921489715576,96.02305603027344,0.0779561698436737,0.038556717336177826,95.72345733642578,0.07938682287931442,0.05971637740731239,0.06181222200393677,0.05975475162267685,0.061304885894060135
305,0.0383540503680706,95.90028381347656,0.07790237665176392,0.03852580115199089,95.76146697998047,0.07940244674682617,0.05970511958003044,0.061910051852464676,0.059722695499658585,0.061260346323251724
306,0.03831159323453903,95.79717254638672,0.07785692065954208,0.038470108062028885,95.61062622070312,0.07933972775936127,0.059636492282152176,0.06187371537089348,0.059690121561288834,0.06123341619968414
307,0.03826326131820679,95.66754913330078,0.07779998332262039,0.038429342210292816,95.54869079589844,0.07930836826562881,0.059592001140117645,0.06189674511551857,0.059646446257829666,0.061188943684101105
308,0.0382266603410244,95.52607727050781,0.0777379497885704,0.038377732038497925,95.32389831542969,0.07921230792999268,0.05953831225633621,0.061764899641275406,0.05958940461277962,0.061137598007917404
309,0.038190655410289764,95.4061508178711,0.07768465578556061,0.038311414420604706,94.61653900146484,0.07890018075704575,0.05940103530883789,0.06114927679300308,0.059490352869033813,0.061157308518886566
310,0.03815793618559837,95.59541320800781,0.07776441425085068,0.038269735872745514,94.55609130859375,0.07886497676372528,0.05935214087367058,0.061156224459409714,0.0596315860748291,0.06131964176893234
311,0.03809555992484093,95.2895736694336,0.07763230800628662,0.03823276236653328,94.88182067871094,0.07900472730398178,0.059446386992931366,0.06148764491081238,0.059554364532232285,0.06108517199754715
312,0.0380539745092392,95.15375518798828,0.07757280021905899,0.03820860758423805,94.90601348876953,0.079014353454113,0.05942602828145027,0.06159256026148796,0.05951489135622978,0.061015237122774124
313,0.0380239337682724,95.05209350585938,0.07752757519483566,0.03816843032836914,94.71800231933594,0.0789330005645752,0.0593658909201622,0.061496734619140625,0.059455130249261856,0.06100038066506386
314,0.03799273073673248,94.96776580810547,0.07749003916978836,0.03811931610107422,94.45923614501953,0.07881917804479599,0.05930641293525696,0.061326511204242706,0.05940770357847214,0.060994766652584076
315,0.03796521574258804,94.903076171875,0.07746069133281708,0.03809284046292305,94.2722396850586,0.07874194532632828,0.05925425514578819,0.06121484562754631,0.059373654425144196,0.06100435554981232
316,0.03793797269463539,94.84458923339844,0.07743432372808456,0.03805230185389519,94.21219635009766,0.07871471345424652,0.059244073927402496,0.06122223660349846,0.059360187500715256,0.06098990887403488
317,0.037906914949417114,94.737548828125,0.07738705724477768,0.03804235905408859,94.36662292480469,0.07877803593873978,0.05928751081228256,0.061368804425001144,0.0593438483774662,0.060922253876924515
318,0.037888750433921814,94.64940643310547,0.07734782248735428,0.03802093118429184,94.2669677734375,0.0787324383854866,0.05924017354846001,0.06131313368678093,0.05929729714989662,0.06089141592383385
319,0.0378672294318676,94.62237548828125,0.07733505219221115,0.03799928352236748,94.13798522949219,0.07868095487356186,0.05919244512915611,0.06125941500067711,0.05928363651037216,0.06090793013572693
320,0.037859052419662476,94.57720947265625,0.07731427252292633,0.03797740489244461,94.0897445678711,0.07865632325410843,0.05914651229977608,0.06125054135918617,0.05927347019314766,0.06089044362306595
321,0.03784431144595146,94.49160766601562,0.07727599143981934,0.0379655621945858,93.94233703613281,0.07859168201684952,0.059081099927425385,0.06116741895675659,0.059232763946056366,0.06086302548646927
322,0.037835728377103806,94.52467346191406,0.07728897780179977,0.037950728088617325,93.87834930419922,0.07856293767690659,0.05903223156929016,0.061152953654527664,0.05926245078444481,0.06091255694627762
323,0.03779246285557747,94.39361572265625,0.07723140716552734,0.03789997845888138,93.88188934326172,0.07856263220310211,0.05904204770922661,0.061207763850688934,0.059228330850601196,0.06084678694605827
324,0.037747014313936234,94.23912048339844,0.07716339826583862,0.03786448389291763,93.87772369384766,0.0785607323050499,0.05901935324072838,0.06125413253903389,0.05919075757265091,0.060763049870729446
325,0.037702325731515884,94.11921691894531,0.0771104097366333,0.03781791403889656,93.80667114257812,0.07852864265441895,0.059007976204156876,0.061247650533914566,0.05915048345923424,0.06071856990456581
326,0.03765954449772835,94.02356719970703,0.07706782221794128,0.037786416709423065,93.70388793945312,0.07848192751407623,0.05897776409983635,0.06120327487587929,0.059124656021595,0.06069234386086464
327,0.037617772817611694,93.91213989257812,0.07701823860406876,0.03774967044591904,93.35972595214844,0.07832831144332886,0.05890168994665146,0.0609344020485878,0.05907556787133217,0.06067786365747452
328,0.03758876398205757,93.93968963623047,0.07702895253896713,0.03770672157406807,93.23247528076172,0.07827136665582657,0.058863501995801926,0.060880545526742935,0.059095349162817,0.06074725091457367
329,0.03753913193941116,93.7740478515625,0.07695619016885757,0.03767944127321243,93.24639892578125,0.07827547937631607,0.05886029824614525,0.06094145029783249,0.05906880274415016,0.06063766032457352
330,0.03749430924654007,93.65959930419922,0.07690546661615372,0.037640802562236786,93.17118835449219,0.07824384421110153,0.05884171277284622,0.060934245586395264,0.05903596431016922,0.06059793010354042
331,0.037458501756191254,93.58102416992188,0.07687027752399445,0.03759568929672241,93.06774139404297,0.07819534093141556,0.05881580710411072,0.06089043244719505,0.059010621160268784,0.06058461591601372
332,0.037424080073833466,93.50895690917969,0.07683798670768738,0.03755313530564308,93.08381652832031,0.07820701599121094,0.05882302671670914,0.060979511588811874,0.059002965688705444,0.06056351214647293
333,0.03738851472735405,93.3912582397461,0.07678566128015518,0.03750917688012123,93.0047378540039,0.07817177474498749,0.058802615851163864,0.06096566468477249,0.05897509679198265,0.06049976497888565
334,0.037347208708524704,93.30225372314453,0.07674600183963776,0.03747771307826042,92.91765594482422,0.07813091576099396,0.0587737150490284,0.060930971056222916,0.058943405747413635,0.06048732250928879
335,0.0373111367225647,93.20349884033203,0.07670197635889053,0.03743452578783035,92.76933288574219,0.07806439697742462,0.058744899928569794,0.06083916872739792,0.058908507227897644,0.06045813858509064
336,0.03727446869015694,93.1308364868164,0.07666920870542526,0.0374009944498539,92.65101623535156,0.07801061868667603,0.058712612837553024,0.06077902391552925,0.058900199830532074,0.06044024974107742
337,0.03724001720547676,93.06096649169922,0.07663767039775848,0.03736158832907677,92.54219818115234,0.07796169817447662,0.05868073180317879,0.06073636934161186,0.05888081714510918,0.06042860075831413
338,0.037201300263404846,92.97236633300781,0.07659800350666046,0.03732774779200554,92.51589965820312,0.07794787734746933,0.05864885821938515,0.06075868755578995,0.05888136103749275,0.060371316969394684
339,0.03716099634766579,92.86302947998047,0.07654944062232971,0.03729904070496559,92.36726379394531,0.07788163423538208,0.05861325189471245,0.06067334860563278,0.058846376836299896,0.060335416346788406
340,0.03713222220540047,92.80998992919922,0.07652506977319717,0.037261635065078735,92.23915100097656,0.07782375067472458,0.05857519432902336,0.060595814138650894,0.05883505567908287,0.06033086031675339
341,0.0370919443666935,92.72515869140625,0.07648729532957077,0.03723597899079323,92.18721008300781,0.07779861241579056,0.05855225399136543,0.060603104531764984,0.0588100291788578,0.06031370908021927
342,0.03705776855349541,92.64593505859375,0.07645181566476822,0.03719361498951912,92.10881805419922,0.07776274532079697,0.05853045731782913,0.06058124452829361,0.05879601836204529,0.0602816641330719
343,0.03702350705862045,92.55040740966797,0.07640915364027023,0.03715607523918152,92.03781127929688,0.07773090153932571,0.05850881710648537,0.060570623725652695,0.058770135045051575,0.06024348363280296
344,0.03699151426553726,92.47290802001953,0.07637421786785126,0.037113673985004425,91.84136962890625,0.07764223963022232,0.0584733709692955,0.06042516976594925,0.05875232443213463,0.06022216007113457
345,0.03696076571941376,92.42601776123047,0.07635270804166794,0.037085048854351044,91.75765228271484,0.07760515064001083,0.05844468995928764,0.06038171425461769,0.05873306468129158,0.060234185308218
346,0.03692328557372093,92.33157348632812,0.0763106718659401,0.0370522066950798,91.798583984375,0.07762157917022705,0.058440905064344406,0.06046995148062706,0.0587201751768589,0.06018991768360138
347,0.036885928362607956,92.25113677978516,0.07627455145120621,0.03701304644346237,91.72853088378906,0.07758959382772446,0.05842052027583122,0.06046225503087044,0.05869743600487709,0.06016404554247856
348,0.03685211017727852,92.16682434082031,0.0762367993593216,0.03698042780160904,91.7022476196289,0.07757754623889923,0.058403126895427704,0.060494355857372284,0.05868023261427879,0.060131318867206573
349,0.0368194542825222,92.09048461914062,0.07620241492986679,0.03694438934326172,91.60344696044922,0.07753292471170425,0.058384884148836136,0.06044495105743408,0.058659352362155914,0.060110438615083694
350,0.03678929805755615,92.00587463378906,0.0761643499135971,0.03690877929329872,91.53644561767578,0.07750319689512253,0.058368075639009476,0.06042928621172905,0.0586378388106823,0.06007641181349754
351,0.03675699234008789,91.9277114868164,0.07612921297550201,0.03688196465373039,91.46517944335938,0.07747217267751694,0.05835328623652458,0.060396548360586166,0.05861855298280716,0.0600498802959919
352,0.03672873228788376,91.8665542602539,0.07610146701335907,0.036847762763500214,91.37279510498047,0.07743065804243088,0.058323659002780914,0.06036379933357239,0.05860019475221634,0.060039784759283066
353,0.03669978678226471,91.79014587402344,0.07606696337461472,0.0368141308426857,91.2452621459961,0.07737287133932114,0.0582980215549469,0.06028134375810623,0.05858098343014717,0.06001101806759834
354,0.0366731695830822,91.7283935546875,0.07603900134563446,0.03679042309522629,91.10523986816406,0.07731059938669205,0.0582653246819973,0.06020283326506615,0.05856248363852501,0.059997688978910446
355,0.036643899977207184,91.66641235351562,0.07601092755794525,0.03675917908549309,91.02774047851562,0.07727519422769547,0.0582454539835453,0.06017410010099411,0.05855352059006691,0.05997270345687866
356,0.036612823605537415,91.58773803710938,0.0759754627943039,0.036731917411088943,90.9525375366211,0.07724597305059433,0.05824131891131401,0.0601549856364727,0.058536749333143234,0.05994013696908951
357,0.03658495098352432,91.503173828125,0.0759374350309372,0.036712367087602615,90.906494140625,0.07722356170415878,0.05822150036692619,0.06013588234782219,0.058508262038230896,0.05990489572286606
358,0.03655700385570526,91.43797302246094,0.07590796053409576,0.0366818904876709,90.83306884765625,0.07719021290540695,0.05819937214255333,0.06010909005999565,0.05849071964621544,0.05988642945885658
359,0.0365288145840168,91.38018035888672,0.0758817046880722,0.03664473444223404,90.6991195678711,0.07711716741323471,0.05822824686765671,0.06006629019975662,0.05847608670592308,0.05987345054745674
360,0.03649325668811798,91.27900695800781,0.07583647221326828,0.036617036908864975,90.6778564453125,0.07710684835910797,0.05821490287780762,0.06008460000157356,0.05845457687973976,0.059820447117090225
361,0.03646783158183098,91.23173522949219,0.07581476867198944,0.036588214337825775,90.53236389160156,0.07704086601734161,0.05817717686295509,0.059990741312503815,0.05842650309205055,0.05982616916298866
362,0.036439910531044006,91.17367553710938,0.07578839361667633,0.03655865415930748,90.47467041015625,0.07701442390680313,0.05816024914383888,0.05997722968459129,0.058419376611709595,0.059810515493154526
363,0.03641479089856148,91.1107177734375,0.0757599025964737,0.03652386739850044,90.35206604003906,0.0769605040550232,0.05813123658299446,0.05992404744029045,0.05840407311916351,0.05978454276919365
364,0.03638966754078865,91.05514526367188,0.07573467493057251,0.03649454191327095,90.27328491210938,0.07692467421293259,0.0581098236143589,0.0598905123770237,0.058383967727422714,0.05977237597107887
365,0.036361273378133774,90.97808837890625,0.07569992542266846,0.03646593540906906,90.19965362548828,0.07689113914966583,0.05809063836932182,0.05986124649643898,0.05836798623204231,0.059741780161857605
366,0.03633439913392067,90.91373443603516,0.07567079365253448,0.03643947094678879,90.10902404785156,0.07684995234012604,0.05806403234601021,0.0598154254257679,0.05835213512182236,0.059720903635025024
367,0.03631189838051796,90.85619354248047,0.07564464211463928,0.03642052039504051,90.03385162353516,0.07681740075349808,0.058039773255586624,0.05977994576096535,0.058332957327365875,0.059703148901462555
368,0.036286067217588425,90.79629516601562,0.0756174623966217,0.03639211133122444,89.9753189086914,0.07679076492786407,0.05801854655146599,0.059767670929431915,0.05832023173570633,0.05968186631798744
369,0.03625807166099548,90.72760772705078,0.07558634132146835,0.036364149302244186,89.9230728149414,0.07677153497934341,0.05799662694334984,0.05975252762436867,0.05830760300159454,0.059649642556905746
370,0.036231860518455505,90.66004943847656,0.07555564492940903,0.03633921965956688,89.85771942138672,0.07674165815114975,0.05797550454735756,0.059729691594839096,0.0582837238907814,0.05962849780917168
371,0.036203838884830475,90.58696746826172,0.07552250474691391,0.0363122932612896,89.80509185791016,0.07671751081943512,0.057958755642175674,0.05971884727478027,0.058265529572963715,0.05959836393594742
372,0.03617985174059868,90.53938293457031,0.07550066709518433,0.03628777340054512,89.71222686767578,0.07667499035596848,0.057925932109355927,0.059675462543964386,0.05825214087963104,0.05959267169237137
373,0.036154378205537796,90.4776840209961,0.07547249644994736,0.036262061446905136,89.63809204101562,0.07664065808057785,0.057905908674001694,0.05964129418134689,0.05823570489883423,0.05957070738077164
374,0.03613013029098511,90.41278839111328,0.07544302940368652,0.0362413264811039,89.55343627929688,0.07660168409347534,0.05790230259299278,0.059591758996248245,0.05821751430630684,0.059545550495386124
375,0.03610602766275406,90.35676574707031,0.07541746646165848,0.03621717542409897,89.49961853027344,0.07657694071531296,0.05788661912083626,0.05957606062293053,0.05820218473672867,0.05953172594308853
376,0.036077145487070084,90.28160095214844,0.07538339495658875,0.03619029000401497,89.4551773071289,0.07655680924654007,0.057865507900714874,0.059579700231552124,0.05817949399352074,0.059499792754650116
377,0.036052484065294266,90.23683166503906,0.07536285370588303,0.036166392266750336,89.4027328491211,0.07653278112411499,0.05785035341978073,0.05956524983048439,0.05816926062107086,0.059491027146577835
378,0.03602997958660126,90.17516326904297,0.0753348097205162,0.03614358976483345,89.346435546875,0.07650694996118546,0.057834442704916,0.05954635143280029,0.058150582015514374,0.05946803838014603
379,0.03600553050637245,90.12847900390625,0.0753134936094284,0.036120958626270294,89.31141662597656,0.07649286091327667,0.05781494453549385,0.05956307426095009,0.05814461410045624,0.059453170746564865
380,0.035978902131319046,90.04986572265625,0.07527787983417511,0.0360972099006176,89.27349090576172,0.07647518813610077,0.057806991040706635,0.05955812707543373,0.05812246724963188,0.05941914767026901
381,0.0359569676220417,89.99453735351562,0.07525266706943512,0.03607446700334549,89.20748901367188,0.07644500583410263,0.05778026208281517,0.05953487008810043,0.05810420587658882,0.059402864426374435
382,0.035939477384090424,89.95246124267578,0.07523329555988312,0.036052387207746506,89.12321472167969,0.07640639692544937,0.05776239559054375,0.05948605015873909,0.058086149394512177,0.05939915403723717
383,0.03591698408126831,89.892578125,0.07520600408315659,0.03604167699813843,89.09089660644531,0.07639207690954208,0.057745855301618576,0.05947776511311531,0.0580735020339489,0.05937552452087402
384,0.03589479625225067,89.83802032470703,0.07518120855093002,0.03601973503828049,89.04330444335938,0.07637018710374832,0.05773118510842323,0.0594649501144886,0.05806047096848488,0.059354331344366074
385,0.0358724407851696,89.7703857421875,0.07515057176351547,0.03599834442138672,88.99445343017578,0.07634774595499039,0.05771641060709953,0.05944887921214104,0.05804070830345154,0.059325817972421646
386,0.035852961242198944,89.7236099243164,0.07512907683849335,0.035977091640233994,88.93024444580078,0.07631819695234299,0.05769919604063034,0.05941758677363396,0.05802612006664276,0.05931566283106804
387,0.03583585098385811,89.674560546875,0.0751066580414772,0.035955749452114105,88.89525604248047,0.07630205899477005,0.05768655985593796,0.05941677838563919,0.058008547872304916,0.05929725244641304
388,0.03581725060939789,89.6173324584961,0.07508058845996857,0.035941194742918015,88.8503189086914,0.07627797871828079,0.057695865631103516,0.05939872935414314,0.057991690933704376,0.059276483952999115
389,0.035798560827970505,89.57087707519531,0.07505933940410614,0.035922687500715256,88.77305603027344,0.07624266296625137,0.057672180235385895,0.0593690499663353,0.05797871947288513,0.059264350682497025
390,0.03578265383839607,89.51140594482422,0.07503219693899155,0.035909395664930344,88.71054077148438,0.07621373236179352,0.05765361338853836,0.05933355167508125,0.05795527249574661,0.05923894792795181
391,0.03576904162764549,89.48712158203125,0.07502075284719467,0.035890258848667145,88.68656921386719,0.07620261609554291,0.057643234729766846,0.059341397136449814,0.057956140488386154,0.05923651531338692
392,0.0357508547604084,89.4115982055664,0.07498662173748016,0.035872627049684525,88.66700744628906,0.07619218528270721,0.057631611824035645,0.059341512620449066,0.0579233355820179,0.05920251086354256
393,0.035738490521907806,89.37427520751953,0.07496948540210724,0.03585461527109146,88.59754943847656,0.07616142183542252,0.05761822313070297,0.059309687465429306,0.057905975729227066,0.05919141322374344
394,0.03572918474674225,89.33802795410156,0.07495280355215073,0.035841673612594604,88.53740692138672,0.07613273710012436,0.057586006820201874,0.05926678329706192,0.057881034910678864,0.059192683547735214
395,0.035716280341148376,89.33512115478516,0.07495095580816269,0.03584679216146469,88.53174591064453,0.07612882554531097,0.057564761489629745,0.059259433299303055,0.057899873703718185,0.059189435094594955
396,0.03570198640227318,89.2691650390625,0.07492094486951828,0.03582492470741272,88.4636459350586,0.07609818130731583,0.05757890269160271,0.05922114849090576,0.057876091450452805,0.059141598641872406
397,0.03570131957530975,89.26051330566406,0.07491643726825714,0.035829152911901474,88.45446014404297,0.07609488070011139,0.05756469443440437,0.0592302642762661,0.057867396622896194,0.059138599783182144
398,0.035703226923942566,89.2442626953125,0.07490860670804977,0.03583453968167305,88.4460678100586,0.07609491795301437,0.05757656320929527,0.05924773961305618,0.0578414686024189,0.059148870408535004
399,0.03570472076535225,89.20458984375,0.07489030063152313,0.03583570569753647,88.42333984375,0.07608503848314285,0.05757377669215202,0.05924845486879349,0.057824213057756424,0.059119198471307755
400,0.03570394217967987,89.20856475830078,0.07489132136106491,0.03582607954740524,88.3396224975586,0.0760463997721672,0.05753796920180321,0.05920945852994919,0.05785604566335678,0.059116654098033905
401,0.035694632679224014,89.18553924560547,0.07488047331571579,0.035812001675367355,88.26828002929688,0.07601569592952728,0.0575166754424572,0.059187207370996475,0.057839471846818924,0.05912163481116295
402,0.0356697253882885,89.0992660522461,0.07484149187803268,0.035791993141174316,88.23632049560547,0.0760008692741394,0.05750869959592819,0.059183020144701004,0.05781540274620056,0.05907268077135086
403,0.03565210849046707,89.05624389648438,0.07482179999351501,0.035773541778326035,88.19001007080078,0.07597972452640533,0.05749831348657608,0.05916661396622658,0.057805731892585754,0.059059761464595795
404,0.035630177706480026,89.01009368896484,0.07480070739984512,0.03575596958398819,88.16027069091797,0.07596612721681595,0.057471293956041336,0.05917522311210632,0.05779312178492546,0.05905086174607277
405,0.03560527041554451,88.93383026123047,0.07476621121168137,0.035737294703722,88.11575317382812,0.07594572007656097,0.057460956275463104,0.05915924906730652,0.057765137404203415,0.059022463858127594
406,0.035588059574365616,88.88968658447266,0.0747460350394249,0.035718537867069244,88.07567596435547,0.07592727243900299,0.057450372725725174,0.059144020080566406,0.05775981396436691,0.059008896350860596
407,0.035569168627262115,88.84476470947266,0.07472535967826843,0.03569665178656578,87.9825668334961,0.07588483393192291,0.057424794882535934,0.05909809470176697,0.05774510279297829,0.0589960440993309
408,0.03554805740714073,88.78984832763672,0.07470028847455978,0.03567545488476753,87.97200775146484,0.07588013261556625,0.05741297826170921,0.05911555141210556,0.05772260203957558,0.05898658558726311
409,0.035526614636182785,88.72620391845703,0.07467138022184372,0.035659100860357285,87.93993377685547,0.07586542516946793,0.05740637704730034,0.05910775065422058,0.057707902044057846,0.05895356833934784
410,0.035505134612321854,88.66402435302734,0.07464297860860825,0.03564222902059555,87.83377838134766,0.07581645995378494,0.057378847151994705,0.059036049991846085,0.057692695409059525,0.0589330792427063
411,0.03549300134181976,88.65777587890625,0.07463965564966202,0.035624369978904724,87.8009262084961,0.07580133527517319,0.05736219137907028,0.05903223901987076,0.05769724398851395,0.058944329619407654
412,0.03546341881155968,88.55731201171875,0.07459437847137451,0.03560313954949379,87.78575134277344,0.0757954940199852,0.0573686882853508,0.05904170498251915,0.0576711930334568,0.058890994638204575
413,0.035446979105472565,88.51333618164062,0.07457415759563446,0.03558758273720741,87.73905944824219,0.07577423006296158,0.05735079571604729,0.05902663990855217,0.05765288695693016,0.058884039521217346
414,0.03542570024728775,88.47258758544922,0.07455537468194962,0.035576749593019485,87.61884307861328,0.07571852952241898,0.057317186146974564,0.05894354358315468,0.05763950198888779,0.05888206884264946
415,0.035413872450590134,88.44876098632812,0.074544258415699,0.03555964305996895,87.58638763427734,0.07570379972457886,0.0573020800948143,0.058938853442668915,0.05764217674732208,0.05887630209326744
416,0.035392723977565765,88.38150024414062,0.07451371848583221,0.035543717443943024,87.5718994140625,0.07569725066423416,0.05730915442109108,0.05892723426222801,0.057617105543613434,0.058848991990089417
417,0.03537677600979805,88.32928466796875,0.07448985427618027,0.03552180156111717,87.55816650390625,0.07569020241498947,0.057300955057144165,0.058922670781612396,0.05759771913290024,0.05882923677563667
418,0.03536073863506317,88.28163146972656,0.07446806877851486,0.035480424761772156,87.44487762451172,0.07563430070877075,0.05730682983994484,0.058863818645477295,0.057578712701797485,0.05881435051560402
419,0.03534114733338356,88.22859191894531,0.07444379478693008,0.035470012575387955,87.36145782470703,0.07559593766927719,0.05728316307067871,0.058814819902181625,0.05754813551902771,0.0588083453476429
420,0.03532719984650612,88.2118148803711,0.07443584501743317,0.03545505553483963,87.31983184814453,0.07557689398527145,0.0572698749601841,0.0587991364300251,0.05756092071533203,0.0588025264441967
421,0.03530888631939888,88.14749145507812,0.07440661638975143,0.035434138029813766,87.28514099121094,0.07555968314409256,0.05726459249854088,0.05877610668540001,0.057546403259038925,0.05876925215125084
422,0.03528893366456032,88.07310485839844,0.0743727907538414,0.03542262688279152,87.23297882080078,0.07553547620773315,0.0572524257004261,0.05874625965952873,0.05751299858093262,0.05874150991439819
423,0.03527604788541794,88.03978729248047,0.07435739040374756,0.035408906638622284,87.19331359863281,0.07551730424165726,0.05724192410707474,0.05873211845755577,0.05750177428126335,0.058742232620716095
424,0.035263046622276306,87.9968032836914,0.07433769851922989,0.03539464995265007,87.1395263671875,0.07549302279949188,0.057224176824092865,0.0587056502699852,0.05749250575900078,0.05872781202197075
425,0.0352497398853302,87.96257781982422,0.07432191073894501,0.035380296409130096,87.10798645019531,0.07547859102487564,0.057218439877033234,0.05869558826088905,0.057489342987537384,0.0587112195789814
426,0.035235706716775894,87.90282440185547,0.07429460436105728,0.03536065295338631,87.06253814697266,0.07545722275972366,0.057201869785785675,0.0586819127202034,0.05746670812368393,0.058685895055532455
427,0.03522219881415367,87.88878631591797,0.07428781688213348,0.03534962981939316,87.00961303710938,0.07543282955884933,0.057179637253284454,0.05866077169775963,0.057464830577373505,0.058706559240818024
428,0.03520139306783676,87.81379699707031,0.07425380498170853,0.03533423691987991,86.978515625,0.07541895657777786,0.057191550731658936,0.05863974243402481,0.05745017156004906,0.058656446635723114
429,0.03518761694431305,87.79322052001953,0.07424409687519073,0.03532371297478676,86.92891693115234,0.0753960981965065,0.05717107281088829,0.058619171380996704,0.057437554001808167,0.058668553829193115
430,0.03516990691423416,87.73368835449219,0.07421699166297913,0.03530203923583031,86.86865234375,0.07536479085683823,0.057134587317705154,0.05858311429619789,0.05742707848548889,0.0586368702352047
431,0.03515398129820824,87.69609069824219,0.07419964671134949,0.03528951480984688,86.82341766357422,0.07534406334161758,0.05711747333407402,0.05856463685631752,0.0574142225086689,0.05863109976053238
432,0.03513621911406517,87.6442642211914,0.07417599856853485,0.03528156131505966,86.76261901855469,0.0753185823559761,0.05709803104400635,0.05854977294802666,0.05739552900195122,0.05861824378371239
433,0.035122256726026535,87.61499786376953,0.07416246086359024,0.035269830375909805,86.72671508789062,0.07530198991298676,0.05708407983183861,0.058538131415843964,0.05739204213023186,0.058611489832401276
434,0.03510545194149017,87.55438232421875,0.07413484901189804,0.03525659441947937,86.68778228759766,0.07528425008058548,0.057064615190029144,0.05852535367012024,0.05737634003162384,0.058583009988069534
435,0.03509148955345154,87.51681518554688,0.07411757856607437,0.0352364256978035,86.63814544677734,0.07526152580976486,0.05705171450972557,0.058513399213552475,0.05736607313156128,0.05857120826840401
436,0.035074383020401,87.48127746582031,0.07410136610269547,0.03522279113531113,86.62976837158203,0.07525761425495148,0.05704858899116516,0.058518219739198685,0.057366300374269485,0.05855260044336319
437,0.035055454820394516,87.42269134521484,0.0740746259689331,0.03520709276199341,86.57510375976562,0.07523255795240402,0.057037293910980225,0.05848902091383934,0.05734032019972801,0.05853429436683655
438,0.03504393994808197,87.39849853515625,0.07406319677829742,0.03519955277442932,86.5006332397461,0.07519812881946564,0.05700627341866493,0.05845152586698532,0.05732147768139839,0.05853580683469772
439,0.03503011539578438,87.36144256591797,0.07404634356498718,0.03517044708132744,86.47349548339844,0.07518516480922699,0.05699649080634117,0.05845046788454056,0.05732143297791481,0.05852702632546425
440,0.03501317277550697,87.28897857666016,0.07401329278945923,0.035158392041921616,86.43927764892578,0.0751693993806839,0.0569932647049427,0.058435920625925064,0.05728955566883087,0.0584879033267498
441,0.035000890493392944,87.27387237548828,0.0740060806274414,0.03515017405152321,86.38421630859375,0.07514327019453049,0.05698401853442192,0.05841175094246864,0.05728646367788315,0.05849786847829819
442,0.0349838025867939,87.21202850341797,0.07397791743278503,0.03513914719223976,86.34099578857422,0.0751226544380188,0.05696587637066841,0.05839753895998001,0.05726819485425949,0.05846524238586426
443,0.03497225418686867,87.17899322509766,0.07396261394023895,0.035128649324178696,86.29045104980469,0.07509952783584595,0.056936562061309814,0.058379534631967545,0.057259451597929,0.05846579745411873
444,0.03495962172746658,87.14202880859375,0.07394561171531677,0.035118162631988525,86.27323913574219,0.07509069889783859,0.0569344162940979,0.05836976319551468,0.05725810304284096,0.058448128402233124
445,0.034943513572216034,87.08788299560547,0.07392087578773499,0.03510760888457298,86.22931671142578,0.07507036626338959,0.056920140981674194,0.0583520270884037,0.05723816156387329,0.058427661657333374
446,0.03493106737732887,87.05864715576172,0.07390735298395157,0.03509144112467766,86.18603515625,0.07505183666944504,0.0569012388586998,0.05834105983376503,0.05723010376095772,0.0584225133061409
447,0.03491600602865219,87.0167236328125,0.07388809323310852,0.03507869690656662,86.17719268798828,0.075047567486763,0.056903958320617676,0.05834159627556801,0.0572214312851429,0.05840718373656273
448,0.03489963710308075,86.94831085205078,0.07385680824518204,0.03505986928939819,86.09172821044922,0.07500886172056198,0.05688423663377762,0.05830833688378334,0.057183362543582916,0.05838366597890854
449,0.03489271178841591,86.95765686035156,0.07386067509651184,0.03505176678299904,86.04313659667969,0.07498661428689957,0.05685446783900261,0.05829347297549248,0.05720182880759239,0.058399949222803116
450,0.03487581014633179,86.88874053955078,0.0738292783498764,0.03504057601094246,86.02581024169922,0.07497848570346832,0.05685378238558769,0.058288268744945526,0.05718301981687546,0.058365292847156525
451,0.034862153232097626,86.82178497314453,0.07379870861768723,0.03502823784947395,85.95803833007812,0.07494860887527466,0.056850071996450424,0.05824902281165123,0.05714862421154976,0.05834245681762695
452,0.034858137369155884,86.81216430664062,0.07379400730133057,0.03502975404262543,85.91222381591797,0.074925996363163,0.05680433288216591,0.05824673920869827,0.057126883417367935,0.05836902931332588
453,0.03484834358096123,86.79452514648438,0.07378579676151276,0.03501574695110321,85.8925552368164,0.07491714507341385,0.05679755657911301,0.05824125185608864,0.057151660323143005,0.05834456905722618
454,0.034829653799533844,86.71764373779297,0.07375075668096542,0.03498755022883415,85.8276596069336,0.07488943636417389,0.056813206523656845,0.058215297758579254,0.057118311524391174,0.05830996856093407
455,0.03482046723365784,86.70877075195312,0.07374641299247742,0.03497657552361488,85.78616333007812,0.07486996799707413,0.056796588003635406,0.05819929763674736,0.057121049612760544,0.05831955745816231
456,0.03480547294020653,86.6623306274414,0.07372511923313141,0.034959498792886734,85.7647476196289,0.07485972344875336,0.056796539574861526,0.058188360184431076,0.05711504444479942,0.058296408504247665
457,0.03479005768895149,86.60758209228516,0.07370000332593918,0.034947048872709274,85.72071075439453,0.07484058290719986,0.056796614080667496,0.05817785486578941,0.05709186941385269,0.05828038603067398
458,0.034780118614435196,86.5787353515625,0.0736866146326065,0.03493579477071762,85.68856048583984,0.07482577115297318,0.05678441748023033,0.05816693976521492,0.05707918107509613,0.05828016996383667
459,0.034767307341098785,86.52046966552734,0.07365989685058594,0.03492403402924538,85.65642547607422,0.0748109221458435,0.05677136033773422,0.058157872408628464,0.05706023424863815,0.05825412645936012
460,0.034756436944007874,86.48746490478516,0.07364465296268463,0.03490838408470154,85.61050415039062,0.07478871196508408,0.05675480142235756,0.058138005435466766,0.05704601854085922,0.058248501271009445
461,0.03474558889865875,86.44346618652344,0.07362432032823563,0.0348990224301815,85.57172393798828,0.0747707411646843,0.05674212798476219,0.05812336876988411,0.0570274218916893,0.058235324919223785
462,0.03473353758454323,86.41350555419922,0.07361049205064774,0.03488907963037491,85.5350341796875,0.07475399971008301,0.056724000722169876,0.05811232700943947,0.057020142674446106,0.05822951719164848
463,0.03471999615430832,86.35633850097656,0.07358415424823761,0.034879643470048904,85.49638366699219,0.07473467290401459,0.056710172444581985,0.05809345096349716,0.05699450150132179,0.058211758732795715
464,0.03471178933978081,86.36788177490234,0.07358913123607635,0.034866925328969955,85.47647857666016,0.0747254341840744,0.0567091666162014,0.05809255316853523,0.05702061951160431,0.05821721628308296
465,0.034696064889431,86.28871154785156,0.0735529437661171,0.03485283628106117,85.46248626708984,0.07471808046102524,0.056720636785030365,0.05808553099632263,0.05699126049876213,0.058173030614852905
466,0.03468251973390579,86.23907470703125,0.07353001832962036,0.03484262526035309,85.40281677246094,0.0746912956237793,0.05670136958360672,0.058064647018909454,0.05695991963148117,0.05817464366555214
467,0.0346737839281559,86.21527862548828,0.07351873070001602,0.034835461527109146,85.3487548828125,0.0746660977602005,0.056670479476451874,0.05804848298430443,0.05695289373397827,0.058178503066301346
468,0.034664858132600784,86.20259094238281,0.07351262867450714,0.034824807196855545,85.32019805908203,0.07465261965990067,0.05666201561689377,0.058038849383592606,0.05696827173233032,0.05816986784338951
469,0.03464633226394653,86.12049865722656,0.07347504049539566,0.03481408208608627,85.29501342773438,0.07464127987623215,0.056668758392333984,0.058027613908052444,0.05692922696471214,0.05813473090529442
470,0.03463830053806305,86.10175323486328,0.07346611469984055,0.03480561450123787,85.23548126220703,0.07461215555667877,0.056631121784448624,0.05801353603601456,0.05691690742969513,0.0581439845263958
471,0.034625086933374405,86.0732421875,0.07345286011695862,0.034791089594364166,85.21088409423828,0.07460018247365952,0.05662984028458595,0.05800514668226242,0.05692337080836296,0.05812795087695122
472,0.03461207076907158,86.0133285522461,0.0734253004193306,0.034781765192747116,85.18772888183594,0.07458894699811935,0.056637953966856,0.057993125170469284,0.056899458169937134,0.05810144171118736
473,0.03460323065519333,85.99419403076172,0.07341616600751877,0.03477152809500694,85.1507339477539,0.0745713859796524,0.05662037059664726,0.057982031255960464,0.056902892887592316,0.058093734085559845
474,0.03458939492702484,85.95153045654297,0.07339639216661453,0.034760866314172745,85.10482788085938,0.07455142587423325,0.056576602160930634,0.05796126648783684,0.05687832832336426,0.058087870478630066
475,0.03457900509238243,85.91818237304688,0.07338085770606995,0.03475290164351463,85.06640625,0.07453340291976929,0.05655800923705101,0.05795197933912277,0.056872639805078506,0.05807524919509888
476,0.03456620126962662,85.87959289550781,0.07336302846670151,0.03474174812436104,85.06790161132812,0.07453329861164093,0.05657133087515831,0.057960014790296555,0.05686722695827484,0.05806111544370651
477,0.034554753452539444,85.82899475097656,0.07333962619304657,0.03473415598273277,85.03714752197266,0.07451863586902618,0.056562673300504684,0.05795131251215935,0.05684366077184677,0.05804547667503357
478,0.03454546257853508,85.80074310302734,0.07332640141248703,0.03472309559583664,84.9656753540039,0.074486143887043,0.05652077868580818,0.05792483314871788,0.056832022964954376,0.05804317817091942
479,0.034536212682724,85.79244995117188,0.07332229614257812,0.03471161797642708,84.94023132324219,0.07447414845228195,0.05651777982711792,0.05791385844349861,0.056847501546144485,0.05803943797945976
480,0.03451896086335182,85.71906280517578,0.0732884556055069,0.03470075875520706,84.92121124267578,0.07446517795324326,0.056527744978666306,0.05790554732084274,0.0568101741373539,0.058011215180158615
481,0.0345112606883049,85.68770599365234,0.07327373325824738,0.03469954431056976,84.8650894165039,0.07443822920322418,0.05648009106516838,0.0578986294567585,0.05678937956690788,0.058013975620269775
482,0.03450261428952217,85.68605041503906,0.07327268272638321,0.034683506935834885,84.83769989013672,0.07442546635866165,0.056474070996046066,0.057882461696863174,0.05682680383324623,0.05799737572669983
483,0.034487754106521606,85.61164093017578,0.07323841005563736,0.03466489911079407,84.82247924804688,0.07441770285367966,0.05649109557271004,0.05788344889879227,0.05678270384669304,0.05797114223241806
484,0.034479834139347076,85.58065795898438,0.07322385162115097,0.03465760871767998,84.77706146240234,0.07439641654491425,0.056459516286849976,0.057874467223882675,0.05675767734646797,0.05797950178384781
485,0.03446926549077034,85.58464813232422,0.07322528213262558,0.03464822098612785,84.74335479736328,0.07438036054372787,0.056437600404024124,0.057863038033246994,0.05679932236671448,0.05796576291322708
486,0.03445635735988617,85.5254898071289,0.07319806516170502,0.03463474661111832,84.77313995361328,0.074393630027771,0.05649782344698906,0.05787390470504761,0.056772101670503616,0.057941585779190063
487,0.034448254853487015,85.47312927246094,0.07317380607128143,0.03462708368897438,84.73513793945312,0.0743757113814354,0.05647432804107666,0.0578630305826664,0.05671362578868866,0.05795079842209816
488,0.034439872950315475,85.46097564697266,0.07316773384809494,0.03462465852499008,84.6550521850586,0.07433836907148361,0.0563870407640934,0.05785959213972092,0.056721899658441544,0.05794765427708626
489,0.03442706540226936,85.47711944580078,0.07317478954792023,0.03460739180445671,84.6562728881836,0.0743379071354866,0.05642443150281906,0.0578438974916935,0.056813135743141174,0.057907845824956894
490,0.03441489860415459,85.3742446899414,0.07312767207622528,0.034592609852552414,84.7043685913086,0.07435952872037888,0.05653059482574463,0.0578339621424675,0.05670533329248428,0.05790361016988754
491,0.034405194222927094,85.29086303710938,0.073089100420475,0.034601084887981415,84.59904479980469,0.07431072741746902,0.056404415518045425,0.05782351642847061,0.0566132590174675,0.05790203809738159
492,0.03440970554947853,85.43643951416016,0.07315478473901749,0.03459862992167473,84.52273559570312,0.07427563518285751,0.05631221458315849,0.05781407281756401,0.05679048225283623,0.05793264880776405
493,0.03438519686460495,85.31356048583984,0.07309872657060623,0.034570369869470596,84.56356048583984,0.07429511845111847,0.056447964161634445,0.05778646096587181,0.05675489827990532,0.05783403292298317
494,0.03437826409935951,85.23076629638672,0.0730605348944664,0.0345589742064476,84.57623291015625,0.07430078089237213,0.056497056037187576,0.05777706950902939,0.05663128197193146,0.0578664131462574
495,0.03438149765133858,85.22549438476562,0.07305747270584106,0.03458256274461746,84.45020294189453,0.07423917204141617,0.05630168691277504,0.05782288312911987,0.05657690763473511,0.05791572108864784
496,0.03437459096312523,85.39185333251953,0.07313307374715805,0.03454417735338211,84.42790222167969,0.0742296501994133,0.056347645819187164,0.05776918679475784,0.05691630765795708,0.05782975256443024
497,0.03434588760137558,85.13681030273438,0.07301664352416992,0.034532640129327774,84.4976577758789,0.07426159828901291,0.056464701890945435,0.057760708034038544,0.05665665864944458,0.05778101459145546
498,0.03435273468494415,85.13692474365234,0.07301618158817291,0.03452729061245918,84.40511322021484,0.0742168202996254,0.05635509639978409,0.0577581450343132,0.05656290799379349,0.0578753836452961
499,0.03435058146715164,85.1695327758789,0.07303065061569214,0.03452513739466667,84.36839294433594,0.07419941574335098,0.0563042089343071,0.05776732414960861,0.056641895323991776,0.057853247970342636
500,0.034338708966970444,85.10904693603516,0.07300261408090591,0.03453484922647476,84.38430786132812,0.074204221367836,0.05630302056670189,0.05775299668312073,0.056634869426488876,0.05779653042554855
501,0.0343373641371727,85.09090423583984,0.07299400120973587,0.03452952951192856,84.37332153320312,0.07419711351394653,0.05630064383149147,0.05774250999093056,0.05662136524915695,0.05778924375772476
502,0.03434543311595917,85.08876037597656,0.07299263775348663,0.03453505411744118,84.32122039794922,0.07417331635951996,0.05628376081585884,0.05772870033979416,0.05659046024084091,0.05780549347400665
503,0.03435634449124336,85.10414123535156,0.07299935072660446,0.034533366560935974,84.29118347167969,0.07415922731161118,0.056254394352436066,0.057713739573955536,0.056597478687763214,0.05781200900673866
504,0.034345630556344986,85.06610107421875,0.07298135757446289,0.0345313660800457,84.32152557373047,0.07417719066143036,0.05628562718629837,0.057762354612350464,0.05658502131700516,0.05779479816555977
505,0.034331660717725754,85.00360107421875,0.07295238971710205,0.03451487794518471,84.3026123046875,0.07416709512472153,0.056290946900844574,0.05775826424360275,0.056574106216430664,0.0577600821852684
506,0.03432391583919525,84.9901123046875,0.07294581085443497,0.03451220318675041,84.26074981689453,0.07414761930704117,0.05625351890921593,0.05775492265820503,0.05655139684677124,0.05777924880385399
507,0.03431110829114914,84.94688415527344,0.0729256421327591,0.03450111672282219,84.22984313964844,0.07413266599178314,0.056234102696180344,0.05775729939341545,0.056563809514045715,0.05773887783288956
508,0.034300025552511215,84.91618347167969,0.07291125506162643,0.0344826877117157,84.17802429199219,0.07410335540771484,0.05621371045708656,0.05770383030176163,0.05655520036816597,0.05772801861166954
509,0.034285932779312134,84.85401153564453,0.07288239151239395,0.03448053076863289,84.1562271118164,0.0740927904844284,0.056198786944150925,0.05771752446889877,0.05650102719664574,0.05772757530212402
510,0.03427920863032341,84.90081787109375,0.07290327548980713,0.03447185084223747,84.11107635498047,0.07407206296920776,0.05615846440196037,0.057707641273736954,0.0565730482339859,0.05773444473743439
511,0.03425735980272293,84.8148422241211,0.07286374270915985,0.03444747254252434,84.1181411743164,0.07407401502132416,0.056222740560770035,0.05768772214651108,0.0565534271299839,0.057675670832395554
512,0.03424563258886337,84.732666015625,0.07282567769289017,0.0344327948987484,84.06031799316406,0.0740484967827797,0.056197911500930786,0.05768951028585434,0.056434985250234604,0.05770202726125717
513,0.034245289862155914,84.86752319335938,0.07288658618927002,0.034434523433446884,84.00494384765625,0.07402288913726807,0.056126032024621964,0.057674337178468704,0.05659861117601395,0.05772238224744797
514,0.03421197831630707,84.7502212524414,0.07283296436071396,0.03440030664205551,84.03691864013672,0.07403564453125,0.056242287158966064,0.057659827172756195,0.05659748241305351,0.05762626603245735
515,0.03420140966773033,84.64360046386719,0.07278382778167725,0.034373361617326736,84.06584167480469,0.07404886931180954,0.056329239159822464,0.05764176324009895,0.05644281953573227,0.05765310674905777
516,0.03419836610555649,84.66104888916016,0.0727909505367279,0.03439603000879288,83.9411392211914,0.07399197667837143,0.05610887333750725,0.05767161399126053,0.05641716346144676,0.05771367624402046
517,0.034179460257291794,84.82334899902344,0.072864830493927,0.03435538336634636,83.89492797851562,0.07396859675645828,0.0561228021979332,0.05760517716407776,0.056788522750139236,0.057606492191553116
518,0.03414083644747734,84.51945495605469,0.07272535562515259,0.03433600813150406,83.93199920654297,0.0739864632487297,0.05621722713112831,0.057598359882831573,0.05649031326174736,0.05754736810922623
519,0.03414452448487282,84.56189727783203,0.07274438440799713,0.034329209476709366,83.87164306640625,0.0739581435918808,0.05615793541073799,0.05759096145629883,0.056441351771354675,0.057656895369291306
520,0.03412795811891556,84.51246643066406,0.07272128015756607,0.03432184085249901,83.84151458740234,0.07394315302371979,0.05614202469587326,0.05758720636367798,0.056446295231580734,0.057612959295511246
521,0.034122709184885025,84.5086669921875,0.07271905988454819,0.03431085869669914,83.81233215332031,0.07392863929271698,0.056130778044462204,0.057577695697546005,0.05646360293030739,0.057613302022218704
522,0.03410811722278595,84.4691162109375,0.07270047813653946,0.03428926691412926,83.78234100341797,0.0739152655005455,0.056138306856155396,0.0575815811753273,0.0564604178071022,0.05758721008896828
523,0.034095168113708496,84.42902374267578,0.07268160581588745,0.034278225153684616,83.75932312011719,0.07390326261520386,0.05614065006375313,0.057571087032556534,0.05644644424319267,0.057575978338718414
524,0.03408272936940193,84.39203643798828,0.07266414910554886,0.03427288308739662,83.73218536376953,0.07388996332883835,0.056126054376363754,0.05757244676351547,0.05642738938331604,0.05756800249218941
525,0.03406967967748642,84.37724304199219,0.07265697419643402,0.0342438779771328,83.6843032836914,0.07386772334575653,0.056124843657016754,0.057555388659238815,0.05644357576966286,0.05755487084388733
526,0.03405725583434105,84.31396484375,0.07262744754552841,0.03423712030053139,83.65763092041016,0.07385488599538803,0.056110478937625885,0.05756351351737976,0.05639741197228432,0.057543445378541946
527,0.03404620289802551,84.31666564941406,0.07262829691171646,0.03422347828745842,83.63416290283203,0.07384312897920609,0.05611018091440201,0.057551510632038116,0.05642986297607422,0.05754292383790016
528,0.03403253108263016,84.24556732177734,0.07259518653154373,0.03421435505151749,83.6159896850586,0.0738338902592659,0.056111015379428864,0.0575520284473896,0.05638400837779045,0.05751662701368332
529,0.0340200699865818,84.23553466796875,0.07259008288383484,0.03419647365808487,83.55531311035156,0.07380657643079758,0.05607334524393082,0.05754496529698372,0.05639899894595146,0.05751655623316765
530,0.03400849178433418,84.22081756591797,0.07258293777704239,0.03418415039777756,83.53948974609375,0.07379832118749619,0.056082554161548615,0.05753787234425545,0.056422408670186996,0.0575014129281044
531,0.033993322402238846,84.14653778076172,0.07254843413829803,0.03417612239718437,83.54498291015625,0.07379966974258423,0.05610658600926399,0.05754277482628822,0.05636107549071312,0.05748613923788071
532,0.033987078815698624,84.1512680053711,0.07255010306835175,0.034162573516368866,83.51447296142578,0.07378353178501129,0.05608225613832474,0.05752894654870033,0.05637650936841965,0.057494278997182846
533,0.03396978601813316,84.10327911376953,0.0725276991724968,0.0341501347720623,83.50006103515625,0.0737762451171875,0.05609377846121788,0.05752020329236984,0.056366126984357834,0.05746760964393616
534,0.03396066278219223,84.06515502929688,0.07250968366861343,0.03414303809404373,83.47398376464844,0.07376337796449661,0.05608309060335159,0.0575161911547184,0.05633440613746643,0.05746399238705635
535,0.033951301127672195,84.04940032958984,0.07250194251537323,0.03413332998752594,83.43460845947266,0.0737445130944252,0.05605423450469971,0.05750785395503044,0.056338537484407425,0.05745483562350273
536,0.03394170105457306,84.03202056884766,0.07249350845813751,0.03412308171391487,83.41368865966797,0.07373441010713577,0.056072723120450974,0.057499490678310394,0.05635102838277817,0.05744557827711105
537,0.033927638083696365,83.97825622558594,0.07246842980384827,0.034110069274902344,83.40019989013672,0.07372726500034332,0.0560886450111866,0.05748788267374039,0.05632329732179642,0.05742887407541275
538,0.03391825407743454,83.9420166015625,0.07245127856731415,0.03410547971725464,83.35743713378906,0.07370675355195999,0.056044332683086395,0.05749071389436722,0.05628449097275734,0.05743495747447014
539,0.03391210734844208,83.94361114501953,0.07245154678821564,0.034088704735040665,83.31485748291016,0.07368635386228561,0.056025318801403046,0.05747486278414726,0.056328024715185165,0.057412102818489075
540,0.03389471024274826,83.89087677001953,0.0724269300699234,0.0340731143951416,83.32559967041016,0.07369037717580795,0.05607950687408447,0.05746821314096451,0.05631186440587044,0.05738360807299614
541,0.03388187661767006,83.81550598144531,0.07239186763763428,0.03406621888279915,83.27655792236328,0.07366608083248138,0.05605524033308029,0.05745740979909897,0.056205712258815765,0.057406727224588394
542,0.033889759331941605,83.86466979980469,0.07241389900445938,0.03411233797669411,83.335693359375,0.0736972764134407,0.056030746549367905,0.05747496336698532,0.056262120604515076,0.057425763458013535
543,0.03386422619223595,84.03695678710938,0.0724930688738823,0.0340399369597435,83.20340728759766,0.07363218069076538,0.055983930826187134,0.05741286277770996,0.056704629212617874,0.05726087465882301
544,0.033827006816864014,83.75728607177734,0.07236392796039581,0.03400709852576256,83.19278717041016,0.07362455874681473,0.05603900924324989,0.05735186114907265,0.05634111911058426,0.057283349335193634
545,0.03382068872451782,83.69625091552734,0.07233539968729019,0.03399535268545151,83.14112854003906,0.07360004633665085,0.05599481984972954,0.0573408417403698,0.05622787028551102,0.0573321171104908
546,0.033825140446424484,83.72837829589844,0.07234977930784225,0.033993903547525406,83.09333801269531,0.07357817143201828,0.05595967546105385,0.05734853073954582,0.05624260753393173,0.057368505746126175
547,0.03381107375025749,83.68260192871094,0.07232832163572311,0.03398258239030838,83.07209014892578,0.07356752455234528,0.055959731340408325,0.05733736604452133,0.056248486042022705,0.05732957646250725
548,0.033798083662986755,83.65221405029297,0.07231388241052628,0.03397294133901596,83.04875183105469,0.07355581223964691,0.055955830961465836,0.05732801556587219,0.056250013411045074,0.05730896443128586
549,0.0337885357439518,83.63091278076172,0.0723036527633667,0.03396041318774223,83.02423095703125,0.0735425353050232,0.05595063790678978,0.05732171982526779,0.056251995265483856,0.05729873105883598
550,0.033773742616176605,83.59785461425781,0.07228805869817734,0.03394888713955879,82.99988555908203,0.07353039085865021,0.055944617837667465,0.05731493979692459,0.0562455914914608,0.057284317910671234
551,0.033760786056518555,83.56561279296875,0.07227271795272827,0.03393583372235298,82.98991394042969,0.07352377474308014,0.05594838410615921,0.05731510743498802,0.05624071881175041,0.05727216973900795
552,0.03374563157558441,83.5298843383789,0.07225582003593445,0.033919285982847214,82.95893096923828,0.07350873202085495,0.055952038615942,0.05729777365922928,0.05623103305697441,0.05725961923599243
553,0.03373591974377632,83.49703979492188,0.07224028557538986,0.03390904515981674,82.93196868896484,0.07349549233913422,0.055942412465810776,0.05728995054960251,0.05621800571680069,0.057250700891017914
554,0.03372344747185707,83.47417449951172,0.07222930341959,0.03389977291226387,82.90699005126953,0.07348287850618362,0.05593150481581688,0.057280875742435455,0.05621912702918053,0.0572439581155777
555,0.03370919078588486,83.4389877319336,0.07221268862485886,0.03387632593512535,82.8614730834961,0.07345863431692123,0.0559365376830101,0.05725817754864693,0.056208450347185135,0.057225264608860016
556,0.033703144639730453,83.43229675292969,0.07220928370952606,0.033868201076984406,82.8286361694336,0.0734425038099289,0.0559099018573761,0.05725802108645439,0.05620516836643219,0.0572359673678875
557,0.03368616849184036,83.39591217041016,0.07219215482473373,0.033859577029943466,82.80572509765625,0.07343097776174545,0.05590226873755455,0.05724874138832092,0.056205760687589645,0.057208653539419174
558,0.03367410972714424,83.36317443847656,0.07217667996883392,0.033845458179712296,82.78160095214844,0.07341910898685455,0.055903755128383636,0.057235412299633026,0.05620270222425461,0.05718747898936272
559,0.03366183117032051,83.33367156982422,0.07216259837150574,0.033834587782621384,82.7399673461914,0.07339762151241302,0.05589154735207558,0.05722704902291298,0.056180309504270554,0.057192519307136536
560,0.033650465309619904,83.30580139160156,0.0721493810415268,0.03382498398423195,82.71328735351562,0.07338450849056244,0.0558779314160347,0.0572223924100399,0.056171197444200516,0.05718472972512245
561,0.03363984823226929,83.28504943847656,0.0721394270658493,0.03381570056080818,82.6869888305664,0.07337141036987305,0.05587022751569748,0.05720903351902962,0.05617706850171089,0.057169076055288315
562,0.0336223728954792,83.24039459228516,0.07211843132972717,0.03379577025771141,82.66445922851562,0.07336156815290451,0.055867910385131836,0.05720507726073265,0.05616232380270958,0.05714904144406319
563,0.033613212406635284,83.22823333740234,0.07211247086524963,0.03378889709711075,82.6392593383789,0.07334911823272705,0.05585643649101257,0.05720225349068642,0.05615287274122238,0.057157766073942184
564,0.03360292315483093,83.1994400024414,0.07209878414869308,0.03377803787589073,82.61520385742188,0.0733371302485466,0.055853329598903656,0.05719383433461189,0.05613899976015091,0.057153381407260895
565,0.033589787781238556,83.16175079345703,0.07208095490932465,0.033754054456949234,82.5838394165039,0.07332181930541992,0.05585842952132225,0.05717133730649948,0.056138765066862106,0.05713149532675743
566,0.03357595205307007,83.12327575683594,0.07206275314092636,0.03374611958861351,82.55607604980469,0.07330749183893204,0.05584896355867386,0.05715849623084068,0.05612502992153168,0.057114627212285995
567,0.03355918824672699,83.09565734863281,0.0720495954155922,0.03373671695590019,82.53683471679688,0.07329775393009186,0.055838339030742645,0.05716260150074959,0.05613211542367935,0.05709104239940643
568,0.03354598581790924,83.0625,0.07203395664691925,0.03372146561741829,82.51643371582031,0.0732874646782875,0.055829279124736786,0.05715949460864067,0.056123998016119,0.05708404630422592
569,0.03352979198098183,83.035400390625,0.07202107459306717,0.03371470421552658,82.49163818359375,0.07327567040920258,0.05583943799138069,0.057145196944475174,0.056109100580215454,0.057081930339336395
570,0.033515483140945435,82.99658203125,0.07200267910957336,0.03370009735226631,82.46563720703125,0.07326357811689377,0.05583132430911064,0.05715104192495346,0.05610308051109314,0.05705512687563896
571,0.033504825085401535,82.99221801757812,0.07200028747320175,0.03368744999170303,82.43917083740234,0.07325045764446259,0.055826909840106964,0.05713091045618057,0.05610386282205582,0.05706532672047615
572,0.03348330035805702,82.92768859863281,0.07197004556655884,0.0336809977889061,82.42217254638672,0.07324166595935822,0.05581185966730118,0.05714434012770653,0.05606495961546898,0.05704794079065323
573,0.03347400575876236,82.9189453125,0.07196561247110367,0.033659860491752625,82.36106872558594,0.0732094794511795,0.055770959705114365,0.0571107491850853,0.05606843903660774,0.05704418569803238
574,0.03345463424921036,82.87112426757812,0.0719430148601532,0.033647459000349045,82.3384017944336,0.07319756597280502,0.05576582998037338,0.057091910392045975,0.05605334788560867,0.05702556297183037
575,0.03344788774847984,82.86263275146484,0.07193854451179504,0.033635951578617096,82.31161499023438,0.07318443059921265,0.055756788700819016,0.05708291381597519,0.05604758858680725,0.05702941492199898
576,0.033435333520174026,82.81640625,0.07191677391529083,0.0336076021194458,82.27491760253906,0.07316629588603973,0.05574535205960274,0.057068463414907455,0.05603012442588806,0.05700870603322983
577,0.03341802582144737,82.77986145019531,0.07189931720495224,0.03359641134738922,82.2520523071289,0.0731547623872757,0.05573873966932297,0.0570615790784359,0.05602400377392769,0.05699291080236435
578,0.03340935707092285,82.7701644897461,0.07189443707466125,0.03356925770640373,82.22211456298828,0.07314047962427139,0.055731501430273056,0.05705510452389717,0.056023888289928436,0.05700046941637993
579,0.03339121490716934,82.72163391113281,0.07187154144048691,0.03355724364519119,82.20526885986328,0.07313165813684464,0.05573195219039917,0.05705369636416435,0.05601685866713524,0.05697128549218178
580,0.0333830900490284,82.71453857421875,0.07186780124902725,0.03354820981621742,82.17867279052734,0.07311879843473434,0.05571209266781807,0.05705392733216286,0.05600663274526596,0.056984469294548035
581,0.0333683155477047,82.69026947021484,0.07185603678226471,0.033518724143505096,82.14213562011719,0.07310052961111069,0.05571723356842995,0.057026226073503494,0.05601383000612259,0.056968335062265396
582,0.03335295617580414,82.64344024658203,0.07183396071195602,0.033508915454149246,82.11740112304688,0.07308818399906158,0.05570363998413086,0.057021595537662506,0.05599367246031761,0.05694884806871414
583,0.0333380326628685,82.61114501953125,0.07181856036186218,0.03350039944052696,82.0979995727539,0.0730782002210617,0.05569533631205559,0.057023998349905014,0.055976737290620804,0.05694742500782013
584,0.03332876041531563,82.59706115722656,0.07181163132190704,0.03347993642091751,82.03595733642578,0.07304859906435013,0.05568038672208786,0.057011645287275314,0.055978722870349884,0.0569440983235836
585,0.03331385925412178,82.55990600585938,0.07179401814937592,0.03348452225327492,82.04191589355469,0.07304989546537399,0.055667150765657425,0.05704768747091293,0.055952038615942,0.056938331574201584
586,0.03330515697598457,82.53923034667969,0.07178417593240738,0.03346651419997215,82.02062225341797,0.07304005324840546,0.055669911205768585,0.057023558765649796,0.05597337335348129,0.05691494047641754
587,0.03329497575759888,82.51997375488281,0.07177474349737167,0.033452726900577545,81.9764404296875,0.07301843166351318,0.05566086992621422,0.05701109766960144,0.05595550686120987,0.056919220834970474
588,0.03327887877821922,82.47843170166016,0.07175517827272415,0.03343330696225166,81.9306411743164,0.0729966014623642,0.055659908801317215,0.056984297931194305,0.05595167353749275,0.05689585581421852
589,0.03327033668756485,82.47425842285156,0.07175280898809433,0.03342438489198685,81.91111755371094,0.07298652082681656,0.055650945752859116,0.05698670074343681,0.055943869054317474,0.056905947625637054
590,0.03325331211090088,82.42888641357422,0.07173144817352295,0.03340066969394684,81.9087905883789,0.07298390567302704,0.0556538887321949,0.05697883293032646,0.055934201925992966,0.056881655007600784
591,0.03324506804347038,82.4125747680664,0.07172355055809021,0.033390820026397705,81.86567687988281,0.07296416908502579,0.0556439533829689,0.056972745805978775,0.05592425540089607,0.056887783110141754
592,0.033231571316719055,82.38627624511719,0.07171092182397842,0.033384017646312714,81.86764526367188,0.07296310365200043,0.0556342713534832,0.05697736144065857,0.055923543870449066,0.05687183141708374
593,0.0332176610827446,82.34439849853516,0.07169114053249359,0.03336797654628754,81.8420181274414,0.07295026630163193,0.05563428997993469,0.05695726349949837,0.055906571447849274,0.0568557046353817
594,0.033206164836883545,82.30953216552734,0.07167457789182663,0.03335421532392502,81.81859588623047,0.07293865829706192,0.05561613291501999,0.056978024542331696,0.0558805838227272,0.056855641305446625
595,0.033196546137332916,82.29579162597656,0.07166773825883865,0.03334854915738106,81.79423522949219,0.07292657345533371,0.05559884384274483,0.05697626248002052,0.05588742718100548,0.05684884265065193
596,0.03318393602967262,82.26412963867188,0.0716525986790657,0.033335767686367035,81.77932739257812,0.0729217603802681,0.05561106279492378,0.05698037147521973,0.05587925761938095,0.056837912648916245
597,0.03317144513130188,82.21571350097656,0.07162968814373016,0.03332291170954704,81.74767303466797,0.072906494140625,0.055582400411367416,0.056987520307302475,0.05583731457591057,0.05683232471346855
598,0.033165737986564636,82.22250366210938,0.07163242250680923,0.033323343843221664,81.72367095947266,0.07289472967386246,0.05555583909153938,0.05698279291391373,0.05587273836135864,0.05682262033224106
599,0.0331449881196022,82.16486358642578,0.0716053768992424,0.0333041287958622,81.70477294921875,0.07288523018360138,0.055562518537044525,0.056988220661878586,0.055858198553323746,0.05678689852356911
600,0.03312615305185318,82.05168914794922,0.07155235856771469,0.03330140933394432,81.70929718017578,0.07288763672113419,0.055544763803482056,0.05702652782201767,0.055723462253808975,0.05679550766944885
601,0.03313054144382477,82.31722259521484,0.0716751292347908,0.03328497335314751,81.64415740966797,0.07285580784082413,0.055539581924676895,0.056930165737867355,0.05609138682484627,0.05677851289510727
602,0.03307514637708664,82.1347427368164,0.07159040868282318,0.03321628272533417,81.88957977294922,0.07296953350305557,0.056072477251291275,0.05690990760922432,0.05596869811415672,0.056722916662693024
603,0.033038198947906494,82.04901123046875,0.0715503916144371,0.03320039436221123,81.61243438720703,0.07283727824687958,0.055733200162649155,0.05680098384618759,0.055940717458724976,0.05666283145546913
604,0.03308821842074394,82.1224594116211,0.07158374786376953,0.033222995698451996,81.5171127319336,0.0727926567196846,0.05554073676466942,0.05689660459756851,0.055757202208042145,0.0568930022418499
605,0.033058132976293564,82.0320816040039,0.07154157012701035,0.03319152444601059,81.49624633789062,0.07278209179639816,0.055581629276275635,0.05685893073678017,0.055824968963861465,0.0567515529692173
606,0.03303525224328041,81.96438598632812,0.0715097114443779,0.03318312019109726,81.50434875488281,0.07278337329626083,0.05558598414063454,0.05688352510333061,0.05576997995376587,0.05674348026514053
607,0.033036958426237106,81.99369049072266,0.07152296602725983,0.03318696469068527,81.47554779052734,0.07276905328035355,0.05552901700139046,0.056905899196863174,0.055783968418836594,0.05677419155836105
608,0.033019810914993286,81.9819564819336,0.07151727378368378,0.03315964713692665,81.43341064453125,0.07274814695119858,0.0555337592959404,0.05686885863542557,0.05583649128675461,0.05673755332827568
609,0.03299446031451225,81.87979125976562,0.07146944850683212,0.033143240958452225,81.43206024169922,0.0727468803524971,0.05555737391114235,0.056874342262744904,0.05575702711939812,0.05671197175979614
610,0.03299752622842789,81.856201171875,0.07145797461271286,0.03319379314780235,81.50680541992188,0.072782501578331,0.055519819259643555,0.05699095502495766,0.055685173720121384,0.056761033833026886
611,0.032986439764499664,82.094482421875,0.071568563580513,0.03312034159898758,81.3638916015625,0.07271276414394379,0.0555160753428936,0.05683933570981026,0.056122876703739166,0.056664906442165375
612,0.032919157296419144,81.81275939941406,0.07143725454807281,0.033081505447626114,81.40971374511719,0.07273154705762863,0.05567464977502823,0.05676516890525818,0.05586165934801102,0.05661078914999962
613,0.03291702643036842,81.75983428955078,0.07141219824552536,0.03309148922562599,81.36727905273438,0.07270903885364532,0.055516693741083145,0.05687541514635086,0.05570525676012039,0.05670156329870224
614,0.03293502703309059,81.8453369140625,0.07145173847675323,0.03307347372174263,81.29623413085938,0.07267673313617706,0.055512309074401855,0.05680415406823158,0.05576840788125992,0.05674254521727562
615,0.032894980162382126,81.70145416259766,0.07138451933860779,0.03305157646536827,81.31170654296875,0.07268275320529938,0.055550701916217804,0.05682437866926193,0.05571190267801285,0.05665313079953194
616,0.032900191843509674,81.70743560791016,0.07138693332672119,0.03307221084833145,81.33206939697266,0.0726902037858963,0.05547096207737923,0.05692313238978386,0.055671609938144684,0.05669943615794182
617,0.03289436921477318,81.75873565673828,0.07141048461198807,0.03304324299097061,81.24726104736328,0.0726502537727356,0.05546845123171806,0.056857168674468994,0.055791888386011124,0.056665316224098206
618,0.032848864793777466,81.58229064941406,0.07132794708013535,0.03302636742591858,81.27916717529297,0.07266442477703094,0.05552776902914047,0.05688892677426338,0.055652547627687454,0.05661662295460701
619,0.0328650139272213,81.60662078857422,0.07133915275335312,0.033162396401166916,81.73541259765625,0.07288461178541183,0.05584334582090378,0.05711444467306137,0.055617377161979675,0.05669336020946503
620,0.03286067768931389,81.9358139038086,0.07149254530668259,0.032973725348711014,81.15210723876953,0.07260321080684662,0.05547758564352989,0.05678778141736984,0.0562269501388073,0.05653513967990875
621,0.032747507095336914,81.47467041015625,0.07127686589956284,0.03293824940919876,81.0698013305664,0.07256871461868286,0.0555078387260437,0.05674852058291435,0.055738415569067,0.056501228362321854
622,0.03275798633694649,81.47499084472656,0.07127674669027328,0.03291364759206772,81.02943420410156,0.07254825532436371,0.05548238381743431,0.056738317012786865,0.055641163140535355,0.05660335347056389
623,0.032751742750406265,81.46900939941406,0.07127348333597183,0.032894283533096313,81.00782775878906,0.07253611087799072,0.0554770790040493,0.05674659460783005,0.05565112456679344,0.05661219358444214
624,0.032724928110837936,81.43955993652344,0.0712595134973526,0.03286855295300484,80.97464752197266,0.07251840084791183,0.055479589849710464,0.056727323681116104,0.05568133294582367,0.056578170508146286
625,0.03270171955227852,81.3963851928711,0.07123905420303345,0.03286349028348923,80.96268463134766,0.07251261174678802,0.055455949157476425,0.05677873268723488,0.05565379932522774,0.05658667907118797
626,0.03267011418938637,81.32941436767578,0.07120765745639801,0.032842520624399185,80.90045928955078,0.07248155772686005,0.05545049160718918,0.05678000673651695,0.05566183850169182,0.056533414870500565
627,0.032652515918016434,81.31116485595703,0.07119879126548767,0.032853614538908005,80.89165496826172,0.07247329503297806,0.0553986094892025,0.05682249739766121,0.055644113570451736,0.05655248090624809
628,0.03265121951699257,81.40035247802734,0.0712403953075409,0.0328090600669384,80.7838134765625,0.07242345809936523,0.055410053580999374,0.05668783187866211,0.05577843263745308,0.05654950439929962
629,0.032602459192276,81.20899200439453,0.07115110754966736,0.03278835862874985,80.985107421875,0.07252351939678192,0.05572076886892319,0.05667882040143013,0.055630117654800415,0.05649707093834877
630,0.03257549926638603,81.58113098144531,0.07132460922002792,0.032802511006593704,80.87867736816406,0.07248081266880035,0.055564217269420624,0.056528568267822266,0.0562085323035717,0.05641879886388779
631,0.032558947801589966,81.0801773071289,0.07109003514051437,0.032809264957904816,80.7989730834961,0.07243750989437103,0.05534534901380539,0.056816380470991135,0.05548471957445145,0.056498635560274124
632,0.03261222690343857,81.3450927734375,0.07121436297893524,0.03275107219815254,80.67290496826172,0.07237573713064194,0.055377207696437836,0.056604016572237015,0.05567491427063942,0.056622859090566635
633,0.032534126192331314,81.09735107421875,0.07109823077917099,0.03271983936429024,80.64627075195312,0.07236547023057938,0.05542107671499252,0.0565778911113739,0.05562363564968109,0.05643271654844284
634,0.03254910185933113,81.17057037353516,0.07113227993249893,0.0327162928879261,80.62622833251953,0.07235543429851532,0.055378373712301254,0.056619804352521896,0.055620141327381134,0.0565328411757946
635,0.032534997910261154,81.13087463378906,0.07111357897520065,0.032699085772037506,80.59252166748047,0.07234382629394531,0.055368270725011826,0.05662029981613159,0.05561688914895058,0.0565037839114666
636,0.03251803293824196,81.07196807861328,0.07108582556247711,0.03269262611865997,80.58299255371094,0.0723428949713707,0.05537394806742668,0.05664258450269699,0.055589959025382996,0.05647972598671913
637,0.0325133241713047,81.09117889404297,0.07109474390745163,0.03268082067370415,80.5659408569336,0.07233405113220215,0.05537286400794983,0.05664036422967911,0.05561565235257149,0.056486207991838455
638,0.03249483183026314,81.0257568359375,0.07106392830610275,0.032665934413671494,80.55769348144531,0.07232998311519623,0.05538363382220268,0.056648921221494675,0.055586203932762146,0.05645790696144104
639,0.03248284012079239,81.01815795898438,0.07106015086174011,0.03265702351927757,80.53034973144531,0.07231689989566803,0.0553571917116642,0.05665053799748421,0.055580176413059235,0.05646748095750809
640,0.03247314691543579,80.99195098876953,0.07104753702878952,0.03265298530459404,80.504150390625,0.07230513542890549,0.0553310327231884,0.056669749319553375,0.05556975305080414,0.05646083876490593
641,0.03245892748236656,80.97203063964844,0.07103803753852844,0.032642219215631485,80.49771118164062,0.07229726016521454,0.05528724566102028,0.05669312924146652,0.0555766336619854,0.05645009130239487
642,0.032450538128614426,80.96786499023438,0.0710359588265419,0.03263087198138237,80.4801254272461,0.07228849828243256,0.05528946593403816,0.05668497085571289,0.05559832230210304,0.05643586814403534
643,0.03242882341146469,80.86553955078125,0.07098781317472458,0.03262057155370712,80.4826431274414,0.072294220328331,0.055337075144052505,0.056694913655519485,0.05550796166062355,0.0564100481569767
644,0.032409101724624634,80.77816009521484,0.0709465965628624,0.032603442668914795,80.53416442871094,0.07231413573026657,0.055421847850084305,0.05670423433184624,0.05542530119419098,0.05640184506773949
645,0.03249213099479675,81.55536651611328,0.0713091567158699,0.03262205049395561,80.33370208740234,0.07222621142864227,0.05527026578783989,0.05651501193642616,0.056389112025499344,0.05638111010193825
646,0.032368890941143036,80.64115142822266,0.07088180631399155,0.032606158405542374,80.37721252441406,0.07223866134881973,0.0552360825240612,0.05663394555449486,0.055377475917339325,0.05629408732056618
647,0.03239646553993225,80.84520721435547,0.07097747921943665,0.03258315846323967,80.33075714111328,0.07221627980470657,0.055248018354177475,0.0565791055560112,0.055497974157333374,0.05643782019615173
648,0.032375261187553406,80.79710388183594,0.0709548145532608,0.03256525844335556,80.30966186523438,0.07220583409070969,0.055250734090805054,0.05656705051660538,0.0555097870528698,0.05639234930276871
649,0.03236505761742592,80.79985046386719,0.07095576822757721,0.03255691006779671,80.29545593261719,0.07219846546649933,0.05524197593331337,0.05657375603914261,0.05552786588668823,0.0563930943608284
650,0.032351020723581314,80.7704849243164,0.07094180583953857,0.03254536911845207,80.28136444091797,0.07219143211841583,0.05524132773280144,0.056577831506729126,0.055528536438941956,0.05637477710843086
651,0.03234086558222771,80.75645446777344,0.07093506306409836,0.032524362206459045,80.2568359375,0.07217924296855927,0.05524003133177757,0.056568924337625504,0.055531591176986694,0.056371934711933136
652,0.03232778236269951,80.72079467773438,0.07091815769672394,0.032514628022909164,80.23857879638672,0.07217012345790863,0.05523257702589035,0.05656763166189194,0.055523768067359924,0.056354161351919174
653,0.03231855481863022,80.70340728759766,0.07090984284877777,0.03250810131430626,80.21696472167969,0.0721597746014595,0.055218178778886795,0.056571245193481445,0.055514492094516754,0.056347500532865524
654,0.03230908140540123,80.69193267822266,0.07090434432029724,0.032499048858881,80.20246124267578,0.0721520259976387,0.05520930886268616,0.0565737709403038,0.05551851913332939,0.056347768753767014
655,0.032290324568748474,80.65702056884766,0.07088781148195267,0.03247092664241791,80.17493438720703,0.07213936001062393,0.05521736294031143,0.05655890703201294,0.05550750344991684,0.056336913257837296
656,0.03228127211332321,80.64309692382812,0.07088110595941544,0.03246166929602623,80.15319061279297,0.07212890684604645,0.05520797520875931,0.05655406042933464,0.055506519973278046,0.056332316249608994
657,0.03227032348513603,80.60504913330078,0.0708630383014679,0.03244273364543915,80.14086151123047,0.07212171703577042,0.05520471930503845,0.05655800551176071,0.05548238754272461,0.05632522329688072
658,0.03225652500987053,80.58484649658203,0.07085346430540085,0.03243403509259224,80.13416290283203,0.07212253659963608,0.0552145279943943,0.056579142808914185,0.05547810718417168,0.056325022131204605
659,0.03224651515483856,80.58343505859375,0.07085263729095459,0.032424844801425934,80.11963653564453,0.07211532443761826,0.05520891398191452,0.05659252777695656,0.05550019070506096,0.05631958320736885
660,0.03222992271184921,80.54987335205078,0.07083674520254135,0.03241034597158432,80.097900390625,0.07210411876440048,0.05521128699183464,0.05656680464744568,0.05548509955406189,0.05631173774600029
661,0.03222111612558365,80.5332260131836,0.0708286315202713,0.032391827553510666,80.07424926757812,0.07209247350692749,0.05519573763012886,0.05657709017395973,0.05547890067100525,0.056302521377801895
662,0.03220918029546738,80.51668548583984,0.07082077115774155,0.03237755596637726,80.05400848388672,0.07208197563886642,0.05519705265760422,0.056565459817647934,0.05547977611422539,0.05630022659897804
663,0.032197967171669006,80.48612976074219,0.07080619037151337,0.03236900642514229,80.03221130371094,0.07207115739583969,0.05517769604921341,0.05656742677092552,0.055460214614868164,0.05629435181617737
664,0.03218754380941391,80.45986938476562,0.07079368829727173,0.03236069157719612,80.0169677734375,0.07206390798091888,0.055169373750686646,0.05657050758600235,0.0554506853222847,0.05628788098692894
665,0.03217427432537079,80.43984985351562,0.07078413665294647,0.032334160059690475,79.96946716308594,0.0720442458987236,0.0551859512925148,0.05653000250458717,0.055453166365623474,0.05627698451280594
666,0.03215942904353142,80.39637756347656,0.07076355814933777,0.032317835837602615,79.95580291748047,0.07203877717256546,0.055194057524204254,0.05655364319682121,0.05541568249464035,0.05625797435641289
667,0.03215523436665535,80.40339660644531,0.07076670229434967,0.03232022374868393,79.95458984375,0.07203637063503265,0.05515987053513527,0.05657226964831352,0.055426351726055145,0.05627552419900894
668,0.03214327618479729,80.37748718261719,0.07075446844100952,0.0322989821434021,79.89846801757812,0.07201075553894043,0.0551735945045948,0.05652201175689697,0.0554356649518013,0.056251488626003265
669,0.0321229062974453,80.351806640625,0.07074221968650818,0.032280225306749344,79.8798599243164,0.07200150936841965,0.05518462881445885,0.05650392547249794,0.05541979894042015,0.05623795464634895
670,0.032109491527080536,80.3302993774414,0.07073204964399338,0.03225923702120781,79.79161071777344,0.07196067273616791,0.05513601750135422,0.05649562552571297,0.05541070178151131,0.05623963847756386
671,0.03210228681564331,80.3329086303711,0.07073312997817993,0.03224939480423927,79.77494812011719,0.07195208966732025,0.05512397363781929,0.05649957433342934,0.055429961532354355,0.05623716115951538
672,0.03208794444799423,80.30281829833984,0.07071896642446518,0.032240089029073715,79.75059509277344,0.07194105535745621,0.055121224373579025,0.05647403746843338,0.05542410537600517,0.05621906369924545
673,0.032072246074676514,80.27308654785156,0.0707048773765564,0.03220853582024574,79.72135162353516,0.07192673534154892,0.055119652301073074,0.056458793580532074,0.05541328340768814,0.056210245937108994
674,0.03206378221511841,80.2558822631836,0.07069666683673859,0.032199181616306305,79.69872283935547,0.0719156265258789,0.05510401353240013,0.05645494908094406,0.05540131777524948,0.05621231719851494
675,0.03204850107431412,80.21968078613281,0.07067950814962387,0.03218936175107956,79.68218994140625,0.07190714031457901,0.055093683302402496,0.05645753815770149,0.055386465042829514,0.056198544800281525
676,0.03204352781176567,80.22682189941406,0.07068278640508652,0.032178960740566254,79.65770721435547,0.07189511507749557,0.055082716047763824,0.0564466193318367,0.05539245158433914,0.056209996342659
677,0.03202145919203758,80.175048828125,0.07065831124782562,0.03216203302145004,79.62899780273438,0.07188088446855545,0.05509689822793007,0.056412674486637115,0.05537780001759529,0.05618297681212425
678,0.0320078544318676,80.14369201660156,0.07064346969127655,0.0321521982550621,79.61616516113281,0.07187426090240479,0.055084116756916046,0.056424278765916824,0.055353518575429916,0.056183505803346634
679,0.03200142830610275,80.14117431640625,0.07064215838909149,0.03214103356003761,79.59723663330078,0.07186496257781982,0.05507741495966911,0.05642155557870865,0.05535617470741272,0.056190695613622665
680,0.03198480233550072,80.10257720947266,0.07062388211488724,0.032120995223522186,79.58534240722656,0.07185996323823929,0.05507999286055565,0.05642933398485184,0.05534397438168526,0.056169651448726654
681,0.0319695845246315,80.06513214111328,0.07060614973306656,0.03211169317364693,79.57445526123047,0.07185451686382294,0.05506768450140953,0.056447360664606094,0.055320631712675095,0.0561654232442379
682,0.03196379542350769,80.0599365234375,0.07060357928276062,0.032105304300785065,79.57156372070312,0.07185276597738266,0.055054377764463425,0.05647596716880798,0.05532239004969597,0.05617088824510574
683,0.031948283314704895,80.02826690673828,0.07058858871459961,0.03209390863776207,79.53639221191406,0.07183260470628738,0.05504757538437843,0.05645231530070305,0.05532221496105194,0.05614593252539635
684,0.031941719353199005,80.01924896240234,0.0705842599272728,0.032082438468933105,79.5195541381836,0.07182752341032028,0.05504843220114708,0.05644809827208519,0.055324386805295944,0.05614723265171051
685,0.031927552074193954,79.98474884033203,0.07056796550750732,0.03207245096564293,79.49910736083984,0.07181424647569656,0.055033858865499496,0.05644843727350235,0.055306725203990936,0.056138910353183746
686,0.03191535174846649,79.96331024169922,0.07055779546499252,0.032056596130132675,79.47029876708984,0.07180013507604599,0.055036187171936035,0.05642027035355568,0.05530431494116783,0.056136853992938995
687,0.03190058842301369,79.92860412597656,0.07054132968187332,0.032044459134340286,79.45487976074219,0.0717930942773819,0.05502501130104065,0.05643824487924576,0.0552896112203598,0.05612288787961006
688,0.03189673647284508,79.94477844238281,0.07054898887872696,0.03203490749001503,79.43331909179688,0.07178271561861038,0.055008597671985626,0.05643998458981514,0.055299051105976105,0.056144874542951584
689,0.031877804547548294,79.89830780029297,0.07052697986364365,0.0320231057703495,79.41236877441406,0.07177228480577469,0.05500385910272598,0.05642973631620407,0.055285241454839706,0.05612245202064514
690,0.031863484531641006,79.87696075439453,0.07051683217287064,0.03200877830386162,79.38713073730469,0.07175973802804947,0.05500186234712601,0.05641079694032669,0.055286724120378494,0.05611297860741615
691,0.03185142204165459,79.84547424316406,0.0705019161105156,0.03199976310133934,79.3506851196289,0.07174299657344818,0.054983701556921005,0.056416817009449005,0.05525778606534004,0.056117720901966095
692,0.0318417102098465,79.83071899414062,0.07049493491649628,0.03198655694723129,79.32918548583984,0.07173237949609756,0.05497957020998001,0.056407127529382706,0.05526679381728172,0.0561056025326252
693,0.03182289004325867,79.78466033935547,0.0704730823636055,0.031977906823158264,79.32438659667969,0.07173027098178864,0.05497283861041069,0.05643065646290779,0.05522603541612625,0.05610101297497749
694,0.031814608722925186,79.77681732177734,0.07046927511692047,0.03196284919977188,79.30485534667969,0.07171926647424698,0.0549636110663414,0.05643400922417641,0.055241797119379044,0.05609048530459404
695,0.031796686351299286,79.72747039794922,0.07044592499732971,0.031947750598192215,79.29267883300781,0.07171318680047989,0.054967522621154785,0.05643981695175171,0.05521093308925629,0.05607695132493973
696,0.03178781643509865,79.70985412597656,0.07043752074241638,0.03195050358772278,79.28076171875,0.07170688360929489,0.054943766444921494,0.056451670825481415,0.055196620523929596,0.05608217790722847
697,0.03177792951464653,79.7203369140625,0.07044239342212677,0.031931113451719284,79.2552719116211,0.07169517129659653,0.054943185299634933,0.05643428489565849,0.055248986929655075,0.056065429002046585
698,0.031746890395879745,79.63080596923828,0.07040008157491684,0.03189951926469803,79.22248077392578,0.0716816857457161,0.054987963289022446,0.056403934955596924,0.05519558861851692,0.056034836918115616
699,0.03175155818462372,79.63434600830078,0.07040150463581085,0.031932782381772995,79.31255340576172,0.07172523438930511,0.054928380995988846,0.056576866656541824,0.055135127156972885,0.05609806254506111
700,0.03175560012459755,79.80355072021484,0.07048137485980988,0.03188937157392502,79.16676330566406,0.07165499776601791,0.05492326244711876,0.05638950690627098,0.05540849640965462,0.05605727434158325
701,0.03168407082557678,79.51087951660156,0.07034321874380112,0.031847745180130005,79.1246337890625,0.07162535935640335,0.05496800318360329,0.05634455010294914,0.05516703799366951,0.055975738912820816
702,0.0317024365067482,79.56871032714844,0.07037043571472168,0.03187907114624977,79.13618469238281,0.07163070142269135,0.05485374853014946,0.05648200958967209,0.055131472647190094,0.05608183145523071
703,0.03170005977153778,79.6315689086914,0.07040014117956161,0.03183868154883385,79.04077911376953,0.0715842992067337,0.05485503003001213,0.05636310204863548,0.05524734407663345,0.05606216937303543
704,0.031649019569158554,79.47418975830078,0.07032549381256104,0.031810469925403595,79.10529327392578,0.07161334902048111,0.054892074316740036,0.056454360485076904,0.055128175765275955,0.0560099296271801
705,0.03165322542190552,79.5238265991211,0.07034894824028015,0.03181689977645874,79.1023941040039,0.071612648665905,0.05485481023788452,0.056494832038879395,0.055157970637083054,0.056052930653095245
706,0.031631045043468475,79.49970245361328,0.07033742964267731,0.03177902474999428,79.03952026367188,0.07158473879098892,0.054855827242136,0.05645085126161575,0.055186375975608826,0.05602549389004707
707,0.031585387885570526,79.3609619140625,0.0702715814113617,0.03175431489944458,79.03602600097656,0.07158204168081284,0.054871510714292526,0.05643234774470329,0.05508313328027725,0.05599473789334297
708,0.03158792108297348,79.44977569580078,0.07031352818012238,0.03175676241517067,78.9641342163086,0.07154881209135056,0.054815586656332016,0.05645567551255226,0.05517653375864029,0.056039758026599884
709,0.03154541179537773,79.38529205322266,0.07028315216302872,0.03168436139822006,78.7822494506836,0.07146363705396652,0.05484344810247421,0.05625521391630173,0.05519614368677139,0.05597616359591484
710,0.031491704285144806,79.19090270996094,0.07019107043743134,0.031716238707304,78.92352294921875,0.07154705375432968,0.05483334884047508,0.05637255311012268,0.055006567388772964,0.05594269186258316
711,0.031551163643598557,79.4770736694336,0.07032642513513565,0.0317608006298542,78.96844482421875,0.07156793028116226,0.05478997901082039,0.056434303522109985,0.0552423819899559,0.05606188625097275
712,0.03147643432021141,79.19855499267578,0.07019476592540741,0.03166547417640686,78.83670806884766,0.07150372117757797,0.054844342172145844,0.056292951107025146,0.05508796498179436,0.0559183768928051
713,0.031445275992155075,79.09193420410156,0.07014411687850952,0.03165995702147484,78.90270233154297,0.07153279334306717,0.0548529215157032,0.056394778192043304,0.05494748428463936,0.055946625769138336
714,0.03155318647623062,79.5104751586914,0.07034239172935486,0.03175773844122887,78.97810363769531,0.07157349586486816,0.05489388480782509,0.05636437609791756,0.05526118725538254,0.056110505014657974
715,0.03142264857888222,79.10079193115234,0.07014843821525574,0.031621091067790985,78.89579010009766,0.0715281143784523,0.0550343319773674,0.05623927339911461,0.055111873894929886,0.05583389475941658
716,0.031379714608192444,79.21625518798828,0.07020321488380432,0.031625788658857346,78.74421691894531,0.07145565003156662,0.054959725588560104,0.05599798634648323,0.05532766133546829,0.0557980015873909
717,0.0314292386174202,79.09691619873047,0.07014596462249756,0.031698789447546005,78.92876434326172,0.07154323905706406,0.05475982278585434,0.0565180666744709,0.054873909801244736,0.05605233088135719
718,0.03144965320825577,79.2076187133789,0.07019863277673721,0.031595319509506226,78.65692138671875,0.07141157239675522,0.05476668104529381,0.056179363280534744,0.05509833246469498,0.05597845837473869
719,0.03136822208762169,78.95174407958984,0.07007704675197601,0.03158476576209068,78.71332550048828,0.07143812626600266,0.054794397205114365,0.05627412348985672,0.05492923781275749,0.055878929793834686
720,0.03142819553613663,79.16984558105469,0.07018038630485535,0.03163313865661621,78.7287826538086,0.07144632190465927,0.05472236126661301,0.056325484067201614,0.05504351854324341,0.0560123473405838
721,0.03137940540909767,79.01375579833984,0.07010631263256073,0.031566403806209564,78.65338897705078,0.07140875607728958,0.05477076396346092,0.05624062195420265,0.05502684786915779,0.055872730910778046
722,0.03135840594768524,78.9032211303711,0.07005380094051361,0.031613755971193314,78.7590560913086,0.07146105915307999,0.054715346544981,0.056439243257045746,0.054845914244651794,0.055924952030181885
723,0.03139824420213699,79.3179931640625,0.07024966925382614,0.03153997287154198,78.56706237792969,0.07136429101228714,0.054692406207323074,0.05620240420103073,0.0553882010281086,0.05591607093811035
724,0.03129297122359276,78.88074493408203,0.07004303485155106,0.03150279074907303,78.60791015625,0.07138488441705704,0.054887089878320694,0.05608772486448288,0.055026691406965256,0.055778395384550095
725,0.03131556883454323,78.87559509277344,0.07004029303789139,0.03154780715703964,78.67628479003906,0.07141708582639694,0.05468638613820076,0.056413207203149796,0.054849326610565186,0.05593229457736015
726,0.03136454150080681,79.13118743896484,0.07016148418188095,0.03149396553635597,78.4863510131836,0.0713246762752533,0.054691243916749954,0.056140996515750885,0.05515380948781967,0.05594685301184654
727,0.03126861900091171,78.78934478759766,0.06999930739402771,0.03147245571017265,78.56634521484375,0.07136344909667969,0.05483824014663696,0.05614768713712692,0.05492796748876572,0.05579035356640816
728,0.031324971467256546,78.91828155517578,0.07006032764911652,0.03158172592520714,78.76432800292969,0.07145984470844269,0.054746516048908234,0.05646705627441406,0.05487851798534393,0.05598367378115654
729,0.03131731599569321,79.05970764160156,0.07012742012739182,0.03146222606301308,78.45084381103516,0.07130687683820724,0.05468953400850296,0.05614693835377693,0.05522047355771065,0.05584505572915077
730,0.03121587634086609,78.72416687011719,0.06996811926364899,0.03143560513854027,78.49053192138672,0.07132572680711746,0.05482980236411095,0.05607997253537178,0.05495942011475563,0.05574469268321991
731,0.03126337006688118,78.80423736572266,0.07000575959682465,0.03148331493139267,78.57452392578125,0.07136612385511398,0.054647307842969894,0.056398630142211914,0.05482986941933632,0.055941928178071976
732,0.031277693808078766,78.94136810302734,0.07007093727588654,0.03143180534243584,78.40072631835938,0.07128133624792099,0.05464716628193855,0.05616356059908867,0.05508562549948692,0.055879056453704834
733,0.03120194934308529,78.65397644042969,0.06993438303470612,0.031402938067913055,78.45135498046875,0.07130531966686249,0.05477401241660118,0.05617149919271469,0.054860662668943405,0.05578115954995155
734,0.03125697001814842,78.81597900390625,0.07001135498285294,0.03151913732290268,78.69450378417969,0.07142376899719238,0.05475737527012825,0.05645216256380081,0.05486837774515152,0.055950745940208435
735,0.031220851466059685,78.85334777832031,0.07002913951873779,0.03138372302055359,78.33439636230469,0.07125040143728256,0.05464441329240799,0.05615485459566116,0.055155958980321884,0.05576006695628166
736,0.031145555898547173,78.61935424804688,0.06991768628358841,0.031359799206256866,78.37529754638672,0.07127048820257187,0.05479872226715088,0.056087519973516464,0.05492156744003296,0.055739711970090866
737,0.031188076362013817,78.66057586669922,0.0699370726943016,0.03142369166016579,78.48855590820312,0.07132304459810257,0.054626427590847015,0.056394387036561966,0.054772913455963135,0.055914100259542465
738,0.03120400756597519,78.831298828125,0.07001812756061554,0.03135962411761284,78.27857971191406,0.07122284173965454,0.054606322199106216,0.05615333095192909,0.05509741231799126,0.05582589656114578
739,0.031120534986257553,78.51908874511719,0.06986955553293228,0.0313226617872715,78.30506896972656,0.07123608142137527,0.05473524332046509,0.05612789839506149,0.05484708398580551,0.05572104454040527
740,0.03117435611784458,78.63546752929688,0.06992486119270325,0.0314408540725708,78.55741882324219,0.07135690748691559,0.05468399450182915,0.05644477158784866,0.05478345975279808,0.05590645223855972
741,0.03115832433104515,78.74971771240234,0.06997926533222198,0.031314197927713394,78.19999694824219,0.07118440419435501,0.05460015684366226,0.056117091327905655,0.055122554302215576,0.055746741592884064
742,0.031078413128852844,78.47589111328125,0.06984885036945343,0.03128884360194206,78.2474365234375,0.07120754569768906,0.054751258343458176,0.05606725811958313,0.054887089878320694,0.05567724630236626
743,0.031130362302064896,78.55619812011719,0.06988690048456192,0.03136748448014259,78.38775634765625,0.07127495855093002,0.05460629612207413,0.056379105895757675,0.05473791062831879,0.055898040533065796
744,0.03112403117120266,78.64025115966797,0.06992672383785248,0.0312848836183548,78.1435775756836,0.07115616649389267,0.05457649007439613,0.0561068132519722,0.055011820048093796,0.05575770139694214
745,0.031053246930241585,78.38862609863281,0.06980684399604797,0.03126250579953194,78.19397735595703,0.07117882370948792,0.054670386016368866,0.05612906068563461,0.054776597768068314,0.05570059269666672
746,0.03112485632300377,78.56854248046875,0.0698925256729126,0.03139092028141022,78.49359130859375,0.07132583856582642,0.05474846810102463,0.05637059733271599,0.05479476973414421,0.05589026212692261
747,0.031071821227669716,78.56571960449219,0.0698910802602768,0.03125300258398056,78.1163558959961,0.07114149630069733,0.05457507446408272,0.056123048067092896,0.05504188686609268,0.05567548796534538
748,0.031001174822449684,78.37084197998047,0.06979797035455704,0.031222617253661156,78.16072082519531,0.07116175442934036,0.0547792986035347,0.0559987835586071,0.05486580356955528,0.05564771592617035
749,0.031062085181474686,78.42506408691406,0.06982366740703583,0.03135586157441139,78.43537139892578,0.07129572331905365,0.054663460701704025,0.05643361806869507,0.05468067526817322,0.05587277561426163
750,0.031050540506839752,78.5302963256836,0.06987372785806656,0.031221291050314903,78.0417709350586,0.07110270857810974,0.05453510209918022,0.056091103702783585,0.05500301718711853,0.05570715665817261
751,0.03097478486597538,78.22318267822266,0.06972711533308029,0.03119131736457348,78.11540222167969,0.07113802433013916,0.05467516928911209,0.056108664721250534,0.05470818281173706,0.0556558333337307
752,0.03106093779206276,78.4499740600586,0.0698355883359909,0.03143336996436119,78.84230041503906,0.07149195671081543,0.05515486001968384,0.056446950882673264,0.054756853729486465,0.05586029961705208
753,0.031007377430796623,78.46742248535156,0.06984350830316544,0.031181786209344864,78.00397491455078,0.07108331471681595,0.05454181507229805,0.056067634373903275,0.055073775351047516,0.05560293048620224
754,0.030924241989850998,78.18881225585938,0.06971025466918945,0.031149832531809807,78.01778411865234,0.07108669728040695,0.05465545877814293,0.05600688233971596,0.054779209196567535,0.05559268593788147
755,0.030984830111265182,78.2812271118164,0.0697542279958725,0.031253550201654434,78.22032165527344,0.0711880549788475,0.054556045681238174,0.056334447115659714,0.054634351283311844,0.05582854524254799
756,0.030971437692642212,78.3527603149414,0.06978825479745865,0.031157677993178368,77.95172119140625,0.07105698436498642,0.05449182540178299,0.05607769265770912,0.05491293966770172,0.05566686391830444
757,0.03091495670378208,78.0933837890625,0.06966428458690643,0.0311446376144886,78.01986694335938,0.07108592242002487,0.05451033264398575,0.05622106045484543,0.054601896554231644,0.05566602200269699
758,0.030978351831436157,78.3712387084961,0.06979678571224213,0.03121853992342949,78.1595230102539,0.07115475833415985,0.054634708911180496,0.05620617792010307,0.054862454533576965,0.05575256049633026
759,0.03090236894786358,78.15581512451172,0.06969400495290756,0.03110295906662941,77.97522735595703,0.07106370478868484,0.05457937344908714,0.05613544210791588,0.0547943115234375,0.05558941140770912
760,0.030864626169204712,78.3815689086914,0.06980131566524506,0.031091108918190002,77.77383422851562,0.0709698498249054,0.0545746348798275,0.055721741169691086,0.055169619619846344,0.05552458018064499
761,0.03086380660533905,78.02381134033203,0.06963032484054565,0.03122064098715782,78.28654479980469,0.07121378928422928,0.0545453317463398,0.05654192715883255,0.054522912949323654,0.05570969730615616
762,0.030920347198843956,78.24821472167969,0.06973757594823837,0.031065944582223892,77.80218505859375,0.07097894698381424,0.05447119101881981,0.0559726320207119,0.05476389080286026,0.05573771521449089
763,0.03083503618836403,77.95951843261719,0.06959960609674454,0.03109043836593628,77.93435668945312,0.07104175537824631,0.05445900559425354,0.05620604008436203,0.05457025021314621,0.05562257766723633
764,0.030880583450198174,78.24141693115234,0.06973394751548767,0.03107151947915554,77.83152770996094,0.07099192589521408,0.054439883679151535,0.056073449552059174,0.05485285446047783,0.05569187551736832
765,0.030823752284049988,77.96344757080078,0.06960122287273407,0.031063051894307137,77.88761138916016,0.07101855427026749,0.0544566735625267,0.05616643279790878,0.05459677800536156,0.055623751133680344
766,0.030851634219288826,78.14808654785156,0.06968935579061508,0.031094303354620934,77.92620849609375,0.0710371658205986,0.054476168006658554,0.056170504540205,0.054779406636953354,0.05567551404237747
767,0.030812041833996773,78.0134506225586,0.06962493807077408,0.03101087547838688,77.77215576171875,0.07095547020435333,0.054402999579906464,0.05609088018536568,0.054697565734386444,0.05559854209423065
768,0.03076389990746975,77.94929504394531,0.0695943757891655,0.030967071652412415,78.10321044921875,0.0711158886551857,0.055137284100055695,0.05589858815073967,0.05469371750950813,0.055565427988767624
769,0.03083040937781334,78.37220001220703,0.06979653984308243,0.030961310490965843,77.508544921875,0.07082643359899521,0.05435723438858986,0.05572693422436714,0.05528966337442398,0.05547461658716202
770,0.0307528804987669,77.83255004882812,0.06953797489404678,0.0310154240578413,77.81965637207031,0.07097751647233963,0.054378800094127655,0.0561927892267704,0.05448669195175171,0.055626966059207916
771,0.030783556401729584,77.99293518066406,0.06961479038000107,0.03094111755490303,77.60082244873047,0.07086757570505142,0.05437563732266426,0.055916834622621536,0.05463176965713501,0.05567952245473862
772,0.030748138204216957,77.87210083007812,0.06955688446760178,0.030964011326432228,77.71418762207031,0.07092197984457016,0.054368313401937485,0.056103210896253586,0.054559823125600815,0.05563029646873474
773,0.030763784423470497,78.01019287109375,0.06962273269891739,0.030939579010009766,77.61493682861328,0.07087378203868866,0.054354213178157806,0.0559813566505909,0.05473775416612625,0.055630456656217575
774,0.0307245422154665,77.83344268798828,0.0695381909608841,0.030940456315875053,77.68546295166016,0.0709075778722763,0.05436116084456444,0.056097354739904404,0.054577235132455826,0.055588044226169586
775,0.030734963715076447,77.9652328491211,0.06960108131170273,0.03093170002102852,77.64344024658203,0.070886991918087,0.05435701832175255,0.0560370497405529,0.05475116893649101,0.05559138208627701
776,0.030696148052811623,77.79178619384766,0.06951811164617538,0.030895773321390152,77.59857940673828,0.0708647295832634,0.05436627194285393,0.05601491779088974,0.05461207032203674,0.05553075298666954
777,0.030709248036146164,77.78732299804688,0.06951604038476944,0.031053518876433372,78.21508026123047,0.07116656750440598,0.054793063551187515,0.05632953718304634,0.05453800410032272,0.05560840293765068
778,0.030723925679922104,78.15715789794922,0.06969259679317474,0.030864080414175987,77.47007751464844,0.0708029642701149,0.05432502180337906,0.055882491171360016,0.05511227250099182,0.05551022291183472
779,0.030607575550675392,77.70214080810547,0.069474957883358,0.030826812610030174,77.43053436279297,0.07078316062688828,0.05435243993997574,0.05581989884376526,0.05468373000621796,0.055424124002456665
780,0.030619176104664803,77.66436767578125,0.06945659220218658,0.030827956274151802,77.46085357666016,0.07079727202653885,0.0543280728161335,0.05591011792421341,0.054535117000341415,0.05552005022764206
781,0.03065752051770687,77.7962646484375,0.0695195272564888,0.03084072843194008,77.49848175048828,0.07081498205661774,0.05432025343179703,0.05597523972392082,0.05459395796060562,0.055623214691877365
782,0.03062555566430092,77.70851135253906,0.06947751343250275,0.030817553400993347,77.48664855957031,0.07080657035112381,0.054328497499227524,0.05597749724984169,0.054596103727817535,0.055532943457365036
783,0.030611401423811913,77.68016052246094,0.06946378946304321,0.030833866447210312,77.5522232055664,0.07083861529827118,0.05434621125459671,0.05605647340416908,0.05458400771021843,0.05552975460886955
784,0.030606022104620934,77.73384094238281,0.06948940455913544,0.030808357521891594,77.4990005493164,0.0708131194114685,0.05433396250009537,0.05600667744874954,0.05468522384762764,0.05552271381020546
785,0.030558882281184196,77.4953842163086,0.0693749412894249,0.030797509476542473,77.5407485961914,0.07083354145288467,0.05434004217386246,0.05608678236603737,0.05446287617087364,0.055471956729888916
786,0.030588429421186447,77.798583984375,0.0695200189948082,0.03081086091697216,77.57659912109375,0.07084925472736359,0.05440717190504074,0.056034404784440994,0.05480315163731575,0.0555272214114666
787,0.030507056042551994,77.48800659179688,0.06937144696712494,0.03070974349975586,77.49357604980469,0.07080244272947311,0.05451037734746933,0.055945903062820435,0.0545625165104866,0.05541759729385376
788,0.030497241765260696,77.88666534423828,0.06956224888563156,0.030706258490681648,77.18875122070312,0.07065408676862717,0.05428555980324745,0.055592041462659836,0.05514886602759361,0.055350806564092636
789,0.030459407716989517,77.34725952148438,0.06930287927389145,0.030799537897109985,77.72422790527344,0.07091305404901505,0.05434805899858475,0.056388553231954575,0.05436300113797188,0.055476877838373184
790,0.030481452122330666,77.48763275146484,0.06937030702829361,0.030659599229693413,77.27410125732422,0.07069291919469833,0.05430559068918228,0.055856943130493164,0.0545225515961647,0.055517539381980896
791,0.030436450615525246,77.36185455322266,0.06930997222661972,0.0306566059589386,77.35591888427734,0.07073234766721725,0.05431320145726204,0.056001629680395126,0.054466113448143005,0.0554502010345459
792,0.030441682785749435,77.48013305664062,0.06936666369438171,0.03064713068306446,77.30178833007812,0.07070780545473099,0.054302725940942764,0.0559455081820488,0.05461188778281212,0.05546959117054939
793,0.030402833595871925,77.31819915771484,0.06928899139165878,0.030671650543808937,77.3984375,0.07074522227048874,0.054285574704408646,0.0560956671833992,0.05447486415505409,0.05541940778493881
794,0.030400488525629044,77.45768737792969,0.06935594230890274,0.03063424862921238,77.28018188476562,0.07068945467472076,0.054262030869722366,0.05596489459276199,0.054669566452503204,0.05542570352554321
795,0.030358990654349327,77.2273941040039,0.06924523413181305,0.03063732199370861,77.31973266601562,0.070707306265831,0.05427904799580574,0.05603708699345589,0.05441679805517197,0.05541030317544937
796,0.03038165345788002,77.4705810546875,0.06936196982860565,0.03061782941222191,77.22509002685547,0.07066137343645096,0.05427274852991104,0.055897533893585205,0.054715704172849655,0.05543208867311478
797,0.030324526131153107,77.14904022216797,0.06920754164457321,0.0306000467389822,77.26665496826172,0.0706808790564537,0.05428365245461464,0.05600997060537338,0.05438420549035072,0.05536826327443123
798,0.030383044853806496,77.43585205078125,0.069345623254776,0.030673380941152573,77.50331115722656,0.0707973912358284,0.05455586686730385,0.05595966428518295,0.05464186519384384,0.05546959489583969
799,0.03030477650463581,77.19593048095703,0.06923017650842667,0.030557792633771896,77.19319152832031,0.07064598053693771,0.05430683121085167,0.055944059044122696,0.054557014256715775,0.05529094859957695
800,0.030264776200056076,77.30133056640625,0.06928056478500366,0.030526727437973022,77.14834594726562,0.07062920182943344,0.054580461233854294,0.055586062371730804,0.05471519008278847,0.055297959595918655
801,0.030305001884698868,77.1719741821289,0.06921838223934174,0.030676614493131638,77.58802032470703,0.07084085792303085,0.05449653044342995,0.05621594935655594,0.05432084575295448,0.05549035221338272
802,0.030322551727294922,77.33699798583984,0.06929773837327957,0.030526360496878624,77.01990509033203,0.07056133449077606,0.054241858422756195,0.055753059685230255,0.05467460677027702,0.055363673716783524
803,0.030260395258665085,77.02025604248047,0.0691453367471695,0.030529052019119263,77.13846588134766,0.07062002271413803,0.05425887182354927,0.05595174804329872,0.05432022735476494,0.05534058064222336
804,0.030299818143248558,77.31311798095703,0.06928610056638718,0.030529171228408813,77.08575439453125,0.07059396803379059,0.05426337569952011,0.055843837559223175,0.054628726094961166,0.05540528893470764
805,0.030249202623963356,77.0316390991211,0.06915094703435898,0.030505293980240822,77.05850219726562,0.07058447599411011,0.05425461009144783,0.05587325245141983,0.05438673123717308,0.05532122775912285
806,0.03027561493217945,77.20843505859375,0.0692359060049057,0.030510282143950462,77.0899887084961,0.07060025632381439,0.05430113524198532,0.05584951117634773,0.05455886200070381,0.05538170412182808
807,0.03023003600537777,77.04776000976562,0.06915857642889023,0.030476467683911324,77.0331802368164,0.07057181000709534,0.05425097420811653,0.055885858833789825,0.054449547082185745,0.05530843883752823
808,0.030246103182435036,77.04828643798828,0.06915900856256485,0.03056872822344303,77.46647644042969,0.07078514993190765,0.054685693234205246,0.05593811348080635,0.054391276091337204,0.05537046492099762
809,0.030225293710827827,77.27884674072266,0.06926964223384857,0.030455365777015686,76.99868774414062,0.07055049389600754,0.054236073046922684,0.05586230754852295,0.05482567474246025,0.05524775758385658
810,0.030162647366523743,76.96745300292969,0.06911981105804443,0.03041304089128971,76.96735382080078,0.0705396980047226,0.05435790494084358,0.055745892226696014,0.05442491173744202,0.05527782440185547
811,0.030209824442863464,77.0060806274414,0.06913849711418152,0.030500145629048347,77.21118927001953,0.07065831869840622,0.05437808856368065,0.055978018790483475,0.054281629621982574,0.05544453114271164
812,0.03020351566374302,77.1724624633789,0.06921831518411636,0.03040880523622036,76.86092376708984,0.07048695534467697,0.054223496466875076,0.05571000650525093,0.054679445922374725,0.05528179556131363
813,0.030147923156619072,76.82599639892578,0.06905161589384079,0.030410658568143845,76.96581268310547,0.0705370232462883,0.054226431995630264,0.05586785823106766,0.05426672846078873,0.05528317764401436
814,0.030208101496100426,77.18904876708984,0.06922628730535507,0.03042321279644966,76.95572662353516,0.07053273171186447,0.05427560955286026,0.05573790892958641,0.05461614206433296,0.05537256598472595
815,0.03012966550886631,76.7969741821289,0.06903751194477081,0.030390823259949684,76.93440246582031,0.07052494585514069,0.054224491119384766,0.05584602430462837,0.0543140210211277,0.05521782115101814
816,0.03018958866596222,77.07231140136719,0.06917067617177963,0.03047296404838562,77.38482666015625,0.0707477405667305,0.05478633567690849,0.05577171966433525,0.05452415719628334,0.05535371974110603
817,0.030117856338620186,76.92486572265625,0.06909932941198349,0.030369354411959648,76.96520233154297,0.07053937017917633,0.05426614731550217,0.055898267775774,0.054531387984752655,0.05518642067909241
818,0.03007771261036396,76.8891372680664,0.06908208131790161,0.030331315472722054,76.95668029785156,0.07053613662719727,0.05451409891247749,0.05564456060528755,0.05445077642798424,0.05525394529104233
819,0.030120069161057472,76.84881591796875,0.06906279176473618,0.03056892193853855,77.82949829101562,0.07096272706985474,0.05492689833045006,0.05624048784375191,0.054264988750219345,0.05535644292831421
820,0.030150722712278366,77.15980529785156,0.06921200454235077,0.030332237482070923,76.72525787353516,0.07042195647954941,0.054181549698114395,0.055606938898563385,0.0547553151845932,0.0552406832575798
821,0.03004762902855873,76.65128326416016,0.06896738708019257,0.030328946188092232,76.84245300292969,0.07047872245311737,0.05421989783644676,0.05579756572842598,0.05422976240515709,0.0551862008869648
822,0.030124658718705177,77.02241516113281,0.06914646923542023,0.030369877815246582,76.9599380493164,0.07053697109222412,0.054348401725292206,0.055749330669641495,0.05450013652443886,0.05536319687962532
823,0.030046334490180016,76.71282196044922,0.06899724900722504,0.030316365882754326,76.80350494384766,0.07045917958021164,0.05418810993432999,0.05578821897506714,0.05433880165219307,0.05516960099339485
824,0.03008669801056385,76.84876251220703,0.0690632089972496,0.030411137267947197,77.31167602539062,0.07070983201265335,0.0547427162528038,0.05581421032547951,0.054389264434576035,0.05528971925377846
825,0.030042026191949844,76.89796447753906,0.0690867155790329,0.030300689861178398,76.80757904052734,0.07046067714691162,0.05418771132826805,0.055826809257268906,0.054615601897239685,0.05515424162149429
826,0.029996627941727638,76.70206451416016,0.06899219006299973,0.03025345504283905,76.83720397949219,0.07047700881958008,0.05438651889562607,0.05571465566754341,0.054322145879268646,0.05522986501455307
827,0.03000105358660221,76.61787414550781,0.06895162910223007,0.030389433726668358,77.22651672363281,0.07066646218299866,0.054414670914411545,0.05609609931707382,0.054185900837183,0.055257443338632584
828,0.030085042119026184,77.19969940185547,0.06923042237758636,0.030249284580349922,76.62064361572266,0.07037092000246048,0.054161425679922104,0.05556667223572731,0.0548856146633625,0.055254969745874405
829,0.02995077334344387,76.50660705566406,0.06889788806438446,0.030240347608923912,76.68921661376953,0.0704040452837944,0.054184623062610626,0.05570191144943237,0.054213885217905045,0.055120062083005905
830,0.0300219114869833,76.75899505615234,0.06901995837688446,0.030298886820673943,76.8949966430664,0.07050617784261703,0.054343730211257935,0.05575871467590332,0.054319027811288834,0.05531609430909157
831,0.029973413795232773,76.72702026367188,0.06900454312562943,0.030233949422836304,76.6557388305664,0.07038740813732147,0.054154396057128906,0.05568695068359375,0.05447302758693695,0.05515316501259804
832,0.02995801530778408,76.53763580322266,0.0689130648970604,0.030259836465120316,76.76477813720703,0.07044827193021774,0.05420614406466484,0.0557950958609581,0.05419030785560608,0.0552087165415287
833,0.029972495511174202,76.90855407714844,0.06909176707267761,0.03020557202398777,76.59072875976562,0.07036318629980087,0.054155416786670685,0.05562412366271019,0.05469699949026108,0.05518416315317154
834,0.02991168573498726,76.4954833984375,0.06889276951551437,0.030184263363480568,76.65230560302734,0.07039304822683334,0.054239422082901,0.05570307746529579,0.054219864308834076,0.05516371876001358
835,0.029964514076709747,76.68502807617188,0.06898488849401474,0.03035944700241089,77.62989044189453,0.07087420672178268,0.055225156247615814,0.055864837020635605,0.05433007702231407,0.055275943130254745
836,0.02992927096784115,76.7700424194336,0.06902557611465454,0.03015810251235962,76.53594207763672,0.07033567875623703,0.05415314435958862,0.0556219220161438,0.05465008690953255,0.0550951324403286
837,0.02986820973455906,76.49031066894531,0.0688905119895935,0.030132638290524483,76.5927963256836,0.07035988569259644,0.05428910627961159,0.05562696233391762,0.05427897348999977,0.05514565110206604
838,0.02992219850420952,76.57804870605469,0.0689331516623497,0.030268337577581406,77.1363525390625,0.07062716037034988,0.054661814123392105,0.05585465580224991,0.05424566566944122,0.05526996776461601
839,0.02989862486720085,76.7055892944336,0.0689944475889206,0.030124196782708168,76.4610595703125,0.0702952966094017,0.05413872003555298,0.05556345358490944,0.054597534239292145,0.055105060338974
840,0.029849326238036156,76.38238525390625,0.06883828341960907,0.030129795894026756,76.57926177978516,0.0703529641032219,0.05417980998754501,0.055738143622875214,0.05416528135538101,0.055144134908914566
841,0.02990904077887535,76.7235336303711,0.06900346279144287,0.030197875574231148,76.77143096923828,0.07045035809278488,0.054408200085163116,0.05568273738026619,0.054504405707120895,0.055222537368535995
842,0.029831912368535995,76.39612579345703,0.06884519010782242,0.030112167820334435,76.55918884277344,0.07034482806921005,0.05420202761888504,0.05573847517371178,0.054287638515233994,0.05506549030542374
843,0.029805099591612816,76.51570129394531,0.06890310347080231,0.03006085567176342,76.72339630126953,0.07042980939149857,0.05474160984158516,0.055479519069194794,0.0544099435210228,0.055123697966337204
844,0.029759226366877556,76.4100570678711,0.06885230541229248,0.030038010329008102,76.3266372680664,0.07023239135742188,0.05434247478842735,0.05524185672402382,0.05446609854698181,0.0549515001475811
845,0.029920000582933426,76.8401870727539,0.06905841827392578,0.030099112540483475,76.45568084716797,0.07029204815626144,0.05420082435011864,0.055553290992975235,0.05442466586828232,0.05546341836452484
846,0.029775438830256462,76.22257995605469,0.06876132637262344,0.03006206639111042,76.39898681640625,0.07026401907205582,0.054151009768247604,0.05559251084923744,0.05416451767086983,0.055004872381687164
847,0.029827997088432312,76.52068328857422,0.06890551745891571,0.030113760381937027,76.5732192993164,0.07034932076931,0.054213620722293854,0.0557347871363163,0.054381079971790314,0.0551665723323822
848,0.029792923480272293,76.37493896484375,0.06883527338504791,0.03007347509264946,76.47217559814453,0.07029961794614792,0.05414985865354538,0.055713098496198654,0.05429726094007492,0.05508817732334137
849,0.029791919514536858,76.40902709960938,0.06885180622339249,0.0301078949123621,76.59519958496094,0.07035957276821136,0.05424070730805397,0.055740855634212494,0.054319486021995544,0.05511680245399475
850,0.02977265603840351,76.41992950439453,0.06885706633329391,0.030066771432757378,76.47346496582031,0.07029933482408524,0.054144587367773056,0.055726807564496994,0.05440099909901619,0.05507393926382065
851,0.029752762988209724,76.23326110839844,0.0687669962644577,0.030075592920184135,76.58889770507812,0.07035715132951736,0.054231345653533936,0.055795155465602875,0.05414259806275368,0.05510741472244263
852,0.02975521795451641,76.59610748291016,0.06894189119338989,0.03002341277897358,76.4272232055664,0.07027758657932281,0.05415933206677437,0.055671971291303635,0.05466606095433235,0.0550718829035759
853,0.02970253862440586,76.22281646728516,0.0687619224190712,0.029987990856170654,76.49885559082031,0.07031447440385818,0.054286811500787735,0.055751752108335495,0.05419652536511421,0.05508061870932579
854,0.0297350212931633,76.26317596435547,0.06878163665533066,0.030162956565618515,77.14952087402344,0.07063423097133636,0.054814379662275314,0.05590871721506119,0.05416151136159897,0.055142536759376526
855,0.029732324182987213,76.54026794433594,0.06891515105962753,0.029987892135977745,76.31835174560547,0.0702262595295906,0.054146863520145416,0.055576711893081665,0.054653529077768326,0.055016834288835526
856,0.02966182865202427,76.10774993896484,0.06870629638433456,0.02998935990035534,76.35738372802734,0.07023900747299194,0.05417470261454582,0.0556742362678051,0.05413654074072838,0.05501855909824371
857,0.029697930440306664,76.29425048828125,0.06879701465368271,0.030096663162112236,76.81685638427734,0.07046528905630112,0.05459776148200035,0.055750805884599686,0.05425596237182617,0.055128298699855804
858,0.029658252373337746,76.34446716308594,0.06882116198539734,0.02997097745537758,76.25387573242188,0.07018893957138062,0.05412672832608223,0.05559777840971947,0.05449880287051201,0.054985471069812775
859,0.029613787308335304,76.05498504638672,0.06868092715740204,0.029958680272102356,76.3310775756836,0.07022468745708466,0.054188720881938934,0.05569542199373245,0.05411212518811226,0.05502535030245781
860,0.029671791940927505,76.34465789794922,0.06882176548242569,0.03006093204021454,76.81021118164062,0.07046084105968475,0.05477306619286537,0.05559989809989929,0.05441218614578247,0.05511394143104553
861,0.029604215174913406,76.13806915283203,0.06872150301933289,0.02992084063589573,76.22865295410156,0.0701739639043808,0.05416712537407875,0.05560657009482384,0.05433698743581772,0.054947104305028915
862,0.02957340143620968,76.03754425048828,0.06867291778326035,0.02987855300307274,76.30375671386719,0.0702093169093132,0.05434245243668556,0.05552041158080101,0.05418200045824051,0.05499979481101036
863,0.029536733403801918,76.2419204711914,0.06877215206623077,0.02983960509300232,76.00372314453125,0.07006479054689407,0.054240044206380844,0.05507347732782364,0.054620157927274704,0.05484424903988838
864,0.02966644987463951,76.25719451904297,0.06877954304218292,0.03000297211110592,76.46070098876953,0.07028697431087494,0.054325979202985764,0.05560220405459404,0.054123394191265106,0.05527626350522041
865,0.029564306139945984,75.94001007080078,0.06862596422433853,0.02989155612885952,76.12163543701172,0.07012073695659637,0.05409969761967659,0.05546554550528526,0.05416184663772583,0.05490103363990784
866,0.02959607169032097,76.10753631591797,0.06870734691619873,0.029933059588074684,76.2531967163086,0.0701855942606926,0.054165635257959366,0.05555088073015213,0.05426856130361557,0.055010389536619186
867,0.029574977234005928,76.03073120117188,0.06867032498121262,0.029910951852798462,76.1903076171875,0.07015477120876312,0.05411140248179436,0.05556290224194527,0.05423802137374878,0.054959412664175034
868,0.02958058938384056,76.0225830078125,0.06866668164730072,0.029940132051706314,76.29061126708984,0.0702044814825058,0.05418750271201134,0.05559640750288963,0.05420347675681114,0.054994646459817886
869,0.02956351451575756,76.08416748046875,0.06869657337665558,0.029900219291448593,76.17800903320312,0.07014898955821991,0.05410151556134224,0.05558094382286072,0.05435208976268768,0.05494878813624382
870,0.029539024457335472,75.88032531738281,0.06859800964593887,0.029883941635489464,76.25498962402344,0.07018713653087616,0.05417824909090996,0.05568647012114525,0.0540597103536129,0.054989755153656006
871,0.02950500138103962,76.38141632080078,0.0688413679599762,0.02980286255478859,75.89618682861328,0.0700116902589798,0.05406918004155159,0.05520453304052353,0.054863426834344864,0.05485684797167778
872,0.029538128525018692,75.86170196533203,0.06858911365270615,0.02992255985736847,76.27205657958984,0.07019548118114471,0.05415695160627365,0.055652108043432236,0.05399864912033081,0.05502142757177353
873,0.029546063393354416,75.95722961425781,0.06863582879304886,0.029876818880438805,76.05280303955078,0.07008950412273407,0.05408042296767235,0.0554632768034935,0.05415304750204086,0.055002760142087936
874,0.029531341046094894,75.95116424560547,0.068633072078228,0.02989455871284008,76.11714935302734,0.07011985778808594,0.05412200465798378,0.05550024285912514,0.05419827625155449,0.05496818199753761
875,0.029517238959670067,75.9573745727539,0.06863625347614288,0.029877150431275368,76.10271453857422,0.0701124295592308,0.054092735052108765,0.0555356927216053,0.05426286906003952,0.05493024364113808
876,0.02950618788599968,75.89461517333984,0.06860619783401489,0.02989177033305168,76.16815185546875,0.07014451920986176,0.05411859601736069,0.0556015707552433,0.05418340116739273,0.054945237934589386
877,0.029497915878891945,75.95773315429688,0.0686369240283966,0.029868418350815773,76.11833190917969,0.07011965662240982,0.05409860610961914,0.05557713285088539,0.054297544062137604,0.05492653697729111
878,0.029488440603017807,75.81764221191406,0.06856931000947952,0.029875699430704117,76.1554946899414,0.07013813406229019,0.05410775914788246,0.05563089996576309,0.054107896983623505,0.054944295436143875
879,0.029490187764167786,76.02044677734375,0.06866762042045593,0.029856348410248756,76.10382843017578,0.0701150968670845,0.05414087325334549,0.05549162998795509,0.0544142983853817,0.05492299422621727
880,0.029452363029122353,75.81008911132812,0.06856606155633926,0.029817819595336914,76.38914489746094,0.07025597989559174,0.054481830447912216,0.055720437318086624,0.05415407568216324,0.0549270398914814
881,0.02940630353987217,76.0066146850586,0.06866198033094406,0.029727118089795113,75.72738647460938,0.06992928683757782,0.054051823914051056,0.05512598529458046,0.054565347731113434,0.05479869991540909
882,0.02949250116944313,75.84264373779297,0.06858208030462265,0.02988039143383503,76.21060180664062,0.07016757875680923,0.05420633777976036,0.055582087486982346,0.05403218790888786,0.05506514385342598
883,0.029451459646224976,75.81199645996094,0.06856749206781387,0.02979239635169506,75.91691589355469,0.07002326101064682,0.054070837795734406,0.05537225678563118,0.054205913096666336,0.05489054322242737
884,0.029447516426444054,75.76946258544922,0.0685470923781395,0.029828352853655815,76.08821868896484,0.0701068788766861,0.054144445806741714,0.055525243282318115,0.0541425384581089,0.05491206422448158
885,0.029437599703669548,75.85604858398438,0.06858920305967331,0.02980612777173519,76.0055923461914,0.0700661763548851,0.05408433452248573,0.0555039718747139,0.054302144795656204,0.05488218367099762
886,0.029428252950310707,75.68685150146484,0.06850728392601013,0.029825616627931595,76.08919525146484,0.07010739296674728,0.05411246046423912,0.05559535697102547,0.05406833812594414,0.054902952164411545
887,0.029426323249936104,75.9219741821289,0.06862135231494904,0.02979178912937641,75.99243927001953,0.07005984336137772,0.054091792553663254,0.05548923462629318,0.054416269063949585,0.05487929284572601
888,0.029401712119579315,75.6383056640625,0.06848406791687012,0.02978561446070671,76.04158020019531,0.07008431106805801,0.05409371852874756,0.055632900446653366,0.05405011773109436,0.054882872849702835
889,0.029415469616651535,75.63964080810547,0.06848521530628204,0.029905665665864944,76.6095962524414,0.07036475837230682,0.05470277741551399,0.055647365748882294,0.053998567163944244,0.05493195727467537
890,0.029418349266052246,76.1607894897461,0.06873708963394165,0.029762061312794685,75.88092041015625,0.07000742852687836,0.05406229570508003,0.05543059483170509,0.05480083078145981,0.05481487512588501
891,0.0293599721044302,75.58322143554688,0.06845787912607193,0.029747646301984787,75.91070556640625,0.07002396136522293,0.05408358573913574,0.05550660565495491,0.05407373234629631,0.05483793467283249
892,0.029379110783338547,75.5851821899414,0.06845901161432266,0.02978450618684292,76.01288604736328,0.07007426768541336,0.05409882590174675,0.055603645741939545,0.054012008011341095,0.05489359050989151
893,0.029393037781119347,75.83958435058594,0.06858274340629578,0.02974400855600834,75.86917877197266,0.0700046494603157,0.054105181246995926,0.055398859083652496,0.054361723363399506,0.054883480072021484
894,0.02935817837715149,75.54298400878906,0.06843890994787216,0.02977157011628151,75.96021270751953,0.07004962116479874,0.05409514158964157,0.05556894466280937,0.05405173823237419,0.054833102971315384
895,0.029376929625868797,75.75480651855469,0.06854186952114105,0.029755190014839172,75.96637725830078,0.0700521171092987,0.05417484790086746,0.05546062812209129,0.05428924411535263,0.054881270974874496
896,0.02934405952692032,75.56559753417969,0.06845021992921829,0.02974812127649784,75.93433380126953,0.07003749161958694,0.05409035086631775,0.05557919666171074,0.05411864072084427,0.05482460930943489
897,0.029354363679885864,75.53233337402344,0.06843447685241699,0.0298015046864748,76.2661361694336,0.07020170986652374,0.05450502410531044,0.05552298575639725,0.0540330708026886,0.054872430860996246
898,0.029337503015995026,75.91802215576172,0.06862152367830276,0.02972749061882496,75.87262725830078,0.0700070932507515,0.05407154932618141,0.055523402988910675,0.05464303866028786,0.05478813871741295
899,0.02930363453924656,75.51161193847656,0.06842432171106339,0.029691698029637337,75.8155288696289,0.06998059898614883,0.054104022681713104,0.05547535419464111,0.054078683257102966,0.05484143644571304
900,0.029317250475287437,75.47352600097656,0.06840603053569794,0.029732000082731247,75.86608123779297,0.07000590860843658,0.05410001799464226,0.055510617792606354,0.053995631635189056,0.054866205900907516
901,0.029318464919924736,75.72757720947266,0.06852946430444717,0.029678167775273323,75.71732330322266,0.06993159651756287,0.05407673120498657,0.05534086376428604,0.05439334362745285,0.05481728911399841
902,0.02928698994219303,75.42828369140625,0.0683843269944191,0.029680902138352394,75.77448272705078,0.06996012479066849,0.054081030189991,0.055471647530794144,0.05403934791684151,0.05480683222413063
903,0.02930333837866783,75.5203857421875,0.06842925399541855,0.029707590118050575,75.86560821533203,0.07000578939914703,0.05421169474720955,0.05539831519126892,0.05414319783449173,0.05483139678835869
904,0.029280085116624832,75.56526947021484,0.06845101714134216,0.029668981209397316,75.77394104003906,0.06995990127325058,0.05408596619963646,0.05547789856791496,0.05429833009839058,0.054766081273555756
905,0.029258795082569122,75.38209533691406,0.06836219131946564,0.029664745554327965,75.79554748535156,0.06997177749872208,0.05415526404976845,0.055518779903650284,0.054016344249248505,0.05482342466711998
906,0.029215794056653976,75.50698852539062,0.06842318922281265,0.02954464964568615,75.79203796386719,0.06997325271368027,0.05461695045232773,0.055150922387838364,0.05429347604513168,0.054767124354839325
907,0.029189083725214005,75.2822036743164,0.06831391900777817,0.02976907789707184,76.12936401367188,0.07013609260320663,0.054218750447034836,0.05583181977272034,0.05404714494943619,0.054728101938962936
908,0.02932582050561905,75.91717529296875,0.06862089037895203,0.029578646644949913,75.5027847290039,0.06983038783073425,0.05408303812146187,0.05517910048365593,0.054553233087062836,0.05497104302048683
909,0.029177246615290642,75.16423034667969,0.06825682520866394,0.0295904241502285,75.57687377929688,0.0698748454451561,0.054067302495241165,0.055352430790662766,0.05398677662014961,0.054658882319927216
910,0.02922319807112217,75.36319732666016,0.06835400313138962,0.02960527502000332,75.61964416503906,0.06989382952451706,0.054069578647613525,0.055415742099285126,0.05409606173634529,0.05477960780262947
911,0.029223864898085594,75.42338562011719,0.06838372349739075,0.029594913125038147,75.58154296875,0.06987851113080978,0.05406362563371658,0.05541610345244408,0.054168108850717545,0.05479789525270462
912,0.029205113649368286,75.32190704345703,0.06833460927009583,0.029601871967315674,75.61416625976562,0.06989677250385284,0.054073918610811234,0.055467553436756134,0.05408886820077896,0.054762426763772964
913,0.029203137382864952,75.36663818359375,0.06835659593343735,0.029604921117424965,75.60394287109375,0.06989209353923798,0.054076168686151505,0.05545264855027199,0.05416146665811539,0.05476788058876991
914,0.02918858826160431,75.31779479980469,0.06833307445049286,0.029593097046017647,75.58223724365234,0.06988164037466049,0.0540681816637516,0.05545404925942421,0.05412818118929863,0.0547567754983902
915,0.029183493927121162,75.28551483154297,0.06831763684749603,0.029605790972709656,75.56937408447266,0.06987684220075607,0.05406447499990463,0.055485937744379044,0.05409255623817444,0.054766666144132614
916,0.029177743941545486,75.37250518798828,0.0683601126074791,0.029579583555459976,75.49859619140625,0.06984193623065948,0.054044272750616074,0.05542825907468796,0.05423509702086449,0.05474971979856491
917,0.02916211448609829,75.17737579345703,0.06826546043157578,0.029577305540442467,75.60736846923828,0.0698990449309349,0.054071780294179916,0.05561106279492378,0.05399717018008232,0.054748475551605225
918,0.029146043583750725,75.4310073852539,0.06838886439800262,0.02945835329592228,75.9692153930664,0.07008390873670578,0.05510139465332031,0.05529399961233139,0.054344043135643005,0.05476240813732147
919,0.029095817357301712,75.1173095703125,0.06823650747537613,0.029529275372624397,75.47362518310547,0.06983546912670135,0.054051339626312256,0.05547339469194412,0.05406470596790314,0.05464347079396248
920,0.029205087572336197,75.54122924804688,0.06844254583120346,0.029478004202246666,75.27362060546875,0.06973651796579361,0.05402814596891403,0.05522800609469414,0.054365891963243484,0.054844893515110016
921,0.029117010533809662,75.08431243896484,0.06822100281715393,0.029512325301766396,75.40995788574219,0.06980442255735397,0.05404359847307205,0.05543779209256172,0.05399160087108612,0.05468485876917839
922,0.029144437983632088,75.2401351928711,0.0682971403002739,0.029532652348279953,75.43376922607422,0.0698159784078598,0.054049838334321976,0.055445145815610886,0.0541093610227108,0.05476611852645874
923,0.02912849374115467,75.1976318359375,0.06827673316001892,0.029519889503717422,75.41799926757812,0.06980953365564346,0.054051049053668976,0.055454935878515244,0.0541163794696331,0.054722417145967484
924,0.029123663902282715,75.16593933105469,0.06826157867908478,0.029518065974116325,75.4148941040039,0.06980764120817184,0.054050177335739136,0.05546152591705322,0.054089438170194626,0.054723989218473434
925,0.029114343225955963,75.1958999633789,0.06827627867460251,0.029506921768188477,75.40360260009766,0.06980226933956146,0.05404870584607124,0.05546235665678978,0.054161734879016876,0.05471280589699745
926,0.029104312881827354,75.09451293945312,0.0682271420955658,0.02950422093272209,75.43465423583984,0.06981737166643143,0.05405200645327568,0.055524419993162155,0.054042138159275055,0.05471162497997284
927,0.02910575643181801,75.1730728149414,0.06826572865247726,0.029490714892745018,75.399169921875,0.06979972869157791,0.05409664288163185,0.055405255407094955,0.054151348769664764,0.05471710115671158
928,0.029081517830491066,75.14603424072266,0.06825268268585205,0.029469382017850876,75.36605072021484,0.06978396326303482,0.054036907851696014,0.05548638477921486,0.054190512746572495,0.054665785282850266
929,0.02907605841755867,75.02132415771484,0.06819230318069458,0.029430998489260674,75.56158447265625,0.06988111138343811,0.05435416102409363,0.055554214864969254,0.05398746579885483,0.05471896007657051
930,0.029040005058050156,75.39725494384766,0.06837635487318039,0.029315177351236343,74.94319152832031,0.06957348436117172,0.0540035180747509,0.054936766624450684,0.05462531000375748,0.0546049103140831
931,0.029071250930428505,74.95907592773438,0.0681619867682457,0.029462231323122978,75.37999725341797,0.06979010254144669,0.054064590483903885,0.05547871068120003,0.053912144154310226,0.05471699312329292
932,0.029085176065564156,75.07096862792969,0.06821707636117935,0.029374996200203896,75.1379165649414,0.06967118382453918,0.05402767285704613,0.05527624487876892,0.05406946688890457,0.05471743270754814
933,0.02905598282814026,74.98422241210938,0.06817498803138733,0.02940647304058075,75.21625518798828,0.06970837712287903,0.054036252200603485,0.05535805597901344,0.05403333902359009,0.05466315522789955
934,0.029055193066596985,75.04759979248047,0.06820595264434814,0.029387373477220535,75.17023468017578,0.06968769431114197,0.054035089910030365,0.05531178042292595,0.05412771925330162,0.054665178060531616
935,0.029045550152659416,74.9996109008789,0.06818309426307678,0.029410121962428093,75.21141815185547,0.06970810890197754,0.05404302850365639,0.05536074563860893,0.05407724529504776,0.05465209111571312
936,0.029045088216662407,75.01029205322266,0.06818836182355881,0.029404880478978157,75.19165802001953,0.06969570368528366,0.054050978273153305,0.05531878024339676,0.05411233752965927,0.05464714393019676
937,0.029030580073595047,74.9522705078125,0.06816034018993378,0.029387976974248886,75.17281341552734,0.06968746334314346,0.054046690464019775,0.05533496290445328,0.0540805384516716,0.05462756007909775
938,0.029030004516243935,74.91722106933594,0.06814362108707428,0.02940673939883709,75.2567138671875,0.06973060220479965,0.054116398096084595,0.05536902695894241,0.05402924120426178,0.05464546009898186
939,0.029012808576226234,75.0453109741211,0.06820613145828247,0.029387472197413445,75.1514663696289,0.06968186795711517,0.053995613008737564,0.05539258196949959,0.05425368249416351,0.05461491644382477
940,0.028989557176828384,74.9048080444336,0.06813828647136688,0.02933540567755699,75.53507995605469,0.06987618654966354,0.05455789342522621,0.05555374547839165,0.054037906229496,0.05466657876968384
941,0.02893223986029625,74.98897552490234,0.0681796744465828,0.02922498807311058,74.89344787597656,0.06955895572900772,0.05411909893155098,0.05504151061177254,0.0543191097676754,0.05454161390662193
942,0.028999049216508865,74.88252258300781,0.06812784075737,0.02940209209918976,75.27839660644531,0.06974991410970688,0.05407233163714409,0.055524855852127075,0.053987860679626465,0.05470867455005646
943,0.02898421883583069,74.89701080322266,0.06813498586416245,0.029300188645720482,74.96678161621094,0.0695943832397461,0.05396725609898567,0.055258505046367645,0.05411314219236374,0.05462130904197693
944,0.028962213546037674,74.7696304321289,0.06807327270507812,0.029331624507904053,75.08792877197266,0.06965329498052597,0.05399545654654503,0.055406052619218826,0.05398400500416756,0.05459753796458244
945,0.028966790065169334,74.9021987915039,0.0681382566690445,0.02931911125779152,75.02910614013672,0.06962403655052185,0.053984928876161575,0.05533121898770332,0.05416424944996834,0.05461477115750313
946,0.028952311724424362,74.75660705566406,0.06806737929582596,0.02933083288371563,75.06795501708984,0.06964268535375595,0.053990401327610016,0.05539065971970558,0.0540153943002224,0.0545944981276989
947,0.02895442768931389,74.8034896850586,0.06809072196483612,0.02934420295059681,75.10767364501953,0.06966231763362885,0.05405678227543831,0.055341269820928574,0.05408965423703194,0.054603345692157745
948,0.028939049690961838,74.8370590209961,0.0681069865822792,0.02930726669728756,75.00894165039062,0.06961379945278168,0.053975481539964676,0.0553518645465374,0.05419234186410904,0.05456448718905449
949,0.028928518295288086,74.6666259765625,0.06802412867546082,0.029283877462148666,75.20365142822266,0.06971301138401031,0.054295483976602554,0.05542195215821266,0.05393446609377861,0.054608333855867386
950,0.028892410919070244,75.0354232788086,0.06820527464151382,0.029168961569666862,74.67707061767578,0.06944719702005386,0.053981881588697433,0.05492275580763817,0.054533809423446655,0.054521359503269196
951,0.02892705239355564,74.63909149169922,0.06801088899374008,0.029308903962373734,75.03076934814453,0.06962360441684723,0.05399838462471962,0.055358972400426865,0.053894516080617905,0.054611701518297195
952,0.028942111879587173,74.78736114501953,0.06808357685804367,0.029245270416140556,74.85942077636719,0.06953901052474976,0.05396844074130058,0.055197130888700485,0.054092466831207275,0.0546208992600441
953,0.02891210839152336,74.63966369628906,0.06801179051399231,0.0292741060256958,74.93768310546875,0.06957686692476273,0.05398249626159668,0.05529370158910751,0.05398881807923317,0.05455499887466431
954,0.028915507718920708,74.74984741210938,0.06806586682796478,0.029261648654937744,74.89959716796875,0.06956086307764053,0.05396818742156029,0.05524482578039169,0.05412959307432175,0.05457382649183273
955,0.02890302613377571,74.63860321044922,0.06801171600818634,0.029266227036714554,74.92449188232422,0.06957362592220306,0.05397307127714157,0.05529111251235008,0.05402076244354248,0.05455230921506882
956,0.02890424057841301,74.68549346923828,0.06803493946790695,0.029255645349621773,74.93991088867188,0.06958182901144028,0.05400713533163071,0.055277276784181595,0.05409157648682594,0.05455727130174637
957,0.028890348970890045,74.68988037109375,0.06803717464208603,0.029238486662507057,74.89388275146484,0.06955935060977936,0.05396737530827522,0.05529468506574631,0.05413711443543434,0.05453510582447052
958,0.0288831926882267,74.51911163330078,0.06795386970043182,0.02924756333231926,74.95494079589844,0.06959129869937897,0.05399319902062416,0.05539283901453018,0.05390654131770134,0.05455683916807175
959,0.028872257098555565,75.0709457397461,0.0682220533490181,0.029133649542927742,74.79256439208984,0.06951235234737396,0.05426565557718277,0.054962158203125,0.05463150516152382,0.05457460507750511
960,0.02884143777191639,74.38123321533203,0.06788665801286697,0.029239119961857796,74.90821838378906,0.06957034021615982,0.054001905024051666,0.05531492456793785,0.05383027344942093,0.0544598214328289
961,0.028900690376758575,74.65746307373047,0.06802200525999069,0.029189957305788994,74.74824523925781,0.06949126720428467,0.053964655846357346,0.055170126259326935,0.05405952408909798,0.05460389703512192
962,0.028865201398730278,74.51232147216797,0.06795156747102737,0.02921254374086857,74.81590270996094,0.06952539086341858,0.053976066410541534,0.05526477470993996,0.05397390201687813,0.054519157856702805
963,0.028869854286313057,74.60326385498047,0.06799621880054474,0.029217349365353584,74.80719757080078,0.06952132284641266,0.05397384613752365,0.055248018354177475,0.05409526824951172,0.05453392490744591
964,0.028858855366706848,74.53012084960938,0.06796066462993622,0.029221992939710617,74.82366180419922,0.06952985376119614,0.053969621658325195,0.05529998987913132,0.05403820797801018,0.05450715869665146
965,0.028860334306955338,74.51348114013672,0.06795288622379303,0.02922844886779785,74.8911361694336,0.06956367939710617,0.054047852754592896,0.05529007315635681,0.05401581525802612,0.05452132970094681
966,0.028853172436356544,74.64594268798828,0.06801769882440567,0.02920209802687168,74.81394958496094,0.06952555477619171,0.05397435277700424,0.055311743170022964,0.05423320457339287,0.05449479818344116
967,0.02884332835674286,74.47035217285156,0.06793242692947388,0.029183343052864075,75.12340545654297,0.06968434154987335,0.05441547557711601,0.05544746294617653,0.05396886542439461,0.05454135686159134
968,0.02880571037530899,74.65447235107422,0.06802289187908173,0.029068294912576675,74.52528381347656,0.06938677281141281,0.05409272387623787,0.05488860234618187,0.054326701909303665,0.05445622280240059
969,0.028850525617599487,74.44821166992188,0.06792179495096207,0.029236480593681335,74.88738250732422,0.06956513226032257,0.05402853712439537,0.05535879358649254,0.053927138447761536,0.05455692484974861
970,0.028851725161075592,74.54817199707031,0.06797091662883759,0.02916058339178562,74.66395568847656,0.06945554912090302,0.05396893993020058,0.055177200585603714,0.054116591811180115,0.05451324209570885
971,0.02882988005876541,74.37786865234375,0.06788775324821472,0.029194300994277,74.75857543945312,0.06950268894433975,0.05398496985435486,0.05528929829597473,0.05395049601793289,0.054480984807014465
972,0.02883647009730339,74.52236938476562,0.0679587796330452,0.02916668727993965,74.7166519165039,0.06947817653417587,0.05400048941373825,0.055234767496585846,0.05414201691746712,0.0544915571808815
973,0.02881975844502449,74.34950256347656,0.06787443906068802,0.029175294563174248,74.73008728027344,0.06948528438806534,0.05399174615740776,0.055295951664447784,0.05394896864891052,0.05447898805141449
974,0.028826599940657616,74.38533020019531,0.06789273768663406,0.029183391481637955,75.05216217041016,0.06964560598134995,0.054560817778110504,0.0550931952893734,0.05399266257882118,0.05450280383229256
975,0.028808265924453735,74.69950866699219,0.06804639846086502,0.029177086427807808,74.7889175415039,0.06951646506786346,0.053993768990039825,0.05543573945760727,0.05448712408542633,0.05443446710705757
976,0.028804359957575798,74.40589904785156,0.06790293008089066,0.029118720442056656,74.71556854248047,0.06948153674602509,0.054103828966617584,0.05529206246137619,0.05400082468986511,0.05454915389418602
977,0.02878756821155548,74.25922393798828,0.06783103197813034,0.02910654805600643,74.6035385131836,0.06942451745271683,0.05404352769255638,0.05519954115152359,0.05389136075973511,0.0544753335416317
978,0.028814302757382393,74.44313049316406,0.06792164593935013,0.02916536293923855,74.74414825439453,0.06949328631162643,0.0541597418487072,0.05514565110206604,0.05410350486636162,0.05450722202658653
979,0.028781820088624954,74.37374114990234,0.06788785010576248,0.029125604778528214,74.5576400756836,0.06940367072820663,0.05397405847907066,0.055192213505506516,0.05413298308849335,0.05441225692629814
980,0.02877964824438095,74.23351287841797,0.06781944632530212,0.029108479619026184,74.69249725341797,0.06947221606969833,0.05416564270853996,0.05529279634356499,0.053894054144620895,0.05447647348046303
981,0.028749823570251465,74.66073608398438,0.06802953034639359,0.028992528095841408,74.23580169677734,0.069244883954525,0.05396499112248421,0.05479979142546654,0.05454481765627861,0.05441802367568016
982,0.028767138719558716,74.17756652832031,0.06779210269451141,0.02914631925523281,74.65257263183594,0.06945117563009262,0.05400865897536278,0.05521620437502861,0.053838517516851425,0.05446801334619522
983,0.028785603120923042,74.32029724121094,0.06786230951547623,0.029095670208334923,74.49369812011719,0.06937249004840851,0.05397484079003334,0.055072229355573654,0.05401768535375595,0.0544908381998539
984,0.028762875124812126,74.24323272705078,0.06782474368810654,0.029116112738847733,74.57589721679688,0.06941277533769608,0.05399246886372566,0.05516073852777481,0.053994886577129364,0.05444281920790672
985,0.028757696971297264,74.28681945800781,0.06784634292125702,0.029111415147781372,74.55500030517578,0.06940451264381409,0.054009538143873215,0.05511961132287979,0.05407194048166275,0.05443970113992691
986,0.028746530413627625,74.22215270996094,0.06781473755836487,0.029117409139871597,74.57645416259766,0.06941529363393784,0.05401325225830078,0.055151354521512985,0.05401970073580742,0.05442295968532562
987,0.02874097228050232,74.23700714111328,0.06782216578722,0.029093990102410316,74.55580139160156,0.0694059357047081,0.054062191396951675,0.05507994815707207,0.05407065898180008,0.05441839620471001
988,0.02872716821730137,74.15492248535156,0.06778198480606079,0.029094811528921127,74.5428695678711,0.06939936429262161,0.05402301996946335,0.05513207986950874,0.05399388447403908,0.05440386012196541
989,0.028731169179081917,74.52790069580078,0.06796418875455856,0.029055358842015266,75.01739501953125,0.06964021921157837,0.054734695702791214,0.055309973657131195,0.05438023805618286,0.05453678220510483
990,0.02867644466459751,74.02594757080078,0.0677187591791153,0.029039224609732628,74.27647399902344,0.06926345825195312,0.05394816771149635,0.05487402528524399,0.05390032008290291,0.05436038225889206
991,0.02872823365032673,74.20755004882812,0.06780803948640823,0.02906583622097969,74.33543395996094,0.06929267942905426,0.0539647601544857,0.05492154881358147,0.0540468730032444,0.054437220096588135
992,0.02870146371424198,74.1134262084961,0.06776197254657745,0.029062187299132347,74.35064697265625,0.06929951161146164,0.05395941063761711,0.05497502535581589,0.054003890603780746,0.05438976734876633
993,0.02869645319879055,74.11770629882812,0.06776415556669235,0.02905515395104885,74.32656860351562,0.06929109990596771,0.05396762490272522,0.05492441728711128,0.0540180578827858,0.05440746620297432
994,0.028683530166745186,74.1088638305664,0.06775975972414017,0.02903924323618412,74.29959106445312,0.06927711516618729,0.053983092308044434,0.05489350110292435,0.054050516337156296,0.05438870191574097
995,0.028674041852355003,74.09256744384766,0.06775183230638504,0.029052678495645523,74.37963104248047,0.06932195276021957,0.05400080606341362,0.05499858409166336,0.054049793630838394,0.05439437925815582
996,0.028666561469435692,74.03675079345703,0.06772471964359283,0.02903043106198311,74.35848999023438,0.06931297481060028,0.054016079753637314,0.054972093552351,0.053976185619831085,0.05440725013613701
997,0.02865716628730297,74.09378051757812,0.06775309890508652,0.028987830504775047,74.39110565185547,0.06932834535837173,0.05424744635820389,0.054774846881628036,0.05410927161574364,0.054376885294914246
998,0.028635162860155106,74.0425796508789,0.06772760301828384,0.029009515419602394,74.34053039550781,0.069302499294281,0.05394864082336426,0.05502930283546448,0.054094113409519196,0.05434483289718628
999,0.028641916811466217,74.4220199584961,0.06791482865810394,0.02891954965889454,74.13921356201172,0.06920020282268524,0.05393838882446289,0.05474866181612015,0.05441856384277344,0.05452188104391098
