epoch,cotBeta_mae_metric,loss,slim_rmse_metric,val_cotBeta_mae_metric,val_loss,val_slim_rmse_metric,val_x_mae_metric,val_y_mae_metric,x_mae_metric,y_mae_metric
0,0.037527553737163544,97.43736267089844,0.07830410450696945,0.037352047860622406,95.3044662475586,0.07905755937099457,0.06145181134343147,0.06101848557591438,0.06191319227218628,0.06120122969150543
1,0.037409018725156784,96.75018310546875,0.0780169740319252,0.037294380366802216,95.23248291015625,0.07902611047029495,0.061453793197870255,0.061001770198345184,0.061517134308815,0.06090167537331581
2,0.03734894096851349,96.89482116699219,0.07807924598455429,0.03719913214445114,95.03630065917969,0.07894132286310196,0.06137942150235176,0.060952674597501755,0.06171451881527901,0.06099158525466919
3,0.03726591914892197,96.76469421386719,0.07802413403987885,0.03711574152112007,94.9057846069336,0.0788845643401146,0.0613616481423378,0.060919396579265594,0.061657510697841644,0.06100112572312355
4,0.03717445582151413,96.61663055419922,0.07796136289834976,0.037033867090940475,94.77345275878906,0.07882709056138992,0.06133924052119255,0.06088792532682419,0.06165498122572899,0.060936424881219864
5,0.037086617201566696,96.47393798828125,0.0779009461402893,0.03695321083068848,94.64646911621094,0.0787719339132309,0.061319299042224884,0.06085997447371483,0.06162809580564499,0.06090423837304115
6,0.036999110132455826,96.34294891357422,0.0778455138206482,0.036871593445539474,94.51962280273438,0.07871687412261963,0.06129857525229454,0.06083356589078903,0.06160913407802582,0.06087752431631088
7,0.036910660564899445,96.20661926269531,0.07778775691986084,0.03678938001394272,94.39579010009766,0.0786631777882576,0.061280421912670135,0.06080818548798561,0.06158699840307236,0.06084700673818588
8,0.03682202100753784,96.07179260253906,0.07773064076900482,0.03670665994286537,94.27251434326172,0.07860975712537766,0.06126252934336662,0.060783322900533676,0.061568040400743484,0.06081518530845642
9,0.03673329949378967,95.93717956542969,0.07767359167337418,0.0366232693195343,94.15090942382812,0.07855702936649323,0.061245840042829514,0.06075943261384964,0.06154852360486984,0.060784049332141876
10,0.036644019186496735,95.80307006835938,0.07761667668819427,0.03653912991285324,94.0304183959961,0.07850475609302521,0.061230506747961044,0.06073553115129471,0.06152975186705589,0.060752984136343
11,0.036554060876369476,95.66934204101562,0.07755982130765915,0.03645428270101547,93.91126251220703,0.0784529596567154,0.06121683493256569,0.060712359845638275,0.06151145324110985,0.06072201579809189
12,0.036463648080825806,95.5359878540039,0.0775030180811882,0.03636840730905533,93.7919921875,0.0784010961651802,0.061204131692647934,0.06068897247314453,0.06149374321103096,0.06069129705429077
13,0.03637294843792915,95.40245819091797,0.0774461030960083,0.03628206253051758,93.67320251464844,0.07834929972887039,0.06119213253259659,0.06066550686955452,0.06147586181759834,0.06066075712442398
14,0.036281317472457886,95.2691879272461,0.077389195561409,0.0361940823495388,93.55411529541016,0.07829738408327103,0.06118141859769821,0.060640834271907806,0.06145812198519707,0.06063055247068405
15,0.03618890419602394,95.13550567626953,0.0773320347070694,0.036105480045080185,93.43511962890625,0.07824549823999405,0.06117228791117668,0.06061527505517006,0.06143999099731445,0.06060050055384636
16,0.036096058785915375,95.00131225585938,0.07727459818124771,0.03601623699069023,93.3161849975586,0.07819360494613647,0.061165135353803635,0.06058875098824501,0.06142087280750275,0.06057106330990791
17,0.036002714186906815,94.86634063720703,0.07721670717000961,0.035926006734371185,93.19774627685547,0.07814180850982666,0.061160895973443985,0.060560066252946854,0.0613999180495739,0.060542769730091095
18,0.03590904548764229,94.73042297363281,0.07715834677219391,0.035834915935993195,93.0809555053711,0.07809077203273773,0.06116212531924248,0.06052815169095993,0.06137465685606003,0.060517556965351105
19,0.03581583499908447,94.59445190429688,0.07709992676973343,0.035743121057748795,92.9757080078125,0.07804489880800247,0.06117941066622734,0.060493916273117065,0.06134184077382088,0.06049998849630356
20,0.0357246994972229,94.46865844726562,0.07704591751098633,0.03565438836812973,92.92000579833984,0.07802106440067291,0.0612507127225399,0.060464274138212204,0.06130629777908325,0.06049676239490509
21,0.035631295293569565,94.35041809082031,0.07699505984783173,0.03555426746606827,92.78564453125,0.07796234637498856,0.061258070170879364,0.06040947511792183,0.06130646541714668,0.06046681851148605
22,0.03553058207035065,94.18695831298828,0.07692447304725647,0.03544468432664871,92.5250015258789,0.07784713059663773,0.06112750247120857,0.06034711375832558,0.06129482761025429,0.060397613793611526
23,0.03544275835156441,94.08231353759766,0.07687966525554657,0.035392675548791885,92.83610534667969,0.07798608392477036,0.061554085463285446,0.060389675199985504,0.061260320246219635,0.06042169779539108
24,0.03534303978085518,94.01671600341797,0.07685115188360214,0.03524625673890114,92.205078125,0.07770580798387527,0.06105205416679382,0.06026950851082802,0.06137796863913536,0.06034046784043312
25,0.03523644059896469,93.89116668701172,0.07679706066846848,0.03514263778924942,91.97740173339844,0.07760437577962875,0.06093412637710571,0.0602344386279583,0.06148599460721016,0.06020662561058998
26,0.03514815866947174,93.65233612060547,0.07669369131326675,0.03508554771542549,91.95243835449219,0.07759229093790054,0.06095601245760918,0.06028116121888161,0.06127610057592392,0.0602504163980484
27,0.03505760803818703,93.558349609375,0.07665315270423889,0.03500114008784294,91.86451721191406,0.07755337655544281,0.06097685173153877,0.060262612998485565,0.06123313307762146,0.06029893085360527
28,0.034959327429533005,93.4075927734375,0.07658786326646805,0.03490100055932999,91.69244384765625,0.07747709006071091,0.060942232608795166,0.06020418182015419,0.06124159321188927,0.06022339314222336
29,0.03486465662717819,93.28035736083984,0.07653278857469559,0.034817274659872055,91.58161163330078,0.07742756605148315,0.060929570347070694,0.06019197776913643,0.06123790144920349,0.060189973562955856
30,0.034773100167512894,93.1507797241211,0.07647658884525299,0.034735240042209625,91.49407958984375,0.0773884728550911,0.060942355543375015,0.06018037721514702,0.06119619309902191,0.060191284865140915
31,0.03468058258295059,93.0150146484375,0.07641755044460297,0.03464341163635254,91.36519622802734,0.07733102887868881,0.06093806028366089,0.060138288885354996,0.06116466969251633,0.0601721853017807
32,0.034588541835546494,92.87818908691406,0.07635805010795593,0.03455493599176407,91.24768829345703,0.07727862894535065,0.06093842163681984,0.06010321155190468,0.06113499030470848,0.060148246586322784
33,0.034505050629377365,92.77421569824219,0.07631292194128036,0.03448783978819847,91.31001281738281,0.07730688154697418,0.06110886484384537,0.06010747328400612,0.06109324097633362,0.06017585098743439
34,0.03441505506634712,92.67396545410156,0.0762692466378212,0.03437535837292671,91.04205322265625,0.0771871879696846,0.060983579605817795,0.06002214178442955,0.06112739071249962,0.06012646481394768
35,0.034311383962631226,92.4791030883789,0.0761842206120491,0.03425111249089241,90.69658660888672,0.07703226059675217,0.0607578419148922,0.059958599507808685,0.06112195923924446,0.06000695377588272
36,0.03423022851347923,92.59327697753906,0.07623409479856491,0.03416653722524643,90.57511138916016,0.07697714865207672,0.06072878837585449,0.05993691459298134,0.061435822397470474,0.05993715673685074
37,0.03415108099579811,92.24791717529297,0.0760834738612175,0.03415096923708916,90.65972900390625,0.07701325416564941,0.06079215928912163,0.060054730623960495,0.06101183593273163,0.060063090175390244
38,0.03406386822462082,92.13449096679688,0.07603397220373154,0.03403965011239052,90.45320892333984,0.07692123204469681,0.0607672743499279,0.05993418022990227,0.061017125844955444,0.06002150475978851
39,0.033975180238485336,92.02054595947266,0.07598426192998886,0.03395712003111839,90.31758117675781,0.07685995101928711,0.06072824075818062,0.05990620702505112,0.06106539070606232,0.059937115758657455
40,0.03389469161629677,91.9059066772461,0.07593420892953873,0.033890511840581894,90.24454498291016,0.0768265649676323,0.06072918698191643,0.059908099472522736,0.06103524565696716,0.05993073061108589
41,0.03381761163473129,91.79027557373047,0.07588358968496323,0.03381982818245888,90.17101287841797,0.07679306715726852,0.06074690818786621,0.059891968965530396,0.06098372861742973,0.05994086712598801
42,0.03374027833342552,91.6696548461914,0.0758306235074997,0.03374146297574043,90.06822204589844,0.07674654573202133,0.06075086444616318,0.05985458567738533,0.06094694882631302,0.05992547422647476
43,0.033666010946035385,91.5610122680664,0.07578293979167938,0.03367412090301514,90.03656005859375,0.07673211395740509,0.06081670522689819,0.05983569845557213,0.0609104186296463,0.059923287481069565
44,0.03359582647681236,91.49713897705078,0.07575494050979614,0.0336029939353466,90.02210235595703,0.07672567665576935,0.06091656535863876,0.059804368764162064,0.06092052161693573,0.05992436408996582
45,0.033510178327560425,91.34004211425781,0.07568573951721191,0.0334952138364315,89.67524719238281,0.07656848430633545,0.06066398695111275,0.05973156541585922,0.06091327220201492,0.05982913076877594
46,0.033426620066165924,91.20523071289062,0.07562639564275742,0.03338482603430748,89.4490737915039,0.07646598666906357,0.06053295359015465,0.05969005450606346,0.06091425195336342,0.059752289205789566
47,0.033377133309841156,91.46939086914062,0.0757417231798172,0.03332537040114403,89.35653686523438,0.0764230489730835,0.06050928682088852,0.05966872349381447,0.061304666101932526,0.059762388467788696
48,0.033298905938863754,90.96366882324219,0.07552007585763931,0.03330163285136223,89.35142517089844,0.07641930878162384,0.0605362169444561,0.059699296951293945,0.06074737757444382,0.05980256572365761
49,0.03322741761803627,90.90284729003906,0.07549338042736053,0.033230967819690704,89.2510986328125,0.07637365162372589,0.06052909418940544,0.05966108664870262,0.06080636382102966,0.05975186452269554
50,0.0331580713391304,90.82624053955078,0.07545963674783707,0.03316876292228699,89.15757751464844,0.07633065432310104,0.06050613150000572,0.059642136096954346,0.060838423669338226,0.0597064308822155
51,0.033093180507421494,90.7305908203125,0.07541748136281967,0.033114753663539886,89.09233856201172,0.07630036771297455,0.06050121411681175,0.05963603034615517,0.06081484630703926,0.059692274779081345
52,0.033031027764081955,90.63358306884766,0.07537467777729034,0.0330599881708622,89.0341567993164,0.07627341896295547,0.060509197413921356,0.05962485447525978,0.06077389419078827,0.05969153717160225
53,0.03297000005841255,90.5362777709961,0.07533170282840729,0.03300180286169052,88.9708251953125,0.0762443095445633,0.06052237004041672,0.05960226058959961,0.06073322892189026,0.05968691036105156
54,0.03291182219982147,90.4471435546875,0.07529237121343613,0.03294778987765312,88.94580078125,0.07623270899057388,0.06057688221335411,0.059583667665719986,0.06069442257285118,0.05968848615884781
55,0.03285612165927887,90.38827514648438,0.07526644319295883,0.03289274871349335,88.94979858398438,0.07623450458049774,0.06067156046628952,0.05955953150987625,0.06069054454565048,0.05968928337097168
56,0.03278961032629013,90.2787094116211,0.07521795481443405,0.032811909914016724,88.71289825439453,0.076126329600811,0.06051124259829521,0.05949923023581505,0.06069110706448555,0.05962308496236801
57,0.03272467106580734,90.14144897460938,0.07515719532966614,0.03274310380220413,88.53495788574219,0.07604467868804932,0.060394931584596634,0.059462614357471466,0.060640327632427216,0.05957498401403427
58,0.03269621729850769,90.27716064453125,0.07521818578243256,0.0327724926173687,89.45833587646484,0.07646574825048447,0.06146800518035889,0.05956104025244713,0.060752831399440765,0.05969436094164848
59,0.03261018544435501,90.03280639648438,0.07510918378829956,0.03262050449848175,88.33251190185547,0.07595141977071762,0.06032267585396767,0.05940880998969078,0.06070125475525856,0.05950658395886421
60,0.03254757449030876,89.97454071044922,0.0750834196805954,0.032572049647569656,88.23357391357422,0.0759052261710167,0.06026775762438774,0.05939390882849693,0.060769159346818924,0.05943840742111206
61,0.03250063955783844,89.82882690429688,0.07501879334449768,0.032547805458307266,88.22944641113281,0.07590223103761673,0.06028856709599495,0.059416014701128006,0.06062508746981621,0.05946871265769005
62,0.03245336189866066,89.76667022705078,0.07499121874570847,0.032507721334695816,88.199462890625,0.07588789612054825,0.0603041909635067,0.05941663309931755,0.0605798102915287,0.059498753398656845
63,0.03240129351615906,89.68698120117188,0.07495582848787308,0.0324568971991539,88.1325454711914,0.07585687935352325,0.0602993480861187,0.059393253177404404,0.060557179152965546,0.05948206037282944
64,0.032349828630685806,89.60574340820312,0.07491972297430038,0.032409463077783585,88.07427215576172,0.07582975178956985,0.06029796600341797,0.05937536433339119,0.0605340376496315,0.05946322903037071
65,0.03230299800634384,89.53131103515625,0.07488663494586945,0.03236747160553932,88.0562744140625,0.07582110166549683,0.06033647060394287,0.05936539173126221,0.0604952797293663,0.059466492384672165
66,0.03226015344262123,89.48108673095703,0.07486432790756226,0.03232663497328758,88.08859252929688,0.07583571970462799,0.060438014566898346,0.05935433506965637,0.06047367304563522,0.05948025360703468
67,0.03220933675765991,89.41244506835938,0.07483379542827606,0.03226451203227043,87.94295501708984,0.07576877623796463,0.060361240059137344,0.059304554015398026,0.06048266962170601,0.059439517557621
68,0.032154958695173264,89.2969741821289,0.07478237897157669,0.03220637887716293,87.77716064453125,0.07569224387407303,0.06024390086531639,0.05926750227808952,0.06044989824295044,0.059385087341070175
69,0.032117534428834915,89.25050354003906,0.07476190477609634,0.0321960411965847,88.02808380126953,0.07580714672803879,0.06055735796689987,0.05930635333061218,0.060415126383304596,0.059416357427835464
70,0.032073430716991425,89.28458404541016,0.07477685064077377,0.03211858868598938,87.70259857177734,0.0756574273109436,0.06028136983513832,0.05923193320631981,0.060527343302965164,0.05939093977212906
71,0.032007839530706406,89.11066436767578,0.07469949126243591,0.032051634043455124,87.45543670654297,0.0755431279540062,0.060064975172281265,0.05919079855084419,0.06049787625670433,0.05926436930894852
72,0.031963709741830826,89.09040832519531,0.0746905654668808,0.032026760280132294,87.42593383789062,0.07552868872880936,0.06005653738975525,0.05919867753982544,0.06056647002696991,0.059226538985967636
73,0.03193867951631546,88.98294067382812,0.07464287430047989,0.03204166144132614,87.59391784667969,0.07560478895902634,0.0601845420897007,0.05931293964385986,0.06037313863635063,0.05933805927634239
74,0.03190341964364052,88.932373046875,0.07462026923894882,0.03197326511144638,87.46912384033203,0.07554785907268524,0.06017377972602844,0.05921993404626846,0.06032947450876236,0.059360846877098083
75,0.031850412487983704,88.83423614501953,0.07457657158374786,0.03192183002829552,87.34820556640625,0.0754920244216919,0.06010810658335686,0.059180326759815216,0.06034456193447113,0.05927418917417526
76,0.03181038424372673,88.7703857421875,0.07454819977283478,0.03188840299844742,87.32096862792969,0.07547915726900101,0.060118310153484344,0.05917670950293541,0.06032084673643112,0.05926607921719551
77,0.03178051859140396,88.74104309082031,0.07453528791666031,0.031867798417806625,87.43919372558594,0.07553347200155258,0.06028562784194946,0.059196677058935165,0.0602862574160099,0.059308089315891266
78,0.03174030780792236,88.70375061035156,0.07451862841844559,0.03180929273366928,87.27874755859375,0.07545959204435349,0.060191065073013306,0.05913662910461426,0.06031228229403496,0.059277914464473724
79,0.03168979659676552,88.5797348022461,0.07446328550577164,0.0317545123398304,87.07752227783203,0.07536644488573074,0.06002647057175636,0.05909334868192673,0.06028448045253754,0.05919986963272095
80,0.03165212273597717,88.50201416015625,0.07442861795425415,0.031723011285066605,87.03651428222656,0.07534714043140411,0.06001845374703407,0.05908782407641411,0.06024060398340225,0.05919257923960686
81,0.03164549171924591,88.66168975830078,0.0745006799697876,0.03174026310443878,87.6530990600586,0.0756315067410469,0.06073002889752388,0.05917365103960037,0.06033739447593689,0.059331346303224564
82,0.03157857060432434,88.43336486816406,0.07439815998077393,0.03163551166653633,86.88238525390625,0.07527568191289902,0.05995854735374451,0.059035807847976685,0.060287147760391235,0.05914398282766342
83,0.03153366595506668,88.39570617675781,0.07438153773546219,0.031603217124938965,86.79743194580078,0.0752357617020607,0.05989328771829605,0.059028178453445435,0.06035645678639412,0.0590798482298851
84,0.03150644525885582,88.30574798583984,0.07434149831533432,0.031598906964063644,86.8418197631836,0.07525551319122314,0.05993087217211723,0.0590754933655262,0.0602530911564827,0.059115976095199585
85,0.03148181363940239,88.26464080810547,0.07432325929403305,0.03157500550150871,86.85835266113281,0.07526300102472305,0.059978876262903214,0.059083741158246994,0.06018438935279846,0.05917184427380562
86,0.031446222215890884,88.20406341552734,0.07429628074169159,0.031533729285001755,86.79104614257812,0.07523196190595627,0.05996780842542648,0.0590488575398922,0.060170941054821014,0.059149015694856644
87,0.03140992298722267,88.14320373535156,0.07426918298006058,0.031499188393354416,86.7403564453125,0.07520841807126999,0.059957925230264664,0.05903107672929764,0.060161687433719635,0.05912290886044502
88,0.03137865290045738,88.09262084960938,0.07424673438072205,0.0314711257815361,86.73661804199219,0.07520662993192673,0.05999256297945976,0.05902645364403725,0.060136280953884125,0.059124335646629333
89,0.031349726021289825,88.05836486816406,0.07423161715269089,0.03144204244017601,86.7551040649414,0.07521521300077438,0.060060735791921616,0.05901770666241646,0.060122810304164886,0.0591326542198658
90,0.03131495788693428,88.00853729248047,0.07420942932367325,0.03140057250857353,86.66108703613281,0.07517171651124954,0.060013774782419205,0.05898244306445122,0.060126401484012604,0.059105098247528076
91,0.03127776086330414,87.93051147460938,0.07417465001344681,0.03136187419295311,86.55206298828125,0.07512108981609344,0.05993853881955147,0.058955688029527664,0.06010632961988449,0.05906777083873749
92,0.03124886192381382,87.88285827636719,0.07415352761745453,0.03134142979979515,86.60067749023438,0.07514356076717377,0.060024261474609375,0.05896386876702309,0.06007957458496094,0.059073809534311295
93,0.031223071739077568,87.897216796875,0.07416026294231415,0.03131192550063133,86.61761474609375,0.07515151798725128,0.060091886669397354,0.058951493352651596,0.060120195150375366,0.05908602103590965
94,0.031181296333670616,87.78742218017578,0.07411111146211624,0.031259685754776,86.35355377197266,0.07502889633178711,0.059848275035619736,0.05889973044395447,0.060092952102422714,0.059015434235334396
95,0.031143691390752792,87.7118911743164,0.07407735288143158,0.03121982514858246,86.22100067138672,0.074967160820961,0.059743911027908325,0.058872733265161514,0.06008274480700493,0.05897096171975136
96,0.031117580831050873,87.64195251464844,0.07404620945453644,0.031210381537675858,86.26875305175781,0.07498914003372192,0.05980590730905533,0.058896590024232864,0.06001792848110199,0.05898653343319893
97,0.03112495318055153,87.87567138671875,0.07415182888507843,0.031210796907544136,86.64837646484375,0.0751655325293541,0.06026202812790871,0.058943770825862885,0.060162030160427094,0.059158455580472946
98,0.031056219711899757,87.56856536865234,0.07401378452777863,0.031135156750679016,86.12644958496094,0.07492329180240631,0.05975046381354332,0.058841999620199203,0.06005455181002617,0.05892966315150261
99,0.031022530049085617,87.55603790283203,0.07400846481323242,0.03111313469707966,86.07038116455078,0.07489682734012604,0.05970478430390358,0.05884379893541336,0.06011631712317467,0.05889369174838066
100,0.03100304678082466,87.49488067626953,0.07398128509521484,0.031113265082240105,86.13375854492188,0.07492578029632568,0.05975428596138954,0.058897413313388824,0.06003227084875107,0.05893741920590401
101,0.030985232442617416,87.46466064453125,0.07396788150072098,0.03109014220535755,86.1493911743164,0.07493316382169724,0.059806644916534424,0.05889594554901123,0.05997318774461746,0.05898922309279442
102,0.030954506248235703,87.41091918945312,0.07394392788410187,0.031053822487592697,86.0833740234375,0.0749027281999588,0.059791214764118195,0.05886118486523628,0.059967100620269775,0.05896195024251938
103,0.030924338847398758,87.35865020751953,0.0739205926656723,0.03102477826178074,86.03878021240234,0.07488207519054413,0.05978194251656532,0.05884521082043648,0.059959527105093,0.05893860012292862
104,0.030899325385689735,87.31845092773438,0.07390272617340088,0.031001755967736244,86.04190826416016,0.07488362491130829,0.05981854721903801,0.05884191021323204,0.059939976781606674,0.05894078314304352
105,0.030875731259584427,87.29183959960938,0.07389096170663834,0.030976494774222374,86.05033111572266,0.0748877301812172,0.05986859276890755,0.05883173272013664,0.05993460491299629,0.05894485116004944
106,0.030846767127513885,87.24626159667969,0.07387063652276993,0.030942345038056374,85.96382904052734,0.07484762370586395,0.059820760041475296,0.0588013231754303,0.05993649736046791,0.058918751776218414
107,0.03081711195409298,87.18205261230469,0.073841892182827,0.030911985784769058,85.88103485107422,0.07480911165475845,0.059766750782728195,0.058780819177627563,0.05991826206445694,0.058890245854854584
108,0.03079424425959587,87.14530944824219,0.07382559776306152,0.03089485689997673,85.92426300048828,0.07482932507991791,0.059839878231287,0.05878781899809837,0.059898532927036285,0.0588962696492672
109,0.030772631987929344,87.14861297607422,0.0738273337483406,0.030869802460074425,85.92625427246094,0.07483040541410446,0.059881873428821564,0.058775484561920166,0.059927452355623245,0.05890181288123131
110,0.030739599838852882,87.06385040283203,0.07378923147916794,0.030829502269625664,85.72663879394531,0.07473738491535187,0.059704314917325974,0.058733727782964706,0.05990689992904663,0.058849334716796875
111,0.03071051649749279,86.99047088623047,0.07375629991292953,0.03080068901181221,85.63055419921875,0.0746924877166748,0.05962827056646347,0.05871615931391716,0.05987566336989403,0.05882144719362259
112,0.030699919909238815,86.987548828125,0.07375554740428925,0.03082178719341755,86.04421997070312,0.0748853012919426,0.060073357075452805,0.05880744010210037,0.059841401875019073,0.05888349190354347
113,0.03067648783326149,87.06689453125,0.07379116863012314,0.030756751075387,85.64991760253906,0.07470183819532394,0.05971841886639595,0.05870223045349121,0.059983763843774796,0.05886463075876236
114,0.030631013214588165,86.88804626464844,0.07371082156896591,0.030722087249159813,85.47455596923828,0.07461971044540405,0.05955265834927559,0.05867459997534752,0.05991790071129799,0.05874685198068619
115,0.030608609318733215,86.85883331298828,0.07369795441627502,0.03071662224829197,85.48926544189453,0.07462622970342636,0.059562910348176956,0.05870244279503822,0.05991948023438454,0.05874244496226311
116,0.0306001715362072,86.81838989257812,0.07367999851703644,0.030721092596650124,85.60396575927734,0.07467956840991974,0.059668976813554764,0.0587623305618763,0.05982319265604019,0.05881665274500847
117,0.030583014711737633,86.79576110839844,0.07366998493671417,0.030687173828482628,85.5676040649414,0.07466308772563934,0.05969327688217163,0.058721523731946945,0.05980141833424568,0.05883673578500748
118,0.0305523332208395,86.73419952392578,0.07364238798618317,0.03065475821495056,85.481689453125,0.07462320476770401,0.05964664742350578,0.058687739074230194,0.059805430471897125,0.05878734588623047
119,0.030528252944350243,86.68920135498047,0.07362230122089386,0.03063266910612583,85.45339965820312,0.07461012899875641,0.05964508280158043,0.058679163455963135,0.059793174266815186,0.05877350643277168
120,0.030509788542985916,86.6657485961914,0.07361195236444473,0.030616234987974167,85.49360656738281,0.07462912797927856,0.059715837240219116,0.05868297070264816,0.05978013947606087,0.05878559872508049
121,0.030488092452287674,86.64656829833984,0.07360348105430603,0.030588950961828232,85.45276641845703,0.07461033761501312,0.059713512659072876,0.0586596317589283,0.059792660176754,0.05877717584371567
122,0.03046031855046749,86.58174133300781,0.07357434928417206,0.030558081343770027,85.33493041992188,0.074555404484272,0.05962212756276131,0.05862954258918762,0.059779759496450424,0.058739010244607925
123,0.03043748252093792,86.52919006347656,0.07355082035064697,0.030537959188222885,85.30504608154297,0.07454155385494232,0.059613969177007675,0.058624107390642166,0.05975482985377312,0.058727845549583435
124,0.030422929674386978,86.53108978271484,0.07355204224586487,0.03053080104291439,85.44950866699219,0.07460932433605194,0.05979156866669655,0.05864807590842247,0.0597572848200798,0.05875521898269653
125,0.030397949740290642,86.5135726928711,0.0735442265868187,0.030492229387164116,85.2665023803711,0.07452403753995895,0.05963968113064766,0.058598101139068604,0.059791769832372665,0.05872579663991928
126,0.030365627259016037,86.4113998413086,0.07349815964698792,0.03045925684273243,85.09867858886719,0.07444542646408081,0.059486888349056244,0.0585658885538578,0.05975431948900223,0.05866684764623642
127,0.030343417078256607,86.36067962646484,0.0734754130244255,0.030442586168646812,85.07382202148438,0.07443375885486603,0.0594765841960907,0.05856705456972122,0.05972698703408241,0.058659881353378296
128,0.0303462203592062,86.4305648803711,0.07350776344537735,0.03047805465757847,85.68821716308594,0.0747210830450058,0.06012582406401634,0.05870043858885765,0.05972939729690552,0.058769695460796356
129,0.03031248040497303,86.40499114990234,0.0734957903623581,0.030396414920687675,85.05225372314453,0.07442420721054077,0.05952583625912666,0.05853783339262009,0.059805452823638916,0.05868548899888992
130,0.030272549018263817,86.27454376220703,0.07343708723783493,0.030372710898518562,84.93731689453125,0.07437007874250412,0.059415217489004135,0.05852481722831726,0.059776004403829575,0.0585889108479023
131,0.030256422236561775,86.24016571044922,0.07342179119586945,0.030372610315680504,84.97781372070312,0.07438874244689941,0.059444449841976166,0.058564696460962296,0.059746213257312775,0.058604635298252106
132,0.03024970553815365,86.21392822265625,0.07341010868549347,0.030367765575647354,85.05445098876953,0.07442466169595718,0.0595298670232296,0.05859711766242981,0.05967341363430023,0.058669064193964005
133,0.030231378972530365,86.18569946289062,0.07339746505022049,0.030338572338223457,85.01656341552734,0.07440732419490814,0.05954179912805557,0.05856241658329964,0.05966251716017723,0.05866968259215355
134,0.030205771327018738,86.13644409179688,0.07337530702352524,0.03031245432794094,84.95722198486328,0.07437976449728012,0.05951607599854469,0.05853744596242905,0.05966302007436752,0.05863555520772934
135,0.030185241252183914,86.0992202758789,0.07335864007472992,0.03029300644993782,84.9404067993164,0.07437209039926529,0.05952544882893562,0.0585293173789978,0.059652179479599,0.05862667039036751
136,0.030167892575263977,86.0777587890625,0.07334908097982407,0.03027583658695221,84.95970153808594,0.07438136637210846,0.05957450717687607,0.05852610617876053,0.05964653566479683,0.058630943298339844
137,0.03014742024242878,86.05223846435547,0.07333768159151077,0.030251499265432358,84.91268920898438,0.07435959577560425,0.05955997481942177,0.05850451439619064,0.059653881937265396,0.05861762911081314
138,0.030123846605420113,85.99858856201172,0.07331351190805435,0.03022635541856289,84.82675170898438,0.07431946694850922,0.05949794501066208,0.058482054620981216,0.05964165925979614,0.05859009549021721
139,0.03010452724993229,85.9568099975586,0.07329477369785309,0.03020942211151123,84.8150634765625,0.07431413233280182,0.05950753018260002,0.058478910475969315,0.05962236970663071,0.05858387053012848
140,0.030089564621448517,85.95320892333984,0.07329342514276505,0.030196936801075935,84.88452911376953,0.07434696704149246,0.05960758402943611,0.05848616361618042,0.05963033065199852,0.058596380054950714
141,0.030067067593336105,85.9229965209961,0.07327980548143387,0.030166925862431526,84.7558822631836,0.0742868036031723,0.05950463190674782,0.05845143273472786,0.05964408814907074,0.05857066065073013
142,0.030041342601180077,85.84458923339844,0.0732443630695343,0.03014041855931282,84.63028717041016,0.07422785460948944,0.05939458683133125,0.05842699855566025,0.059611592441797256,0.05853329971432686
143,0.030025411397218704,85.80144500732422,0.0732249990105629,0.030131977051496506,84.67998504638672,0.07425133883953094,0.059459902346134186,0.05844336375594139,0.05957385152578354,0.058543264865875244
144,0.030018704012036324,85.87899017333984,0.07326067984104156,0.03012838028371334,84.90691375732422,0.07435820996761322,0.05973372608423233,0.05847091227769852,0.0596444234251976,0.05859149992465973
145,0.029986146837472916,85.78223419189453,0.07321669906377792,0.030081545934081078,84.55302429199219,0.07419218122959137,0.05939311534166336,0.058394815772771835,0.05962976813316345,0.058512527495622635
146,0.029957110062241554,85.7134780883789,0.07318563014268875,0.030057301744818687,84.43612670898438,0.07413708418607712,0.05928557738661766,0.05837510898709297,0.05962807312607765,0.0584581084549427
147,0.02994035743176937,85.6729507446289,0.07316746562719345,0.030054403468966484,84.46778106689453,0.074151910841465,0.05931491404771805,0.05840248242020607,0.05960201099514961,0.0584605373442173
148,0.02994515188038349,85.68592071533203,0.07317380607128143,0.030073249712586403,84.7759780883789,0.07429677993059158,0.05962565913796425,0.05849446728825569,0.059532880783081055,0.058565810322761536
149,0.02992359735071659,85.69610595703125,0.07317839562892914,0.030020033940672874,84.532470703125,0.07418306916952133,0.05945262685418129,0.05838899686932564,0.059598587453365326,0.05853455141186714
150,0.029887208715081215,85.56970977783203,0.07312116026878357,0.029992269352078438,84.38090515136719,0.07411182671785355,0.059314530342817307,0.05835828557610512,0.05956524237990379,0.0584421344101429
151,0.02987094223499298,85.53771209716797,0.07310684770345688,0.02998237870633602,84.37812805175781,0.07411056011915207,0.05931883677840233,0.05836925283074379,0.05954732745885849,0.0584457702934742
152,0.029866866767406464,85.53646087646484,0.07310665398836136,0.029986348003149033,84.56242370605469,0.07419746369123459,0.05951854959130287,0.05841829255223274,0.05950888246297836,0.05850408598780632
153,0.029850032180547714,85.55619049072266,0.07311578094959259,0.02995160035789013,84.45611572265625,0.07414799928665161,0.0594644732773304,0.05836247280240059,0.059563618153333664,0.05849575996398926
154,0.029818428680300713,85.44805908203125,0.07306678593158722,0.02992168255150318,84.28632354736328,0.07406823337078094,0.05931168794631958,0.0583246685564518,0.05953130125999451,0.0584222748875618
155,0.029800327494740486,85.40428161621094,0.07304706424474716,0.029907269403338432,84.256591796875,0.0740542933344841,0.0592939518392086,0.05832444876432419,0.0595095157623291,0.05841492488980293
156,0.029795585200190544,85.40888977050781,0.0730496197938919,0.02991488389670849,84.49520111083984,0.07416682690382004,0.059551745653152466,0.05838236212730408,0.05948438495397568,0.05846839398145676
157,0.02977784536778927,85.44430541992188,0.07306582480669022,0.02987598069012165,84.31840515136719,0.0740840956568718,0.05942142754793167,0.05831456929445267,0.05956468731164932,0.05845347046852112
158,0.02974480204284191,85.31368255615234,0.0730065107345581,0.029846956953406334,84.13436889648438,0.07399735599756241,0.059247635304927826,0.05827916041016579,0.059512458741664886,0.05837220698595047
159,0.02972687967121601,85.27633666992188,0.07298968732357025,0.029834268614649773,84.10739135742188,0.07398463040590286,0.0592292882502079,0.05828205496072769,0.05949977785348892,0.05836377292871475
160,0.02972564473748207,85.26945495605469,0.07298696041107178,0.029849395155906677,84.37339782714844,0.07411003857851028,0.05949864536523819,0.05836198478937149,0.059444744139909744,0.05843236669898033
161,0.029712432995438576,85.33470153808594,0.07301675528287888,0.02980942651629448,84.22998809814453,0.07404305785894394,0.0594155378639698,0.05828842520713806,0.059540923684835434,0.0584370382130146
162,0.029675964266061783,85.18590545654297,0.07294914126396179,0.029779275879263878,84.0340347290039,0.07395071536302567,0.059231214225292206,0.05824876204133034,0.05948377400636673,0.058338750153779984
163,0.029658243060112,85.15108489990234,0.07293348014354706,0.02976640686392784,84.00503540039062,0.07393703609704971,0.05920988321304321,0.058252058923244476,0.059473294764757156,0.05833107605576515
164,0.029654869809746742,85.13761138916016,0.07292768359184265,0.029774749651551247,84.20062255859375,0.074029341340065,0.05941014364361763,0.05831386521458626,0.05942026525735855,0.05838913470506668
165,0.029643870890140533,85.1937255859375,0.07295334339141846,0.02974431775510311,84.15458679199219,0.0740080401301384,0.05942072346806526,0.058266907930374146,0.05949381738901138,0.058405373245477676
166,0.029610050842165947,85.06975555419922,0.07289686053991318,0.02971228025853634,83.95146942138672,0.07391221821308136,0.05923394113779068,0.05822080373764038,0.05945349484682083,0.05831887200474739
167,0.029590994119644165,85.02474975585938,0.07287642359733582,0.029696205630898476,83.90318298339844,0.07388932257890701,0.059196311980485916,0.05821683257818222,0.05943596735596657,0.05830524489283562
168,0.02958538383245468,85.01287841796875,0.07287127524614334,0.029701611027121544,84.09275817871094,0.07397884130477905,0.05939629301428795,0.05827118828892708,0.05939573794603348,0.058352991938591
169,0.029573289677500725,85.0742416381836,0.07289933413267136,0.029671981930732727,84.04003143310547,0.07395432144403458,0.05939502641558647,0.05822750926017761,0.05948091298341751,0.058364372700452805
170,0.029540229588747025,84.94530487060547,0.07284055650234222,0.02964036539196968,83.82880401611328,0.07385456562042236,0.05919668823480606,0.058182474225759506,0.05943024531006813,0.05828142911195755
171,0.029521342366933823,84.90101623535156,0.07282045483589172,0.029624465852975845,83.77851867675781,0.07383072376251221,0.05915682762861252,0.058178070932626724,0.05941415950655937,0.0582672581076622
172,0.029517296701669693,84.8873519897461,0.07281450182199478,0.02963380515575409,83.99723052978516,0.07393407076597214,0.059382062405347824,0.058243513107299805,0.05936649814248085,0.05832007899880409
173,0.02950632944703102,84.96510314941406,0.07285010814666748,0.029602250084280968,83.92840576171875,0.07390200346708298,0.05936864763498306,0.05819181352853775,0.05946863070130348,0.05833439528942108
174,0.0294718686491251,84.8198471069336,0.07278385013341904,0.029571084305644035,83.71158599853516,0.0737994983792305,0.0591626800596714,0.058146923780441284,0.05940678343176842,0.0582425594329834
175,0.029453789815306664,84.7801742553711,0.07276584208011627,0.029556509107351303,83.66752624511719,0.07377858459949493,0.05912774056196213,0.058145325630903244,0.05939443036913872,0.058230459690093994
176,0.029450541362166405,84.7640609741211,0.0727587416768074,0.029565485194325447,83.87156677246094,0.0738750621676445,0.059335172176361084,0.058210499584674835,0.059341441839933395,0.05828499794006348
177,0.02944100834429264,84.83954620361328,0.07279334217309952,0.029536457732319832,83.83601379394531,0.07385868579149246,0.05935702845454216,0.05816485732793808,0.05943504720926285,0.05830496549606323
178,0.029407033696770668,84.70240783691406,0.07273071259260178,0.02950512245297432,83.61829376220703,0.07375572621822357,0.05915239453315735,0.05811705440282822,0.05938105285167694,0.05821451544761658
179,0.02938920445740223,84.6591567993164,0.07271106541156769,0.02949039824306965,83.56961822509766,0.07373261451721191,0.059113431721925735,0.05811373516917229,0.0593644343316555,0.0582018606364727
180,0.029385505244135857,84.6458740234375,0.07270526885986328,0.029497502371668816,83.76656341552734,0.07382585108280182,0.05931790545582771,0.058173052966594696,0.05931958556175232,0.058251895010471344
181,0.029375046491622925,84.71703338623047,0.07273788750171661,0.029469231143593788,83.72398376464844,0.07380614429712296,0.059329718351364136,0.05812814086675644,0.05941390246152878,0.05826593562960625
182,0.029342513531446457,84.58330535888672,0.07267677783966064,0.029439184814691544,83.50897216796875,0.07370437681674957,0.059126339852809906,0.05808206647634506,0.05935782939195633,0.05818089842796326
183,0.029325153678655624,84.5393295288086,0.0726567879319191,0.029424574226140976,83.46085357666016,0.07368151843547821,0.05908805504441261,0.05807868018746376,0.059339381754398346,0.058168940246105194
184,0.029322296380996704,84.52940368652344,0.07265252619981766,0.029433714225888252,83.68683624267578,0.07378857582807541,0.059322237968444824,0.05814451724290848,0.05929572507739067,0.058221861720085144
185,0.02931049093604088,84.6053466796875,0.07268735766410828,0.0294018667191267,83.60028076171875,0.07374803721904755,0.05929017812013626,0.05808807164430618,0.059402499347925186,0.05822938308119774
186,0.029277378693223,84.46087646484375,0.07262127846479416,0.02937331236898899,83.3910140991211,0.0736488476395607,0.05908938869833946,0.05804627016186714,0.059335533529520035,0.05814193934202194
187,0.029261058196425438,84.42168426513672,0.07260344922542572,0.029360119253396988,83.35327911376953,0.07363088428974152,0.05906030163168907,0.058046162128448486,0.05931873619556427,0.05813392251729965
188,0.029259759932756424,84.41427612304688,0.07260039448738098,0.02937113307416439,83.59695434570312,0.07374639064073563,0.05931028351187706,0.05811813473701477,0.05927221104502678,0.05819247290492058
189,0.029247350990772247,84.48810577392578,0.072634257376194,0.029336927458643913,83.487548828125,0.07369504123926163,0.05925779417157173,0.05805317685008049,0.05937996506690979,0.05819610133767128
190,0.029214121401309967,84.34194946289062,0.07256735861301422,0.02930963970720768,83.28646850585938,0.07359964400529861,0.05906512215733528,0.058013878762722015,0.059312015771865845,0.058107420802116394
191,0.029198845848441124,84.3045425415039,0.07255031913518906,0.0292974840849638,83.25580596923828,0.07358502596616745,0.05904235690832138,0.05801602080464363,0.05929351598024368,0.0581028088927269
192,0.029198236763477325,84.30187225341797,0.07254941016435623,0.029308224096894264,83.50460052490234,0.07370305061340332,0.0592995248734951,0.05808689445257187,0.0592518113553524,0.058162134140729904
193,0.02918458916246891,84.36759185791016,0.07257957011461258,0.02927328646183014,83.37493133544922,0.0736420676112175,0.059225864708423615,0.05801780894398689,0.05935640633106232,0.05815897136926651
194,0.02915245108306408,84.22520446777344,0.07251438498497009,0.02924741432070732,83.18174743652344,0.07355033606290817,0.059040725231170654,0.057981133460998535,0.05928917974233627,0.0580739788711071
195,0.029138101264834404,84.1880111694336,0.07249745726585388,0.02923596277832985,83.15576934814453,0.07353794574737549,0.05902281403541565,0.05798415467143059,0.059268057346343994,0.05807176232337952
196,0.029138285666704178,84.19172668457031,0.07249950617551804,0.029247552156448364,83.42769622802734,0.0736669972538948,0.059305720031261444,0.05805740877985954,0.05923248082399368,0.05813297629356384
197,0.02912294864654541,84.2524185180664,0.07252734899520874,0.029209857806563377,83.2555160522461,0.07358577102422714,0.05918807536363602,0.057979073375463486,0.05933994799852371,0.0581204816699028
198,0.029091129079461098,84.10830688476562,0.07246129959821701,0.029185432940721512,83.07023620605469,0.07349761575460434,0.059008922427892685,0.05794604867696762,0.059269145131111145,0.05803681164979935
199,0.02907755598425865,84.0731201171875,0.07244527339935303,0.02917504869401455,83.0521469116211,0.07348892837762833,0.058997828513383865,0.05795174092054367,0.05924750491976738,0.058037105947732925
200,0.029078979045152664,84.07990264892578,0.07244873046875,0.029187751933932304,83.34051513671875,0.0736258253455162,0.05929594486951828,0.05802958458662033,0.059211015701293945,0.05810266733169556
201,0.02906305342912674,84.1385726928711,0.0724756270647049,0.029148558154702187,83.14805603027344,0.07353492081165314,0.05916000157594681,0.057944681495428085,0.059319786727428436,0.058086130768060684
202,0.02903132140636444,83.99313354492188,0.07240892946720123,0.029125388711690903,82.96814727783203,0.07344924658536911,0.058985646814107895,0.05791378766298294,0.05924789980053902,0.058001808822155
203,0.029018692672252655,83.95915985107422,0.07239340245723724,0.029115725308656693,82.95577239990234,0.07344327121973038,0.05897974967956543,0.05792142078280449,0.0592246949672699,0.05800486356019974
204,0.02902039885520935,83.96924591064453,0.07239840179681778,0.029127543792128563,83.24271392822266,0.07357962429523468,0.059277866035699844,0.05799700692296028,0.0591917559504509,0.058070652186870575
205,0.02900380641222,84.02098083496094,0.07242210954427719,0.029088320210576057,83.04339599609375,0.07348541170358658,0.059134699404239655,0.05791105702519417,0.059296105057001114,0.058049969375133514
206,0.028972916305065155,83.87967681884766,0.07235731929540634,0.029065806418657303,82.86769104003906,0.07340167462825775,0.05896436423063278,0.05788145214319229,0.059225887060165405,0.05796897038817406
207,0.028960853815078735,83.84526824951172,0.07234157621860504,0.029056280851364136,82.85782623291016,0.07339687645435333,0.058960966765880585,0.057889487594366074,0.05920035019516945,0.05797349289059639
208,0.028962869197130203,83.86045837402344,0.0723489299416542,0.02906808815896511,83.15823364257812,0.07353974878787994,0.059275392442941666,0.057965461164712906,0.05917375162243843,0.058039091527462006
209,0.02894524671137333,83.90723419189453,0.07237032055854797,0.02902788296341896,82.93301391601562,0.07343314588069916,0.059104401618242264,0.057874877005815506,0.059278037399053574,0.05801239609718323
210,0.028914954513311386,83.7666015625,0.07230575382709503,0.029006352648139,82.76123046875,0.07335119694471359,0.05893651396036148,0.05784770846366882,0.0592062808573246,0.05793356895446777
211,0.028903519734740257,83.73233795166016,0.0722900927066803,0.028997566550970078,82.75556182861328,0.07334841787815094,0.05893673747777939,0.05785724148154259,0.059179652482271194,0.057939380407333374
212,0.02890666387975216,83.75055694580078,0.07229885458946228,0.029010804370045662,83.07353210449219,0.07349972426891327,0.05926835536956787,0.05793771147727966,0.059153106063604355,0.05800842493772507
213,0.02888832800090313,83.79607391357422,0.07231968641281128,0.028968993574380875,82.82754516601562,0.07338318973779678,0.05907810851931572,0.05784062668681145,0.05925958976149559,0.05797803774476051
214,0.02885792963206768,83.65353393554688,0.07225420325994492,0.02894834242761135,82.65887451171875,0.07330264896154404,0.05891236290335655,0.057815197855234146,0.05918611213564873,0.057898469269275665
215,0.028847111389040947,83.62018585205078,0.07223895937204361,0.028940318152308464,82.65724182128906,0.07330179214477539,0.05891602486371994,0.057826243340969086,0.05915862321853638,0.057906169444322586
216,0.028850754722952843,83.63948822021484,0.07224823534488678,0.02895337902009487,82.97315216064453,0.07345224171876907,0.05924610421061516,0.05790579691529274,0.05913279578089714,0.057975709438323975
217,0.028832202777266502,83.68221282958984,0.0722677931189537,0.02891184575855732,82.72793579101562,0.07333602011203766,0.05905718356370926,0.057808224111795425,0.059237390756607056,0.05794376879930496
218,0.02880237251520157,83.54167938232422,0.07220319658517838,0.02889174036681652,82.5599136352539,0.07325573265552521,0.058891721069812775,0.05778314545750618,0.059164728969335556,0.0578654445707798
219,0.02879205532371998,83.50798034667969,0.07218781113624573,0.028883907943964005,82.55879211425781,0.07325513660907745,0.05889609828591347,0.05779403820633888,0.05913568660616875,0.05787401646375656
220,0.028795966878533363,83.53070831298828,0.07219870388507843,0.028897350654006004,82.88494873046875,0.07341057807207108,0.05923854932188988,0.05787414312362671,0.059114616364240646,0.05794324725866318
221,0.028776710852980614,83.57032775878906,0.07221686840057373,0.02885512076318264,82.62211608886719,0.07328587770462036,0.05903086066246033,0.057773198932409286,0.059219252318143845,0.05790747329592705
222,0.028747281059622765,83.43021392822266,0.07215242832899094,0.02883574180305004,82.45591735839844,0.07320638746023178,0.05886587128043175,0.057749491184949875,0.059145793318748474,0.057830341160297394
223,0.028737347573041916,83.39632415771484,0.07213695347309113,0.028828416019678116,82.45686340332031,0.07320679724216461,0.05887197330594063,0.05776098743081093,0.0591159462928772,0.05783935636281967
224,0.02874205820262432,83.4200668334961,0.07214833050966263,0.0288428645581007,82.79390716552734,0.07336754351854324,0.059224508702754974,0.05784471705555916,0.059093669056892395,0.05791103467345238
225,0.028722591698169708,83.46034240722656,0.07216684520244598,0.028799837455153465,82.52100372314453,0.07323801517486572,0.059008873999118805,0.05773956701159477,0.059200771152973175,0.057873617857694626
226,0.02869330532848835,83.31864929199219,0.0721016377210617,0.028781171888113022,82.35588836669922,0.07315898686647415,0.05884348973631859,0.057717107236385345,0.059126101434230804,0.057795505970716476
227,0.028683966025710106,83.28514862060547,0.07208635658025742,0.028774240985512733,82.3589859008789,0.07316046953201294,0.05885159969329834,0.057729270309209824,0.05909518897533417,0.05780591070652008
228,0.028689270839095116,83.31017303466797,0.07209837436676025,0.028788721188902855,82.69696044921875,0.07332176715135574,0.05920538306236267,0.05781308934092522,0.05907408520579338,0.05787810683250427
229,0.028669601306319237,83.34825897216797,0.07211586833000183,0.02874576672911644,82.42115783691406,0.07319079339504242,0.058987583965063095,0.05770682170987129,0.05918027088046074,0.05783887952566147
230,0.02864082157611847,83.20767974853516,0.07205114513635635,0.028727633878588676,82.25654602050781,0.07311194390058517,0.05882164463400841,0.05768509581685066,0.05910571664571762,0.05776164308190346
231,0.028632067143917084,83.17404174804688,0.0720357820391655,0.028720956295728683,82.2611312866211,0.07311411947011948,0.05883142352104187,0.05769747123122215,0.05907329171895981,0.057773102074861526
232,0.028637943789362907,83.2030029296875,0.07204962521791458,0.02873576059937477,82.61127471923828,0.07328131049871445,0.05919865518808365,0.05778270587325096,0.05905630812048912,0.05784605070948601
233,0.02861762046813965,83.23748779296875,0.07206542789936066,0.028692174702882767,82.31694793701172,0.07314138859510422,0.05896196514368057,0.05767226591706276,0.05916205048561096,0.057802554219961166
234,0.028589341789484024,83.09764099121094,0.07200100272893906,0.02867470495402813,82.15452575683594,0.07306349277496338,0.05879658833146095,0.05765214562416077,0.05908703804016113,0.057726163417100906
235,0.028581028804183006,83.06366729736328,0.07198546081781387,0.028668386861681938,82.1614761352539,0.07306677103042603,0.05880856141448021,0.05766528099775314,0.059053219854831696,0.057738110423088074
236,0.028587734326720238,83.09413146972656,0.07200001925230026,0.028684154152870178,82.52127838134766,0.07323868572711945,0.059184879064559937,0.05775323137640953,0.05903595685958862,0.057813361287117004
237,0.02856699749827385,83.12793731689453,0.07201550155878067,0.02863963134586811,82.21656036376953,0.0730937048792839,0.05893979221582413,0.05763871222734451,0.05914295092225075,0.057767584919929504
238,0.028538813814520836,82.9875259399414,0.07195071876049042,0.028622867539525032,82.05558013916016,0.07301642000675201,0.058774661272764206,0.05761996656656265,0.059067320078611374,0.05769089236855507
239,0.02853108011186123,82.95387268066406,0.07193530350923538,0.028617054224014282,82.06523132324219,0.07302100956439972,0.05878916382789612,0.057634059339761734,0.05903227999806404,0.057704318314790726
240,0.02853800728917122,82.98607635498047,0.07195068895816803,0.028632456436753273,82.42448425292969,0.0731927677989006,0.05916568636894226,0.0577208437025547,0.05901676416397095,0.05777977034449577
241,0.028516843914985657,83.01653289794922,0.07196463644504547,0.02858809195458889,82.11719512939453,0.07304645329713821,0.05891844257712364,0.0576057992875576,0.05912184715270996,0.05773196369409561
242,0.028489215299487114,82.87810516357422,0.07190072536468506,0.02857189066708088,81.95709228515625,0.07296950370073318,0.05875363200902939,0.05758779123425484,0.05904700979590416,0.057656656950712204
243,0.028482092544436455,82.84408569335938,0.07188510149717331,0.028566373512148857,81.96837615966797,0.07297484576702118,0.05877001956105232,0.05760190635919571,0.05901028588414192,0.057671114802360535
244,0.028489505872130394,82.88098907470703,0.07190265506505966,0.028582146391272545,82.33919525146484,0.07315219938755035,0.059160083532333374,0.05768931657075882,0.05899994447827339,0.05774702876806259
245,0.028467517346143723,82.90611267089844,0.07191411405801773,0.028537051752209663,82.01256561279297,0.07299649715423584,0.05889247730374336,0.057570718228816986,0.05910308286547661,0.057694531977176666
246,0.028440220281481743,82.7696304321289,0.07185104489326477,0.028521519154310226,81.854736328125,0.07292052358388901,0.05872856453061104,0.057553984224796295,0.05902911350131035,0.057620443403720856
247,0.028433438390493393,82.73519134521484,0.07183516770601273,0.028516393154859543,81.86817169189453,0.07292687147855759,0.0587465837597847,0.05756864324212074,0.05899118259549141,0.05763530731201172
248,0.02844163589179516,82.77369689941406,0.07185342907905579,0.028533121570944786,82.25099182128906,0.07311004400253296,0.05914806202054024,0.05765977129340172,0.05897922068834305,0.05771450698375702
249,0.0284192506223917,82.79876708984375,0.07186480611562729,0.028487220406532288,81.9132308959961,0.0729488953948021,0.05887066200375557,0.05753662809729576,0.05908433720469475,0.05765961855649948
250,0.0283920057117939,82.66129302978516,0.07180120050907135,0.028472308069467545,81.75678253173828,0.07287345826625824,0.058706607669591904,0.05752113088965416,0.059010099619627,0.05758439376950264
251,0.02838572859764099,82.62727355957031,0.07178547233343124,0.028467567637562752,81.77236938476562,0.07288075983524323,0.058726079761981964,0.05753663554787636,0.05897116661071777,0.057600390166044235
252,0.028394382447004318,82.6666488647461,0.07180412113666534,0.028484513983130455,82.15567016601562,0.07306420058012009,0.059128113090991974,0.05762791261076927,0.05895890295505524,0.05768071115016937
253,0.028372010216116905,82.69042205810547,0.07181485742330551,0.028438618406653404,81.8167953491211,0.07290234416723251,0.058850087225437164,0.05750345066189766,0.059063538908958435,0.0576242059469223
254,0.02834513783454895,82.55435943603516,0.07175181806087494,0.028424128890037537,81.65982818603516,0.0728265717625618,0.058684855699539185,0.05748814716935158,0.058990370482206345,0.05754953622817993
255,0.028339283540844917,82.52046203613281,0.07173611223697662,0.028419526293873787,81.6751937866211,0.07283378392457962,0.05870412662625313,0.05750330910086632,0.05895039811730385,0.05756646767258644
256,0.028348635882139206,82.5624008178711,0.07175597548484802,0.028437379747629166,82.0709228515625,0.07302328199148178,0.05911958962678909,0.05759711191058159,0.05893979221582413,0.057647962123155594
257,0.028325898572802544,82.58496856689453,0.07176611572504044,0.02839081361889839,81.71662139892578,0.0728539451956749,0.05882595106959343,0.05746844410896301,0.05904580280184746,0.05758848041296005
258,0.02829916402697563,82.44893646240234,0.07170305401086807,0.02837713435292244,81.56062316894531,0.07277856767177582,0.05866042897105217,0.057454343885183334,0.05897286906838417,0.05751387029886246
259,0.02829376980662346,82.41475677490234,0.07168719917535782,0.028373094275593758,81.57843017578125,0.07278692722320557,0.05868159607052803,0.05747038125991821,0.058931440114974976,0.05753149837255478
260,0.028304116800427437,82.4578857421875,0.07170763611793518,0.028391527011990547,81.98164367675781,0.0729801133275032,0.059104230254888535,0.057566992938518524,0.058919087052345276,0.05761593207716942
261,0.028280876576900482,82.47941589355469,0.07171731442213058,0.028344599530100822,81.62046813964844,0.07280737906694412,0.05880511552095413,0.05743465945124626,0.05902616307139397,0.05755417421460152
262,0.028254257515072823,82.34335327148438,0.07165417075157166,0.028331611305475235,81.46549224853516,0.07273240387439728,0.058639414608478546,0.057421814650297165,0.05895356833934784,0.05747932195663452
263,0.02824956364929676,82.3095474243164,0.07163846492767334,0.028327837586402893,81.48467254638672,0.07274142652750015,0.05866187438368797,0.057438261806964874,0.05891060829162598,0.0574985072016716
264,0.028260372579097748,82.35467529296875,0.07165978848934174,0.028346119448542595,81.89065551757812,0.07293606549501419,0.05908879265189171,0.05753446742892265,0.058900170028209686,0.05758308619260788
265,0.0282366331666708,82.37334442138672,0.07166814059019089,0.028299033641815186,81.52303314208984,0.07276010513305664,0.058782462030649185,0.057400912046432495,0.05900625139474869,0.057518862187862396
266,0.028210369870066643,82.23928833007812,0.0716058760881424,0.028286324813961983,81.36788940429688,0.07268499583005905,0.05861607566475868,0.05738840624690056,0.05893499031662941,0.05744510889053345
267,0.028206026181578636,82.20452880859375,0.07158972322940826,0.028282685205340385,81.38758087158203,0.07269428670406342,0.05863925814628601,0.05740474909543991,0.05889042466878891,0.05746450275182724
268,0.028217853978276253,82.25344848632812,0.07161286473274231,0.02830241620540619,81.8134765625,0.07289858907461166,0.059086885303258896,0.05750572681427002,0.05888145789504051,0.05755198374390602
269,0.02819317765533924,82.26929473876953,0.07161982357501984,0.028253883123397827,81.42239379882812,0.0727112740278244,0.058757342398166656,0.05736546590924263,0.058988578617572784,0.05748313292860985
270,0.02816697768867016,82.1353988647461,0.07155759632587433,0.028242137283086777,81.26956176757812,0.0726371631026268,0.05859176069498062,0.057354748249053955,0.05891785770654678,0.05740908533334732
271,0.02816324308514595,82.10059356689453,0.07154137641191483,0.028239045292139053,81.29212951660156,0.07264779508113861,0.05861706659197807,0.05737205222249031,0.05887187644839287,0.05742933228611946
272,0.0281760822981596,82.14883422851562,0.07156417518854141,0.028259072452783585,81.71586608886719,0.07285112887620926,0.059061069041490555,0.057474285364151,0.058858614414930344,0.057519495487213135
273,0.028151292353868484,82.16554260253906,0.07157152146100998,0.02821059711277485,81.3294906616211,0.07266592979431152,0.058738257735967636,0.057332318276166916,0.058967459946870804,0.05744997784495354
274,0.028125163167715073,82.03180694580078,0.07150927931070328,0.028199102729558945,81.17515563964844,0.07259102165699005,0.058570388704538345,0.05732157453894615,0.058897197246551514,0.05737549066543579
275,0.02812202274799347,81.99700927734375,0.07149305194616318,0.028195738792419434,81.19622039794922,0.07260094583034515,0.058594945818185806,0.0573376826941967,0.058849845081567764,0.05739688128232956
276,0.02813546732068062,82.05122375488281,0.0715186595916748,0.02821694314479828,81.64701843261719,0.07281740009784698,0.05906824395060539,0.05744486674666405,0.05884217098355293,0.05748872458934784
277,0.02810933068394661,82.06302642822266,0.07152368873357773,0.028166910633444786,81.22598266601562,0.07261545211076736,0.05870921164751053,0.057295236736536026,0.05895110219717026,0.05741287022829056
278,0.028083497658371925,81.93122100830078,0.07146231085062027,0.028156425803899765,81.07572937011719,0.07254242151975632,0.05854368954896927,0.05728701874613762,0.05888276547193527,0.05733875185251236
279,0.02808063104748726,81.89492797851562,0.07144537568092346,0.02815399505198002,81.10201263427734,0.07255487889051437,0.05857180431485176,0.05730573460459709,0.058832935988903046,0.05736059695482254
280,0.028095465153455734,81.94737243652344,0.07147016376256943,0.02817530743777752,81.54625701904297,0.07276832312345505,0.059036195278167725,0.05741472914814949,0.05881737545132637,0.05745764076709747
281,0.02806943841278553,81.96041107177734,0.07147584855556488,0.028125585988163948,81.13738250732422,0.07257211208343506,0.05869295448064804,0.05726350098848343,0.05892861261963844,0.05738134682178497
282,0.028043707832694054,81.82777404785156,0.0714140385389328,0.02811526320874691,80.98456573486328,0.07249782979488373,0.058524467051029205,0.05725514888763428,0.058859746903181076,0.057306721806526184
283,0.02804158441722393,81.79200744628906,0.07139735668897629,0.02811233513057232,81.00870513916016,0.07250925153493881,0.05855196714401245,0.05727218836545944,0.05880808085203171,0.05733087286353111
284,0.02805669978260994,81.85523223876953,0.07142722606658936,0.02813500165939331,81.49085235595703,0.0727410688996315,0.05905976891517639,0.05738622322678566,0.058805715292692184,0.057428184896707535
285,0.02802862599492073,81.85688781738281,0.07142751663923264,0.02808346040546894,81.0296401977539,0.07251957803964615,0.05865863338112831,0.05722613260149956,0.05891232192516327,0.05734221264719963
286,0.028003744781017303,81.7294692993164,0.07136810570955276,0.028074447065591812,80.8841552734375,0.0724487155675888,0.05849597230553627,0.05722099915146828,0.05884742736816406,0.05727000534534454
287,0.02800215221941471,81.69076538085938,0.07135003805160522,0.028073368594050407,80.91862487792969,0.07246512919664383,0.05853080004453659,0.05724361911416054,0.05879144370555878,0.0572945810854435
288,0.028018876910209656,81.75291442871094,0.07137942314147949,0.02809525467455387,81.38262176513672,0.07268834114074707,0.05901855230331421,0.05735568329691887,0.05878053605556488,0.05739857628941536
289,0.027990644797682762,81.75299835205078,0.07137900590896606,0.028044624254107475,80.94384765625,0.07247748225927353,0.05864369124174118,0.057196833193302155,0.05888666957616806,0.05731147155165672
290,0.0279662124812603,81.62598419189453,0.07131970673799515,0.02803567238152027,80.79534149169922,0.072405144572258,0.058477871119976044,0.057190943509340286,0.05882129818201065,0.057240210473537445
291,0.027965467423200607,81.58837890625,0.0713021531701088,0.028033751994371414,80.82666778564453,0.07242007553577423,0.05851215869188309,0.05721073970198631,0.05876316875219345,0.057267963886260986
292,0.02798197977244854,81.66816711425781,0.07133982330560684,0.02805655635893345,81.3415298461914,0.07266790419816971,0.05906027555465698,0.05732700601220131,0.058775875717401505,0.057370495051145554
293,0.027950657531619072,81.64739990234375,0.07132962346076965,0.02800402045249939,80.83053588867188,0.07242213934659958,0.058602653443813324,0.05715945363044739,0.05886946618556976,0.057269953191280365
294,0.027927320450544357,81.53162384033203,0.07127552479505539,0.02799612283706665,80.69342041015625,0.0723552331328392,0.0584469772875309,0.057157002389431,0.05881303548812866,0.05720342695713043
295,0.027926724404096603,81.48855590820312,0.0712554082274437,0.02799663133919239,80.74016571044922,0.07237763702869415,0.058491289615631104,0.057185765355825424,0.05874798074364662,0.05723113566637039
296,0.02794501557946205,81.56304931640625,0.07129059731960297,0.02801695466041565,81.21283721923828,0.07260534912347794,0.05899357795715332,0.057295192033052444,0.0587448813021183,0.05734214186668396
297,0.02791401743888855,81.54513549804688,0.07128175348043442,0.027966661378741264,80.75186157226562,0.0723835676908493,0.05859261378645897,0.05713370442390442,0.05884113907814026,0.057242974638938904
298,0.027891265228390694,81.42726135253906,0.07122661173343658,0.027958109974861145,80.60540008544922,0.072312131524086,0.058429498225450516,0.05712728574872017,0.058781418949365616,0.057176802307367325
299,0.02789156138896942,81.38636779785156,0.07120750099420547,0.027956977486610413,80.64204406738281,0.07232969254255295,0.05846855416893959,0.05714882165193558,0.058716535568237305,0.05720645189285278
300,0.0279100202023983,81.48859405517578,0.07125576585531235,0.02798062190413475,81.20735931396484,0.07260214537382126,0.0590757317841053,0.057269591838121414,0.058749500662088394,0.057315606623888016
301,0.027874937281012535,81.43923950195312,0.07123212516307831,0.02792704664170742,80.62955474853516,0.07232388108968735,0.05854152888059616,0.05709339305758476,0.05882573127746582,0.05719725415110588
302,0.02785363979637623,81.33892822265625,0.0711851641535759,0.02792077697813511,80.50444793701172,0.07226268202066422,0.05839700624346733,0.05709416791796684,0.058782197535037994,0.05713636800646782
303,0.027854381129145622,81.2892837524414,0.07116200029850006,0.02792457863688469,80.57093048095703,0.07229465991258621,0.05845419317483902,0.05713368579745293,0.058705154806375504,0.057167213410139084
304,0.027874495834112167,81.37065124511719,0.0712004080414772,0.027941390872001648,81.01387023925781,0.07250834256410599,0.058931391686201096,0.05723124369978905,0.058702901005744934,0.057284850627183914
305,0.027842074632644653,81.33876037597656,0.07118502259254456,0.0278939101845026,80.57380676269531,0.07229630649089813,0.05854930356144905,0.05707623437047005,0.05878956988453865,0.05717850476503372
306,0.027821237221360207,81.22932434082031,0.07113377004861832,0.027884529903531075,80.42318725585938,0.0722227618098259,0.05838460102677345,0.05706610530614853,0.05873272195458412,0.05711938068270683
307,0.027822345495224,81.186279296875,0.07111362367868423,0.027883168309926987,80.4640121459961,0.0722423866391182,0.05842852592468262,0.057088080793619156,0.058660708367824554,0.05715279281139374
308,0.027840256690979004,81.33068084716797,0.0711817592382431,0.02790423296391964,81.07471466064453,0.07253710180521011,0.05910315364599228,0.057200245559215546,0.05874772369861603,0.05725961923599243
309,0.027800219133496284,81.2208251953125,0.07112973183393478,0.027853716164827347,80.42216491699219,0.07222224771976471,0.05846603587269783,0.05703021213412285,0.058772359043359756,0.05711868032813072
310,0.0277827400714159,81.15580749511719,0.07109914720058441,0.02784848026931286,80.31827545166016,0.07217124849557877,0.05834615230560303,0.05703246593475342,0.05875864624977112,0.05707129091024399
311,0.027785468846559525,81.09284210205078,0.07106973975896835,0.027859076857566833,80.42675018310547,0.0722234845161438,0.058429133147001266,0.057098180055618286,0.05865856632590294,0.05710799619555473
312,0.02780592069029808,81.17828369140625,0.07110999524593353,0.027864860370755196,80.76336669921875,0.07238619029521942,0.05881616845726967,0.057153768837451935,0.05865871533751488,0.0572274774312973
313,0.027773119509220123,81.12714385986328,0.07108573615550995,0.02782636322081089,80.4101791381836,0.07221566140651703,0.05851069465279579,0.05702970176935196,0.05872480198740959,0.05711857229471207
314,0.027756385505199432,81.03306579589844,0.0710415244102478,0.027815133333206177,80.25563049316406,0.07214023172855377,0.058349620550870895,0.05701170116662979,0.058669913560152054,0.057075295597314835
315,0.027759702876210213,80.99092864990234,0.07102180272340775,0.027818093076348305,80.34896850585938,0.07218529284000397,0.05844124034047127,0.057052113115787506,0.05859030783176422,0.0571172870695591
316,0.027765754610300064,81.17697143554688,0.07110929489135742,0.027815893292427063,80.70001220703125,0.072355255484581,0.058880895376205444,0.05707109719514847,0.0587799996137619,0.057174213230609894
317,0.027728766202926636,80.98567199707031,0.0710192397236824,0.0277868565171957,80.20996856689453,0.07211778312921524,0.058365825563669205,0.05698258802294731,0.0586923323571682,0.05704456567764282
318,0.027715735137462616,80.96996307373047,0.07101161777973175,0.027772605419158936,80.10791015625,0.07206790894269943,0.0582847073674202,0.05695028230547905,0.05871922895312309,0.057015568017959595
319,0.0277227945625782,80.89260864257812,0.07097557932138443,0.027798520401120186,80.3198471069336,0.07217017561197281,0.05843556299805641,0.05707691237330437,0.05858384445309639,0.05706890672445297
320,0.027740266174077988,81.05744934082031,0.0710529088973999,0.027782637625932693,80.53113555908203,0.07227278500795364,0.05875169858336449,0.05704615265130997,0.05869201198220253,0.05717923119664192
321,0.027697572484612465,80.88084411621094,0.07096993923187256,0.027758421376347542,80.18002319335938,0.07210255414247513,0.058394741266965866,0.056974511593580246,0.05864974483847618,0.057023897767066956
322,0.027692150324583054,80.84186553955078,0.07095147669315338,0.02774602733552456,80.07166290283203,0.0720495730638504,0.05829760432243347,0.05695103481411934,0.05861299857497215,0.05702871084213257
323,0.027703819796442986,80.83324432373047,0.07094777375459671,0.02777554653584957,80.5422134399414,0.07227718830108643,0.05875544622540474,0.05710236355662346,0.058540575206279755,0.0571049302816391
324,0.027685709297657013,80.99658203125,0.0710238516330719,0.027723539620637894,80.16070556640625,0.07209306955337524,0.05847243592143059,0.056917522102594376,0.058802831918001175,0.05706377327442169
325,0.027655726298689842,80.79373931884766,0.07092869281768799,0.027722513303160667,79.99634552001953,0.07201234251260757,0.05826257914304733,0.05693348869681358,0.05867737531661987,0.056956563144922256
326,0.027654709294438362,80.74381256103516,0.07090528309345245,0.027725862339138985,80.04829406738281,0.07203733175992966,0.05830427259206772,0.05696968361735344,0.058610714972019196,0.056975893676280975
327,0.027679111808538437,80.77983093261719,0.07092245668172836,0.027742460370063782,80.39822387695312,0.07220669090747833,0.058659907430410385,0.05707269534468651,0.05853250250220299,0.0571102499961853
328,0.02765454165637493,80.80133819580078,0.07093223929405212,0.02770054340362549,80.12464141845703,0.07207461446523666,0.05847335606813431,0.05692983791232109,0.05865025520324707,0.0570395328104496
329,0.027632156386971474,80.6743392944336,0.07087253779172897,0.027691051363945007,79.9421615600586,0.07198542356491089,0.05827362462878227,0.05691450089216232,0.058582305908203125,0.056968651711940765
330,0.027635734528303146,80.6354751586914,0.07085423171520233,0.027688579633831978,79.98341369628906,0.07200533151626587,0.058322347700595856,0.05693308264017105,0.058506399393081665,0.057010091841220856
331,0.027643729001283646,80.82958984375,0.07094593346118927,0.02769329771399498,80.48461151123047,0.07224833220243454,0.058922942727804184,0.056983254849910736,0.05869728699326515,0.057075127959251404
332,0.027604512870311737,80.63956451416016,0.07085611671209335,0.027661224827170372,79.86991119384766,0.0719500258564949,0.058267880231142044,0.056873027235269547,0.05862221121788025,0.05693448707461357
333,0.02759011648595333,80.64067077636719,0.07085634022951126,0.02765066921710968,79.78486633300781,0.07190828770399094,0.05819696560502052,0.056849777698516846,0.05868124961853027,0.05689463019371033
334,0.027599630877375603,80.5404281616211,0.07080960273742676,0.027686815708875656,80.0448989868164,0.07203395664691925,0.05836477875709534,0.05702029913663864,0.058508239686489105,0.05695609748363495
335,0.02761872485280037,80.66038513183594,0.07086585462093353,0.027657032012939453,80.12602996826172,0.07207393646240234,0.05857226625084877,0.05693638697266579,0.058549538254737854,0.057075873017311096
336,0.02758060023188591,80.53082275390625,0.07080494612455368,0.027640631422400475,79.89662170410156,0.07196235656738281,0.05834119766950607,0.056891508400440216,0.0585484616458416,0.056938160210847855
337,0.027578022330999374,80.48922729492188,0.0707852691411972,0.027630481868982315,79.81356811523438,0.07192171365022659,0.05826741084456444,0.056875813752412796,0.05849728733301163,0.05695323646068573
338,0.027584800496697426,80.54503631591797,0.07081203907728195,0.02764854207634926,80.3878173828125,0.07220013439655304,0.05890290066599846,0.05698644369840622,0.058524928987026215,0.057010799646377563
339,0.027556216344237328,80.57266998291016,0.07082436233758926,0.027603134512901306,79.76144409179688,0.07189648598432541,0.058290284126996994,0.056815631687641144,0.058668844401836395,0.056919801980257034
340,0.027536386623978615,80.5048599243164,0.07079219073057175,0.027596350759267807,79.63040924072266,0.07183195650577545,0.05814914032816887,0.0568043552339077,0.058670107275247574,0.056851450353860855
341,0.02753356285393238,80.37056732177734,0.07072936743497849,0.02762705273926258,79.82315063476562,0.07192512601613998,0.058257486671209335,0.05694827809929848,0.05851134657859802,0.05685780569911003
342,0.02756597474217415,80.45472717285156,0.07076894491910934,0.02761056460440159,79.96923828125,0.07199645042419434,0.058490511029958725,0.05692114308476448,0.05844980850815773,0.05703185126185417
343,0.027533799409866333,80.39572143554688,0.07074113935232162,0.027589084580540657,79.80850982666016,0.07191843539476395,0.058366332203149796,0.056856632232666016,0.05850750207901001,0.0569230355322361
344,0.02752380445599556,80.33521270751953,0.07071255892515182,0.02757863514125347,79.69229125976562,0.0718616172671318,0.05825356766581535,0.0568375401198864,0.058467112481594086,0.056905269622802734
345,0.027526021003723145,80.33728790283203,0.07071376591920853,0.027585549280047417,79.97132873535156,0.07199712097644806,0.05856114998459816,0.0569002665579319,0.05844740569591522,0.05694307014346123
346,0.027507321909070015,80.41739654541016,0.07075119763612747,0.027556005865335464,79.70797729492188,0.07186935096979141,0.05834319442510605,0.05679643154144287,0.05861426144838333,0.05689419433474541
347,0.027489420026540756,80.31096649169922,0.0707007348537445,0.027536729350686073,79.4428482055664,0.07173942029476166,0.05808675289154053,0.056734077632427216,0.05855689197778702,0.05683483928442001
348,0.027463193982839584,80.2712173461914,0.07068187743425369,0.02752835676074028,79.43096160888672,0.07173386961221695,0.058097515255212784,0.05671679601073265,0.05862107872962952,0.056738272309303284
349,0.027524277567863464,80.30671691894531,0.0706995278596878,0.02761789970099926,80.29444885253906,0.07215184718370438,0.05879145488142967,0.05713019520044327,0.05838291719555855,0.05702436342835426
350,0.027482515200972557,80.2948226928711,0.07069296389818192,0.027517007663846016,79.55451202392578,0.07179424911737442,0.058270324021577835,0.05673157796263695,0.058524660766124725,0.0568874217569828
351,0.027454331517219543,80.14464569091797,0.07062238454818726,0.027529196813702583,79.48440551757812,0.07175911962985992,0.058130860328674316,0.056794580072164536,0.05846966430544853,0.056778792291879654
352,0.02747398056089878,80.14462280273438,0.07062243670225143,0.027531638741493225,79.61492919921875,0.0718226507306099,0.058268655091524124,0.05683764070272446,0.05836893990635872,0.056889377534389496
353,0.027473043650388718,80.26151275634766,0.07067770510911942,0.027519891038537025,79.81976318359375,0.07192254066467285,0.05856173112988472,0.05682135745882988,0.058498531579971313,0.05692204087972641
354,0.027441559359431267,80.12055969238281,0.07061096280813217,0.02749861590564251,79.42620086669922,0.07173071801662445,0.058150384575128555,0.05674656480550766,0.05845760181546211,0.05680697783827782
355,0.02743348851799965,80.08544158935547,0.07059410959482193,0.027473391965031624,79.25238800048828,0.07164565473794937,0.058032698929309845,0.0566614605486393,0.05844418331980705,0.05679105967283249
356,0.027435775846242905,79.99698638916016,0.07055245339870453,0.027485525235533714,79.3526382446289,0.07169449329376221,0.058093998581171036,0.05673980340361595,0.058317795395851135,0.056818898767232895
357,0.02745405025780201,80.39873504638672,0.07074181735515594,0.02747182361781597,79.58509063720703,0.0718083381652832,0.05842641741037369,0.056713711470365524,0.058700330555438995,0.05694522708654404
358,0.027393879368901253,79.95755767822266,0.0705338716506958,0.02747482620179653,79.3232650756836,0.07167993485927582,0.05808696895837784,0.05673307552933693,0.058433834463357925,0.056690894067287445
359,0.02740856446325779,79.98961639404297,0.07054883986711502,0.027476029470562935,79.34101104736328,0.07168830931186676,0.058095816522836685,0.05676012113690376,0.05840215086936951,0.0567755252122879
360,0.027425510808825493,79.99359893798828,0.07055091112852097,0.027485381811857224,79.61489868164062,0.0718216821551323,0.058380842208862305,0.05683901533484459,0.05831592157483101,0.056877877563238144
361,0.02740694023668766,80.05045318603516,0.07057751715183258,0.027452072128653526,79.45187377929688,0.07174277305603027,0.05830640718340874,0.05672241002321243,0.058449532836675644,0.05683404579758644
362,0.027385879307985306,79.91426849365234,0.0705130323767662,0.027441611513495445,79.20935821533203,0.07162388414144516,0.05804283171892166,0.05669144541025162,0.05837380513548851,0.05675765499472618
363,0.02738734520971775,79.86003112792969,0.07048723101615906,0.027427690103650093,79.14424896240234,0.07159201055765152,0.05800927057862282,0.05665848031640053,0.058290306478738785,0.05678487569093704
364,0.02740766853094101,80.23936462402344,0.07066735625267029,0.02743229642510414,80.0125732421875,0.07201511412858963,0.05907045677304268,0.05672132223844528,0.058644868433475494,0.05691443756222725
365,0.027346987277269363,79.82025146484375,0.07046845555305481,0.027415504679083824,79.12725067138672,0.07158360630273819,0.05801975727081299,0.0566493459045887,0.05839857459068298,0.056658923625946045
366,0.027346642687916756,79.87811279296875,0.07049556821584702,0.027430834248661995,79.17385864257812,0.07160568237304688,0.05801352113485336,0.05672300234436989,0.0584772527217865,0.0566721148788929
367,0.027362722903490067,79.79292297363281,0.07045552879571915,0.027446378022432327,79.34113311767578,0.07168698310852051,0.05814411863684654,0.05681849643588066,0.05828861892223358,0.05676387622952461
368,0.027367543429136276,79.8192138671875,0.07046773284673691,0.027412835508584976,79.27660369873047,0.07165609300136566,0.058187808841466904,0.05671233683824539,0.058279313147068024,0.056818872690200806
369,0.027351653203368187,79.78382873535156,0.07045106589794159,0.027407895773649216,79.29022216796875,0.07166259735822678,0.05821530893445015,0.05671694129705429,0.058296725153923035,0.05677642673254013
370,0.027343688532710075,79.78863525390625,0.07045328617095947,0.027396708726882935,79.28474426269531,0.07165994495153427,0.058245766907930374,0.05669427663087845,0.058326561003923416,0.05676933750510216
371,0.027332419529557228,79.74298095703125,0.07043153047561646,0.027387011796236038,79.14944458007812,0.07159367948770523,0.05811106786131859,0.056670162826776505,0.05831258371472359,0.056742701679468155
372,0.02733008936047554,79.69271850585938,0.07040776312351227,0.02738598920404911,79.22771453857422,0.07163175195455551,0.05820140242576599,0.05669363960623741,0.05825159326195717,0.05675577372312546
373,0.027315612882375717,79.8285903930664,0.07047193497419357,0.027368173003196716,79.26564025878906,0.07165060192346573,0.0583171583712101,0.05663936585187912,0.05847136303782463,0.05672265216708183
374,0.027307970449328423,79.75342559814453,0.07043574005365372,0.027348781004548073,78.85549926757812,0.07144887745380402,0.05789070203900337,0.056557588279247284,0.058418333530426025,0.056695569306612015
375,0.027261972427368164,79.73641967773438,0.07042750716209412,0.02735661342740059,78.908935546875,0.07147528231143951,0.0579199492931366,0.05659641698002815,0.05860357731580734,0.05650904402136803
376,0.027332089841365814,79.65034484863281,0.07038761675357819,0.027427123859524727,79.4259033203125,0.07172627002000809,0.05824660882353783,0.05694012716412544,0.05817340686917305,0.05682947859168053
377,0.02729864791035652,79.59394073486328,0.07036030292510986,0.027342353016138077,78.99491119384766,0.0715174525976181,0.05805501714348793,0.056606292724609375,0.05822791904211044,0.05672375485301018
378,0.02728508971631527,79.53802490234375,0.07033386826515198,0.027347838506102562,78.97197723388672,0.07150566577911377,0.05799751356244087,0.05664779990911484,0.058220334351062775,0.056680865585803986
379,0.02729777619242668,79.5989761352539,0.07036300003528595,0.02735099010169506,79.35923767089844,0.07169478386640549,0.058448076248168945,0.056710150092840195,0.05821900814771652,0.056771039962768555
380,0.027268189936876297,79.6121597290039,0.07036872208118439,0.027318283915519714,78.92645263671875,0.07148369401693344,0.05804387107491493,0.056571077555418015,0.05835529416799545,0.05667063966393471
381,0.027254227548837662,79.5382308959961,0.07033327966928482,0.02729894034564495,78.69359588623047,0.0713689848780632,0.057838279753923416,0.0564938485622406,0.05833817273378372,0.05660966411232948
382,0.027231533080339432,79.46485900878906,0.0702984556555748,0.027293944731354713,78.69036865234375,0.07136759907007217,0.05784760043025017,0.0564897283911705,0.05834877863526344,0.056523121893405914
383,0.027312008664011955,79.67314147949219,0.07039826363325119,0.02736283279955387,79.77598571777344,0.07189600169658661,0.05887988582253456,0.056866295635700226,0.05821409821510315,0.056916315108537674
384,0.02722873166203499,79.4316635131836,0.07028276473283768,0.02728372998535633,78.76953125,0.07140643149614334,0.05795997008681297,0.056506551802158356,0.058273136615753174,0.05658170208334923
385,0.027224969118833542,79.39762115478516,0.07026652246713638,0.02729802392423153,78.73428344726562,0.07138816267251968,0.05785738304257393,0.05657317861914635,0.05826571211218834,0.056565798819065094
386,0.02724839188158512,79.37113952636719,0.07025415450334549,0.027309533208608627,78.96598815917969,0.07150141149759293,0.058071475476026535,0.05666840448975563,0.05811082944273949,0.05669482797384262
387,0.027242541313171387,79.50872039794922,0.07031924277544022,0.027279812842607498,78.99911499023438,0.0715181827545166,0.05822991952300072,0.056570541113615036,0.058274656534194946,0.05671945959329605
388,0.027211476117372513,79.32315063476562,0.07023099809885025,0.02727009728550911,78.65491485595703,0.07134906202554703,0.05784473195672035,0.05652627721428871,0.058194682002067566,0.05658647045493126
389,0.027208244428038597,79.30714416503906,0.07022301107645035,0.027235399931669235,78.48284149169922,0.07126450538635254,0.057775504887104034,0.05639314278960228,0.05818720906972885,0.05658421665430069
390,0.02718427963554859,79.2930679321289,0.07021616399288177,0.02719418704509735,78.41446685791016,0.07123137265443802,0.057850804179906845,0.05625336617231369,0.05827473849058151,0.05649353936314583
391,0.027169186621904373,79.59573364257812,0.07035937160253525,0.027305522933602333,78.84606170654297,0.07144558429718018,0.05784973129630089,0.05684097483754158,0.05866772308945656,0.0565064400434494
392,0.027211040258407593,79.31273651123047,0.07022470235824585,0.02720656804740429,78.41392517089844,0.07123150676488876,0.05778413638472557,0.056327126920223236,0.05814051628112793,0.05668989568948746
393,0.02723904512822628,79.3224868774414,0.07023060321807861,0.02731993794441223,78.98057556152344,0.07150610536336899,0.05799621716141701,0.056843217462301254,0.05804728716611862,0.05679004266858101
394,0.027170905843377113,79.12782287597656,0.07013769447803497,0.02723710797727108,78.60527801513672,0.07132390886545181,0.05786812677979469,0.056513722985982895,0.05808154493570328,0.05653776973485947
395,0.027179285883903503,79.16230773925781,0.07015394419431686,0.027245204895734787,78.63578796386719,0.07133831828832626,0.05786317586898804,0.05656980723142624,0.058085788041353226,0.05659082904458046
396,0.027189970016479492,79.20095825195312,0.07017246633768082,0.027239695191383362,78.9135513305664,0.07147449254989624,0.05821077153086662,0.05659828707575798,0.05806121975183487,0.056675929576158524
397,0.027162674814462662,79.22301483154297,0.07018259167671204,0.027211802080273628,78.62399291992188,0.07133297622203827,0.05796432867646217,0.05648243427276611,0.058195553719997406,0.056589286774396896
398,0.02715161442756653,79.11273956298828,0.07012984156608582,0.02719447948038578,78.34306335449219,0.07119426876306534,0.0576971061527729,0.056403450667858124,0.05812150612473488,0.0565384216606617
399,0.02711055986583233,79.21414184570312,0.07017706334590912,0.027154767885804176,78.20977783203125,0.07112980633974075,0.05768836289644241,0.05625388026237488,0.05843449383974075,0.0563720241189003
400,0.027215998619794846,79.31604766845703,0.07022759318351746,0.02732527256011963,79.73141479492188,0.07186999171972275,0.05882130190730095,0.057085756212472916,0.058073174208402634,0.05685355141758919
401,0.027117079123854637,78.99738311767578,0.07007468491792679,0.027168525382876396,78.38404846191406,0.07121500372886658,0.05781890079379082,0.056370820850133896,0.058082085102796555,0.05647018179297447
402,0.02711419388651848,78.9681167602539,0.07006089389324188,0.027206894010305405,78.4594955444336,0.07125057280063629,0.05775254964828491,0.05654019117355347,0.05808715522289276,0.056451231241226196
403,0.027150074020028114,79.02465057373047,0.07008781284093857,0.027196096256375313,78.65570831298828,0.07134708017110825,0.058013252913951874,0.05655116215348244,0.0579686239361763,0.05664487183094025
404,0.027126749977469444,79.07947540283203,0.07011373341083527,0.02717171236872673,78.58370971679688,0.07131215929985046,0.058021776378154755,0.05646473169326782,0.058116063475608826,0.05658671632409096
405,0.027109352871775627,78.94058227539062,0.07004734128713608,0.02716137282550335,78.26502990722656,0.07115503400564194,0.057673897594213486,0.0564129613339901,0.05803319439291954,0.056510668247938156
406,0.027098633348941803,78.95339965820312,0.07005301117897034,0.027108440175652504,78.12462615966797,0.07108549773693085,0.057731594890356064,0.0561995767056942,0.058100804686546326,0.05647030472755432
407,0.027038658037781715,79.2254638671875,0.0701809749007225,0.027099717408418655,78.02420043945312,0.07103784382343292,0.0576242096722126,0.05617404356598854,0.05866163969039917,0.05628685653209686
408,0.027185123413801193,79.08357238769531,0.07011544704437256,0.027201389893889427,78.57476806640625,0.07130546867847443,0.05785573646426201,0.05665680021047592,0.057867296040058136,0.05687011405825615
409,0.027059704065322876,78.7005615234375,0.06993281841278076,0.02715025283396244,78.30916595458984,0.07117613404989243,0.05774305388331413,0.05644550174474716,0.05792728811502457,0.056372009217739105
410,0.027091190218925476,78.82796478271484,0.0699932724237442,0.0271576140075922,78.34609985351562,0.07119373977184296,0.057746004313230515,0.05650309473276138,0.05794546380639076,0.056523215025663376
411,0.02709539793431759,78.83814239501953,0.06999808549880981,0.02714141085743904,78.45677947998047,0.071248359978199,0.057933561503887177,0.05647806078195572,0.0579141229391098,0.056580279022455215
412,0.027076583355665207,78.88531494140625,0.0700204148888588,0.02712409198284149,78.41815185546875,0.07122957706451416,0.057954125106334686,0.05642157420516014,0.05803792551159859,0.05653516575694084
413,0.0270634014159441,78.76300048828125,0.06996177136898041,0.027113566175103188,78.08124542236328,0.07106317579746246,0.057584621012210846,0.056364525109529495,0.05795479565858841,0.05647822469472885
414,0.027033641934394836,78.92147827148438,0.07003603875637054,0.027053071185946465,77.88025665283203,0.07096478343009949,0.05758430436253548,0.056126561015844345,0.05830112844705582,0.056347645819187164
415,0.02701597474515438,78.63211822509766,0.06989958137273788,0.02726041153073311,78.71732330322266,0.07137219607830048,0.05775060877203941,0.057011865079402924,0.058032017201185226,0.05627654120326042
416,0.027131160721182823,79.03213500976562,0.07008709758520126,0.02706441655755043,78.05265045166016,0.07104995101690292,0.05771898478269577,0.05623447895050049,0.057919103652238846,0.056860100477933884
417,0.02700219117105007,78.55712127685547,0.06986311078071594,0.02710116095840931,78.05522918701172,0.07104958593845367,0.05757642164826393,0.05638318136334419,0.0579599030315876,0.05627709999680519
418,0.027071811258792877,78.72260284423828,0.06994228065013885,0.027116911485791206,78.5730209350586,0.07130362093448639,0.05811666324734688,0.0565379299223423,0.05782454088330269,0.05661764740943909
419,0.027026336640119553,78.74797821044922,0.06995368748903275,0.027070989832282066,78.10516357421875,0.07107453793287277,0.057733744382858276,0.05632234364748001,0.058030933141708374,0.05646728351712227
420,0.027013471350073814,78.6251449584961,0.06989474594593048,0.027059713378548622,77.85896301269531,0.07095228880643845,0.05748477950692177,0.056262824684381485,0.05797172337770462,0.0563865527510643
421,0.02699100412428379,78.59548950195312,0.06988026201725006,0.02703356370329857,77.76979064941406,0.07090882211923599,0.0574740506708622,0.05617273598909378,0.05803683027625084,0.05629979446530342
422,0.02709277905523777,79.00146484375,0.07007520645856857,0.027095703408122063,79.04180145263672,0.07153166830539703,0.0587628111243248,0.05655691400170326,0.05802119895815849,0.05681794509291649
423,0.026962164789438248,78.39932250976562,0.06978686153888702,0.027038585394620895,77.87175750732422,0.07095881551504135,0.05755222588777542,0.05624867603182793,0.05786586552858353,0.056248195469379425
424,0.02698531374335289,78.51760864257812,0.06984300911426544,0.027074400335550308,77.9580307006836,0.070999875664711,0.05750785022974014,0.056409381330013275,0.0579429492354393,0.05633845925331116
425,0.027015572413802147,78.49848175048828,0.06983398646116257,0.027067461982369423,78.12537384033203,0.07108242064714432,0.05771578103303909,0.05643957480788231,0.05775120481848717,0.05650732293725014
426,0.027003291994333267,78.57875061035156,0.06987221539020538,0.02704104222357273,78.17884063720703,0.07110917568206787,0.0578872449696064,0.05635718256235123,0.05786789581179619,0.05651024729013443
427,0.026978295296430588,78.44305419921875,0.06980707496404648,0.027031701058149338,77.83100891113281,0.07093735784292221,0.05749513953924179,0.05630265921354294,0.0578245148062706,0.05640040338039398
428,0.026978757232427597,78.40965270996094,0.06979067623615265,0.026991719380021095,77.6766357421875,0.07086002081632614,0.05749458819627762,0.056123558431863785,0.05778851360082626,0.056402646005153656
429,0.02691545896232128,78.87092590332031,0.07000766694545746,0.026997283101081848,77.62732696533203,0.07083682715892792,0.05739271640777588,0.05615247040987015,0.058604396879673004,0.05620533227920532
430,0.027024157345294952,78.45254516601562,0.06981142610311508,0.02707531489431858,78.03792572021484,0.07103724777698517,0.05754357576370239,0.05654650181531906,0.05763411521911621,0.05662378668785095
431,0.026943635195493698,78.24382781982422,0.06971131265163422,0.027025679126381874,77.834716796875,0.07093804329633713,0.05749446898698807,0.0563514344394207,0.057715099304914474,0.05631324276328087
432,0.026960529386997223,78.3251724243164,0.0697498694062233,0.027018265798687935,77.79580688476562,0.07091861963272095,0.0574658177793026,0.05634364113211632,0.05773947760462761,0.056401241570711136
433,0.026968857273459435,78.3175048828125,0.06974627822637558,0.027013016864657402,78.00906372070312,0.07102373987436295,0.05773000046610832,0.05637997388839722,0.057663433253765106,0.056478165090084076
434,0.026945406571030617,78.42540740966797,0.06979753077030182,0.026984916999936104,77.89857482910156,0.07096978276968002,0.05771293118596077,0.056267138570547104,0.05787014961242676,0.05642779543995857
435,0.026929788291454315,78.26752471923828,0.06972154229879379,0.026972267776727676,77.52400970458984,0.07078365981578827,0.05731457844376564,0.05618148297071457,0.05778094753623009,0.05633234232664108
436,0.026875868439674377,78.45841217041016,0.0698113664984703,0.026958955451846123,77.48176574707031,0.07076338678598404,0.05731358006596565,0.05613090470433235,0.058261334896087646,0.05611996352672577
437,0.026993662118911743,78.36465454101562,0.06976857036352158,0.02705703303217888,78.22820281982422,0.0711289644241333,0.05778047814965248,0.05665193125605583,0.057598307728767395,0.05664283037185669
438,0.026904087513685226,78.10709381103516,0.06964454799890518,0.02696583792567253,77.62541198730469,0.07083379477262497,0.057424839586019516,0.05623963475227356,0.057652175426483154,0.05629618838429451
439,0.026920733973383904,78.1401596069336,0.06966017931699753,0.02697155997157097,77.61507415771484,0.07082801312208176,0.05737650394439697,0.05628615990281105,0.05763173848390579,0.05637016147375107
440,0.02693544141948223,78.32536315917969,0.06974948197603226,0.02696673944592476,78.46243286132812,0.07124505937099457,0.05844133719801903,0.056365497410297394,0.057741615921258926,0.0565071702003479
441,0.02688230201601982,78.14738464355469,0.06966312229633331,0.026941975578665733,77.4543228149414,0.07074844837188721,0.057291410863399506,0.05618579313158989,0.057774923741817474,0.05627061799168587
442,0.02687053382396698,78.26165008544922,0.06971665471792221,0.02694300189614296,77.41928100585938,0.07073057442903519,0.057246167212724686,0.056189458817243576,0.0580129437148571,0.05619601160287857
443,0.026915088295936584,78.07686614990234,0.06962969899177551,0.027027646079659462,78.06500244140625,0.07104723155498505,0.05764954537153244,0.056644733995199203,0.057554006576538086,0.05641952157020569
444,0.026895206421613693,78.07923889160156,0.06962984055280685,0.026923179626464844,77.49635314941406,0.07076891511678696,0.057389210909605026,0.05618436262011528,0.05759512260556221,0.056393854320049286
445,0.026883674785494804,77.97682189941406,0.0695807933807373,0.026928072795271873,77.41486358642578,0.07072778791189194,0.05726059898734093,0.056215256452560425,0.05754108726978302,0.05633622780442238
446,0.02689645066857338,78.36322021484375,0.06976668536663055,0.026904303580522537,78.36168670654297,0.07119490951299667,0.05855836346745491,0.05619698390364647,0.05789903178811073,0.056484948843717575
447,0.02684280276298523,77.94798278808594,0.069566510617733,0.02691170573234558,77.30113220214844,0.07067099213600159,0.057182397693395615,0.05616414546966553,0.05767573043704033,0.05619875714182854
448,0.026839740574359894,78.03047943115234,0.06960558891296387,0.026931239292025566,77.3802261352539,0.07070935517549515,0.05719301849603653,0.056260496377944946,0.05781653895974159,0.05618327856063843
449,0.026874538511037827,77.91749572753906,0.06955195218324661,0.026953568682074547,77.64124298095703,0.07083775103092194,0.057392418384552,0.05642280727624893,0.0574893057346344,0.05636514723300934
450,0.026866178959608078,77.91677856445312,0.06955104321241379,0.026898205280303955,77.42000579833984,0.07072945684194565,0.057343654334545135,0.05620409920811653,0.05748363584280014,0.0563817098736763
451,0.026859192177653313,77.91731262207031,0.06955168396234512,0.02690267190337181,77.78106689453125,0.07090740650892258,0.05776042863726616,0.05628642812371254,0.05749993771314621,0.05638476833701134
452,0.026829203590750694,77.95234680175781,0.0695677176117897,0.026880603283643723,77.309326171875,0.07067437469959259,0.05726892501115799,0.05615749955177307,0.05766880884766579,0.05628162994980812
453,0.026819270104169846,78.043701171875,0.06960977613925934,0.026855897158384323,77.06243896484375,0.07055153697729111,0.05707712844014168,0.05603325739502907,0.05789186432957649,0.05618893727660179
454,0.026811383664608,77.72278594970703,0.06945767998695374,0.026982102543115616,77.69322967529297,0.0708608478307724,0.057302139699459076,0.0566304549574852,0.057511914521455765,0.05617915466427803
455,0.026862651109695435,77.90779876708984,0.06954523175954819,0.026855548843741417,77.27869415283203,0.07065874338150024,0.057308707386255264,0.05612006038427353,0.05742742493748665,0.05648418515920639
456,0.026815135031938553,77.68992614746094,0.06944117695093155,0.02686839923262596,77.18677520751953,0.07061216980218887,0.057132598012685776,0.056180089712142944,0.05740171670913696,0.05626416951417923
457,0.02683142200112343,78.05713653564453,0.06961817294359207,0.02684153988957405,78.14685821533203,0.07108654826879501,0.05846415087580681,0.05615575984120369,0.05771894007921219,0.05642859265208244
458,0.02678230032324791,77.7015151977539,0.06944609433412552,0.026849061250686646,77.03004455566406,0.07053381949663162,0.05701738968491554,0.0561094805598259,0.05755419284105301,0.05615954101085663
459,0.026772838085889816,77.78150939941406,0.06948401033878326,0.026868721470236778,77.1107406616211,0.0705731064081192,0.05703001469373703,0.0562051422894001,0.05772131308913231,0.05611632391810417
460,0.026816342025995255,77.65274810791016,0.06942280381917953,0.02689788118004799,77.42587280273438,0.07072831690311432,0.057263702154159546,0.05640781298279762,0.05733257532119751,0.056335628032684326
461,0.026800118386745453,77.62821960449219,0.06941039860248566,0.0268328208476305,77.10545349121094,0.07057087123394012,0.05713656544685364,0.05613552778959274,0.057332031428813934,0.056317463517189026
462,0.02680058591067791,77.63062286376953,0.06941201537847519,0.026843290776014328,77.61650085449219,0.07082315534353256,0.05770965293049812,0.056266073137521744,0.05731585994362831,0.05635375529527664
463,0.026761727407574654,77.72681427001953,0.06945722550153732,0.026812715455889702,77.01004028320312,0.07052331417798996,0.05709092691540718,0.05608046054840088,0.057592373341321945,0.056223154067993164
464,0.026753487065434456,77.78553009033203,0.06948377192020416,0.026812026277184486,76.86566162109375,0.07045067846775055,0.0569225437939167,0.05605926364660263,0.05778088420629501,0.05612587183713913
465,0.026767995208501816,77.46914672851562,0.0693337619304657,0.026915743947029114,77.48479461669922,0.07075492292642593,0.05721909552812576,0.05658603832125664,0.057290174067020416,0.05622228980064392
466,0.026779664680361748,77.53645324707031,0.06936503201723099,0.026796188205480576,76.94403076171875,0.07048962265253067,0.05705007538199425,0.05607369542121887,0.057259056717157364,0.056337472051382065
467,0.026762837544083595,77.4186782836914,0.06930851191282272,0.026804283261299133,76.91714477539062,0.07047538459300995,0.05697162076830864,0.05612673982977867,0.05720527842640877,0.05626210570335388
468,0.026759788393974304,77.80757141113281,0.06949573010206223,0.026766473427414894,77.39729309082031,0.07071441411972046,0.05774565413594246,0.05602512136101723,0.057628083974123,0.056353628635406494
469,0.02672130987048149,77.44303131103516,0.06931932270526886,0.026788635179400444,76.75457000732422,0.07039374858140945,0.05683864280581474,0.05606161803007126,0.05743350833654404,0.05610545352101326
470,0.026707522571086884,77.42914581298828,0.06931260228157043,0.026815097779035568,76.87445831298828,0.07045247405767441,0.05686890706419945,0.05619371682405472,0.057483259588479996,0.05605877935886383
471,0.02676226943731308,77.39204406738281,0.0692950114607811,0.02681741677224636,77.10040283203125,0.07056432962417603,0.057102270424366,0.0562867745757103,0.05715220049023628,0.05633065477013588
472,0.02673942968249321,77.36180877685547,0.06928013265132904,0.026774851605296135,76.95851135253906,0.07049470394849777,0.05710102245211601,0.056124359369277954,0.057170551270246506,0.056291040033102036
473,0.026727968826889992,77.38815307617188,0.06929304450750351,0.02676878683269024,77.26647186279297,0.07064714282751083,0.05750677362084389,0.056153297424316406,0.05723462253808975,0.05628061294555664
474,0.026704080402851105,77.33195495605469,0.06926518678665161,0.026763195171952248,76.69953918457031,0.07036507874727249,0.056822896003723145,0.05607550963759422,0.05728227272629738,0.05618062615394592
475,0.02667979523539543,77.70111083984375,0.06943971663713455,0.0267490241676569,76.57814025878906,0.07030436396598816,0.05674060061573982,0.05599721893668175,0.05791143327951431,0.05604008585214615
476,0.026726312935352325,77.21278381347656,0.06920810788869858,0.02686488814651966,77.23629760742188,0.07062822580337524,0.057033710181713104,0.05658302456140518,0.05705576390028,0.05627452954649925
477,0.026695257052779198,77.1556167602539,0.06917954236268997,0.026744620874524117,76.64793395996094,0.07033863663673401,0.05681140348315239,0.05605839565396309,0.05709590017795563,0.056176070123910904
478,0.026694249361753464,77.16104125976562,0.06918179243803024,0.026739774271845818,76.55926513671875,0.0702938437461853,0.05671701580286026,0.0560462661087513,0.05712775141000748,0.056167956441640854
479,0.026732712984085083,77.5306625366211,0.06936103105545044,0.026745939627289772,78.14205932617188,0.07107596099376678,0.05865810066461563,0.05625397339463234,0.05732095614075661,0.0564507395029068
480,0.026641806587576866,77.06080627441406,0.06913299113512039,0.02671406790614128,76.46449279785156,0.07024649530649185,0.05669066309928894,0.05597498640418053,0.0571821965277195,0.05601919814944267
481,0.02665094844996929,77.21461486816406,0.06920648366212845,0.026753056794404984,76.57760620117188,0.07030116766691208,0.056670285761356354,0.056142959743738174,0.0573890283703804,0.05603238195180893
482,0.026692727580666542,77.07335662841797,0.06913898140192032,0.026771971955895424,76.87511444091797,0.07044835388660431,0.05691884830594063,0.056314997375011444,0.05698374658823013,0.05624851584434509
483,0.026678521186113358,77.05487060546875,0.06912942230701447,0.02670951746404171,76.5942611694336,0.07030992209911346,0.05682915821671486,0.056056734174489975,0.0569731742143631,0.05624774843454361
484,0.02667372114956379,77.1472396850586,0.06917474418878555,0.02670738473534584,77.4666519165039,0.07074203342199326,0.05793095752596855,0.0561576671898365,0.05707681551575661,0.05628225579857826
485,0.02663281559944153,77.0597915649414,0.06913111358880997,0.02669649012386799,76.34693145751953,0.07018550485372543,0.056575875729322433,0.055995773524045944,0.057178109884262085,0.05609242990612984
486,0.026614699512720108,77.29950714111328,0.06924529373645782,0.026710569858551025,76.37586212158203,0.07019909471273422,0.05655883625149727,0.05604984238743782,0.05761059373617172,0.05598987638950348
487,0.02667049691081047,76.9390640258789,0.06907305866479874,0.026772180572152138,76.8280029296875,0.07042238116264343,0.05682060495018959,0.05640951171517372,0.05687573179602623,0.056253582239151
488,0.02663218416273594,76.86420440673828,0.06903596222400665,0.026683462783694267,76.34080505371094,0.07018154114484787,0.05659160763025284,0.05601559206843376,0.056929562240839005,0.05612419173121452
489,0.026636971160769463,76.85661315917969,0.06903185695409775,0.026668937876820564,76.22372436523438,0.07012263685464859,0.05649975314736366,0.0559634231030941,0.05691171810030937,0.05614464357495308
490,0.026672976091504097,77.50494384765625,0.06934478133916855,0.02663891576230526,76.97504425048828,0.07049725949764252,0.05758749693632126,0.055922482162714005,0.057429809123277664,0.05646141245961189
491,0.02656877040863037,76.6004638671875,0.06890775263309479,0.026653530076146126,76.17772674560547,0.07009932398796082,0.056491751223802567,0.055936865508556366,0.0568513348698616,0.05591472238302231
492,0.02659943699836731,76.87731170654297,0.06904106587171555,0.026699675247073174,76.33264923095703,0.07017473876476288,0.05648935213685036,0.056145697832107544,0.0571066252887249,0.056033018976449966
493,0.026614775881171227,76.74874877929688,0.06897896528244019,0.026694312691688538,76.40676879882812,0.07021145522594452,0.056579165160655975,0.056177351623773575,0.05684303492307663,0.05613246560096741
494,0.026624735444784164,76.7410659790039,0.06897486746311188,0.026654928922653198,76.33675384521484,0.07017717510461807,0.056639764457941055,0.05605289340019226,0.056743182241916656,0.056226685643196106
495,0.026609400287270546,76.98094940185547,0.06909134238958359,0.02662566304206848,76.97157287597656,0.07049337029457092,0.05757981166243553,0.056004371494054794,0.05704396590590477,0.05625630542635918
496,0.02657080627977848,76.71572875976562,0.06896170973777771,0.02663366310298443,76.02119445800781,0.07001826912164688,0.056345999240875244,0.05593109503388405,0.05696994438767433,0.05601443350315094
497,0.026538178324699402,76.83927154541016,0.06902079284191132,0.026665423065423965,76.14169311523438,0.07007762044668198,0.05636705085635185,0.05607529357075691,0.05728168040513992,0.0558934323489666
498,0.026628682389855385,76.70487976074219,0.0689566358923912,0.026688897982239723,76.5285873413086,0.07026968896389008,0.056700143963098526,0.056293267756700516,0.05667578801512718,0.05629628896713257
499,0.026570074260234833,76.55492401123047,0.06888324022293091,0.026617800816893578,76.02411651611328,0.0700192078948021,0.05637861043214798,0.05595732107758522,0.05672347918152809,0.056086424738168716
500,0.026585275307297707,76.526611328125,0.06886916607618332,0.02660578303039074,75.9244613647461,0.06996877491474152,0.0562952384352684,0.05591941252350807,0.056627847254276276,0.056152112782001495
501,0.0265875905752182,77.25390625,0.06922013312578201,0.026553234085440636,76.00482940673828,0.07001128047704697,0.05662909522652626,0.05572653189301491,0.057390328496694565,0.05634234473109245
502,0.026518505066633224,76.35458374023438,0.06878525763750076,0.02659744583070278,75.87786865234375,0.06994476169347763,0.056263517588377,0.05590980499982834,0.056697309017181396,0.0559065006673336
503,0.026535024866461754,76.558837890625,0.06888383626937866,0.02663593553006649,76.0264663696289,0.07001747936010361,0.056283678859472275,0.056093182414770126,0.05690503120422363,0.05598048120737076
504,0.026549965143203735,76.45134735107422,0.0688316822052002,0.02663796953856945,76.10858154296875,0.07005800306797028,0.056357383728027344,0.05615079775452614,0.056676968932151794,0.05607153847813606
505,0.026559578254818916,76.42425537109375,0.06881799548864365,0.026591582223773003,75.93292236328125,0.06997085362672806,0.05631981045007706,0.05598018690943718,0.056563299149274826,0.05615394189953804
506,0.026564791798591614,76.84848022460938,0.06902424991130829,0.02655862085521221,77.018310546875,0.07051171362400055,0.057858191430568695,0.05595102533698082,0.056976545602083206,0.056304872035980225
507,0.026495356112718582,76.31671142578125,0.06876510381698608,0.02657341957092285,75.74958038330078,0.06987812370061874,0.056163329631090164,0.05590493232011795,0.05670693889260292,0.05591743066906929
508,0.026496348902583122,76.47435760498047,0.06884098052978516,0.026612862944602966,75.89544677734375,0.06994955241680145,0.05618007853627205,0.05608583614230156,0.05693397670984268,0.055918898433446884
509,0.026542583480477333,76.3374252319336,0.06877494603395462,0.026622531935572624,76.1351089477539,0.07006873190402985,0.056401874870061874,0.056216832250356674,0.056518856436014175,0.05614385008811951
510,0.026527099311351776,76.27980041503906,0.06874628365039825,0.026559259742498398,75.80574798583984,0.06990517675876617,0.056255411356687546,0.05594735965132713,0.05647158622741699,0.05613061040639877
511,0.026531072333455086,76.73336029052734,0.06896689534187317,0.026526525616645813,77.03868103027344,0.07051960378885269,0.05799592286348343,0.05591657757759094,0.05694374442100525,0.056264154613018036
512,0.02647046372294426,76.17984008789062,0.06869702786207199,0.026545843109488487,75.61431121826172,0.06980805844068527,0.056069184094667435,0.055886466056108475,0.05660667270421982,0.055909667164087296
513,0.026471035555005074,76.33859252929688,0.06877356022596359,0.026582995429635048,75.75659942626953,0.06987783312797546,0.05608868598937988,0.05606091767549515,0.056838177144527435,0.05590958148241043
514,0.026507243514060974,76.18767547607422,0.06870061904191971,0.02659662254154682,75.96856689453125,0.06998316943645477,0.05626542493700981,0.056196179240942,0.056455012410879135,0.056088414043188095
515,0.02649887092411518,76.13822937011719,0.06867586076259613,0.026529980823397636,75.61607360839844,0.06980783492326736,0.05610358715057373,0.05590986832976341,0.05639168992638588,0.05609862133860588
516,0.0265156552195549,76.65445709228516,0.06892696022987366,0.026513179764151573,77.33362579345703,0.07066239416599274,0.05838220193982124,0.0559997484087944,0.05687962472438812,0.056293487548828125
517,0.02643256075680256,75.98756408691406,0.068602055311203,0.026511838659644127,75.47489929199219,0.06973626464605331,0.05599713325500488,0.055845409631729126,0.05648014321923256,0.05585923045873642
518,0.026448259130120277,76.21209716796875,0.06871061772108078,0.026557618752121925,75.6331787109375,0.06981371343135834,0.05600045993924141,0.05605307221412659,0.056746307760477066,0.055907152593135834
519,0.026474695652723312,76.03987121582031,0.06862723082304001,0.026568302884697914,75.8186264038086,0.06990595906972885,0.05615856125950813,0.05617029219865799,0.0563780814409256,0.05604710429906845
520,0.02647225745022297,76.00206756591797,0.0686081200838089,0.026502473279833794,75.47730255126953,0.0697360411286354,0.05600642040371895,0.0558900348842144,0.05630502849817276,0.05607973039150238
521,0.026490261778235435,76.56352233886719,0.06888113915920258,0.026484284549951553,77.13941955566406,0.07056411355733871,0.05822691693902016,0.0559690035879612,0.05683880299329758,0.056288138031959534
522,0.02640186995267868,75.81877899169922,0.06851843744516373,0.026483040302991867,75.3437271118164,0.06966833025217056,0.055913932621479034,0.055822908878326416,0.05636478587985039,0.055827368050813675
523,0.02642223797738552,76.06995391845703,0.0686400979757309,0.026531169191002846,75.50811767578125,0.06974880397319794,0.0559152252972126,0.05603974312543869,0.056646861135959625,0.05589285492897034
524,0.02644437365233898,75.90142059326172,0.06855836510658264,0.026539230719208717,75.67085266113281,0.06982982158660889,0.056058984249830246,0.056141071021556854,0.05630340427160263,0.05601457133889198
525,0.026445407420396805,75.8657455444336,0.0685402974486351,0.02647520788013935,75.34928131103516,0.06966960430145264,0.05592029169201851,0.055873554199934006,0.05621757358312607,0.05606094002723694
526,0.026462024077773094,76.49842071533203,0.06884769350290298,0.0264444462954998,76.60047912597656,0.07029519230127335,0.057684242725372314,0.05585927516222,0.05683505907654762,0.05627904832363129
527,0.026371901854872704,75.63780975341797,0.0684288814663887,0.026455549523234367,75.21672058105469,0.06960238516330719,0.0558294951915741,0.05580588057637215,0.056233130395412445,0.05579577758908272
528,0.026396838948130608,75.92417907714844,0.06856776028871536,0.026502251625061035,75.37989044189453,0.06968237459659576,0.05583421140909195,0.05601835995912552,0.05653637647628784,0.055883679538965225
529,0.02641095593571663,75.76478576660156,0.06849028915166855,0.026508759707212448,75.5101089477539,0.06974714249372482,0.05594808980822563,0.056104131042957306,0.0562419630587101,0.05597173050045967
530,0.026416784152388573,75.73373413085938,0.06847450882196426,0.026447921991348267,75.21331787109375,0.06959910690784454,0.05582505837082863,0.0558534674346447,0.056144651025533676,0.056033629924058914
531,0.026438402011990547,76.3779296875,0.06878767907619476,0.02642272226512432,76.60037994384766,0.07029259949922562,0.05773637443780899,0.05588049814105034,0.056752242147922516,0.05627609044313431
532,0.026340242475271225,75.49288940429688,0.06835668534040451,0.026425732299685478,75.0878677368164,0.06953553110361099,0.0557543970644474,0.055778466165065765,0.0561474971473217,0.05576450750231743
533,0.02636856399476528,75.79212951660156,0.06850197911262512,0.026477348059415817,75.26331329345703,0.06962152570486069,0.05575541406869888,0.05600940063595772,0.05645783618092537,0.05586158111691475
534,0.02638295479118824,75.63375091552734,0.06842491775751114,0.026480810716748238,75.38422393798828,0.06968174874782562,0.05587098002433777,0.056082583963871,0.0561639629304409,0.05595021694898605
535,0.026388509199023247,75.60098266601562,0.06840823590755463,0.026420127600431442,75.08253479003906,0.06953107565641403,0.05574159696698189,0.055830709636211395,0.056067246943712234,0.05600970983505249
536,0.02641194686293602,76.27345275878906,0.0687352642416954,0.026396576315164566,76.50711059570312,0.07024382799863815,0.05769624561071396,0.05586863309144974,0.05670233815908432,0.056262120604515076
537,0.026310091838240623,75.34696960449219,0.06828395277261734,0.026396704837679863,74.96002960205078,0.06946900486946106,0.05567985773086548,0.05575159937143326,0.05605766549706459,0.055735815316438675
538,0.026341555640101433,75.65860748291016,0.06843550503253937,0.026450594887137413,75.14330291748047,0.06955894082784653,0.055680546909570694,0.05599270015954971,0.056372880935668945,0.05584330856800079
539,0.02635296806693077,75.50409698486328,0.06836020946502686,0.026452424004673958,75.2491683959961,0.06961169838905334,0.05578628182411194,0.05605553463101387,0.05609840154647827,0.055919285863637924
540,0.026359422132372856,75.47296142578125,0.06834431737661362,0.026392528787255287,74.94915008544922,0.06946170330047607,0.055655259639024734,0.05580630153417587,0.05600379779934883,0.05597878620028496
541,0.02638823352754116,76.07075500488281,0.06863591074943542,0.0263938307762146,77.11814880371094,0.07054354250431061,0.058426160365343094,0.05603662133216858,0.05653378739953041,0.05623948946595192
542,0.02628173865377903,75.27043151855469,0.06824495643377304,0.026365911588072777,74.83428955078125,0.06940365582704544,0.055615752935409546,0.05571943148970604,0.05604269728064537,0.05572230741381645
543,0.026308411732316017,75.54425048828125,0.06837829202413559,0.026427743956446648,75.03105926513672,0.06950021535158157,0.05560373142361641,0.05598679929971695,0.05634065717458725,0.055800631642341614
544,0.02633160911500454,75.38215637207031,0.06829936057329178,0.026428762823343277,75.17591857910156,0.06957270205020905,0.055757611989974976,0.05605936795473099,0.0560036227107048,0.05592357739806175
545,0.02633039653301239,75.33926391601562,0.06827764958143234,0.026362111791968346,74.81068420410156,0.0693899393081665,0.055576540529727936,0.05577026680111885,0.05592614412307739,0.05595415458083153
546,0.026346681639552116,75.37714385986328,0.0682971253991127,0.026405584067106247,76.4737319946289,0.07022090256214142,0.05743313953280449,0.056226667016744614,0.055875811725854874,0.0560673363506794
547,0.0262747835367918,75.7176513671875,0.06845936179161072,0.026320233941078186,74.69384765625,0.06933165341615677,0.05559822544455528,0.05562996491789818,0.056537117809057236,0.05588279664516449
548,0.02627558633685112,75.4415283203125,0.06832670420408249,0.02639203704893589,74.86518096923828,0.06941492110490799,0.055517930537462234,0.055921103805303574,0.05632483586668968,0.05575614422559738
549,0.026300158351659775,75.25122833251953,0.06823418289422989,0.026412326842546463,75.0909423828125,0.069527767598629,0.05569351837038994,0.05607573315501213,0.055948302149772644,0.05588194355368614
550,0.02629532665014267,75.22698974609375,0.06822150945663452,0.026336664333939552,74.6768569946289,0.0693204328417778,0.05548931285738945,0.05574440211057663,0.055919911712408066,0.05589025095105171
551,0.026270288974046707,75.24419403076172,0.06822942942380905,0.026277774944901466,74.47802734375,0.06922014057636261,0.05547794699668884,0.05548960715532303,0.05607643723487854,0.055780958384275436
552,0.026226215064525604,75.6679916381836,0.06843249499797821,0.02627260610461235,74.40484619140625,0.06918453425168991,0.05540899559855461,0.05548521876335144,0.05664422735571861,0.05581410601735115
553,0.02638034150004387,75.42317199707031,0.06831691414117813,0.026336772367358208,74.83820343017578,0.06940072029829025,0.055666979402303696,0.05583972483873367,0.05578328296542168,0.05628051608800888
554,0.026210814714431763,74.9363784790039,0.06807874888181686,0.02632848732173443,74.66864013671875,0.06931467354297638,0.055496666580438614,0.05578351765871048,0.05588843300938606,0.05562444031238556
555,0.026255249977111816,75.15849304199219,0.0681869387626648,0.02635769546031952,74.75432586669922,0.06935641914606094,0.05547617748379707,0.055921148508787155,0.056011926382780075,0.05579153448343277
556,0.02629883401095867,75.13890838623047,0.06817777454853058,0.02634952962398529,75.39179229736328,0.06967709213495255,0.05627810209989548,0.05604751780629158,0.05573388561606407,0.05603357404470444
557,0.02624986693263054,75.27301788330078,0.0682428628206253,0.026279013603925705,75.0579833984375,0.06951137632131577,0.05618996173143387,0.05571584776043892,0.05603628605604172,0.05594059079885483
558,0.026224423199892044,75.15190887451172,0.06818230450153351,0.02627544291317463,74.36668395996094,0.06916049867868423,0.05531299486756325,0.05559609457850456,0.05612444877624512,0.05572063848376274
559,0.026165073737502098,75.09844207763672,0.06815636157989502,0.02634294144809246,74.6122055053711,0.0692831352353096,0.0553659126162529,0.05588129907846451,0.05627080425620079,0.05554677173495293
560,0.026322204619646072,75.18966674804688,0.06820125132799149,0.02632022462785244,75.01792907714844,0.06948818266391754,0.05592069774866104,0.055943842977285385,0.05568382516503334,0.05618220940232277
561,0.026210568845272064,74.88914489746094,0.06805373728275299,0.026272591203451157,74.38236236572266,0.06916786730289459,0.055322546511888504,0.05566895753145218,0.05579005554318428,0.055747032165527344
562,0.0261584110558033,75.15970611572266,0.06818434596061707,0.026232494041323662,74.208740234375,0.06908082962036133,0.05526849254965782,0.05549728125333786,0.056377049535512924,0.055551424622535706
563,0.026347262784838676,75.44587707519531,0.06832648813724518,0.02627895213663578,75.09429168701172,0.06952618807554245,0.056182269006967545,0.055847518146038055,0.05584108456969261,0.05639122053980827
564,0.0261420588940382,74.63094329833984,0.0679268091917038,0.02625432424247265,74.39363098144531,0.06917307525873184,0.05539720505475998,0.05566423386335373,0.055721089243888855,0.05553704872727394
565,0.02617855742573738,74.92868041992188,0.06807214021682739,0.02630532905459404,74.49246215820312,0.06922080367803574,0.055316682904958725,0.05586278438568115,0.05599713325500488,0.055658888071775436
566,0.02625441737473011,74.95246887207031,0.06808449327945709,0.026312032714486122,75.3411865234375,0.06964784860610962,0.05631548538804054,0.056088268756866455,0.05563592165708542,0.05602696165442467
567,0.02619408443570137,74.9188003540039,0.06806734204292297,0.02623363398015499,74.81660461425781,0.06938622146844864,0.05601239576935768,0.055709611624479294,0.055786002427339554,0.05586950108408928
568,0.026186013594269753,74.77959442138672,0.06799858063459396,0.026222964748740196,74.20231628417969,0.06907279789447784,0.05529143288731575,0.0555315800011158,0.055717699229717255,0.05577148497104645
569,0.02612508274614811,75.30487060546875,0.06825318932533264,0.026249747723340988,74.2397689819336,0.0690927654504776,0.05521392449736595,0.0556785985827446,0.05662565678358078,0.05559685453772545
570,0.02623029425740242,74.83380126953125,0.06802541017532349,0.02628171630203724,74.59259033203125,0.06927018612623215,0.055497411638498306,0.05591057986021042,0.05558804050087929,0.05597411468625069
571,0.026145976036787033,74.67070770263672,0.06794470548629761,0.026248982176184654,74.31644439697266,0.0691308006644249,0.05528763309121132,0.05575316771864891,0.05574704334139824,0.05565130338072777
572,0.026158839464187622,74.74633026123047,0.06798139214515686,0.02625281922519207,74.3094253540039,0.06912656873464584,0.05525759980082512,0.05578228831291199,0.05580450966954231,0.0557015985250473
573,0.0262166578322649,74.83734130859375,0.06802703440189362,0.02627354860305786,75.7344741821289,0.06984246522188187,0.05693244934082031,0.0561191663146019,0.05559895560145378,0.05601564049720764
574,0.02613820694386959,74.74214172363281,0.06797873973846436,0.026188388466835022,74.29524993896484,0.06912095099687576,0.0554962232708931,0.05559859052300453,0.05576924979686737,0.0557592436671257
575,0.026108406484127045,74.9288558959961,0.06806851923465729,0.026209475472569466,74.0780258178711,0.06900905817747116,0.05513566732406616,0.055624820291996,0.056253671646118164,0.05554910749197006
576,0.026184767484664917,74.70770263671875,0.06796278804540634,0.02633647248148918,75.12397003173828,0.06953378021717072,0.05589127540588379,0.056317392736673355,0.055595096200704575,0.05589943379163742
577,0.02613075263798237,74.53174591064453,0.06787502765655518,0.026181623339653015,74.07986450195312,0.06901032477617264,0.05523207038640976,0.055589210242033005,0.05556792765855789,0.05572076886892319
578,0.026081182062625885,74.73334503173828,0.06797271966934204,0.02616984024643898,73.92279815673828,0.06893017143011093,0.055088263005018234,0.05551113560795784,0.0560959167778492,0.055497124791145325
579,0.026236634701490402,75.02465057373047,0.06811761111021042,0.026232022792100906,75.24722290039062,0.06959681957960129,0.05648893490433693,0.05598367005586624,0.05570581927895546,0.056218236684799194
580,0.02606630139052868,74.31349182128906,0.06776751577854156,0.026167694479227066,74.04790496826172,0.06899335235357285,0.05524080991744995,0.055582232773303986,0.0555531270802021,0.055510055273771286
581,0.026083076372742653,74.59841918945312,0.06790686398744583,0.026218460872769356,74.11603546142578,0.06902563571929932,0.05512809753417969,0.05576538294553757,0.055904828011989594,0.055548228323459625
582,0.0261677335947752,74.59187316894531,0.067904531955719,0.026241276413202286,74.95987701416016,0.06945110112428665,0.05605918541550636,0.056051142513751984,0.055479153990745544,0.0559370182454586
583,0.026111382991075516,74.49042510986328,0.06785407662391663,0.026154611259698868,74.47268676757812,0.06920778751373291,0.05583099275827408,0.05565490946173668,0.0555289052426815,0.05578881502151489
584,0.02610541693866253,74.63180541992188,0.0679246261715889,0.026128264144062996,75.69831848144531,0.06982409209012985,0.057561926543712616,0.05563998222351074,0.05572003871202469,0.05580967292189598
585,0.026081817224621773,74.49555969238281,0.06785571575164795,0.026152433827519417,73.81370544433594,0.06887157261371613,0.0549914576113224,0.05554211512207985,0.055722132325172424,0.05564052239060402
586,0.026047760620713234,74.71473693847656,0.0679626613855362,0.026181986555457115,73.96229553222656,0.06894674152135849,0.05506252124905586,0.055689580738544464,0.05615830421447754,0.055520933121442795
587,0.02611890621483326,74.41822052001953,0.06781818717718124,0.02620146982371807,74.26687622070312,0.0691005289554596,0.055346228182315826,0.05586111173033714,0.055463243275880814,0.05580229312181473
588,0.026061754673719406,74.33942413330078,0.06777859479188919,0.026152780279517174,73.90044403076172,0.06891544908285141,0.05508370324969292,0.05563126131892204,0.05560912936925888,0.05558847635984421
589,0.026064258068799973,74.35798645019531,0.06778749078512192,0.026163358241319656,73.92957305908203,0.06892947107553482,0.05507549270987511,0.05568808317184448,0.05563770607113838,0.05559627339243889
590,0.02614671178162098,74.77378845214844,0.06799295544624329,0.02615274116396904,75.70797729492188,0.0698249563574791,0.057382795959711075,0.05589554086327553,0.05569406971335411,0.05606864020228386
591,0.02601768635213375,74.14835357666016,0.0676841214299202,0.0261077880859375,73.77796936035156,0.06885355710983276,0.05509750172495842,0.05551058053970337,0.055495571345090866,0.05549836903810501
592,0.026022454723715782,74.43976593017578,0.0678270161151886,0.026177702471613884,73.93546295166016,0.06893080472946167,0.05502700433135033,0.05576857551932335,0.05590786039829254,0.05549245327711105
593,0.026095330715179443,74.30790710449219,0.0677628293633461,0.026184609159827232,74.38703918457031,0.06915929168462753,0.055538833141326904,0.055929671972990036,0.055390615016222,0.05580969154834747
594,0.02604868821799755,74.16511535644531,0.06769163906574249,0.026093238964676857,73.66206359863281,0.06879353523254395,0.054995886981487274,0.05548850819468498,0.055386170744895935,0.05565369501709938
595,0.025968370959162712,74.49809265136719,0.06785324215888977,0.026067914441227913,73.51032257080078,0.0687166079878807,0.05491577461361885,0.05536165088415146,0.05617617443203926,0.0553545244038105
596,0.02616419456899166,74.60011291503906,0.06790616363286972,0.0261104516685009,74.25951385498047,0.06909562647342682,0.0556831955909729,0.0556795597076416,0.0554095096886158,0.05617738515138626
597,0.025971297174692154,73.91905212402344,0.06757020205259323,0.02609408274292946,73.72695922851562,0.06882554292678833,0.055077724158763885,0.05554177239537239,0.055396731942892075,0.055387213826179504
598,0.026008374989032745,74.19949340820312,0.06770787388086319,0.02613532915711403,73.7904281616211,0.06885596364736557,0.05499318242073059,0.055698927491903305,0.05564334616065025,0.05551237612962723
599,0.02607652358710766,74.20965576171875,0.06771355122327805,0.02614660933613777,74.72217559814453,0.0693269595503807,0.056093309074640274,0.055944252759218216,0.05530531331896782,0.05584404245018959
600,0.026022370904684067,74.24329376220703,0.06772967427968979,0.02605593390762806,74.379150390625,0.06915643066167831,0.056084297597408295,0.05553135275840759,0.05550418049097061,0.05572697892785072
601,0.02599966526031494,74.10366821289062,0.06766002625226974,0.026047421619296074,73.42472076416016,0.06866958737373352,0.05487809702754021,0.05534525588154793,0.05552441254258156,0.05554064363241196
602,0.025942787528038025,74.37934112548828,0.0677943080663681,0.026109427213668823,73.62560272216797,0.06877133995294571,0.054895829409360886,0.05561339855194092,0.056083474308252335,0.05539059638977051
603,0.0260740015655756,74.17157745361328,0.06769391149282455,0.026105329394340515,73.9647445678711,0.06894377619028091,0.05531323328614235,0.055720407515764236,0.055270664393901825,0.05587100237607956
604,0.025969194248318672,73.94879913330078,0.06758344173431396,0.026078563183546066,73.59483337402344,0.06875590234994888,0.05495472997426987,0.05556553229689598,0.05544168874621391,0.05546511709690094
605,0.025981249287724495,74.03211975097656,0.06762415915727615,0.026090996339917183,73.62139129638672,0.06876862049102783,0.05493730679154396,0.05562508851289749,0.055516887456178665,0.055506788194179535
606,0.026059847325086594,74.26071166992188,0.0677381381392479,0.02610713616013527,75.49454498291016,0.06971295177936554,0.057236600667238235,0.05596991255879402,0.05538374185562134,0.05592288821935654
607,0.025953080505132675,73.89772033691406,0.0675574392080307,0.026024604216217995,73.47518157958984,0.06869570910930634,0.05501062050461769,0.05541452392935753,0.05537565425038338,0.05549914762377739
608,0.025929057970643044,74.1980972290039,0.06770464777946472,0.026083707809448242,73.52042388916016,0.06871611624956131,0.05484464392066002,0.05560225248336792,0.055940330028533936,0.05536537617444992
609,0.02603306993842125,74.0300064086914,0.06762342900037766,0.026113362982869148,74.17280578613281,0.06904666870832443,0.055523164570331573,0.05587482824921608,0.0552392452955246,0.05580409616231918
610,0.025948476046323776,73.8032455444336,0.06751053035259247,0.026028156280517578,73.3938217163086,0.06865272670984268,0.05488548055291176,0.05544954538345337,0.05530897527933121,0.055478986352682114
611,0.02591770328581333,73.9845962524414,0.06759917736053467,0.026030629873275757,73.32321166992188,0.06861606985330582,0.0547962486743927,0.05543733760714531,0.055710360407829285,0.055347003042697906
612,0.026067432016134262,74.31571197509766,0.06776398420333862,0.02605961076915264,74.68363189697266,0.0693046897649765,0.056403063237667084,0.055774398148059845,0.055395256727933884,0.05604478344321251
613,0.025903191417455673,73.62490844726562,0.06742215156555176,0.02600824646651745,73.3912353515625,0.06865108013153076,0.05495943874120712,0.05542600899934769,0.055246662348508835,0.05535680428147316
614,0.02591446228325367,73.92499542236328,0.06756971776485443,0.026064058765769005,73.4592056274414,0.06868334859609604,0.05482989549636841,0.05561963841319084,0.05564102530479431,0.055375177413225174
615,0.025999044999480247,73.88748168945312,0.06755208224058151,0.026087578386068344,74.25790405273438,0.06908811628818512,0.055716365575790405,0.055889714509248734,0.05518461391329765,0.05575183406472206
616,0.025947730988264084,73.73809814453125,0.06747763603925705,0.025995945557951927,73.7203369140625,0.06881799548864365,0.05542739853262901,0.05548287183046341,0.055159781128168106,0.05560969561338425
617,0.025939494371414185,74.31230163574219,0.06776130199432373,0.025925347581505775,74.07259368896484,0.06899923086166382,0.0562552735209465,0.05519385263323784,0.055867999792099,0.05568243935704231
618,0.025916000828146935,73.6352767944336,0.06742629408836365,0.02598213218152523,73.15231323242188,0.06852767616510391,0.05473829433321953,0.055362459272146225,0.0552145354449749,0.05545109137892723
619,0.025902200490236282,73.8121109008789,0.06751354038715363,0.026015309616923332,73.30059051513672,0.06860208511352539,0.05480258911848068,0.05550754442811012,0.05551869049668312,0.05540289729833603
620,0.025924045592546463,73.70807647705078,0.06746236234903336,0.02605002000927925,73.53191375732422,0.06871877610683441,0.05495468154549599,0.055689651519060135,0.05528531223535538,0.0555005706846714
621,0.025911396369338036,73.67527770996094,0.06744552403688431,0.02600323222577572,73.28594970703125,0.06859425455331802,0.05482717230916023,0.05549844354391098,0.05529245734214783,0.055464718490839005
622,0.025911062955856323,73.64347839355469,0.06742946803569794,0.025982609018683434,73.16091918945312,0.06853056699037552,0.05474739894270897,0.055419664829969406,0.0552588552236557,0.05546531081199646
623,0.02599428966641426,74.47823333740234,0.06784012168645859,0.025934409350156784,73.87460327148438,0.06889496743679047,0.05589801073074341,0.05533254146575928,0.05581439658999443,0.05598486587405205
624,0.02583642117679119,73.25952911376953,0.0672396793961525,0.02594097889959812,73.07881927490234,0.06848949939012527,0.05480712652206421,0.05529480800032616,0.05502600967884064,0.05523662269115448
625,0.025887975469231606,73.65606689453125,0.06743579357862473,0.02602202631533146,73.3372802734375,0.06861843913793564,0.054813385009765625,0.05562162399291992,0.05536722391843796,0.055421508848667145
626,0.025890260934829712,73.57308197021484,0.06739450991153717,0.026005970314145088,73.33722686767578,0.06861858814954758,0.05487344413995743,0.055587854236364365,0.055238183587789536,0.055447861552238464
627,0.025890441611409187,73.54664611816406,0.06738091260194778,0.02596496231853962,73.11673736572266,0.06850676983594894,0.05475153401494026,0.05542447790503502,0.05519954115152359,0.05545957013964653
628,0.025913961231708527,73.49557495117188,0.06735576689243317,0.025969186797738075,73.37344360351562,0.06863746792078018,0.05504923313856125,0.05551999434828758,0.05501463636755943,0.05557595565915108
629,0.025901488959789276,74.07394409179688,0.06764078885316849,0.025881333276629448,73.13426208496094,0.06851848214864731,0.05512965843081474,0.055156636983156204,0.055671852082014084,0.055698517709970474
630,0.025833124294877052,73.45624542236328,0.06733595579862595,0.025954382494091988,73.03787231445312,0.0684657171368599,0.05469189211726189,0.05540728196501732,0.05532129853963852,0.05527742579579353
631,0.025858672335743904,73.51937866210938,0.06736729294061661,0.026009967550635338,73.30889129638672,0.06860227882862091,0.054815810173749924,0.0556577630341053,0.055298008024692535,0.055385977029800415
632,0.02587626315653324,73.45634460449219,0.06733567267656326,0.025963526219129562,73.19862365722656,0.0685470700263977,0.0548531636595726,0.05550585314631462,0.055124200880527496,0.05547461658716202
633,0.02587278187274933,73.39108276367188,0.06730290502309799,0.025908460840582848,72.8445816040039,0.06836705654859543,0.05461429804563522,0.055269766598939896,0.05504506453871727,0.05547546595335007
634,0.02577572874724865,73.74454498291016,0.06747507303953171,0.025837941095232964,72.58007049560547,0.0682346299290657,0.05454367399215698,0.05499360337853432,0.05589106306433678,0.05515192821621895
635,0.026036743074655533,74.09798431396484,0.06765029579401016,0.025865649804472923,72.98526763916016,0.06844013184309006,0.05495940521359444,0.055181942880153656,0.05517036095261574,0.056221988052129745
636,0.025751110166311264,72.96461486816406,0.06709138303995132,0.025876866653561592,72.88213348388672,0.06838671118021011,0.05479276552796364,0.055210310965776443,0.0549762062728405,0.05505965277552605
637,0.02580658346414566,73.35304260253906,0.0672839879989624,0.025997823104262352,73.2032470703125,0.06854665279388428,0.05472863093018532,0.05566861107945442,0.0552922785282135,0.05526087060570717
638,0.025869494304060936,73.35620880126953,0.06728515774011612,0.025936830788850784,73.21147918701172,0.06855244189500809,0.054968081414699554,0.05550014227628708,0.055000048130750656,0.05553017556667328
639,0.025877851992845535,73.55217742919922,0.06738352030515671,0.025915298610925674,75.18377685546875,0.06955008208751678,0.05762263387441635,0.05561971291899681,0.05514800176024437,0.05565847083926201
640,0.025801144540309906,73.28453826904297,0.0672488659620285,0.02587147057056427,72.78571319580078,0.06833596527576447,0.054679419845342636,0.05523024871945381,0.05514968931674957,0.055336300283670425
641,0.025783400982618332,73.60508728027344,0.0674067810177803,0.025935277342796326,72.89275360107422,0.06838805973529816,0.05457594618201256,0.055445749312639236,0.055694613605737686,0.05524152144789696
642,0.02586335502564907,73.31771087646484,0.06726611405611038,0.02594612166285515,73.30593872070312,0.06859903037548065,0.05504271388053894,0.055597323924303055,0.054963961243629456,0.05556211620569229
643,0.025795649737119675,73.19233703613281,0.06720311939716339,0.02589470148086548,72.82972717285156,0.06835665553808212,0.05464314669370651,0.05534680560231209,0.05509687587618828,0.055303096771240234
644,0.025789497420191765,73.27014923095703,0.067241370677948,0.025915374979376793,72.86144256591797,0.06837186217308044,0.05460583046078682,0.05542600527405739,0.0552460178732872,0.05527230724692345
645,0.02588810957968235,73.51697540283203,0.06736499816179276,0.025935998186469078,74.72087860107422,0.06931476294994354,0.05689026042819023,0.05577323958277702,0.05506221577525139,0.05575070530176163
646,0.02577359788119793,73.09571075439453,0.06715457141399384,0.025847177952528,72.78270721435547,0.06833332777023315,0.054768156260252,0.055224303156137466,0.05500608682632446,0.05530219525098801
647,0.025749322026968002,73.4002456665039,0.06730468571186066,0.025901809334754944,72.75606536865234,0.06831710785627365,0.054526615887880325,0.05538790673017502,0.055576175451278687,0.055167462676763535
648,0.02585807628929615,73.29534149169922,0.06725441664457321,0.025942256674170494,73.60424041748047,0.06874900311231613,0.055420197546482086,0.055713292211294174,0.05493370443582535,0.05562721565365791
649,0.02576945163309574,73.01956176757812,0.06711649149656296,0.02584793046116829,72.67121887207031,0.06827496737241745,0.054615702480077744,0.05524479225277901,0.05494958534836769,0.05529118329286575
650,0.02573215775191784,73.26002502441406,0.0672348216176033,0.025861138477921486,72.59959411621094,0.06823714077472687,0.054483745247125626,0.055264201015233994,0.055459801107645035,0.05513385683298111
651,0.025888733565807343,73.5032958984375,0.06735718995332718,0.025892067700624466,73.89484405517578,0.06889665871858597,0.05600409954786301,0.05559610575437546,0.055027518421411514,0.055824924260377884
652,0.025730712339282036,72.87471771240234,0.06704436242580414,0.0258350670337677,72.69978332519531,0.0682891234755516,0.054701536893844604,0.05524401739239693,0.05491027235984802,0.05518532544374466
653,0.025737183168530464,73.16722106933594,0.06718896329402924,0.02588130161166191,72.69474029541016,0.06828442960977554,0.054516639560461044,0.05539363622665405,0.05531562492251396,0.05518424138426781
654,0.025825075805187225,73.15678405761719,0.06718487292528152,0.025923071429133415,73.72090911865234,0.06880678236484528,0.05562835931777954,0.05574749782681465,0.05488311126828194,0.055568940937519073
655,0.025769414380192757,72.98802185058594,0.06710030138492584,0.025816824287176132,73.05937957763672,0.06847286224365234,0.055241893976926804,0.05527087301015854,0.05484893545508385,0.05541069433093071
656,0.025771401822566986,73.53398132324219,0.067371666431427,0.025753391906619072,73.98505401611328,0.0689454898238182,0.056799519807100296,0.05504532903432846,0.05549832433462143,0.055503349751234055
657,0.025733549147844315,72.8619613647461,0.06703723222017288,0.0258010346442461,72.4051513671875,0.06813696771860123,0.054439689964056015,0.05514395609498024,0.054884567856788635,0.05524031072854996
658,0.025728683918714523,73.10383605957031,0.06715722382068634,0.025837400928139687,72.56127166748047,0.06821570545434952,0.05449879541993141,0.05529957264661789,0.05524230748414993,0.055223144590854645
659,0.025751089677214622,72.96292114257812,0.06708759814500809,0.025869864970445633,72.81610107421875,0.06834526360034943,0.05468902736902237,0.05547478422522545,0.05495476722717285,0.05532323196530342
660,0.02573288045823574,72.93518829345703,0.06707322597503662,0.025835378095507622,72.60037994384766,0.06823531538248062,0.0545540377497673,0.0553298220038414,0.054995834827423096,0.05526260286569595
661,0.025733215734362602,72.91480255126953,0.0670628547668457,0.025830481201410294,72.55899047851562,0.06821388751268387,0.05451904609799385,0.05531907454133034,0.05497471243143082,0.05526488646864891
662,0.025811299681663513,73.39125061035156,0.06730049848556519,0.025833336636424065,74.83735656738281,0.06937015801668167,0.0574539490044117,0.05558968335390091,0.05515723675489426,0.055694129317998886
663,0.025683177635073662,72.71279907226562,0.06696217507123947,0.02577020786702633,72.44052124023438,0.06815456598997116,0.05460803955793381,0.05512220785021782,0.05485742911696434,0.055149730294942856
664,0.02569473907351494,73.00717163085938,0.0671084076166153,0.02584961988031864,72.57295227050781,0.0682193860411644,0.054461769759655,0.05541086941957474,0.05525499954819679,0.05516080558300018
665,0.02574770711362362,72.87222290039062,0.06704192608594894,0.025857457891106606,72.9615249633789,0.06841818988323212,0.05490896850824356,0.05553973838686943,0.0548296682536602,0.05538716912269592
666,0.02571445144712925,72.76656341552734,0.06698844581842422,0.025767916813492775,72.2867431640625,0.06807436048984528,0.05441001057624817,0.055125992745161057,0.05482245609164238,0.0552738793194294
667,0.025638097897171974,72.98234558105469,0.06709441542625427,0.02574940212070942,72.1495132446289,0.06800390034914017,0.054320741444826126,0.055028825998306274,0.05543939024209976,0.05499395728111267
668,0.025850148871541023,73.33988952636719,0.06727401912212372,0.02575894258916378,72.979248046875,0.06842907518148422,0.055339161306619644,0.05521799996495247,0.054916322231292725,0.0558951236307621
669,0.025638427585363388,72.48098754882812,0.06684648990631104,0.025763511657714844,72.41101837158203,0.06813771277666092,0.054587773978710175,0.05516766384243965,0.05475465580821037,0.055024854838848114
670,0.02567901462316513,72.8185806274414,0.0670141950249672,0.025827880948781967,72.51725769042969,0.06818977743387222,0.05446615442633629,0.055406928062438965,0.05506652221083641,0.05516275763511658
671,0.02572118490934372,72.7419662475586,0.06697621196508408,0.025815026834607124,72.78840637207031,0.06832908093929291,0.05484751984477043,0.055442456156015396,0.05475960671901703,0.05535123869776726
672,0.02573808655142784,73.11393737792969,0.06716203689575195,0.025736991316080093,74.27259063720703,0.06908534467220306,0.05714798346161842,0.055262986570596695,0.055070534348487854,0.055541932582855225
673,0.025651250034570694,72.57227325439453,0.06689116358757019,0.025734150782227516,72.19988250732422,0.06802872568368912,0.05442005768418312,0.05508645623922348,0.05480648949742317,0.05512644723057747
674,0.02565024420619011,72.88529205322266,0.067046619951725,0.02580256201326847,72.37139129638672,0.0681142583489418,0.05437484011054039,0.05533936619758606,0.055256251245737076,0.05511296167969704
675,0.025711067020893097,72.7063980102539,0.06695841252803802,0.0258061271160841,72.74961853027344,0.0683082714676857,0.05482514575123787,0.055451907217502594,0.05474499613046646,0.055363673716783524
676,0.025660479441285133,72.60169219970703,0.06690540164709091,0.025741657242178917,72.1943359375,0.06802462041378021,0.05437813326716423,0.0551457405090332,0.05482571944594383,0.05517426133155823
677,0.025632131844758987,72.6831283569336,0.06694552302360535,0.025754977017641068,72.17555236816406,0.06801412999629974,0.05430971458554268,0.05518372729420662,0.05507458373904228,0.05505846068263054
678,0.025777433067560196,73.19947052001953,0.06720337271690369,0.02573980949819088,73.53815460205078,0.06871107965707779,0.05612660571932793,0.05532275512814522,0.05500815436244011,0.05575035884976387
679,0.02560669742524624,72.33805084228516,0.06677406281232834,0.025710437446832657,72.21636962890625,0.06803631037473679,0.05452922731637955,0.05508153885602951,0.05466959998011589,0.05502691864967346
680,0.02563384734094143,72.6694107055664,0.06693892925977707,0.025783151388168335,72.3291244506836,0.06809145957231522,0.05438127741217613,0.0553496852517128,0.055038753896951675,0.055107876658439636
681,0.02567330189049244,72.57393646240234,0.06689164787530899,0.025783075019717216,72.62351989746094,0.06824256479740143,0.054740436375141144,0.05543159320950508,0.054724205285310745,0.05528118088841438
682,0.02566627785563469,72.47669219970703,0.06684253364801407,0.02570362389087677,72.17036437988281,0.06801195442676544,0.05448158457875252,0.05509965494275093,0.054595716297626495,0.0552857369184494
683,0.02569369599223137,73.47306060791016,0.06733430176973343,0.02564491331577301,72.80818176269531,0.06834064424037933,0.055606622248888016,0.05491556599736214,0.05564930662512779,0.05554567649960518
684,0.025580530986189842,72.1334228515625,0.06667135655879974,0.025666387751698494,71.88927459716797,0.06786750257015228,0.05426483973860741,0.05494249612092972,0.05449694022536278,0.054975491017103195
685,0.025642601773142815,72.53277587890625,0.06687067449092865,0.025715423747897148,72.12628173828125,0.0679878294467926,0.05436544865369797,0.05516596883535385,0.05479922145605087,0.05520408973097801
686,0.025615328922867775,72.48296356201172,0.06684564054012299,0.02573276497423649,72.19418334960938,0.06802193075418472,0.054384101182222366,0.05524531379342079,0.05484422296285629,0.05511502921581268
687,0.025625934824347496,72.48035430908203,0.06684425473213196,0.02574598602950573,72.29869842529297,0.06807505339384079,0.05445796251296997,0.055325813591480255,0.054794345051050186,0.055165231227874756
688,0.025626612827181816,72.42188262939453,0.0668146163225174,0.02570497617125511,72.11102294921875,0.06797944009304047,0.054379191249608994,0.05517026409506798,0.05470462143421173,0.055181290954351425
689,0.025642316788434982,72.36345672607422,0.06678542494773865,0.025679340586066246,72.05076599121094,0.06794898211956024,0.05439555272459984,0.05509655922651291,0.05454488843679428,0.05526017025113106
690,0.025654451921582222,73.14897918701172,0.06717568635940552,0.025590626522898674,71.7755126953125,0.06781055778265,0.054413340985774994,0.05474638566374779,0.05534954369068146,0.0554991215467453
691,0.02556508220732212,72.18585205078125,0.06669687479734421,0.025650905445218086,71.83838653564453,0.06783962994813919,0.054237186908721924,0.05497734993696213,0.05463969334959984,0.054984260350465775
692,0.025593305006623268,72.47142028808594,0.0668393075466156,0.025702154263854027,72.04581451416016,0.06794460117816925,0.05429470166563988,0.05519520863890648,0.05491026118397713,0.055099211633205414
693,0.02560248225927353,72.36334228515625,0.06678549945354462,0.025716444477438927,72.21540832519531,0.06803132593631744,0.05444715544581413,0.055292584002017975,0.054718319326639175,0.0551503524184227
694,0.025591401383280754,72.33903503417969,0.06677285581827164,0.025689831003546715,72.04754638671875,0.06794535368680954,0.054339755326509476,0.05518460273742676,0.0547320730984211,0.05511622875928879
695,0.025591639801859856,72.30693817138672,0.06675656139850616,0.025671493262052536,71.93511962890625,0.06788762658834457,0.05426675081253052,0.05511658266186714,0.054691385477781296,0.055120158940553665
696,0.02567051351070404,72.95503997802734,0.06707993149757385,0.025662358850240707,74.0156021118164,0.06894967705011368,0.057015564292669296,0.05530379340052605,0.055080704391002655,0.05556835979223251
697,0.025529904291033745,72.03728485107422,0.06662184745073318,0.025615910068154335,71.82861328125,0.06783412396907806,0.05435413122177124,0.05493301898241043,0.05453838035464287,0.05495186895132065
698,0.025564195588231087,72.3648452758789,0.0667855441570282,0.02569529041647911,72.01673126220703,0.06792796403169632,0.05426624417304993,0.055245328694581985,0.05488183721899986,0.055054567754268646
699,0.025582749396562576,72.25895690917969,0.06673278659582138,0.0256941020488739,72.18348693847656,0.0680137574672699,0.05447310954332352,0.05529310554265976,0.054647624492645264,0.055143967270851135
700,0.02557043731212616,72.21441650390625,0.06670988351106644,0.025641903281211853,71.8355712890625,0.06783569604158401,0.05424220487475395,0.05506467819213867,0.0546378567814827,0.05510469898581505
701,0.025549517944455147,72.21516418457031,0.06670978665351868,0.025600502267479897,71.54631042480469,0.06768698990345001,0.05404387786984444,0.054870668798685074,0.05474424362182617,0.05501570552587509
702,0.025601977482438087,72.28240203857422,0.0667448341846466,0.025821594521403313,73.46367645263672,0.06866425275802612,0.055498864501714706,0.056054290384054184,0.05461585894227028,0.05522676929831505
703,0.025598866865038872,72.61058807373047,0.06690454483032227,0.025561783462762833,72.0169677734375,0.06793156266212463,0.05482461303472519,0.05482669547200203,0.0548534020781517,0.05542144179344177
704,0.02549934573471546,72.11085510253906,0.06665785610675812,0.0256358589977026,71.74578094482422,0.06778816133737564,0.05414682999253273,0.05506761744618416,0.05481040105223656,0.05486899986863136
705,0.025553854182362556,72.19812774658203,0.06670189648866653,0.025709491223096848,72.21829986572266,0.06802947074174881,0.05443692207336426,0.0554276742041111,0.0546933114528656,0.055086515843868256
706,0.02558158151805401,72.12506866455078,0.06666495651006699,0.025619404390454292,72.1674575805664,0.06800585985183716,0.05473603680729866,0.05512190982699394,0.05442594736814499,0.05524153262376785
707,0.025573713704943657,72.7879638671875,0.0669960081577301,0.025523468852043152,72.1313247680664,0.0679907575249672,0.05515690892934799,0.05471330136060715,0.05520399287343025,0.055360376834869385
708,0.025506669655442238,71.86375427246094,0.066534124314785,0.025573354214429855,71.5395736694336,0.06768247485160828,0.054114799946546555,0.05488007515668869,0.05441208928823471,0.05495661497116089
709,0.0255269818007946,72.2020263671875,0.06670313328504562,0.02560877799987793,71.68494415283203,0.06775606423616409,0.05415335297584534,0.0550367496907711,0.05479937046766281,0.0550304614007473
710,0.02553047612309456,72.08081817626953,0.06664274632930756,0.025637533515691757,71.89910888671875,0.06786555796861649,0.054304979741573334,0.05518897995352745,0.05461490526795387,0.05506161227822304
711,0.02552245743572712,72.06694793701172,0.06663539260625839,0.025624990463256836,71.82317352294922,0.06782641261816025,0.05425757169723511,0.05514514073729515,0.05462796613574028,0.05504005029797554
712,0.025521716102957726,72.03995513916016,0.0666215792298317,0.025617923587560654,71.78489685058594,0.06780654937028885,0.05423322319984436,0.055129047483205795,0.05459630861878395,0.055042557418346405
713,0.025554735213518143,72.00399017333984,0.06660378724336624,0.0256029199808836,72.1727523803711,0.06800670176744461,0.05477343127131462,0.055166345089673996,0.05437444522976875,0.055204637348651886
714,0.025535840541124344,72.55763244628906,0.0668807402253151,0.02549743466079235,71.8353500366211,0.06783688068389893,0.05483820661902428,0.05469386652112007,0.05504487827420235,0.0552932508289814
715,0.025485171005129814,71.89568328857422,0.06654917448759079,0.02555735595524311,71.47039794921875,0.06764481216669083,0.05406457930803299,0.05490374565124512,0.05454982444643974,0.054938219487667084
716,0.02548842877149582,72.06114196777344,0.0666319876909256,0.025607381016016006,71.69146728515625,0.067757248878479,0.054145365953445435,0.055120799690485,0.054757677018642426,0.054963961243629456
717,0.02551436610519886,71.97978210449219,0.06659143418073654,0.0256132073700428,71.8806381225586,0.0678546279668808,0.054350487887859344,0.055196408182382584,0.05452943965792656,0.05507820472121239
718,0.02549249306321144,71.93215942382812,0.06656696647405624,0.025579383596777916,71.62306213378906,0.06772226840257645,0.05416233465075493,0.05504453554749489,0.05455798655748367,0.055001214146614075
719,0.025487665086984634,71.92045593261719,0.06656079739332199,0.0255707036703825,71.53282928466797,0.06767554581165314,0.05408099666237831,0.05500943586230278,0.054571595042943954,0.0549807995557785
720,0.02558186464011669,72.6072998046875,0.06690418720245361,0.025549769401550293,73.29046630859375,0.06857728213071823,0.05646515265107155,0.05512067675590515,0.05493788421154022,0.05549485608935356
721,0.02543041855096817,71.60990142822266,0.06640532612800598,0.02551281452178955,71.44010162353516,0.06762915104627609,0.054197460412979126,0.05481716990470886,0.054341234266757965,0.054830048233270645
722,0.025472044944763184,71.95736694335938,0.06657949835062027,0.025587638840079308,71.63270568847656,0.06772567331790924,0.05412377044558525,0.05512518063187599,0.05467939376831055,0.054963305592536926
723,0.025481563061475754,71.86785125732422,0.06653465330600739,0.02558676339685917,71.7613754272461,0.06779204308986664,0.05428237095475197,0.055163584649562836,0.05450611561536789,0.055017437785863876
724,0.025473838672041893,71.83499908447266,0.06651762127876282,0.025553110986948013,71.53995513916016,0.06767831742763519,0.05413805693387985,0.05501966550946236,0.05449233949184418,0.05499491095542908
725,0.025468925014138222,71.80018615722656,0.06649978458881378,0.02552030421793461,71.29747772216797,0.06755340099334717,0.053963370621204376,0.05487148091197014,0.05447174236178398,0.05497588962316513
726,0.025525003671646118,71.9601821899414,0.06658166646957397,0.025636177510023117,74.07100677490234,0.06896936893463135,0.056967612355947495,0.05573301762342453,0.054405681788921356,0.05524501949548721
727,0.025450950488448143,72.08362579345703,0.06663911789655685,0.025461191311478615,71.47473907470703,0.06764740496873856,0.05445004627108574,0.05470295622944832,0.0547611378133297,0.05508333817124367
728,0.025423016399145126,71.86740112304688,0.06653333455324173,0.025545815005898476,71.41555786132812,0.06761272996664047,0.05399678274989128,0.05501464754343033,0.05475687235593796,0.054837144911289215
729,0.025466952472925186,71.79410552978516,0.06649728864431381,0.025584017857909203,71.83840942382812,0.06783018261194229,0.05436055734753609,0.05524967238306999,0.05445660278201103,0.055026158690452576
730,0.025451645255088806,71.71690368652344,0.06645777821540833,0.025516200810670853,71.42475891113281,0.067618228495121,0.05411779135465622,0.054950155317783356,0.054405611008405685,0.054981742054224014
731,0.02542184665799141,71.75492095947266,0.06647621095180511,0.02549232915043831,71.1590805053711,0.06748072057962418,0.05388346314430237,0.054819654673337936,0.054605502635240555,0.05485478788614273
732,0.025534575805068016,72.15690612792969,0.06667942553758621,0.025627825409173965,74.06777954101562,0.06896624714136124,0.05699286237359047,0.05575640872120857,0.054586686193943024,0.05537549778819084
733,0.02540358155965805,71.5988998413086,0.06639780104160309,0.02545817382633686,71.4391860961914,0.06762710958719254,0.054378967732191086,0.05477457866072655,0.05437450855970383,0.054893627762794495
734,0.025400586426258087,71.76446533203125,0.0664810836315155,0.02553032711148262,71.36766815185547,0.06758672744035721,0.05397209897637367,0.05503386631608009,0.05470087751746178,0.05481386184692383
735,0.02545381337404251,71.7075424194336,0.0664532408118248,0.025567123666405678,71.93375396728516,0.06787814944982529,0.054515331983566284,0.05529538542032242,0.05437544733285904,0.055044349282979965
736,0.02544654905796051,71.59762573242188,0.06639739125967026,0.025473805144429207,71.54340362548828,0.06767947226762772,0.05441807955503464,0.05490099638700485,0.054214052855968475,0.055059779435396194
737,0.025447169318795204,72.42459106445312,0.06681053340435028,0.02538846619427204,71.25907135009766,0.06753591448068619,0.05445871502161026,0.05451308563351631,0.05517096072435379,0.05521302670240402
738,0.025386853143572807,71.34487915039062,0.06627034395933151,0.025435056537389755,70.9955062866211,0.06739573925733566,0.05386834219098091,0.05469685420393944,0.05414772033691406,0.05482669174671173
739,0.025414377450942993,71.69863891601562,0.06644783169031143,0.025456810370087624,71.12760925292969,0.06746336072683334,0.05393829941749573,0.05481068417429924,0.054528236389160156,0.05492657423019409
740,0.025402739644050598,71.60908508300781,0.06640302389860153,0.025489583611488342,71.31751251220703,0.06756053119897842,0.05403974652290344,0.054972078651189804,0.054451748728752136,0.05489995703101158
741,0.02540385164320469,71.60833740234375,0.06640247255563736,0.025499017909169197,71.38827514648438,0.06759661436080933,0.054084982722997665,0.05503261089324951,0.054443810135126114,0.05491431802511215
742,0.025401059538125992,71.57762908935547,0.06638681888580322,0.025497643277049065,71.40050506591797,0.06760273873806,0.054100401699543,0.055045388638973236,0.05441094562411308,0.05491332709789276
743,0.025402458384633064,71.53069305419922,0.0663628801703453,0.025469819083809853,71.25971984863281,0.06753043085336685,0.05403235927224159,0.054937541484832764,0.05433613061904907,0.054928019642829895
744,0.025434793904423714,71.53079223632812,0.06636358797550201,0.025473186746239662,72.16266632080078,0.06799618899822235,0.05516089126467705,0.0551045760512352,0.054160453379154205,0.055095020681619644
745,0.02539021335542202,71.95064544677734,0.06657330691814423,0.02537468448281288,71.39419555664062,0.06760358810424805,0.054648809134960175,0.05459310859441757,0.054793648421764374,0.05505666136741638
746,0.025366999208927155,71.53816986083984,0.06636631488800049,0.025431500747799873,71.00731658935547,0.06739957630634308,0.053855422884225845,0.05479433387517929,0.054501261562108994,0.054818570613861084
747,0.025365516543388367,71.52642059326172,0.06636083126068115,0.025487905368208885,71.32183837890625,0.0675608366727829,0.054018426686525345,0.05506032705307007,0.054480843245983124,0.05483425781130791
748,0.025389717891812325,71.49298858642578,0.06634390354156494,0.02546958066523075,71.37991333007812,0.06759137660264969,0.054158929735422134,0.055024825036525726,0.054322823882102966,0.05494042485952377
749,0.02536744438111782,71.44622039794922,0.06631984561681747,0.025443660095334053,71.13432312011719,0.06746453046798706,0.053953833878040314,0.05490095168352127,0.05435691773891449,0.05485893040895462
750,0.02536560408771038,71.42241668701172,0.06630761921405792,0.025430407375097275,71.02713775634766,0.06740900129079819,0.053869448602199554,0.05484748259186745,0.05433856323361397,0.05485157668590546
751,0.025462502613663673,72.36981201171875,0.0667804479598999,0.025354670360684395,71.38236236572266,0.06759562343358994,0.054678965359926224,0.05459396913647652,0.05499238520860672,0.05541886016726494
752,0.025291960686445236,70.9990005493164,0.06609486788511276,0.025368673726916313,70.82649993896484,0.06730644404888153,0.053868573158979416,0.054616380482912064,0.054030634462833405,0.05462878942489624
753,0.025363381952047348,71.43423461914062,0.06631399691104889,0.025425748899579048,71.09491729736328,0.06744353473186493,0.05395297333598137,0.0548875667154789,0.05434904247522354,0.054890040308237076
754,0.02534281089901924,71.39078521728516,0.0662919208407402,0.025431668385863304,71.12948608398438,0.06746102124452591,0.053970012813806534,0.054925672709941864,0.05437149852514267,0.054824553430080414
755,0.025349551811814308,71.39505767822266,0.06629394739866257,0.02544739656150341,71.24268341064453,0.06751899421215057,0.05403963848948479,0.05501902475953102,0.05434763804078102,0.054859187453985214
756,0.025348570197820663,71.34156799316406,0.06626670062541962,0.025423510000109673,71.14888000488281,0.06747087091207504,0.0540144219994545,0.05493290349841118,0.054272111505270004,0.05486682802438736
757,0.02535245195031166,71.28334045410156,0.06623704731464386,0.025383850559592247,70.88485717773438,0.06733473390340805,0.05384184047579765,0.054758839309215546,0.05417002737522125,0.05489128828048706
758,0.02540283277630806,71.77710723876953,0.06648652255535126,0.02545345202088356,75.2231216430664,0.06954531371593475,0.059153493493795395,0.0554618202149868,0.05453343689441681,0.0551847368478775
759,0.02528843842446804,71.28473663330078,0.06623619049787521,0.025331927463412285,70.85348510742188,0.06732010841369629,0.05402883142232895,0.054579176008701324,0.054351020604372025,0.05474583059549332
760,0.025310691446065903,71.40306854248047,0.06629733741283417,0.025410527363419533,70.98301696777344,0.06738375127315521,0.05383678525686264,0.05490688234567642,0.054513826966285706,0.05476308986544609
761,0.025333331897854805,71.28983306884766,0.06624072790145874,0.02542012371122837,71.2318344116211,0.0675126314163208,0.05410269275307655,0.05500567704439163,0.054249536246061325,0.05486927181482315
762,0.025317123159766197,71.25164794921875,0.06622091680765152,0.02539123222231865,71.00822448730469,0.06739719212055206,0.053937990218400955,0.05487499758601189,0.05426613613963127,0.0548136830329895
763,0.025307582691311836,71.24987030029297,0.06621970236301422,0.025391150265932083,70.94308471679688,0.06736300885677338,0.053851284086704254,0.054875608533620834,0.05431264266371727,0.05477568879723549
764,0.02537279762327671,71.3783950805664,0.06628571450710297,0.025416066870093346,72.81880187988281,0.0683283656835556,0.05614503473043442,0.05523473769426346,0.05414438992738724,0.055094584822654724
765,0.025300735607743263,71.35291290283203,0.06627146899700165,0.025307197123765945,71.42204284667969,0.06761430948972702,0.054870158433914185,0.05461220070719719,0.054350659251213074,0.05489106476306915
766,0.025284772738814354,71.28764343261719,0.06623778492212296,0.025334103032946587,70.6041488647461,0.06718725711107254,0.05364455655217171,0.05464925244450569,0.05446402356028557,0.054711148142814636
767,0.025263020768761635,71.23355102539062,0.06621161848306656,0.0254613496363163,71.22765350341797,0.06750744581222534,0.05390392988920212,0.05522340163588524,0.05445815995335579,0.05466649308800697
768,0.025349576026201248,71.24665069580078,0.0662180557847023,0.025363022461533546,71.34683227539062,0.06757225096225739,0.05445754528045654,0.05490630865097046,0.0540718249976635,0.05502753704786301
769,0.02528577297925949,71.0741958618164,0.06613057851791382,0.025321969762444496,70.6257095336914,0.06719844043254852,0.0537075400352478,0.05465501919388771,0.0541301853954792,0.054773613810539246
770,0.02521177940070629,71.37492370605469,0.06628034263849258,0.025359710678458214,70.70039367675781,0.06723545491695404,0.053664010018110275,0.05478445440530777,0.05482633784413338,0.05452609062194824
771,0.025407562032341957,71.49427032470703,0.06634270399808884,0.025322778150439262,71.37024688720703,0.06758477538824081,0.05465405434370041,0.05478516221046448,0.054111190140247345,0.05531362071633339
772,0.025238731876015663,70.90287017822266,0.06604452431201935,0.02532467432320118,70.8519287109375,0.06731554120779037,0.05397206172347069,0.05473983287811279,0.05408160015940666,0.05463830754160881
773,0.02526155672967434,71.18335723876953,0.06618540734052658,0.025364970788359642,70.86239624023438,0.06731905043125153,0.053803201764822006,0.05490398779511452,0.05438927188515663,0.0547114722430706
774,0.02529262751340866,71.10148620605469,0.06614457070827484,0.025377998128533363,71.25648498535156,0.06752321869134903,0.05423257127404213,0.055044203996658325,0.05412697046995163,0.05485416576266289
775,0.025294609367847443,71.01966857910156,0.06610297411680222,0.02530750446021557,71.19944763183594,0.06749584525823593,0.05447293072938919,0.05477210506796837,0.05396420881152153,0.05490614101290703
776,0.02527436427772045,71.67254638671875,0.06643188744783401,0.025222642347216606,70.74996948242188,0.06726641207933426,0.05432777479290962,0.05433519557118416,0.05481087043881416,0.05495979264378548
777,0.025249462574720383,70.8879623413086,0.06603606045246124,0.025264305993914604,70.41329193115234,0.06708727031946182,0.05362990126013756,0.05452347546815872,0.054008450359106064,0.05471973121166229
778,0.025241553783416748,71.12007141113281,0.06615306437015533,0.025288719683885574,70.55203247070312,0.0671585276722908,0.05369715765118599,0.05464666709303856,0.054360151290893555,0.054697178304195404
779,0.025254761800169945,71.0319595336914,0.06610894203186035,0.025315387174487114,70.76972198486328,0.06727088987827301,0.0538511648774147,0.05479953810572624,0.054180119186639786,0.0547633171081543
780,0.025242971256375313,71.01717376708984,0.06610120832920074,0.02531815879046917,70.77458190917969,0.06727301329374313,0.05384083464741707,0.054824113845825195,0.054208170622587204,0.05472753569483757
781,0.025242934003472328,71.00576782226562,0.06609535217285156,0.025329304859042168,70.85564422607422,0.06731457263231277,0.053888145834207535,0.05489605292677879,0.05419185385107994,0.05473586544394493
782,0.025244779884815216,70.954833984375,0.06606932729482651,0.02530786208808422,70.78255462646484,0.06727702915668488,0.05387956276535988,0.054821401834487915,0.054107774049043655,0.05475424602627754
783,0.025254594162106514,70.88697814941406,0.06603481620550156,0.025271331891417503,70.6093978881836,0.06718788295984268,0.053807757794857025,0.054675549268722534,0.053959183394908905,0.05480888858437538
784,0.025280963629484177,71.84542846679688,0.06651445478200912,0.02518646977841854,70.20250701904297,0.06697898358106613,0.05368456989526749,0.05427068471908569,0.054930511862039566,0.05510741472244263
785,0.02517959475517273,70.57852935791016,0.06587909907102585,0.0252198725938797,70.26346588134766,0.0670083612203598,0.05358650162816048,0.054443445056676865,0.05384509265422821,0.05454927682876587
786,0.02522980608046055,70.99606323242188,0.06608981639146805,0.025243518874049187,70.4084701538086,0.0670829564332962,0.05365321412682533,0.05457497760653496,0.05421717092394829,0.054736316204071045
787,0.025210153311491013,70.90287780761719,0.06604289263486862,0.02526988461613655,70.57215881347656,0.06716717779636383,0.05374288558959961,0.05471350997686386,0.054167307913303375,0.05468031391501427
788,0.02521425485610962,70.914794921875,0.06604882329702377,0.025284240022301674,70.67500305175781,0.067220039665699,0.05380384251475334,0.05480058118700981,0.05416379123926163,0.054705895483493805
789,0.025210432708263397,70.88362884521484,0.06603294610977173,0.025287671014666557,70.72123718261719,0.06724375486373901,0.05384063348174095,0.054837197065353394,0.05413438007235527,0.05470146983861923
790,0.025207720696926117,70.85015869140625,0.06601573526859283,0.02527666464447975,70.67149353027344,0.06721793860197067,0.0538167878985405,0.054804615676403046,0.0540974922478199,0.05469951033592224
791,0.02521207369863987,70.79280090332031,0.06598640233278275,0.025245437398552895,70.49747467041016,0.067128024995327,0.053722769021987915,0.054675936698913574,0.05399363115429878,0.054726697504520416
792,0.025274498388171196,71.77050018310547,0.06647557020187378,0.025171753019094467,70.94436645507812,0.06736306101083755,0.05468631535768509,0.054392606019973755,0.0548643097281456,0.055140625685453415
793,0.025129789486527443,70.39696502685547,0.06578639149665833,0.02518368884921074,70.17987060546875,0.06696374714374542,0.05358568951487541,0.05440791696310043,0.053766217082738876,0.05446052551269531
794,0.025201132521033287,70.82888793945312,0.06600487977266312,0.025222966447472572,70.40982818603516,0.06708211451768875,0.05368546396493912,0.05461970716714859,0.05407935380935669,0.05472252145409584
795,0.025173667818307877,70.79181671142578,0.06598594784736633,0.0252364668995142,70.470458984375,0.067112997174263,0.0537005253136158,0.05469191446900368,0.05414101853966713,0.05463098734617233
796,0.025183003395795822,70.8011245727539,0.06599066406488419,0.025256218388676643,70.61965942382812,0.06718990951776505,0.053794898092746735,0.05480873957276344,0.054112136363983154,0.05467626824975014
797,0.02517830766737461,70.75536346435547,0.06596729904413223,0.025246966630220413,70.60174560546875,0.06718065589666367,0.05380500108003616,0.054787129163742065,0.05406465381383896,0.054669082164764404
798,0.025173339992761612,70.72200775146484,0.06595005095005035,0.02523016557097435,70.4781494140625,0.06711648404598236,0.05371323972940445,0.05471932515501976,0.054039984941482544,0.05465547367930412
799,0.025191530585289,70.66343688964844,0.065920390188694,0.025209439918398857,70.50922393798828,0.06713331490755081,0.05383064225316048,0.05466904863715172,0.053866907954216,0.05474414676427841
800,0.025207629427313805,71.45692443847656,0.0663202553987503,0.02511763945221901,70.08565521240234,0.06691627949476242,0.0537450797855854,0.054210223257541656,0.054687075316905975,0.0549909733235836
801,0.02512458525598049,70.45057678222656,0.06581274420022964,0.025157587602734566,70.10670471191406,0.066924087703228,0.05354270339012146,0.054421316832304,0.05385275185108185,0.05451400950551033
802,0.02515220269560814,70.79019165039062,0.06598436832427979,0.025186728686094284,70.24554443359375,0.06699525564908981,0.053578682243824005,0.05457152798771858,0.05420629307627678,0.05462197959423065
803,0.025153333321213722,70.67536163330078,0.06592655181884766,0.02520669996738434,70.4373779296875,0.06709466874599457,0.05372710898518562,0.05469638854265213,0.0540381483733654,0.05464307591319084
804,0.02514544129371643,70.67343139648438,0.06592530757188797,0.025209445506334305,70.4420166015625,0.06709671765565872,0.0537148080766201,0.05472206696867943,0.054067373275756836,0.054621316492557526
805,0.025143928825855255,70.6564712524414,0.06591660529375076,0.025218335911631584,70.51271057128906,0.06713305413722992,0.05375746265053749,0.05478457733988762,0.054049231112003326,0.05462421476840973
806,0.025146156549453735,70.60578918457031,0.06589066982269287,0.025197604671120644,70.44140625,0.06709636747837067,0.05374911054968834,0.05471155047416687,0.05396367609500885,0.054643940180540085
807,0.02516113966703415,70.54066467285156,0.06585762649774551,0.025167329236865044,70.43013000488281,0.0670914500951767,0.053858835250139236,0.05461352691054344,0.05379071831703186,0.05472470074892044
808,0.025162212550640106,71.3062744140625,0.06624384969472885,0.02508292905986309,69.9816665649414,0.06686104834079742,0.05371492728590965,0.05417293682694435,0.054658785462379456,0.05489690229296684
809,0.025100063532590866,70.37783813476562,0.06577512621879578,0.02512126788496971,69.98145294189453,0.06685763597488403,0.05348343029618263,0.05438245087862015,0.053830500692129135,0.05450614169239998
810,0.025116290897130966,70.66969299316406,0.06592272967100143,0.02514808252453804,70.11972045898438,0.06692871451377869,0.053529269993305206,0.05452380329370499,0.05416377633810043,0.054574090987443924
811,0.025121551007032394,70.5655517578125,0.06587032973766327,0.025168443098664284,70.31485748291016,0.0670299381017685,0.053680021315813065,0.05465105548501015,0.05399361252784729,0.05460997670888901
812,0.02511197328567505,70.5595932006836,0.06586704403162003,0.025171566754579544,70.3205337524414,0.06703254580497742,0.05366746336221695,0.05467846989631653,0.054024018347263336,0.05458224192261696
813,0.025110969319939613,70.54572296142578,0.06585992127656937,0.025181980803608894,70.40088653564453,0.06707393378019333,0.05371570214629173,0.05474856495857239,0.054007720202207565,0.05458730459213257
814,0.025112224742770195,70.49664306640625,0.06583479791879654,0.02516394853591919,70.34597778320312,0.0670456811785698,0.05371639505028725,0.054688118398189545,0.053928934037685394,0.05460311844944954
815,0.025119870901107788,70.42765045166016,0.06579955667257309,0.025127839297056198,70.154296875,0.06694655865430832,0.05362299457192421,0.05453595891594887,0.0537896491587162,0.05464772880077362
816,0.02515355683863163,71.43618774414062,0.06630510836839676,0.025047535076737404,69.74626922607422,0.06673616915941238,0.05350726097822189,0.054118622094392776,0.0547989122569561,0.05496940016746521
817,0.025042714551091194,70.0828628540039,0.06562480330467224,0.02507275715470314,69.77991485595703,0.0667516440153122,0.053392890840768814,0.05427364632487297,0.053627267479896545,0.054383471608161926
818,0.02510281279683113,70.52002716064453,0.06584633141756058,0.025091910734772682,69.9255142211914,0.06682708114385605,0.053470782935619354,0.05439741164445877,0.05398831516504288,0.05460626259446144
819,0.025075968354940414,70.449462890625,0.06581064313650131,0.025115730240941048,70.06631469726562,0.06689968705177307,0.053539253771305084,0.05452543869614601,0.05400029569864273,0.054521676152944565
820,0.02508317120373249,70.46211242675781,0.06581705808639526,0.02513326145708561,70.19786834716797,0.0669676885008812,0.0536205880343914,0.054631687700748444,0.053983867168426514,0.05455992743372917
821,0.025078048929572105,70.4295654296875,0.06580039858818054,0.025137275457382202,70.24799346923828,0.06699351966381073,0.053659744560718536,0.05467096343636513,0.0539570115506649,0.05455111339688301
822,0.025074299424886703,70.40540313720703,0.0657879188656807,0.02513544075191021,70.24707794189453,0.06699284166097641,0.053658608347177505,0.05468020588159561,0.05393807590007782,0.054544784128665924
823,0.02507464401423931,70.35781860351562,0.06576346606016159,0.0251160915941,70.15031433105469,0.06694267690181732,0.05361210182309151,0.054607030004262924,0.05386718362569809,0.05455482378602028
824,0.02511422149837017,70.42632293701172,0.06579925864934921,0.025117535144090652,71.75465393066406,0.06777524203062057,0.055711518973112106,0.05480438843369484,0.05374235287308693,0.0547623373568058
825,0.025051847100257874,70.6473617553711,0.06590970605611801,0.025025557726621628,70.40502166748047,0.06707935780286789,0.05441361665725708,0.054237864911556244,0.05422503128647804,0.05461326241493225
826,0.025047369301319122,70.42308044433594,0.06579575687646866,0.025062937289476395,69.78584289550781,0.06675241142511368,0.05336011201143265,0.05438268929719925,0.05407435819506645,0.05447310954332352
827,0.025033634155988693,70.36289978027344,0.0657660961151123,0.025125723332166672,70.1703872680664,0.06695166230201721,0.05356894060969353,0.05470031499862671,0.054029665887355804,0.05445048585534096
828,0.02506771683692932,70.33740234375,0.06575310230255127,0.02510085701942444,70.23905181884766,0.06698840111494064,0.05375731736421585,0.054634034633636475,0.05384242907166481,0.0545918308198452
829,0.025036761537194252,70.2917251586914,0.06572940200567245,0.025089483708143234,70.02971649169922,0.06687888503074646,0.0535336397588253,0.05457072705030441,0.05391620472073555,0.05447622388601303
830,0.025035899132490158,70.29008483886719,0.06572844833135605,0.025104671716690063,70.1107177734375,0.06692053377628326,0.053560853004455566,0.05466003343462944,0.053920991718769073,0.05447615310549736
831,0.02510441467165947,70.52010345458984,0.06584632396697998,0.025085270404815674,72.20764923095703,0.06800730526447296,0.05643067508935928,0.05478709563612938,0.053860779851675034,0.05482424795627594
832,0.025011783465743065,70.2116470336914,0.06568831950426102,0.025015750899910927,70.14566040039062,0.06694202870130539,0.05402690917253494,0.05431058630347252,0.05382753536105156,0.05448161065578461
833,0.025002455338835716,70.44318389892578,0.0658046305179596,0.025050755590200424,69.74514770507812,0.06672953069210052,0.053314726799726486,0.054428283125162125,0.05426693707704544,0.054373741149902344
834,0.02504139021039009,70.2647933959961,0.06571611762046814,0.02513260580599308,70.5317153930664,0.06713856756687164,0.053943272680044174,0.054896291345357895,0.05383247509598732,0.054560501128435135
835,0.02502458542585373,70.15194702148438,0.06565788388252258,0.02504153735935688,69.98040771484375,0.06685339659452438,0.053644176572561264,0.0544632151722908,0.053732775151729584,0.054512180387973785
836,0.024987870827317238,70.25806427001953,0.06571096181869507,0.02505251206457615,69.7780532836914,0.06674616783857346,0.05333282798528671,0.05448232963681221,0.054062068462371826,0.05435251072049141
837,0.025066310539841652,70.30976104736328,0.06573878973722458,0.02513185329735279,71.27130126953125,0.06752197444438934,0.054882049560546875,0.055042240768671036,0.053766459226608276,0.054693616926670074
838,0.02502572350203991,70.36708068847656,0.06576735526323318,0.02498624660074711,71.00067901611328,0.06738653033971786,0.05529910326004028,0.05431840941309929,0.0539209246635437,0.05463801324367523
839,0.024988245218992233,70.0646743774414,0.06561285257339478,0.024999186396598816,69.59400939941406,0.06665070354938507,0.05330713838338852,0.054296333342790604,0.053761906921863556,0.05440974980592728
840,0.02495667338371277,70.41484069824219,0.0657896101474762,0.025059210136532784,69.80680084228516,0.06675972044467926,0.05331696942448616,0.05456188693642616,0.05435239151120186,0.05431590974330902
841,0.02505170740187168,70.21604919433594,0.06569036096334457,0.025022311136126518,70.11799621582031,0.06692452728748322,0.053864337503910065,0.05449298769235611,0.053678397089242935,0.05468400567770004
842,0.024972829967737198,70.05085754394531,0.06560584157705307,0.02501484751701355,69.79259490966797,0.0667538195848465,0.05347182974219322,0.054431356489658356,0.053800057619810104,0.054380860179662704
843,0.024977274239063263,70.18045806884766,0.06567154824733734,0.025057533755898476,69.9574203491211,0.06683839112520218,0.05348338931798935,0.05463915318250656,0.05396384745836258,0.05440027639269829
844,0.025005798786878586,70.10653686523438,0.06563419103622437,0.02504384145140648,70.19608306884766,0.06696376949548721,0.05384177342057228,0.054641302675008774,0.053725581616163254,0.05452967435121536
845,0.024989623576402664,69.99317932128906,0.06557586789131165,0.024988362565636635,69.72520446777344,0.06671877950429916,0.05348179489374161,0.05436444655060768,0.053626228123903275,0.05448329821228981
846,0.024925239384174347,70.16702270507812,0.06566263735294342,0.024930093437433243,69.20011138916016,0.06644361466169357,0.05313486605882645,0.05400461331009865,0.05416307598352432,0.05421426519751549
847,0.024867622181773186,70.0450439453125,0.06560057401657104,0.02492833323776722,69.16519927978516,0.06642908602952957,0.05314931645989418,0.05396939069032669,0.054126378148794174,0.054132699966430664
848,0.02523355931043625,70.96513366699219,0.06606514751911163,0.02490500546991825,69.49436950683594,0.06660112738609314,0.05358589440584183,0.053995531052351,0.053821537643671036,0.05547894164919853
849,0.024855226278305054,69.56376647949219,0.06535700708627701,0.02492811158299446,69.5174560546875,0.06661122292280197,0.05349041149020195,0.05412072688341141,0.053578268736600876,0.05402678623795509
850,0.02493862435221672,70.0464096069336,0.06560280174016953,0.025019312277436256,69.80818176269531,0.06675954908132553,0.05341079458594322,0.05457059293985367,0.05391443148255348,0.054334428161382675
851,0.024965649470686913,70.01242065429688,0.06558551639318466,0.025003815069794655,69.92191314697266,0.06681974232196808,0.053619395941495895,0.05454281345009804,0.05374175310134888,0.054451219737529755
852,0.02494705840945244,69.97190856933594,0.06556441634893417,0.024990558624267578,69.75891876220703,0.06673438847064972,0.05346165969967842,0.05448117479681969,0.053765974938869476,0.05438501760363579
853,0.024940282106399536,69.9617691040039,0.06555894762277603,0.024992046877741814,69.72232818603516,0.06671484559774399,0.05340013653039932,0.05449676513671875,0.05378423631191254,0.05436134338378906
854,0.025004228577017784,70.12275695800781,0.06564211845397949,0.024998566135764122,71.79510498046875,0.0677919089794159,0.056113217025995255,0.05474346503615379,0.05367148295044899,0.054671790450811386
855,0.024926066398620605,70.0506591796875,0.06560394912958145,0.024905240163207054,70.12718963623047,0.06693027913570404,0.05438269302248955,0.05415954068303108,0.05385518819093704,0.05442861467599869
856,0.02491871640086174,70.00818634033203,0.06558143347501755,0.024929547682404518,69.32795715332031,0.06650840491056442,0.05315450578927994,0.0542282871901989,0.05393657088279724,0.05430447682738304
857,0.02489936351776123,69.9810562133789,0.06556873023509979,0.025030653923749924,69.88642883300781,0.06679843366146088,0.05341441184282303,0.05472433939576149,0.0539524219930172,0.054268527776002884
858,0.024967797100543976,69.9511947631836,0.06555358320474625,0.024960456416010857,70.00104522705078,0.06686098128557205,0.053871072828769684,0.054480526596307755,0.05360530689358711,0.05454505980014801
859,0.024909809231758118,69.83323669433594,0.06549277901649475,0.02493651583790779,69.48419189453125,0.06659003347158432,0.05330068990588188,0.05432766675949097,0.05370410531759262,0.05431877076625824
860,0.024877449497580528,69.9615249633789,0.06555760651826859,0.024991314858198166,69.65953063964844,0.06667986512184143,0.053281594067811966,0.05457436665892601,0.05401865392923355,0.05420123413205147
861,0.025008389726281166,70.19015502929688,0.06567509472370148,0.024943092837929726,70.9474105834961,0.06735364347696304,0.05520518869161606,0.05453047156333923,0.053700923919677734,0.05477539449930191
862,0.02488146349787712,69.67501831054688,0.06541220843791962,0.024901699274778366,69.62850952148438,0.06666675955057144,0.053638387471437454,0.05424128845334053,0.053558189421892166,0.05427705869078636
863,0.024876028299331665,69.98555755615234,0.06556924432516098,0.024941349402070045,69.45597076416016,0.06657356768846512,0.05321285128593445,0.05439708009362221,0.05404623597860336,0.05422692745923996
864,0.02493487484753132,69.88673400878906,0.06552042067050934,0.02498449571430683,70.21163177490234,0.066968634724617,0.053978465497493744,0.054706670343875885,0.053641367703676224,0.05448048189282417
865,0.02489781565964222,69.71012115478516,0.06542949378490448,0.024902695789933205,69.56085968017578,0.06663026660680771,0.05351090803742409,0.054291993379592896,0.053537290543317795,0.05435818433761597
866,0.024852629750967026,69.87449645996094,0.06551182270050049,0.024896031245589256,69.20468139648438,0.06644197553396225,0.0530853308737278,0.0542135164141655,0.053987763822078705,0.054160065948963165
867,0.024961652234196663,70.03880310058594,0.065597765147686,0.02504812180995941,71.33319854736328,0.06754890829324722,0.05512334033846855,0.05515415593981743,0.053715065121650696,0.05462361499667168
868,0.024878256022930145,69.7204360961914,0.06543437391519547,0.024867204949259758,69.97007751464844,0.06684560328722,0.054227445274591446,0.05420609936118126,0.0535699725151062,0.054365359246730804
869,0.0248660147190094,69.69759368896484,0.06542203575372696,0.024868611246347427,69.11111450195312,0.06639272719621658,0.05305695906281471,0.05414551869034767,0.05366530641913414,0.05425607040524483
870,0.024810176342725754,69.99729919433594,0.06557323038578033,0.024950148537755013,69.45849609375,0.06657262146472931,0.05314725264906883,0.05451227352023125,0.05425393953919411,0.05410633981227875
871,0.024968808516860008,69.934814453125,0.06554348766803741,0.02487204782664776,69.78007507324219,0.066744863986969,0.05389901250600815,0.054274458438158035,0.05350540205836296,0.05470239743590355
872,0.024840377271175385,69.57369995117188,0.06535917520523071,0.02487589232623577,69.40210723876953,0.06654566526412964,0.05337249115109444,0.05426434800028801,0.053576406091451645,0.054206714034080505
873,0.024850154295563698,69.79438018798828,0.06547123938798904,0.024915233254432678,69.48387145996094,0.06658674031496048,0.05328548327088356,0.05445189028978348,0.053845420479774475,0.05424291267991066
874,0.024881500750780106,69.71197509765625,0.06542961299419403,0.024915998801589012,69.81562805175781,0.06676102429628372,0.05370163172483444,0.054523445665836334,0.05358673259615898,0.054381079971790314
875,0.02485797367990017,69.6002197265625,0.06537184864282608,0.024863360449671745,69.34803009033203,0.06651683896780014,0.053331051021814346,0.05425696820020676,0.053523920476436615,0.05430300906300545
876,0.02480507642030716,69.72026824951172,0.06543171405792236,0.024847086519002914,69.03802490234375,0.06635307520627975,0.05302032083272934,0.05413765460252762,0.053930722177028656,0.0540890246629715
877,0.024975281208753586,70.3261489868164,0.06574051082134247,0.024873774498701096,70.74595642089844,0.06724650412797928,0.05512406677007675,0.05447078496217728,0.053938426077365875,0.05483982339501381
878,0.024781465530395508,69.32120513916016,0.06522925198078156,0.024814574047923088,69.27511596679688,0.06647959351539612,0.053464505821466446,0.05406716465950012,0.05341785401105881,0.05407501012086868
879,0.024828772991895676,69.64982604980469,0.06539686024188995,0.02487206645309925,69.3707504272461,0.06652696430683136,0.053280171006917953,0.054360754787921906,0.05370775982737541,0.05423175171017647
880,0.024832597002387047,69.62544250488281,0.06538431346416473,0.024876993149518967,69.47620391845703,0.06658215820789337,0.0533883161842823,0.05441001430153847,0.053648289293050766,0.054260075092315674
881,0.024833116680383682,69.59465026855469,0.06536830961704254,0.024869652464985847,69.46941375732422,0.06657862663269043,0.05340370163321495,0.05439663678407669,0.05360002443194389,0.05427040904760361
882,0.024825621396303177,69.54751586914062,0.06534378230571747,0.024850165471434593,69.3087387084961,0.0664944276213646,0.05327649042010307,0.05431032180786133,0.05356525629758835,0.054248321801424026
883,0.024847688153386116,69.49699401855469,0.06531800329685211,0.024836521595716476,69.49465942382812,0.0665927454829216,0.05356872081756592,0.05430364981293678,0.05338697135448456,0.05435169115662575
884,0.024848846718668938,70.22110748291016,0.0656861737370491,0.024753164499998093,68.97785949707031,0.06632430851459503,0.053357772529125214,0.05382024869322777,0.054228298366069794,0.05450199916958809
885,0.02478473074734211,69.36881256103516,0.06525227427482605,0.02478756569325924,68.98192596435547,0.06632329523563385,0.05312441661953926,0.05404422804713249,0.05346916615962982,0.05413608253002167
886,0.024800406768918037,69.62931823730469,0.06538502126932144,0.024812771007418633,69.10125732421875,0.06638487428426743,0.053145427256822586,0.05418580397963524,0.05375828593969345,0.054203979671001434
887,0.024809451773762703,69.53138732910156,0.0653352364897728,0.02482427842915058,69.27755737304688,0.06647732108831406,0.053309954702854156,0.054277531802654266,0.053580380976200104,0.05425190180540085
888,0.024796269834041595,69.52159881591797,0.06532987207174301,0.02482573501765728,69.25965881347656,0.06646750122308731,0.05327247455716133,0.05429592356085777,0.053619153797626495,0.054211050271987915
889,0.0247955285012722,69.51701354980469,0.06532738357782364,0.02483864687383175,69.35596466064453,0.06651748716831207,0.053327109664678574,0.05438041314482689,0.053613558411598206,0.05421723425388336
890,0.024795813485980034,69.47254943847656,0.06530442833900452,0.024829218164086342,69.35919189453125,0.06651929765939713,0.053365886211395264,0.05435953289270401,0.053544651716947556,0.05422923341393471
891,0.02479115128517151,69.415771484375,0.0652749091386795,0.02480236254632473,69.15718841552734,0.06641348451375961,0.05322017893195152,0.054236795753240585,0.0534825325012207,0.05421964451670647
892,0.024821726605296135,69.40836334228516,0.06527166813611984,0.024804672226309776,70.03630065917969,0.06687504798173904,0.05436413362622261,0.054369572550058365,0.05331790819764137,0.05436711013317108
893,0.024781253188848495,69.94341278076172,0.06554295867681503,0.024719806388020515,69.0614013671875,0.06636644154787064,0.05353427678346634,0.05384352430701256,0.054106228053569794,0.05432931333780289
894,0.024758683517575264,69.39883422851562,0.06526587903499603,0.02476038970053196,68.91435241699219,0.06628556549549103,0.053074996918439865,0.05407169461250305,0.05358326435089111,0.054131604731082916
895,0.024759871885180473,69.46968841552734,0.06530215591192245,0.024788882583379745,69.09584045410156,0.066380076110363,0.05316729471087456,0.05423162505030632,0.0536656379699707,0.0541522391140461
896,0.024774232879281044,69.42109680175781,0.0652773305773735,0.024791302159428596,69.22265625,0.06644675880670547,0.0533105731010437,0.05427762493491173,0.05353396013379097,0.05421777069568634
897,0.02475763112306595,69.39586639404297,0.06526405364274979,0.02478974126279354,69.17375946044922,0.06642067432403564,0.053246013820171356,0.05427997559309006,0.05356549471616745,0.05416383594274521
898,0.02475687302649021,69.38977813720703,0.06526074558496475,0.024800699204206467,69.25543212890625,0.06646306067705154,0.053290460258722305,0.05435476824641228,0.05355817452073097,0.05416925996541977
899,0.024762073531746864,69.33253479003906,0.06523120403289795,0.024781635031104088,69.23231506347656,0.06645137071609497,0.053339216858148575,0.05429141968488693,0.053448330610990524,0.05420193076133728
900,0.024790138006210327,69.33846282958984,0.06523477286100388,0.024761343374848366,70.22021484375,0.06697002798318863,0.054765116423368454,0.054308660328388214,0.053302112966775894,0.054350078105926514
901,0.02474347874522209,69.74481201171875,0.06544149667024612,0.024681758135557175,69.26847076416016,0.06647457927465439,0.0539482906460762,0.05380639433860779,0.053975094109773636,0.054262425750494
902,0.02473250776529312,69.30754089355469,0.06521746516227722,0.024710241705179214,68.70855712890625,0.0661759302020073,0.05297050625085831,0.05396244674921036,0.05352923646569252,0.054119497537612915
903,0.024716002866625786,69.38008117675781,0.065254807472229,0.024746086448431015,68.93184661865234,0.06629233807325363,0.05307941511273384,0.05416050925850868,0.05368257686495781,0.054079100489616394
904,0.024745946750044823,69.31903076171875,0.06522373110055923,0.024746907874941826,69.09274291992188,0.06637725979089737,0.05327305570244789,0.05420625954866409,0.053470320999622345,0.05420177802443504
905,0.0247202105820179,69.29008483886719,0.06520847231149673,0.024745861068367958,69.01725006103516,0.06633701175451279,0.05317213013768196,0.05420653149485588,0.05353520065546036,0.054113663733005524
906,0.024722736328840256,69.29951477050781,0.06521318852901459,0.02476402185857296,69.14694213867188,0.06640453636646271,0.05324411392211914,0.05431845411658287,0.05353531986474991,0.05413239076733589
907,0.024725329130887985,69.24510192871094,0.06518508493900299,0.024749761447310448,69.15101623535156,0.0664069801568985,0.05330697074532509,0.054277561604976654,0.05344010517001152,0.05415524169802666
908,0.02471776120364666,69.18260955810547,0.06515255570411682,0.02471795864403248,68.88159942626953,0.06626547873020172,0.05309750884771347,0.05412415787577629,0.05338215455412865,0.05413464456796646
909,0.024706952273845673,69.14319610595703,0.06513182073831558,0.024672895669937134,68.45513916015625,0.0660400539636612,0.05278933420777321,0.05385730788111687,0.053375136107206345,0.054095037281513214
910,0.02465103194117546,69.83240509033203,0.06547601521015167,0.02467675507068634,68.49967956542969,0.06606334447860718,0.052828360348939896,0.05387737601995468,0.05439739674329758,0.054036229848861694
911,0.02481934428215027,69.41236114501953,0.06526949256658554,0.02465844340622425,68.76854705810547,0.06620707362890244,0.053209010511636734,0.053894367069005966,0.05322973430156708,0.054568659514188766
912,0.024652941152453423,68.94447326660156,0.06503039598464966,0.024676013737916946,68.80777740478516,0.06622675061225891,0.053179673850536346,0.05398476496338844,0.05329805612564087,0.05394623801112175
913,0.024692870676517487,69.24876403808594,0.0651857927441597,0.024708062410354614,68.8781509399414,0.06626209616661072,0.05309242010116577,0.05415979027748108,0.05355935916304588,0.054094985127449036
914,0.024691026657819748,69.17521667480469,0.06514814496040344,0.0247152391821146,69.01620483398438,0.06633461266756058,0.053229574114084244,0.05422517657279968,0.05345534533262253,0.05410431697964668
915,0.024684784933924675,69.1524887084961,0.06513608247041702,0.024708690121769905,68.97673034667969,0.06631366163492203,0.05319807678461075,0.054210495203733444,0.05344409495592117,0.05409091338515282
916,0.024676993489265442,69.13253021240234,0.0651254951953888,0.024709409102797508,68.95972442626953,0.06630430370569229,0.05316102132201195,0.054229944944381714,0.053446780890226364,0.054069459438323975
917,0.024689747020602226,69.0751724243164,0.06509587913751602,0.024690913036465645,68.98005676269531,0.06631550192832947,0.05326197296380997,0.0541769377887249,0.053302664309740067,0.054132744669914246
918,0.02473578415811062,69.97004699707031,0.06554996967315674,0.0245970506221056,68.51436614990234,0.06607304513454437,0.053188081830739975,0.05363500118255615,0.05417511984705925,0.054450634866952896
919,0.024619773030281067,68.72088623046875,0.06491386145353317,0.024613529443740845,68.4024429321289,0.06601152569055557,0.0528826080262661,0.053779520094394684,0.053082771599292755,0.05390487611293793
920,0.024671349674463272,69.14933776855469,0.06513321399688721,0.024628372862935066,68.52286529541016,0.06607437878847122,0.05293559655547142,0.053894903510808945,0.05346481874585152,0.05409783869981766
921,0.02464963123202324,69.08450317382812,0.06509993225336075,0.024644706398248672,68.64543151855469,0.06613834202289581,0.05300413444638252,0.054000627249479294,0.053460244089365005,0.05403205752372742
922,0.024654382839798927,69.0944595336914,0.0651049017906189,0.024657564237713814,68.75396728515625,0.06619499623775482,0.05307086557149887,0.05408935993909836,0.05344996973872185,0.05406120792031288
923,0.02464895136654377,69.06939697265625,0.06509184092283249,0.024663355201482773,68.81521606445312,0.06622686237096786,0.053112685680389404,0.05413973703980446,0.053432393819093704,0.05405249446630478
924,0.024644790217280388,69.05337524414062,0.065083347260952,0.024667922407388687,68.86054992675781,0.06625034660100937,0.05313914641737938,0.054183151572942734,0.05342260003089905,0.05404740199446678
925,0.024641050025820732,69.02487182617188,0.06506844609975815,0.02466675639152527,68.8773422241211,0.06625895947217941,0.05315578356385231,0.05419859290122986,0.0533934086561203,0.05404368415474892
926,0.024638565257191658,68.97888946533203,0.06504447013139725,0.024651868268847466,68.79942321777344,0.06621796637773514,0.05311354249715805,0.054144203662872314,0.05333475023508072,0.054044198244810104
927,0.024664146825671196,68.93416595458984,0.06502161920070648,0.024633975699543953,69.18042755126953,0.06641969829797745,0.0536981001496315,0.054131124168634415,0.053143780678510666,0.054166942834854126
928,0.024649400264024734,69.56844329833984,0.06534582376480103,0.024551784619688988,68.52934265136719,0.06607932597398758,0.053314387798309326,0.05362328514456749,0.053970154374837875,0.054223526269197464
929,0.02460356429219246,68.83892822265625,0.06497202813625336,0.02458024024963379,68.37383270263672,0.06599371135234833,0.052876684814691544,0.05382522940635681,0.053270693868398666,0.05394994467496872
930,0.024606889113783836,69.05252838134766,0.06508135050535202,0.02460450865328312,68.5035171508789,0.06606107950210571,0.05291236564517021,0.05396776646375656,0.05354275554418564,0.05397554486989975
931,0.02462238445878029,68.96019744873047,0.06503415107727051,0.02461269125342369,68.67247772216797,0.06615021079778671,0.05307912454009056,0.05404641479253769,0.053346261382102966,0.054046209901571274
932,0.024604910984635353,68.9493408203125,0.06502816081047058,0.024614384397864342,68.64656066894531,0.06613598763942719,0.053028203547000885,0.05406620725989342,0.053399939090013504,0.05399061366915703
933,0.02460591495037079,68.95040893554688,0.06502854079008102,0.024628134444355965,68.7568130493164,0.06619354337453842,0.053093165159225464,0.05415904521942139,0.05339287593960762,0.05400528758764267
934,0.02460421994328499,68.908935546875,0.06500696390867233,0.024621812626719475,68.77320861816406,0.06620216369628906,0.05313453450798988,0.0541519932448864,0.0533347986638546,0.05401116982102394
935,0.024595219641923904,68.87202453613281,0.06498751044273376,0.024609658867120743,68.66768646240234,0.0661463588476181,0.053044140338897705,0.054104119539260864,0.053318023681640625,0.05398539453744888
936,0.024600200355052948,68.81732177734375,0.0649590715765953,0.024589020758867264,68.55650329589844,0.06608787924051285,0.052986349910497665,0.054021209478378296,0.05321613699197769,0.05401362106204033
937,0.02466924488544464,69.85070037841797,0.06548251956701279,0.024508332833647728,68.14747619628906,0.06587384641170502,0.052924513816833496,0.05353912338614464,0.054168522357940674,0.054421063512563705
938,0.024524133652448654,68.42328643798828,0.06475628912448883,0.024519603699445724,68.12074279785156,0.06585811078548431,0.052764393389225006,0.053666967898607254,0.05296158045530319,0.053765468299388885
939,0.024592731148004532,68.87373352050781,0.06498752534389496,0.024535298347473145,68.273681640625,0.06593833863735199,0.052846699953079224,0.053798411041498184,0.05330498516559601,0.05402342230081558
940,0.024563521146774292,68.84600067138672,0.06497305631637573,0.024549540132284164,68.36341094970703,0.06598491221666336,0.05288252606987953,0.0538899227976799,0.053381673991680145,0.053929366171360016
941,0.024572093039751053,68.85246276855469,0.0649762898683548,0.024563971906900406,68.49493408203125,0.06605375558137894,0.05296807736158371,0.05399148911237717,0.053349826484918594,0.0539737343788147
942,0.0245649516582489,68.82518005371094,0.0649619996547699,0.024568036198616028,68.54354095458984,0.06607894599437714,0.0530010461807251,0.05403275415301323,0.05333529785275459,0.05395927280187607
943,0.02456093579530716,68.81491088867188,0.06495646387338638,0.024574467912316322,68.59796142578125,0.0661071315407753,0.05302948132157326,0.05408557876944542,0.053332842886447906,0.053955160081386566
944,0.024557597935199738,68.78822326660156,0.06494243443012238,0.024574924260377884,68.63101959228516,0.06612423807382584,0.053059402853250504,0.05410974100232124,0.05330359935760498,0.05395379662513733
945,0.02455291338264942,68.7509765625,0.06492288410663605,0.02456599473953247,68.58712005615234,0.06610089540481567,0.053033433854579926,0.05408424139022827,0.053266264498233795,0.05394609645009041
946,0.02455662377178669,68.69002532958984,0.06489110738039017,0.02454092726111412,68.45377349853516,0.06603072583675385,0.052967753261327744,0.05397916957736015,0.05315891280770302,0.05397115275263786
947,0.024624377489089966,69.72277069091797,0.06541453301906586,0.024460041895508766,68.173095703125,0.06588469445705414,0.05308004468679428,0.053507160395383835,0.05413224175572395,0.054359931498765945
948,0.024478936567902565,68.28893280029297,0.06468439847230911,0.024471621960401535,67.9930191040039,0.06578726321458817,0.05271431431174278,0.0536201037466526,0.052901268005371094,0.05371571704745293
949,0.024548674002289772,68.73296356201172,0.06491262465715408,0.024488184601068497,68.15805053710938,0.06587398797273636,0.052808646112680435,0.05375749245285988,0.05323215574026108,0.05397830531001091
950,0.02451850101351738,68.72179412841797,0.06490657478570938,0.024501236155629158,68.23210144042969,0.06591232120990753,0.05282934755086899,0.05384189635515213,0.05333613231778145,0.05387945473194122
951,0.02452796697616577,68.7253189086914,0.06490832567214966,0.024516167119145393,68.37006378173828,0.06598467379808426,0.05292046442627907,0.05394665524363518,0.05329662188887596,0.053926981985569
952,0.02452038787305355,68.69730377197266,0.06489361822605133,0.02451961301267147,68.41265869140625,0.06600675731897354,0.05294937267899513,0.05398348718881607,0.053283095359802246,0.05391065776348114
953,0.024516485631465912,68.68856811523438,0.0648888424038887,0.02452648989856243,68.46793365478516,0.0660354346036911,0.05297696962952614,0.05403808131814003,0.05328278988599777,0.0539066344499588
954,0.024513471871614456,68.6615982055664,0.06487464904785156,0.02452710270881653,68.50328063964844,0.06605380028486252,0.05300954729318619,0.05406302586197853,0.05325201898813248,0.053906265646219254
955,0.02450849488377571,68.62470245361328,0.06485525518655777,0.02451852336525917,68.46024322509766,0.06603088229894638,0.05298331007361412,0.05403873696923256,0.05321628600358963,0.053897444158792496
956,0.024511132389307022,68.5658187866211,0.06482449918985367,0.024494623765349388,68.32764434814453,0.06596099585294724,0.05291346088051796,0.053938400000333786,0.05311691015958786,0.05391796678304672
957,0.024584706872701645,69.58841705322266,0.06534326076507568,0.024413136765360832,68.22080993652344,0.06590713560581207,0.05325794592499733,0.053483664989471436,0.054066311568021774,0.054318588227033615
958,0.02443358115851879,68.16122436523438,0.06461577862501144,0.024424433708190918,67.87494659423828,0.06572163850069046,0.052676308900117874,0.05357467010617256,0.052851736545562744,0.05366386100649834
959,0.024503657594323158,68.60140228271484,0.06484226137399673,0.02444315142929554,68.0508804321289,0.06581415235996246,0.052772004157304764,0.05372535437345505,0.05317763239145279,0.05392785370349884
960,0.024474570527672768,68.59591674804688,0.06483914703130722,0.02445502206683159,68.11302185058594,0.06584624201059341,0.05278341844677925,0.053802650421857834,0.053284917026758194,0.05383225157856941
961,0.024484241381287575,68.59904479980469,0.0648406445980072,0.02446986734867096,68.2511978149414,0.06591879576444626,0.05287552624940872,0.053906820714473724,0.05324438586831093,0.05388013273477554
962,0.02447652257978916,68.57008361816406,0.06482543796300888,0.02447248063981533,68.2884292602539,0.06593810021877289,0.05290142819285393,0.05393952131271362,0.05323009565472603,0.05386315658688545
963,0.024472422897815704,68.56190490722656,0.06482093781232834,0.024479301646351814,68.34191131591797,0.06596583873033524,0.05292684584856033,0.05399363860487938,0.053231481462717056,0.05385824665427208
964,0.02446957491338253,68.53465270996094,0.06480658054351807,0.02447979710996151,68.37738037109375,0.06598427146673203,0.052960339933633804,0.054017771035432816,0.053199660032987595,0.053858526051044464
965,0.024464594200253487,68.49734497070312,0.06478693336248398,0.024471033364534378,68.33226013183594,0.06596021354198456,0.05293263867497444,0.05399193987250328,0.05316324904561043,0.05384969711303711
966,0.024467354640364647,68.43807220458984,0.06475593894720078,0.024447128176689148,68.19931030273438,0.06589003652334213,0.052862826734781265,0.05389107018709183,0.05306288227438927,0.053870491683483124
967,0.024542316794395447,69.47013854980469,0.06527984142303467,0.024366600438952446,68.02911376953125,0.06580231338739395,0.053123779594898224,0.0534273125231266,0.054024338722229004,0.05427132919430733
968,0.024389922618865967,68.03288269042969,0.064546599984169,0.024377260357141495,67.74151611328125,0.06564760953187943,0.05262092128396034,0.05352409929037094,0.0527968592941761,0.05361513793468475
969,0.024460013955831528,68.47288513183594,0.06477323919534683,0.02439495362341404,67.91675567626953,0.06573985517024994,0.052718114107847214,0.053672485053539276,0.053122542798519135,0.05387981981039047
970,0.024431031197309494,68.47093963623047,0.06477192789316177,0.024406766518950462,67.97871398925781,0.06577185541391373,0.052729278802871704,0.053750135004520416,0.05323418229818344,0.05378464609384537
971,0.024440735578536987,68.47296905517578,0.064772829413414,0.02442135289311409,68.11591339111328,0.06584396213293076,0.05282106623053551,0.0538533516228199,0.053192123770713806,0.05383242294192314
972,0.024432986974716187,68.4449462890625,0.06475808471441269,0.02442425675690174,68.1537857055664,0.06586357206106186,0.05284665897488594,0.05388703942298889,0.05317920818924904,0.05381527543067932
973,0.024429121986031532,68.43754577636719,0.064753957092762,0.02443137764930725,68.20931243896484,0.06589240580797195,0.052873395383358,0.05394246429204941,0.05318062752485275,0.05381126329302788
974,0.024426283314824104,68.41131591796875,0.06474010646343231,0.02443242073059082,68.24726104736328,0.0659121498465538,0.05290776118636131,0.053968582302331924,0.0531502440571785,0.05381159111857414
975,0.024420857429504395,68.37710571289062,0.06472204625606537,0.024425815790891647,68.2145767211914,0.06589459627866745,0.05288630723953247,0.053953323513269424,0.05312005802989006,0.05380108207464218
976,0.024421002715826035,68.32437133789062,0.0646943673491478,0.02440621145069599,68.10163879394531,0.06583483517169952,0.05282185599207878,0.05387341231107712,0.05304090678691864,0.05381093919277191
977,0.024500345811247826,69.10789489746094,0.065094493329525,0.024348808452486992,69.6770248413086,0.06666745245456696,0.0553302988409996,0.05366219952702522,0.05369289964437485,0.05419694259762764
978,0.024354539811611176,68.01956939697266,0.06453660130500793,0.02433585189282894,67.765869140625,0.06565775722265244,0.052741266787052155,0.05351956561207771,0.052858997136354446,0.05360446870326996
979,0.02440299093723297,68.40322875976562,0.0647343173623085,0.024367092177271843,67.87377166748047,0.06571303308010101,0.05267928168177605,0.053724247962236404,0.053207479417324066,0.05378109589219093
980,0.024396151304244995,68.33873748779297,0.06470094621181488,0.024376584216952324,67.9878921508789,0.06577320396900177,0.05277242138981819,0.05379620939493179,0.05313755199313164,0.05376942455768585
981,0.024395132437348366,68.3401870727539,0.06470135599374771,0.02438325621187687,68.04335021972656,0.06580206751823425,0.05280071124434471,0.053850214928388596,0.053139589726924896,0.053775854408741
982,0.024390673264861107,68.3223876953125,0.06469185650348663,0.02438884973526001,68.09644317626953,0.06582968682050705,0.05283280462026596,0.05389750003814697,0.05312887206673622,0.05376969277858734
983,0.02438724786043167,68.2996597290039,0.06467977911233902,0.02439027465879917,68.12786102294922,0.06584595143795013,0.052857037633657455,0.05392393842339516,0.05310676246881485,0.053766947239637375
984,0.02438259683549404,68.26779174804688,0.06466291099786758,0.024385778233408928,68.11151123046875,0.06583700329065323,0.05284728482365608,0.05391929671168327,0.05307741463184357,0.05375867709517479
985,0.02438289113342762,68.21529388427734,0.06463532894849777,0.024367118254303932,68.01119995117188,0.06578385829925537,0.05279582738876343,0.05384434014558792,0.052998170256614685,0.053768862038850784
986,0.024457424879074097,68.82994842529297,0.06495076417922974,0.0243297778069973,70.39988708496094,0.06704138219356537,0.05630716308951378,0.05377206578850746,0.05345939099788666,0.054121386259794235
987,0.02432442270219326,68.00017547607422,0.06452350318431854,0.024298546835780144,67.75055694580078,0.06564681977033615,0.05281137675046921,0.053501199930906296,0.052903395146131516,0.053595270961523056
988,0.024355506524443626,68.3423843383789,0.06469991058111191,0.024334577843546867,67.76908111572266,0.065653957426548,0.05260532349348068,0.0537186935544014,0.05327135697007179,0.05370236560702324
989,0.02436865121126175,68.22335052490234,0.06463872641324997,0.02434328757226467,67.96885681152344,0.0657600536942482,0.05281331017613411,0.0537993498146534,0.05304337665438652,0.053765200078487396
990,0.024353034794330597,68.21330261230469,0.06463299691677094,0.024340739473700523,67.91246795654297,0.06572957336902618,0.052743081003427505,0.053796373307704926,0.053089894354343414,0.053716935217380524
991,0.02435229904949665,68.22147369384766,0.06463692337274551,0.02435537800192833,68.0125503540039,0.06578190624713898,0.05278967693448067,0.05389147251844406,0.05310111865401268,0.05372382700443268
992,0.024353377521038055,68.18082427978516,0.06461561471223831,0.024350330233573914,68.04924011230469,0.06580127775669098,0.05285327881574631,0.053890008479356766,0.05303294584155083,0.05373946949839592
993,0.024342499673366547,68.14241027832031,0.06459522247314453,0.024338530376553535,67.94064331054688,0.06574336439371109,0.05275825411081314,0.053842008113861084,0.05302109569311142,0.05370711907744408
994,0.02434198185801506,68.09940338134766,0.06457250565290451,0.024324020370841026,67.83783721923828,0.06568863242864609,0.052682969719171524,0.05378440394997597,0.05296086147427559,0.05371225252747536
995,0.024437982589006424,69.08826446533203,0.06507617980241776,0.024244923144578934,68.04934692382812,0.06580361723899841,0.05344986170530319,0.053358908742666245,0.053804319351911545,0.05417083948850632
996,0.024269575253129005,67.6938705444336,0.06436239928007126,0.024252036586403847,67.42304229736328,0.06546872854232788,0.05252208188176155,0.053398456424474716,0.052668098360300064,0.05347749590873718
997,0.024336552247405052,68.12223815917969,0.06458370387554169,0.0242743082344532,67.6129150390625,0.06556864827871323,0.052602820098400116,0.05358210206031799,0.05299252271652222,0.05373251810669899
998,0.024313224479556084,68.12329864501953,0.06458386033773422,0.024283336475491524,67.65878295898438,0.06559225916862488,0.052606236189603806,0.05364585667848587,0.05308262258768082,0.053658537566661835
999,0.024321770295500755,68.12493896484375,0.06458454579114914,0.024296322837471962,67.7860107421875,0.06565927714109421,0.05269169807434082,0.05374159663915634,0.05304485559463501,0.05370152369141579
