epoch,cotBeta_mae_metric,loss,slim_rmse_metric,val_cotBeta_mae_metric,val_loss,val_slim_rmse_metric,val_x_mae_metric,val_y_mae_metric,x_mae_metric,y_mae_metric
0,0.334857702255249,2853.76513671875,0.43038469552993774,0.23365601897239685,1309.5321044921875,0.30054253339767456,0.2328645884990692,0.2577073276042938,0.3567211329936981,0.38852718472480774
1,0.12737223505973816,839.5322875976562,0.23474545776844025,0.10043662786483765,619.9395751953125,0.20635007321834564,0.1683104932308197,0.1883496195077896,0.19057631492614746,0.218134805560112
2,0.09768185019493103,582.63134765625,0.19643491506576538,0.09547393769025803,529.7899169921875,0.19075170159339905,0.15505456924438477,0.16648812592029572,0.1602853238582611,0.17558862268924713
3,0.09470073133707047,511.5379333496094,0.18396219611167908,0.09345213323831558,469.69171142578125,0.17955279350280762,0.1439201831817627,0.15361997485160828,0.14853297173976898,0.15985457599163055
4,0.09264679253101349,445.8927307128906,0.1715906411409378,0.09123081713914871,398.2798156738281,0.16517244279384613,0.1327296793460846,0.13647285103797913,0.13757441937923431,0.14536480605602264
5,0.08966512233018875,357.93206787109375,0.15338651835918427,0.08782356232404709,298.111328125,0.1425045281648636,0.11504869908094406,0.10648055374622345,0.12393856048583984,0.1223178580403328
6,0.08695753663778305,267.910888671875,0.1323637217283249,0.08523525297641754,236.8565216064453,0.1266181468963623,0.09943880140781403,0.08920111507177353,0.10610967129468918,0.09530503302812576
7,0.08406946063041687,226.78964233398438,0.12156905233860016,0.0822557806968689,211.11492919921875,0.11933008581399918,0.09166060388088226,0.08391169458627701,0.09474138915538788,0.08574328571557999
8,0.0813370943069458,206.30538940429688,0.11578776687383652,0.07966385781764984,195.6216583251953,0.11473406851291656,0.08715102821588516,0.08073709160089493,0.08864357322454453,0.0816052034497261
9,0.07898148149251938,192.63829040527344,0.11175692081451416,0.07743978500366211,184.28160095214844,0.11124583333730698,0.08394529670476913,0.07848440110683441,0.084659144282341,0.07889261096715927
10,0.07689114660024643,182.21981811523438,0.10857923328876495,0.0754498690366745,175.32789611816406,0.10840456932783127,0.0814567282795906,0.0768200159072876,0.08164310455322266,0.07694640755653381
11,0.07493381947278976,173.81703186035156,0.1059437021613121,0.07353077828884125,167.93251037597656,0.10599565505981445,0.0794929787516594,0.07551553100347519,0.07927573472261429,0.0754864439368248
12,0.0729849562048912,166.76226806640625,0.1036769449710846,0.07158120721578598,161.5609588623047,0.103873111307621,0.07791633903980255,0.07442953437566757,0.07741781324148178,0.07433756440877914
13,0.07094809412956238,160.5952911376953,0.10165218263864517,0.06952961534261703,155.8616943359375,0.10193641483783722,0.07663452625274658,0.07349156588315964,0.07595491409301758,0.07338123768568039
14,0.06876006722450256,155.0179443359375,0.09978434443473816,0.06731406599283218,150.6169891357422,0.10012071579694748,0.07558881491422653,0.0726555660367012,0.07480327785015106,0.07254844158887863
15,0.06640308350324631,149.8706512451172,0.0980275422334671,0.0649343952536583,145.71337890625,0.09839224815368652,0.07469666004180908,0.07189399749040604,0.0739000141620636,0.07180653512477875
16,0.06392406672239304,145.1134033203125,0.0963737741112709,0.06246150657534599,141.15269470214844,0.09675561636686325,0.07388235628604889,0.07119645923376083,0.0731925368309021,0.07113397121429443
17,0.06143920496106148,140.782958984375,0.09484170377254486,0.06006462499499321,137.00531005859375,0.09524254500865936,0.07312823086977005,0.07055036723613739,0.07261883467435837,0.070511594414711
18,0.05908616632223129,136.9095916748047,0.09344954788684845,0.05785099044442177,133.3077392578125,0.09387336671352386,0.07242342084646225,0.06994695961475372,0.07211310416460037,0.06992414593696594
19,0.05694826319813728,133.47811889648438,0.0921986997127533,0.05585995316505432,130.05479431152344,0.09265278279781342,0.07178548723459244,0.06938384473323822,0.07163184881210327,0.06936760246753693
20,0.05504785478115082,130.4413299560547,0.09107749164104462,0.05408637598156929,127.17890167236328,0.09156013280153275,0.07118433713912964,0.06885504722595215,0.07115889340639114,0.06884489953517914
21,0.05336019769310951,127.74943542480469,0.0900716781616211,0.05250419303774834,124.62666320800781,0.09057935327291489,0.07061433792114258,0.06836730986833572,0.0706968829035759,0.06835906207561493
22,0.05185805633664131,125.3472900390625,0.08916451781988144,0.05109472945332527,122.34469604492188,0.08969321101903915,0.07007817178964615,0.06792058050632477,0.07025190442800522,0.06790974736213684
23,0.05051840841770172,123.19341278076172,0.08834312111139297,0.049830611795186996,120.28854370117188,0.08888713270425797,0.0695706382393837,0.06751241534948349,0.06982925534248352,0.06749708205461502
24,0.049320317804813385,121.25299072265625,0.08759646862745285,0.04869592562317848,118.43182373046875,0.08815252035856247,0.06909944862127304,0.06713692098855972,0.06942999362945557,0.06711668521165848
25,0.0482456237077713,119.49333190917969,0.08691372722387314,0.04767540469765663,116.7530288696289,0.08748264610767365,0.06866749376058578,0.0667918473482132,0.06905081123113632,0.06676490604877472
26,0.047275591641664505,117.89034271240234,0.08628688007593155,0.046760883182287216,115.22301483154297,0.08686738461256027,0.06826356053352356,0.06647154688835144,0.06869197636842728,0.06643743813037872
27,0.04640281945466995,116.42743682861328,0.08571072667837143,0.04593532159924507,113.81851196289062,0.0862983986735344,0.06788080185651779,0.06617230921983719,0.06835630536079407,0.06613145768642426
28,0.045616213232278824,115.08601379394531,0.085178904235363,0.04518449306488037,112.53022003173828,0.08577294647693634,0.06752493232488632,0.06589125841856003,0.06804197281599045,0.06584393233060837
29,0.04490479454398155,113.84525299072266,0.08468393981456757,0.04450263828039169,111.34722900390625,0.08528745174407959,0.06719771772623062,0.06562639027833939,0.06774033606052399,0.06557132303714752
30,0.044258080422878265,112.69609069824219,0.08422282338142395,0.043878793716430664,110.2458267211914,0.08483276516199112,0.06688243895769119,0.06537462025880814,0.06745597720146179,0.06531255692243576
31,0.04366765543818474,111.62773895263672,0.08379187434911728,0.043305523693561554,109.22144317626953,0.08440779149532318,0.06658578664064407,0.06513559073209763,0.06718802452087402,0.06506632268428802
32,0.04312260448932648,110.62016296386719,0.08338351547718048,0.04278102517127991,108.27235412597656,0.08401202410459518,0.0663149431347847,0.06490931659936905,0.06692659854888916,0.06483108550310135
33,0.042617317289114,109.6761474609375,0.08299899846315384,0.04228995367884636,107.36922454833984,0.0836336612701416,0.06604626774787903,0.0646943673491478,0.06668242812156677,0.06460622698068619
34,0.042147669941186905,108.78804779052734,0.08263552188873291,0.04183129593729973,106.52265167236328,0.08327724039554596,0.06579925864934921,0.06448836624622345,0.0664530098438263,0.06439083814620972
35,0.0417034737765789,107.93524932861328,0.08228494971990585,0.0414007194340229,105.72592163085938,0.08294036239385605,0.06557273119688034,0.06429002434015274,0.06622353196144104,0.0641830787062645
36,0.04128457233309746,107.13848114013672,0.08195587992668152,0.04098796844482422,104.95255279541016,0.08261217176914215,0.06533817201852798,0.0641007348895073,0.06601834297180176,0.06398387998342514
37,0.040888357907533646,106.36835479736328,0.08163659274578094,0.04059833288192749,104.23590850830078,0.08230690658092499,0.06514311581850052,0.06391362100839615,0.06581036746501923,0.06379051506519318
38,0.04050862416625023,105.6339111328125,0.08133100718259811,0.04022418335080147,103.53370666503906,0.08200683444738388,0.06493058800697327,0.06373677402734756,0.06561298668384552,0.06360510736703873
39,0.0401514396071434,104.939697265625,0.08104096353054047,0.03986462578177452,102.8683853149414,0.08172141760587692,0.06474390625953674,0.06356091797351837,0.06543204933404922,0.06342370808124542
40,0.039805322885513306,104.25106048583984,0.08075234293937683,0.039523396641016006,102.2335205078125,0.08144812285900116,0.0645681694149971,0.06339039653539658,0.06523524969816208,0.06324703991413116
41,0.03947941213846207,103.62018585205078,0.08048675209283829,0.039191197603940964,101.60345458984375,0.08117599040269852,0.06437332183122635,0.06322744488716125,0.06507586687803268,0.06307853758335114
42,0.039164356887340546,102.98236846923828,0.08021751791238785,0.038876377046108246,101.02229309082031,0.08092407137155533,0.064230777323246,0.06305734068155289,0.06489311158657074,0.06290968507528305
43,0.038858938962221146,102.3879623413086,0.07996566593647003,0.0385732464492321,100.43186950683594,0.08066750317811966,0.06403864920139313,0.06290463358163834,0.06473395228385925,0.062753826379776
44,0.038572732359170914,101.8156967163086,0.0797223299741745,0.03828316554427147,99.88472747802734,0.08042873442173004,0.06389737874269485,0.06274186819791794,0.06458388268947601,0.06259457767009735
45,0.038287609815597534,101.23754119873047,0.07947595417499542,0.03800913691520691,99.35189819335938,0.08019556850194931,0.06374107301235199,0.06259109079837799,0.06440842151641846,0.06244413182139397
46,0.038026172667741776,100.72772979736328,0.07925750315189362,0.03774290904402733,98.82421112060547,0.0799637958407402,0.06357283890247345,0.0624447837471962,0.06428615748882294,0.062298379838466644
47,0.03776825591921806,100.18364715576172,0.07902419567108154,0.03749273344874382,98.34613037109375,0.0797530934214592,0.06345997005701065,0.06229083985090256,0.06411740183830261,0.062149278819561005
48,0.037524811923503876,99.69712829589844,0.07881457358598709,0.037250690162181854,97.84821319580078,0.07953314483165741,0.06328288465738297,0.06215763837099075,0.06398627907037735,0.06201466917991638
49,0.037299491465091705,99.22209167480469,0.07860928028821945,0.03702279552817345,97.39616394042969,0.07933247834444046,0.06316512078046799,0.06201079487800598,0.06385773420333862,0.06187330186367035
50,0.03707382455468178,98.73469543457031,0.07839828729629517,0.03680938482284546,96.95549774169922,0.07913634926080704,0.06303079426288605,0.061876557767391205,0.06369878351688385,0.06174115091562271
51,0.03687099739909172,98.31620788574219,0.07821609824895859,0.03660291060805321,96.51350402832031,0.0789390578866005,0.06287609785795212,0.06174864619970322,0.06359592825174332,0.06161445379257202
52,0.03667110204696655,97.8619613647461,0.07801838219165802,0.03641181066632271,96.11747741699219,0.07876157015562057,0.06277727335691452,0.06160977482795715,0.063447967171669,0.06148260831832886
53,0.03648010641336441,97.44831085205078,0.07783767580986023,0.036227356642484665,95.70478820800781,0.07857628166675568,0.06262307614088058,0.06149229407310486,0.06332286447286606,0.061365269124507904
54,0.03630554676055908,97.0580825805664,0.07766658067703247,0.0360516719520092,95.32051849365234,0.0784030556678772,0.0625048354268074,0.06136491522192955,0.06321535259485245,0.06124328449368477
55,0.036128971725702286,96.64238739013672,0.07748433947563171,0.03588768094778061,94.9565658569336,0.0782385841012001,0.06239444017410278,0.0612429603934288,0.06306827068328857,0.06112626940011978
56,0.035968758165836334,96.28436279296875,0.07732650637626648,0.03572795167565346,94.58143615722656,0.07806868851184845,0.06224742531776428,0.06113486364483833,0.06296733021736145,0.06101778894662857
57,0.03581538423895836,95.91126251220703,0.07716190814971924,0.035577718168497086,94.24028015136719,0.07791350781917572,0.06214819476008415,0.06101342290639877,0.06284661591053009,0.060902584344148636
58,0.035663947463035583,95.54322052001953,0.07699929177761078,0.035434797406196594,93.89718627929688,0.07775729894638062,0.062021564692258835,0.06090719625353813,0.06271583586931229,0.06079758703708649
59,0.0355275496840477,95.21534729003906,0.07685373723506927,0.03529663011431694,93.55992126464844,0.07760323584079742,0.06189421936869621,0.06080200523138046,0.06262005120515823,0.06069337949156761
60,0.03539075329899788,94.86196899414062,0.07669682800769806,0.03516646847128868,93.24784088134766,0.07746011763811111,0.06179811432957649,0.06068979948759079,0.062491003423929214,0.06058746576309204
61,0.03526042029261589,94.53609466552734,0.07655160129070282,0.03504074364900589,92.92662048339844,0.0773126482963562,0.061666689813137054,0.06059345602989197,0.06237846612930298,0.060490645468235016
62,0.035139571875333786,94.22439575195312,0.07641220837831497,0.034920185804367065,92.6211929321289,0.07717175036668777,0.061556898057460785,0.06048903986811638,0.06227776035666466,0.06039002910256386
63,0.03501686453819275,93.89530181884766,0.07626493275165558,0.034806303679943085,92.32860565185547,0.07703624665737152,0.06145430728793144,0.06038700416684151,0.06214893236756325,0.060292940586805344
64,0.03490334004163742,93.60050201416016,0.07613222301006317,0.0346953347325325,92.02906036376953,0.07689720392227173,0.061326008290052414,0.06029608100652695,0.062047261744737625,0.060201458632946014
65,0.03479405492544174,93.30101776123047,0.07599711418151855,0.03458896651864052,91.74842071533203,0.0767662450671196,0.06122557073831558,0.06019491329789162,0.061938297003507614,0.06010546535253525
66,0.034683872014284134,92.99626159667969,0.07585936784744263,0.03448686748743057,91.46929931640625,0.07663571834564209,0.06111331656575203,0.06010156124830246,0.061813972890377045,0.06001507118344307
67,0.03458302468061447,92.7223892211914,0.0757347121834755,0.034387387335300446,91.18922424316406,0.07650436460971832,0.06099015846848488,0.06001277640461922,0.06171702221035957,0.05992608517408371
68,0.03448270633816719,92.43233489990234,0.07560274749994278,0.03429253771901131,90.92636108398438,0.07638052850961685,0.06089245155453682,0.05991504713892937,0.06159955635666847,0.05983436480164528
69,0.034384071826934814,92.15103912353516,0.07547423988580704,0.03420020267367363,90.65885925292969,0.07625420391559601,0.0607718750834465,0.059829048812389374,0.06148191913962364,0.05974886193871498
70,0.03429329767823219,91.88999938964844,0.07535431534051895,0.03411122411489487,90.39698791503906,0.07613001763820648,0.06065502017736435,0.0597410723567009,0.061383090913295746,0.05966208502650261
71,0.03420053794980049,91.60980987548828,0.07522560656070709,0.034026019275188446,90.14830017089844,0.07601147890090942,0.06055432930588722,0.05964736267924309,0.06125863641500473,0.05957542359828949
72,0.03411287069320679,91.3509750366211,0.07510591298341751,0.033943116664886475,89.89346313476562,0.07588981837034225,0.06042680889368057,0.05956760048866272,0.061148155480623245,0.059494566172361374
73,0.03403016924858093,91.09847259521484,0.07498875260353088,0.03386310860514641,89.65036010742188,0.07577318698167801,0.06031682342290878,0.05948058143258095,0.06104399636387825,0.05941001698374748
74,0.033944450318813324,90.82937622070312,0.0748639702796936,0.03378564864397049,89.41319274902344,0.07565910369157791,0.060210052877664566,0.05939348787069321,0.060914818197488785,0.0593290850520134
75,0.03386571258306503,90.58941650390625,0.07475177943706512,0.03371027484536171,89.17115783691406,0.07554250210523605,0.06007956340909004,0.05931980162858963,0.060811545699834824,0.05925178527832031
76,0.03378778696060181,90.34024047851562,0.07463525235652924,0.03363747149705887,88.94667053222656,0.07543369382619858,0.05997995287179947,0.059233713895082474,0.06069821119308472,0.059170518070459366
77,0.033707812428474426,90.08546447753906,0.07451596111059189,0.03356578201055527,88.7185287475586,0.07532302290201187,0.0598636269569397,0.059158120304346085,0.0605696476995945,0.0590960793197155
78,0.03363707661628723,89.86509704589844,0.0744117870926857,0.033497728407382965,88.49555969238281,0.07521454244852066,0.059738099575042725,0.05909495800733566,0.060477230697870255,0.05902131646871567
79,0.03356136754155159,89.614501953125,0.07429387420415878,0.033431313931941986,88.28561401367188,0.0751117691397667,0.05964689701795578,0.05901066213846207,0.06035071611404419,0.0589439794421196
80,0.03348810598254204,89.38077545166016,0.07418322563171387,0.033365342766046524,88.06488800048828,0.07500390708446503,0.05951521173119545,0.05895277485251427,0.06023120880126953,0.058876849710941315
81,0.03342391550540924,89.17503356933594,0.07408491522073746,0.03330580145120621,87.871826171875,0.0749085545539856,0.05940563231706619,0.05889954790472984,0.060147956013679504,0.058801908046007156
82,0.03334664925932884,88.91512298583984,0.07396206259727478,0.033239610493183136,87.65653991699219,0.0748026892542839,0.0593145526945591,0.05880286172032356,0.059999994933605194,0.05872941017150879
83,0.03328227624297142,88.71856689453125,0.07386745512485504,0.03318623825907707,87.47442626953125,0.07471238821744919,0.05917434021830559,0.05878996104001999,0.059904444962739944,0.05867450311779976
84,0.033232927322387695,88.52227783203125,0.07377295941114426,0.033146824687719345,87.34994506835938,0.07464864104986191,0.05908212065696716,0.058787621557712555,0.059849534183740616,0.05857180431485176
85,0.03313621133565903,88.23599243164062,0.07363732159137726,0.03302224725484848,86.8406982421875,0.07440479099750519,0.058903392404317856,0.058468274772167206,0.05963677912950516,0.05853784456849098
86,0.03309265151619911,88.04420471191406,0.07354411482810974,0.03297608345746994,86.70824432373047,0.0743381604552269,0.05876424163579941,0.058504946529865265,0.059265755116939545,0.05872707813978195
87,0.033148206770420074,88.35281372070312,0.0736762285232544,0.03292315825819969,86.54365539550781,0.07425468415021896,0.058641571551561356,0.05850961431860924,0.060025207698345184,0.058390501886606216
88,0.032936036586761475,87.22810363769531,0.07316218316555023,0.03289896994829178,86.5040054321289,0.07423188537359238,0.058797065168619156,0.05843063071370125,0.05890253931283951,0.05827251076698303
89,0.032988354563713074,88.13243103027344,0.07356669753789902,0.03282012790441513,86.26408386230469,0.07411298900842667,0.05847841501235962,0.0584738664329052,0.059872183948755264,0.05843644589185715
90,0.032818105071783066,86.82307434082031,0.07296589016914368,0.032788559794425964,86.24279022216797,0.07409880310297012,0.05862116441130638,0.05841941758990288,0.058705054223537445,0.058128125965595245
91,0.03284629061818123,87.66293334960938,0.07334362715482712,0.03272780030965805,86.05784606933594,0.07400532811880112,0.058329857885837555,0.05850016698241234,0.05961095169186592,0.0582992322742939
92,0.032714925706386566,86.44424438476562,0.07278100401163101,0.03267804905772209,85.73771667480469,0.07385054975748062,0.05830540135502815,0.058220960199832916,0.058492835611104965,0.058019813150167465
93,0.032705776393413544,86.78870391845703,0.07293318212032318,0.03268918767571449,86.87889099121094,0.07437508553266525,0.05986962839961052,0.05808909609913826,0.05865643545985222,0.058347005397081375
94,0.032628655433654785,86.65866088867188,0.0728675127029419,0.032575108110904694,85.3331298828125,0.07364886999130249,0.058058448135852814,0.05807724595069885,0.05889356508851051,0.05803065001964569
95,0.03268216550350189,86.7369613647461,0.07289700955152512,0.03257901221513748,86.00382232666016,0.07395851612091064,0.05864148586988449,0.058455970138311386,0.059081606566905975,0.05794353038072586
96,0.032510388642549515,85.74835205078125,0.07243984192609787,0.03248855844140053,85.24866485595703,0.07359988242387772,0.05801545828580856,0.05815866217017174,0.05814352631568909,0.05780206620693207
97,0.032537791877985,86.64164733886719,0.07284319400787354,0.03252062946557999,85.78712463378906,0.07384787499904633,0.057928603142499924,0.05893772095441818,0.05902756378054619,0.05806420370936394
98,0.0324111208319664,85.37313842773438,0.0722564235329628,0.032381411641836166,84.63619995117188,0.07330005615949631,0.057637084275484085,0.0578635111451149,0.05789705738425255,0.057725537568330765
99,0.032409023493528366,85.57674407958984,0.07234550267457962,0.032334472984075546,84.7121810913086,0.07332919538021088,0.05791640281677246,0.05767395719885826,0.05789072439074516,0.0580284409224987
100,0.03234780207276344,85.69529724121094,0.0723942294716835,0.03228781372308731,84.32565307617188,0.07314305007457733,0.0574265792965889,0.05779268965125084,0.058369457721710205,0.05779076740145683
101,0.03240860998630524,85.8227767944336,0.07244669646024704,0.03228496387600899,84.85982513427734,0.07339080423116684,0.05788526311516762,0.05813465267419815,0.058630622923374176,0.057669747620821
102,0.03221997991204262,84.71195983886719,0.07193125784397125,0.0322122648358345,84.22187805175781,0.07308574765920639,0.05737695097923279,0.057854581624269485,0.057549696415662766,0.05752093717455864
103,0.032227616757154465,85.00389099121094,0.07206185162067413,0.03219952434301376,85.38444519042969,0.07362531125545502,0.05886487290263176,0.057887621223926544,0.057557474821805954,0.05792750418186188
104,0.03214885666966438,85.16275787353516,0.07212850451469421,0.03211825340986252,83.75975036621094,0.0728561282157898,0.05712439864873886,0.05762726813554764,0.05810452252626419,0.05765535309910774
105,0.03219534084200859,84.9605712890625,0.07203133404254913,0.03213809058070183,84.54484558105469,0.07322485744953156,0.05790569260716438,0.05798261612653732,0.05806870013475418,0.05745170637965202
106,0.032055724412202835,84.16521453857422,0.07165950536727905,0.032061126083135605,83.971435546875,0.07295011729001999,0.057334065437316895,0.057852357625961304,0.05729177966713905,0.05735601484775543
107,0.03206664323806763,84.84680938720703,0.0719727873802185,0.03203814476728439,83.76334381103516,0.07284678518772125,0.056895818561315536,0.058004435151815414,0.05793628841638565,0.057620108127593994
108,0.03198908269405365,83.87328338623047,0.07151477783918381,0.03200095146894455,83.46329498291016,0.07269901782274246,0.057192202657461166,0.057463616132736206,0.05708257108926773,0.05731981620192528
109,0.03204500675201416,84.74725341796875,0.07191601395606995,0.03204014152288437,84.56116485595703,0.07321872562170029,0.05720466747879982,0.0588669590651989,0.05794034153223038,0.05757501348853111
110,0.031866252422332764,83.51292419433594,0.0713384672999382,0.031869903206825256,83.05879974365234,0.07249905914068222,0.05669195577502251,0.0575287826359272,0.056867849081754684,0.057232875376939774
111,0.031877003610134125,83.80315399169922,0.07147001475095749,0.031857214868068695,83.85149383544922,0.07286868989467621,0.05784926190972328,0.05738237127661705,0.05688055604696274,0.05762716382741928
112,0.031805381178855896,83.90413665771484,0.07151170074939728,0.03178310766816139,82.70777893066406,0.07232294231653214,0.05653023347258568,0.0573563277721405,0.057395800948143005,0.05731429159641266
113,0.031861934810876846,83.89089965820312,0.07150284945964813,0.03176861256361008,83.12740325927734,0.07252097129821777,0.05680343881249428,0.05770984664559364,0.057524751871824265,0.05717083066701889
114,0.03170808404684067,82.96171569824219,0.07106554508209229,0.03171612694859505,82.75409698486328,0.07234002649784088,0.05659925565123558,0.05748668313026428,0.05658531188964844,0.05706559121608734
115,0.0317336730659008,83.81619262695312,0.07146331667900085,0.03176981583237648,82.93212890625,0.07242260873317719,0.05624061077833176,0.05801079049706459,0.05740300938487053,0.05737580358982086
116,0.03164035454392433,82.6998062133789,0.07093560695648193,0.0316346175968647,82.24784088134766,0.0720897763967514,0.056372277438640594,0.05717416852712631,0.056417882442474365,0.057021379470825195
117,0.031663279980421066,82.78179168701172,0.07097066193819046,0.03155053034424782,81.83937072753906,0.07188897579908371,0.05599074438214302,0.05702076107263565,0.05626748129725456,0.05728808045387268
118,0.031569261103868484,83.55146789550781,0.0713222324848175,0.031529076397418976,81.84651184082031,0.07188999652862549,0.05593102052807808,0.057151634246110916,0.05731078237295151,0.05733431503176689
119,0.031556811183691025,82.59239196777344,0.0708756223320961,0.03159642964601517,82.98433685302734,0.07243544608354568,0.05735078454017639,0.05737880617380142,0.05655015632510185,0.056920211762189865
120,0.031519435346126556,82.62696075439453,0.07089011371135712,0.03153223171830177,82.89527893066406,0.0723922848701477,0.056608278304338455,0.05801088735461235,0.05668123438954353,0.05690331757068634
121,0.03144005686044693,82.56290435791016,0.07085750252008438,0.03155102953314781,82.9947738647461,0.07243818789720535,0.05636816471815109,0.05838445946574211,0.05657161772251129,0.057031676173210144
122,0.03142112120985985,82.17887115478516,0.07067277282476425,0.031449854373931885,82.24401092529297,0.07207309454679489,0.05677986890077591,0.05715465918183327,0.05630742385983467,0.05685005336999893
123,0.031465087085962296,82.1669921875,0.07066350430250168,0.03130342438817024,81.10646057128906,0.07151912152767181,0.05555123835802078,0.05685722082853317,0.05599861592054367,0.05713209509849548
124,0.03131623938679695,82.51319885253906,0.07082124054431915,0.03129511699080467,81.20360565185547,0.07156479358673096,0.055541519075632095,0.05704116076231003,0.056562602519989014,0.057162534445524216
125,0.03131583333015442,81.98754119873047,0.07057341188192368,0.03137747570872307,83.24617004394531,0.07254792004823685,0.05776097625494003,0.0576779879629612,0.05633575841784477,0.05674458667635918
126,0.031241733580827713,81.69583129882812,0.07043453305959702,0.031261835247278214,81.78406524658203,0.071844182908535,0.05600009486079216,0.05750993639230728,0.05610808730125427,0.056689005345106125
127,0.031217239797115326,82.04285430908203,0.07059700042009354,0.03135373815894127,81.95549774169922,0.07192562520503998,0.055555470287799835,0.05809545889496803,0.0563272088766098,0.05698619782924652
128,0.031205028295516968,81.35302734375,0.0702660009264946,0.031245073303580284,81.30650329589844,0.07160665839910507,0.05620536208152771,0.056829337030649185,0.05576528236269951,0.056692495942115784
129,0.031222043558955193,81.51133728027344,0.07033976912498474,0.031224902719259262,83.05818939208984,0.07245249301195145,0.0571121871471405,0.05827948451042175,0.05587180703878403,0.05680481344461441
130,0.03107493557035923,81.56761169433594,0.07036317884922028,0.031084490939974785,80.78278350830078,0.07135087996721268,0.055267177522182465,0.0570945218205452,0.05611298605799675,0.056787341833114624
131,0.031084757298231125,80.95634460449219,0.07007073611021042,0.03101341985166073,80.36553955078125,0.07114346325397491,0.05525995045900345,0.05667788162827492,0.05534597858786583,0.0567740797996521
132,0.03109539858996868,82.00384521484375,0.07055742293596268,0.030988024547696114,80.27558898925781,0.07109665125608444,0.05501225218176842,0.05675303190946579,0.05652100220322609,0.05697634443640709
133,0.030936235561966896,80.56773376464844,0.06988123059272766,0.030945969745516777,80.55746459960938,0.07123580574989319,0.05533934757113457,0.05694018676877022,0.055328119546175,0.05645238980650902
134,0.03098512627184391,81.27336883544922,0.07021550089120865,0.03104018233716488,81.27946472167969,0.07158677279949188,0.05539059266448021,0.05781541019678116,0.05616534873843193,0.056549329310655594
135,0.03087220899760723,80.36949157714844,0.06978302448987961,0.030865730717778206,80.33177185058594,0.07112327963113785,0.055233292281627655,0.056861989200115204,0.05522691085934639,0.05642496049404144
136,0.030983634293079376,80.67080688476562,0.06992495059967041,0.030822310596704483,80.255615234375,0.07108379900455475,0.05531686544418335,0.05675525590777397,0.0553632490336895,0.05663987249135971
137,0.030833721160888672,81.13096618652344,0.07013989239931107,0.030823510140180588,79.93619537353516,0.07092686742544174,0.05476163700222969,0.056826360523700714,0.055925432592630386,0.056825168430805206
138,0.030758200213313103,80.00927734375,0.06960496306419373,0.03076672926545143,80.33702087402344,0.0711224302649498,0.05535794422030449,0.05692216381430626,0.05502292141318321,0.056337639689445496
139,0.03078722022473812,80.74583435058594,0.0699554830789566,0.030836785212159157,80.21052551269531,0.0710601955652237,0.054750390350818634,0.05726426839828491,0.05582914501428604,0.0565335750579834
140,0.03074764832854271,79.96331024169922,0.06957907229661942,0.03071889467537403,80.1469955444336,0.07102607935667038,0.05561031773686409,0.05656534060835838,0.05503794178366661,0.0563540980219841
141,0.030751273036003113,80.71552276611328,0.0699387714266777,0.030806737020611763,80.21336364746094,0.07105939835309982,0.05465390905737877,0.057436078786849976,0.05578285828232765,0.05664404109120369
142,0.03062043897807598,79.61048889160156,0.06940654665231705,0.03060278668999672,79.77782440185547,0.0708443894982338,0.055036723613739014,0.05670935660600662,0.05485883355140686,0.056222427636384964
143,0.030658047646284103,80.40924835205078,0.06978919357061386,0.030967410653829575,81.17170715332031,0.07152582705020905,0.05472281575202942,0.05862672999501228,0.05569856986403465,0.056460700929164886
144,0.03055880218744278,79.45088958740234,0.0693267434835434,0.030528629198670387,79.4827880859375,0.07069796323776245,0.05478069558739662,0.05665832385420799,0.05475327745079994,0.05624167248606682
145,0.030650032684206963,79.86347961425781,0.06952394545078278,0.03058585152029991,80.86614227294922,0.07137466967105865,0.05582635849714279,0.0575249120593071,0.055206988006830215,0.0563008151948452
146,0.03048444166779518,79.78252410888672,0.06948379427194595,0.030563147738575935,79.63972473144531,0.07077471911907196,0.05453597754240036,0.057111114263534546,0.05512614548206329,0.05644112080335617
147,0.03047974966466427,79.44733428955078,0.0693209171295166,0.03052823804318905,81.02872467041016,0.07145307958126068,0.056114327162504196,0.05756955221295357,0.05505289137363434,0.05609911307692528
148,0.030444763600826263,79.51567077636719,0.06935349851846695,0.030563799664378166,79.8348388671875,0.07086990028619766,0.0545259490609169,0.05744428560137749,0.054892051964998245,0.05643356963992119
149,0.030480049550533295,79.48881530761719,0.06933698803186417,0.030370961874723434,79.56082916259766,0.07073331624269485,0.055254191160202026,0.05660788342356682,0.055211879312992096,0.05606765300035477
150,0.03041711635887623,79.12596893310547,0.06916177272796631,0.030268294736742973,78.41181182861328,0.07016129791736603,0.05413292720913887,0.05618222802877426,0.054435137659311295,0.05643998086452484
151,0.030312687158584595,79.2379379272461,0.06921359151601791,0.03030947409570217,78.59056091308594,0.07025311142206192,0.05410913750529289,0.056424837559461594,0.05489317327737808,0.056223999708890915
152,0.0302949957549572,78.65669250488281,0.06893393397331238,0.030290642753243446,79.53082275390625,0.07071744650602341,0.05553903058171272,0.05645030736923218,0.05439717695116997,0.05600469931960106
153,0.030340423807501793,79.5618667602539,0.06936345249414444,0.0303114652633667,78.56173706054688,0.07023961842060089,0.05399665609002113,0.05653861165046692,0.05563446506857872,0.05595957860350609
154,0.030295927077531815,78.75614166259766,0.068979412317276,0.030138356611132622,78.03028869628906,0.06997200101613998,0.05392872542142868,0.05606613680720329,0.054217539727687836,0.05638934299349785
155,0.030195916071534157,78.85855102539062,0.0690271183848381,0.030194049701094627,78.19303894042969,0.07005492597818375,0.05389988049864769,0.05627201125025749,0.05479982867836952,0.056040629744529724
156,0.030149083584547043,78.47892761230469,0.06884431093931198,0.030198756605386734,78.41429901123047,0.0701611265540123,0.05450940877199173,0.05599898099899292,0.05441255867481232,0.05600355938076973
157,0.030143406242132187,78.7300033569336,0.06896400451660156,0.03007630445063114,78.12525939941406,0.07002229988574982,0.05405990034341812,0.056206464767456055,0.05487406626343727,0.05589998885989189
158,0.030282776802778244,78.93798065185547,0.06906470656394958,0.030154837295413017,79.22412872314453,0.07056719809770584,0.05469425767660141,0.05705584958195686,0.05489872768521309,0.05610121414065361
159,0.030046997591853142,78.12464141845703,0.06867164373397827,0.03012472577393055,79.1411361694336,0.07052724063396454,0.05470847710967064,0.05698876455426216,0.05433955788612366,0.05577357858419418
160,0.030046891421079636,78.52201080322266,0.06886477768421173,0.03022129461169243,79.03911590576172,0.07047778367996216,0.054165035486221313,0.05731383338570595,0.05470544472336769,0.05599607527256012
161,0.030038675293326378,78.0972671508789,0.06865706294775009,0.030011916533112526,78.96446228027344,0.0704396516084671,0.0553952194750309,0.056283436715602875,0.054407112300395966,0.055755022913217545
162,0.03012809157371521,78.27034759521484,0.06874042004346848,0.02992665208876133,77.60160064697266,0.0697626993060112,0.05371648073196411,0.056048981845378876,0.054276976734399796,0.05607370287179947
163,0.029970059171319008,78.44232940673828,0.06882207095623016,0.029929397627711296,77.49468231201172,0.06970848888158798,0.05363888666033745,0.055988553911447525,0.05466482415795326,0.05605173110961914
164,0.02991693653166294,77.64594268798828,0.06843668222427368,0.029888633638620377,78.35486602783203,0.07013917714357376,0.05471314117312431,0.05625179037451744,0.05406031012535095,0.055660028010606766
165,0.029958315193653107,78.17233276367188,0.06869339942932129,0.030101705342531204,78.61759948730469,0.07027174532413483,0.05392448231577873,0.057198453694581985,0.054800502955913544,0.0556495301425457
166,0.02990630455315113,78.03582763671875,0.06862765550613403,0.030000168830156326,78.72606658935547,0.07032574713230133,0.054232705384492874,0.05715504288673401,0.054306481033563614,0.05604936555027962
167,0.029902268201112747,77.7003402709961,0.06846301257610321,0.0298036877065897,78.0670394897461,0.06999792158603668,0.05469832569360733,0.05603908747434616,0.05426822602748871,0.055647000670433044
168,0.029868995770812035,77.5077896118164,0.06836990267038345,0.029744649305939674,77.50172424316406,0.06971736997365952,0.05398184433579445,0.05599338933825493,0.05404478311538696,0.055658526718616486
169,0.029834702610969543,78.1910400390625,0.06870242953300476,0.029849572107195854,77.51194763183594,0.069723941385746,0.05353621020913124,0.05633525177836418,0.05469798296689987,0.05600162595510483
170,0.029747672379016876,77.155029296875,0.0681978091597557,0.02970682643353939,77.62955474853516,0.06978297978639603,0.05416421964764595,0.0560760460793972,0.053858838975429535,0.055517151951789856
171,0.029786258935928345,77.82730102539062,0.06852772831916809,0.030186614021658897,79.29978942871094,0.07061310112476349,0.0538807176053524,0.058304838836193085,0.0546598806977272,0.05564991384744644
172,0.02970980294048786,77.1892318725586,0.06821568310260773,0.02973705530166626,77.88095092773438,0.06991065293550491,0.05405406281352043,0.05653523653745651,0.05386454612016678,0.05566544830799103
173,0.029689766466617584,77.51795196533203,0.06837694346904755,0.029760895296931267,77.9270248413086,0.06993502378463745,0.05393091216683388,0.05672541633248329,0.0544966422021389,0.05552373826503754
174,0.02976757101714611,77.32276916503906,0.06828144192695618,0.02974296547472477,77.74645233154297,0.0698450356721878,0.05374463275074959,0.05668026953935623,0.05376370623707771,0.055988673120737076
175,0.02968495525419712,77.43058776855469,0.0683339461684227,0.029648790135979652,77.75105285644531,0.06984854489564896,0.05404841899871826,0.05651022121310234,0.05450928583741188,0.05544193834066391
176,0.029602112248539925,76.76998901367188,0.06801123917102814,0.029510270804166794,76.68280029296875,0.06931329518556595,0.053554147481918335,0.05569317191839218,0.05369091406464577,0.055454887449741364
177,0.029660047963261604,77.43778991699219,0.06833726912736893,0.02958512306213379,76.61781311035156,0.06928025186061859,0.053278278559446335,0.05576891452074051,0.054057490080595016,0.055970340967178345
178,0.029515685513615608,76.64639282226562,0.06795140355825424,0.0295719001442194,76.55225372314453,0.06924857944250107,0.05326021462678909,0.05573791638016701,0.053713854402303696,0.05537350848317146
179,0.02953277714550495,77.20063018798828,0.06822130084037781,0.029524553567171097,76.60972595214844,0.0692794993519783,0.0532575361430645,0.05588657408952713,0.05437872186303139,0.0554710254073143
180,0.029669346287846565,77.11060333251953,0.06817932426929474,0.029471632093191147,77.49791717529297,0.06972502171993256,0.05438923090696335,0.0561208613216877,0.05404015630483627,0.055636052042245865
181,0.029449768364429474,76.65106201171875,0.0679563507437706,0.02964176796376705,78.39817810058594,0.07017553597688675,0.05436772480607033,0.057271718978881836,0.05391835793852806,0.055323246866464615
182,0.029439013451337814,76.72187042236328,0.06799183785915375,0.02952650748193264,77.47303771972656,0.06971652060747147,0.05387810245156288,0.05657443404197693,0.05396965146064758,0.055416885763406754
183,0.029427524656057358,76.68311309814453,0.06797286868095398,0.029490355402231216,77.66500091552734,0.06981342285871506,0.054177768528461456,0.05661233887076378,0.05404087156057358,0.05532900243997574
184,0.029515668749809265,76.67860412597656,0.0679713636636734,0.02952195517718792,77.09534454345703,0.06952904909849167,0.05342414602637291,0.05652467533946037,0.05354549363255501,0.055806636810302734
185,0.029458506032824516,76.87118530273438,0.06806626915931702,0.029408294707536697,76.8134536743164,0.06938940286636353,0.0534813292324543,0.0562012679874897,0.0543866865336895,0.05525519326329231
186,0.02934669889509678,76.0855484008789,0.0676804780960083,0.02926452085375786,76.03564453125,0.06899736076593399,0.05322244018316269,0.05554300546646118,0.05341223254799843,0.05526484549045563
187,0.029391836374998093,76.71773529052734,0.06799086928367615,0.029360922053456306,76.04877471923828,0.06900378316640854,0.05305143818259239,0.05563387647271156,0.053794946521520615,0.05573199316859245
188,0.029274731874465942,76.0237045288086,0.06765130907297134,0.029364896938204765,76.01653289794922,0.06898877769708633,0.05304894596338272,0.05561870336532593,0.05351300537586212,0.05518093705177307
189,0.029292482882738113,76.52989959716797,0.06789934635162354,0.029295632615685463,76.0442123413086,0.06900510936975479,0.05303999409079552,0.05574673414230347,0.05416186526417732,0.05522920563817024
190,0.02945518121123314,76.5329360961914,0.06790332496166229,0.0292351134121418,76.80958557128906,0.069390669465065,0.05401845648884773,0.05595532804727554,0.05372698977589607,0.05560052767395973
191,0.029212400317192078,76.1472396850586,0.06771524250507355,0.02940196916460991,77.72901153564453,0.06985309720039368,0.054103247821331024,0.05704706534743309,0.053828004747629166,0.055173132568597794
192,0.029196416959166527,75.9491195678711,0.06761857122182846,0.029275009408593178,76.92903900146484,0.069454625248909,0.05379839986562729,0.05635229870676994,0.05361972376704216,0.055154137313365936
193,0.029186319559812546,76.14488220214844,0.0677160993218422,0.029374146834015846,77.14789581298828,0.06956591457128525,0.053582288324832916,0.05681663379073143,0.053900498896837234,0.05518214777112007
194,0.029223738238215446,75.94158935546875,0.06761662662029266,0.029438341036438942,77.1668472290039,0.0695757269859314,0.05335500091314316,0.05703083798289299,0.053329337388277054,0.0554925799369812
195,0.029262445867061615,76.3072509765625,0.06779699772596359,0.029125243425369263,75.96060943603516,0.06897071748971939,0.0532064214348793,0.05575288459658623,0.05413876846432686,0.05515117943286896
196,0.029126595705747604,75.54341888427734,0.06742027401924133,0.029031768441200256,75.36131286621094,0.06866642087697983,0.052884578704833984,0.055354975163936615,0.05317065119743347,0.05518323555588722
197,0.029125677421689034,76.07305145263672,0.06768061220645905,0.029139330610632896,75.58658599853516,0.06878186762332916,0.052832093089818954,0.055616866797208786,0.053656406700611115,0.055437590926885605
198,0.029046040028333664,75.34393310546875,0.06732294708490372,0.029019972309470177,75.37332153320312,0.06867512315511703,0.05287809297442436,0.05541769042611122,0.05315430089831352,0.05503159016370773
199,0.029169272631406784,76.38726043701172,0.0678352564573288,0.029193896800279617,75.64005279541016,0.06881062686443329,0.05281537026166916,0.05570945516228676,0.05415238440036774,0.05538877099752426
200,0.029039250686764717,75.3685531616211,0.06733665615320206,0.028976282104849815,75.89160919189453,0.06893997639417648,0.053670793771743774,0.05548730865120888,0.05333191528916359,0.054949335753917694
201,0.029108047485351562,75.69898223876953,0.06750191003084183,0.029118822887539864,76.81806945800781,0.06940821558237076,0.05380558967590332,0.05652736499905586,0.05361839011311531,0.05509855970740318
202,0.028964918106794357,75.59488677978516,0.06745225191116333,0.029233673587441444,76.84495544433594,0.0694233626127243,0.053377240896224976,0.05691809579730034,0.05361662805080414,0.05509787052869797
203,0.02895846962928772,75.36216735839844,0.06733711808919907,0.02901141531765461,76.47667694091797,0.0692393034696579,0.05385630950331688,0.05614139884710312,0.053400881588459015,0.05502444878220558
204,0.02896277979016304,75.47212982177734,0.06739217787981033,0.028887974098324776,75.6581039428711,0.06882757693529129,0.053557705134153366,0.05543534830212593,0.05365262180566788,0.05494492128491402
205,0.02908744290471077,75.5622329711914,0.0674348771572113,0.02894350327551365,75.32798767089844,0.06866015493869781,0.05279436334967613,0.055625103414058685,0.05308711156249046,0.055549293756484985
206,0.028872927650809288,75.01716613769531,0.06716873496770859,0.02899225987493992,77.83291625976562,0.06991937756538391,0.05551242455840111,0.05649680271744728,0.05318540334701538,0.054878827184438705
207,0.028885938227176666,75.67228698730469,0.06749150156974792,0.028910217806696892,75.1229476928711,0.06855902820825577,0.052684102207422256,0.055529363453388214,0.05397885665297508,0.054991722106933594
208,0.028933877125382423,75.12191009521484,0.06722166389226913,0.02878517098724842,74.9708251953125,0.06848163157701492,0.052862055599689484,0.055291615426540375,0.05297471210360527,0.05523966997861862
209,0.028897065669298172,75.80052947998047,0.06755604594945908,0.029074491932988167,75.9841537475586,0.06899853050708771,0.05287156626582146,0.05647382512688637,0.05416864901781082,0.05500071868300438
210,0.028770798817276955,74.6605224609375,0.06699463725090027,0.028861762955784798,75.0488052368164,0.06852441281080246,0.052651602774858475,0.055563416332006454,0.05293179303407669,0.05480961501598358
211,0.028852656483650208,74.96544647216797,0.06714659184217453,0.02871641144156456,74.56502532958984,0.06827695667743683,0.052561305463314056,0.05513932555913925,0.05288117751479149,0.055246107280254364
212,0.028768429532647133,75.2287826538086,0.06727632880210876,0.028858298435807228,74.94518280029297,0.06847324222326279,0.052556175738573074,0.05555243045091629,0.05363267660140991,0.054916948080062866
213,0.028789661824703217,74.747314453125,0.06703957915306091,0.028729258105158806,75.6593246459961,0.06883640587329865,0.054009564220905304,0.05534255504608154,0.05305542051792145,0.05486517399549484
214,0.02879113145172596,75.11785888671875,0.06722598522901535,0.029089534655213356,76.25946807861328,0.06914181262254715,0.0529031977057457,0.05694887042045593,0.05366433411836624,0.0547950342297554
215,0.028706802055239677,74.94207763671875,0.06713970005512238,0.028992241248488426,76.30535888671875,0.06916600465774536,0.0531725212931633,0.05685054510831833,0.05324786156415939,0.0550687201321125
216,0.028713403269648552,74.6977767944336,0.06701793521642685,0.028656870126724243,75.37226867675781,0.06869547069072723,0.053613342344760895,0.05542319267988205,0.05318034812808037,0.05480819195508957
217,0.02877764403820038,74.75856018066406,0.06704936921596527,0.028613468632102013,74.4057388305664,0.06820329278707504,0.05249953269958496,0.055168572813272476,0.05296632647514343,0.05507397651672363
218,0.028644265606999397,75.04756927490234,0.06719043105840683,0.028708254918456078,74.5785140991211,0.06829242408275604,0.0524425283074379,0.05539531260728836,0.05351271480321884,0.05501171201467514
219,0.028620045632123947,74.33984375,0.06684143841266632,0.028597911819815636,75.14783477783203,0.06858377903699875,0.05338924750685692,0.055425386875867844,0.05289504677057266,0.054714176803827286
220,0.02866310440003872,74.81904602050781,0.06708208471536636,0.02894585393369198,75.85812377929688,0.06894514709711075,0.05277923867106438,0.056748975068330765,0.053572289645671844,0.0547037310898304
221,0.02859305404126644,74.66695404052734,0.06700734794139862,0.02890467457473278,75.99284362792969,0.06901386380195618,0.052968334406614304,0.056811098009347916,0.053094733506441116,0.05506054311990738
222,0.02860487438738346,74.43521881103516,0.06689121574163437,0.02853861264884472,75.12627410888672,0.06857608258724213,0.05356216803193092,0.055348459631204605,0.0531054325401783,0.054730530828237534
223,0.02863643690943718,74.40971374511719,0.06687973439693451,0.02848159894347191,74.0943374633789,0.06804952770471573,0.05239361524581909,0.05506786331534386,0.052849993109703064,0.054940689355134964
224,0.02852613292634487,74.7911376953125,0.06706646829843521,0.028593603521585464,74.32620239257812,0.06816905736923218,0.05233987420797348,0.05535290017724037,0.05341120809316635,0.05497471243143082
225,0.028502624481916428,74.07600402832031,0.0667135939002037,0.028484923765063286,75.00053405761719,0.06851423531770706,0.05344270542263985,0.055381711572408676,0.05283389985561371,0.0546259880065918
226,0.0285485852509737,74.48207092285156,0.06691820919513702,0.02873806282877922,75.36333465576172,0.06870001554489136,0.05272948369383812,0.056383389979600906,0.053404223173856735,0.05461676046252251
227,0.02847243659198284,74.46232604980469,0.06690945476293564,0.028792554512619972,75.51483917236328,0.06877746433019638,0.0526873804628849,0.056619007140398026,0.053062573075294495,0.05502533167600632
228,0.028480026870965958,74.06961822509766,0.06671246886253357,0.028415080159902573,74.7759780883789,0.06840293109416962,0.053426798433065414,0.05521070957183838,0.052904076874256134,0.05464162677526474
229,0.028513282537460327,74.12694549560547,0.06674240529537201,0.028424901887774467,74.3010025024414,0.06816138327121735,0.05259197950363159,0.05531856790184975,0.05287835747003555,0.05473782494664192
230,0.028419233858585358,74.64114379882812,0.06699945777654648,0.028606006875634193,74.46292877197266,0.0682453066110611,0.05226600915193558,0.05573099106550217,0.053470902144908905,0.054952505975961685
231,0.028382159769535065,73.74467468261719,0.06655168533325195,0.02834727056324482,74.15401458740234,0.06808800995349884,0.052673548460006714,0.05514919012784958,0.0526600256562233,0.05455689877271652
232,0.02847481146454811,74.21162414550781,0.0667864978313446,0.02858610264956951,76.41535186767578,0.06923459470272064,0.05414729565382004,0.05673625320196152,0.053073517978191376,0.054753292351961136
233,0.028315657749772072,74.01815032958984,0.06669094413518906,0.028581472113728523,74.85032653808594,0.06844501197338104,0.05253225564956665,0.05611204728484154,0.05302323400974274,0.05467035993933678
234,0.028331739827990532,74.07157897949219,0.06671707332134247,0.02868100441992283,75.84209442138672,0.06894852221012115,0.053109195083379745,0.05691979080438614,0.05316419526934624,0.05461468547582626
235,0.028317341580986977,73.7433853149414,0.0665542483329773,0.028699088841676712,75.16336822509766,0.06860499829053879,0.05246591567993164,0.05657695606350899,0.052601076662540436,0.05476563051342964
236,0.028326207771897316,74.06226348876953,0.06671269237995148,0.028418632224202156,75.82164001464844,0.06893927603960037,0.054139137268066406,0.056123316287994385,0.05309286713600159,0.054730549454689026
237,0.028423331677913666,74.01263427734375,0.06669009476900101,0.02827385440468788,73.8751449584961,0.06794922053813934,0.05237496644258499,0.0551922544836998,0.05286981537938118,0.05482674390077591
238,0.028229719027876854,73.38282012939453,0.06637377291917801,0.02823295257985592,73.43898010253906,0.0677250474691391,0.052092280238866806,0.05491877719759941,0.05244230479001999,0.05451458692550659
239,0.028241904452443123,74.23381805419922,0.06679608672857285,0.028288308531045914,73.62190246582031,0.06782029569149017,0.052096668630838394,0.0551312230527401,0.05335034430027008,0.05477631464600563
240,0.028357669711112976,73.8066635131836,0.06658615171909332,0.02818489633500576,73.93889617919922,0.06798390299081802,0.05275930091738701,0.055067162960767746,0.05290006101131439,0.054606612771749496
241,0.028182528913021088,73.28463745117188,0.06632618606090546,0.028252871707081795,74.10308837890625,0.0680689588189125,0.052583370357751846,0.055416930466890335,0.05249491706490517,0.054420020431280136
242,0.028201473876833916,73.97184753417969,0.06667276471853256,0.028760259971022606,75.020751953125,0.06853730231523514,0.05210263282060623,0.05682895705103874,0.05325942113995552,0.054640814661979675
243,0.028163345530629158,73.25334167480469,0.06631183624267578,0.02823554538190365,74.1506118774414,0.06809528917074203,0.052649836987257004,0.05547608807682991,0.0524759478867054,0.0544692687690258
244,0.028244905173778534,73.84242248535156,0.06660819053649902,0.028052452951669693,73.1578369140625,0.06758610159158707,0.052146065980196,0.05477362871170044,0.053253985941410065,0.05447576567530632
245,0.028228137642145157,73.63646697998047,0.06650283932685852,0.028210967779159546,73.55010986328125,0.06778736412525177,0.05204794555902481,0.055237676948308945,0.05243609845638275,0.05500723794102669
246,0.028077606111764908,73.19538879394531,0.06628379225730896,0.02826640009880066,73.63551330566406,0.06782799959182739,0.05264845862984657,0.05480298027396202,0.05254451185464859,0.05441710725426674
247,0.028112150728702545,73.62648010253906,0.06649956107139587,0.028050316497683525,73.19478607177734,0.06760650873184204,0.05210387334227562,0.05486888438463211,0.05306047573685646,0.0544709712266922
248,0.028180580586194992,73.41525268554688,0.06639470905065536,0.02814219519495964,74.4827880859375,0.06826717406511307,0.053253550082445145,0.05552738904953003,0.05258088558912277,0.05466407537460327
249,0.02807309478521347,73.40403747558594,0.06639131903648376,0.028343191370368004,74.48684692382812,0.0682707279920578,0.052416495978832245,0.05620241537690163,0.05298815667629242,0.05433386191725731
250,0.028027957305312157,73.18867492675781,0.06628301739692688,0.0284174382686615,75.23170471191406,0.06864991039037704,0.05289590358734131,0.056775130331516266,0.05266087129712105,0.054422590881586075
251,0.02804245427250862,73.21794891357422,0.06629836559295654,0.02829730696976185,74.50591278076172,0.0682816430926323,0.052562881261110306,0.05616358295083046,0.05248819664120674,0.05465546250343323
252,0.028204498812556267,73.69647979736328,0.06653805077075958,0.028017792850732803,73.22028350830078,0.06762354075908661,0.05207786336541176,0.055017679929733276,0.05317401513457298,0.05452212691307068
253,0.027974341064691544,72.8634262084961,0.06611984968185425,0.027975009754300117,72.82644653320312,0.06741867959499359,0.051892537623643875,0.05471578612923622,0.05224810540676117,0.054452426731586456
254,0.02798374369740486,73.2866439819336,0.06633151322603226,0.028074534609913826,73.15003204345703,0.06758736819028854,0.05187526345252991,0.05510735511779785,0.05266735702753067,0.05462520197033882
255,0.027942651882767677,72.7296371459961,0.06605277955532074,0.02792174555361271,72.74107360839844,0.06737678498029709,0.05184316635131836,0.05471774935722351,0.052232399582862854,0.054344404488801956
256,0.02799510397017002,73.50328826904297,0.06644012033939362,0.02843015268445015,73.80624389648438,0.0679246112704277,0.05187204107642174,0.05583460256457329,0.0531214103102684,0.054502975195646286
257,0.027983153238892555,72.80110168457031,0.06609050184488297,0.028482507914304733,74.17350769042969,0.06811331957578659,0.05181118845939636,0.05639232322573662,0.05235042795538902,0.05435283109545708
258,0.027978675439953804,73.07305908203125,0.06622765958309174,0.02806762047111988,72.97607421875,0.06749879568815231,0.05188751220703125,0.054937783628702164,0.05278436094522476,0.05431311950087547
259,0.02796289138495922,73.09513854980469,0.06623867154121399,0.027868855744600296,72.82771301269531,0.06742419302463531,0.05197475478053093,0.05480637028813362,0.05242713913321495,0.05472506582736969
260,0.027976006269454956,73.28411865234375,0.0663323625922203,0.02805154398083687,73.86054229736328,0.06795752793550491,0.0524090938270092,0.05572618916630745,0.05309569463133812,0.05430719628930092
261,0.027832379564642906,72.4399642944336,0.06590960174798965,0.027910683304071426,72.8853530883789,0.06745575368404388,0.051880862563848495,0.05497702583670616,0.05216920003294945,0.05419014021754265
262,0.027913326397538185,72.98828125,0.06618675589561462,0.027966855093836784,72.85957336425781,0.0674385279417038,0.05217540264129639,0.054658520966768265,0.0522909089922905,0.05480648949742317
263,0.02780998684465885,72.73939514160156,0.06606088578701019,0.02798805572092533,72.97891998291016,0.06750481575727463,0.05177287384867668,0.055186618119478226,0.05267328768968582,0.0541297048330307
264,0.02786368876695633,72.6033935546875,0.0659925788640976,0.027721958234906197,72.3387451171875,0.06717344373464584,0.05177798494696617,0.05456603318452835,0.05214233696460724,0.05448472872376442
265,0.02794845774769783,73.26898956298828,0.06632733345031738,0.0281361173838377,73.14035034179688,0.06758708506822586,0.05179827660322189,0.055316295474767685,0.05306782200932503,0.05442383512854576
266,0.02776997722685337,72.34281921386719,0.06586185097694397,0.02779931016266346,72.9906997680664,0.06751339137554169,0.05227250978350639,0.0549285002052784,0.052243005484342575,0.05410638451576233
267,0.02789149433374405,72.9535140991211,0.0661715418100357,0.02814728394150734,74.38959503173828,0.06823082268238068,0.05246492102742195,0.05648022145032883,0.05279983580112457,0.05435112491250038
268,0.027733126655220985,72.47357940673828,0.06593012809753418,0.028261521831154823,74.5615234375,0.0683189183473587,0.0523122176527977,0.056817132979631424,0.05234934017062187,0.05425865575671196
269,0.02774948626756668,72.62202453613281,0.06600506603717804,0.027985816821455956,73.6909408569336,0.06787572801113129,0.05230063199996948,0.055801015347242355,0.052525006234645844,0.05430258810520172
270,0.02771177887916565,72.35762023925781,0.06587152183055878,0.028021087870001793,74.12484741210938,0.06809835880994797,0.05263924598693848,0.056090760976076126,0.05234555900096893,0.05415521562099457
271,0.027830658480525017,72.57684326171875,0.06598279625177383,0.028023554012179375,73.055908203125,0.06754853576421738,0.051652323454618454,0.05551625043153763,0.05204307287931442,0.05471869930624962
272,0.02775147743523121,72.73109436035156,0.06605933606624603,0.028086790814995766,73.03253936767578,0.06753639876842499,0.05163029208779335,0.055482782423496246,0.052886005491018295,0.05411354452371597
273,0.027726540341973305,72.16043090820312,0.06577179580926895,0.027612119913101196,72.19007110595703,0.0671023279428482,0.05185621231794357,0.05453399196267128,0.05207036808133125,0.05418971925973892
274,0.027806568890810013,72.82443237304688,0.06610697507858276,0.02784191258251667,72.46826934814453,0.06724510341882706,0.0516512468457222,0.05486629158258438,0.05244092270731926,0.054687704890966415
275,0.027620363980531693,72.10719299316406,0.06574594974517822,0.027870146557688713,72.53300476074219,0.06728009134531021,0.051573432981967926,0.05503401160240173,0.05224780738353729,0.05401863902807236
276,0.027637725695967674,72.37248229980469,0.06588006764650345,0.027742302045226097,72.28483581542969,0.06715304404497147,0.05155399069190025,0.054809730499982834,0.05260823667049408,0.05403729900717735
277,0.027750318869948387,72.40958404541016,0.06589797139167786,0.02772759273648262,72.58197784423828,0.06730393320322037,0.051595110446214676,0.05549148842692375,0.05213130638003349,0.054536569863557816
278,0.027663173153996468,72.21855163574219,0.06580357253551483,0.02811947651207447,73.27621459960938,0.06766053289175034,0.05256641283631325,0.05502205342054367,0.052121687680482864,0.05431566387414932
279,0.027609992772340775,72.46772003173828,0.06592854112386703,0.027713315561413765,72.30575561523438,0.06716572493314743,0.05154832825064659,0.054906196892261505,0.05282792076468468,0.053982194513082504
280,0.027675310149788857,72.16026306152344,0.06577475368976593,0.02758297324180603,72.46284484863281,0.06724777072668076,0.05213018134236336,0.05469638854265213,0.052008192986249924,0.054401133209466934
281,0.027602314949035645,72.49483489990234,0.06594614684581757,0.028030723333358765,73.33499908447266,0.06769858300685883,0.05160815641283989,0.056113772094249725,0.05285414308309555,0.054077304899692535
282,0.027544492855668068,71.73670959472656,0.06556077301502228,0.027582800015807152,72.1743392944336,0.06710009276866913,0.05172106996178627,0.05470388010144234,0.0519128255546093,0.054018598049879074
283,0.02764817886054516,72.38773345947266,0.06589154154062271,0.02775420807301998,72.73017120361328,0.06738084554672241,0.05274343490600586,0.05442872643470764,0.052150435745716095,0.05464990809559822
284,0.027504775673151016,72.03727722167969,0.06571359187364578,0.027668386697769165,72.24696350097656,0.0671381875872612,0.05153709650039673,0.05494270846247673,0.05242282897233963,0.05394691973924637
285,0.0275901909917593,71.9088363647461,0.0656488910317421,0.027511438354849815,72.51884460449219,0.06727995723485947,0.05248492211103439,0.054581936448812485,0.05194662883877754,0.05424891412258148
286,0.027570273727178574,72.30711364746094,0.06585178524255753,0.028016282245516777,73.28771209716797,0.06767643243074417,0.05156093090772629,0.056185219436883926,0.05279969051480293,0.053970277309417725
287,0.02748044766485691,71.7793960571289,0.06558477133512497,0.02803371660411358,74.38804626464844,0.06824056804180145,0.0524972565472126,0.05686609074473381,0.052075017243623734,0.05404708907008171
288,0.02749881148338318,72.03738403320312,0.06571605056524277,0.027610866352915764,72.53445434570312,0.0672907829284668,0.051934774965047836,0.055074501782655716,0.0522489920258522,0.054246436804533005
289,0.027632474899291992,72.13838195800781,0.0657677873969078,0.027579933404922485,72.63009643554688,0.06733917444944382,0.05212518945336342,0.05505440756678581,0.05215350165963173,0.054406534880399704
290,0.027455030009150505,72.1146240234375,0.06575552374124527,0.02806100808084011,73.76070404052734,0.06792157143354416,0.05179298669099808,0.05666448548436165,0.052549537271261215,0.05409223213791847
291,0.027417942881584167,71.44319152832031,0.06541471183300018,0.02757086791098118,72.12745666503906,0.06708045303821564,0.05158362165093422,0.05490368977189064,0.0518108494579792,0.05393398180603981
292,0.027529161423444748,71.74449157714844,0.06556829810142517,0.027417097240686417,71.49275207519531,0.06674852222204208,0.051376666873693466,0.05434926226735115,0.05171915143728256,0.054397858679294586
293,0.027408068999648094,72.29454803466797,0.06584242731332779,0.027592526748776436,71.88013458251953,0.06695199757814407,0.051360346376895905,0.054784100502729416,0.052878137677907944,0.05403251573443413
294,0.027468089014291763,71.57147979736328,0.06547992676496506,0.027379805222153664,71.82795715332031,0.06692662835121155,0.05183151364326477,0.054443586617708206,0.051930323243141174,0.054005373269319534
295,0.02743578888475895,71.4600830078125,0.06542415916919708,0.027456458657979965,71.73733520507812,0.06687914580106735,0.05143759027123451,0.05463048070669174,0.05172961950302124,0.05408419296145439
296,0.027451377362012863,72.36444854736328,0.06587835401296616,0.027598878368735313,71.87738800048828,0.06695171445608139,0.05135801061987877,0.054817456752061844,0.05283142253756523,0.05421534925699234
297,0.027403809130191803,71.40499877929688,0.06539656966924667,0.027321085333824158,71.50247192382812,0.06675878912210464,0.05154762789607048,0.05433899909257889,0.05185474082827568,0.053930677473545074
298,0.027401434257626534,71.43842315673828,0.06541384011507034,0.027465807273983955,71.59581756591797,0.06680627912282944,0.05130073055624962,0.0545991025865078,0.05167299136519432,0.05417500436306
299,0.027343304827809334,71.901611328125,0.06564807891845703,0.027579188346862793,71.84419250488281,0.06693664193153381,0.0512966588139534,0.05488895997405052,0.052587177604436874,0.053939394652843475
300,0.027361679822206497,71.26412963867188,0.0653257817029953,0.027327124029397964,71.6300048828125,0.0668271854519844,0.05179905891418457,0.05445382371544838,0.05179174244403839,0.05387915298342705
301,0.027492372319102287,71.65647888183594,0.06552454084157944,0.027480987831950188,71.83343505859375,0.06693213433027267,0.051372598856687546,0.05488309636712074,0.05168065056204796,0.054447270929813385
302,0.027327055111527443,72.37696075439453,0.06588548421859741,0.027506424114108086,71.71904754638672,0.0668746680021286,0.05127391591668129,0.05481356009840965,0.05328945815563202,0.053920187056064606
303,0.027273014187812805,71.0339584350586,0.06521017104387283,0.0273443553596735,71.33706665039062,0.06667505949735641,0.05125392600893974,0.05443588271737099,0.05162204056978226,0.05381127446889877
304,0.027342863380908966,71.38314819335938,0.06538793444633484,0.027364647015929222,71.43282318115234,0.06672520190477371,0.05127183720469475,0.05454282835125923,0.051642850041389465,0.054258089512586594
305,0.02729443833231926,71.49578857421875,0.06544653326272964,0.027677150443196297,71.9502944946289,0.06699294596910477,0.05143770948052406,0.05492999404668808,0.05218446999788284,0.0539126954972744
306,0.027256805449724197,71.1221694946289,0.06525646150112152,0.02731926366686821,71.25907135009766,0.06663636863231659,0.051221221685409546,0.05441732332110405,0.0518949031829834,0.05371733009815216
307,0.027392622083425522,71.90631103515625,0.06565333902835846,0.0272382739931345,71.4383544921875,0.06673125922679901,0.05162013694643974,0.05435270443558693,0.052052512764930725,0.054601192474365234
308,0.02732301689684391,71.51673889160156,0.0654585137963295,0.02737695351243019,71.70175170898438,0.0668693333864212,0.0514180064201355,0.05481627583503723,0.05235010012984276,0.05379713699221611
309,0.02721799723803997,70.90736389160156,0.06514781713485718,0.027297841385006905,71.42866516113281,0.06672721356153488,0.05138805881142616,0.05454207584261894,0.0515931211411953,0.05378875881433487
310,0.027304191142320633,71.55298614501953,0.06547801196575165,0.027559904381632805,72.86014556884766,0.067459836602211,0.05371839925646782,0.05420399457216263,0.051963914185762405,0.05429498478770256
311,0.02719913050532341,71.26528930664062,0.06533123552799225,0.027355091646313667,71.37670135498047,0.06670082360506058,0.051196854561567307,0.054636720567941666,0.052180707454681396,0.05370580404996872
312,0.027289969846606255,71.1843490600586,0.06529057770967484,0.027207380160689354,71.47854614257812,0.06675524264574051,0.05175962299108505,0.05437130853533745,0.051648203283548355,0.05412961170077324
313,0.027247941121459007,71.56040954589844,0.06548433750867844,0.027707276865839958,72.41828155517578,0.06724309176206589,0.0512375608086586,0.05585484951734543,0.052540797740221024,0.05379423499107361
314,0.02716859057545662,70.75560760498047,0.06507257372140884,0.027201341465115547,71.06744384765625,0.06654181331396103,0.05122778192162514,0.05432446673512459,0.05151604115962982,0.05376162752509117
315,0.027273306623101234,71.54570770263672,0.06547338515520096,0.027428116649389267,71.37919616699219,0.06670241057872772,0.05119645223021507,0.05464326962828636,0.05195338651537895,0.05437559634447098
316,0.02713814564049244,70.7824478149414,0.06508715450763702,0.027595868334174156,71.7177734375,0.06687923520803452,0.05119406804442406,0.055035509169101715,0.051708564162254333,0.05363858491182327
317,0.027202477678656578,71.23200225830078,0.06531709432601929,0.027544066309928894,71.7358169555664,0.06689038872718811,0.051112402230501175,0.055178429931402206,0.0522751659154892,0.053670816123485565
318,0.027279315516352654,71.53766632080078,0.06547365337610245,0.027491938322782516,72.26266479492188,0.06716576218605042,0.05151791498064995,0.05556703358888626,0.05194542557001114,0.054444920271635056
319,0.02714560553431511,70.80970764160156,0.06510232388973236,0.027197731658816338,71.51100158691406,0.06677758693695068,0.051725663244724274,0.05453687906265259,0.0517430379986763,0.05369444191455841
320,0.027200164273381233,71.03636169433594,0.06521947681903839,0.02738790214061737,72.4622573852539,0.06727109849452972,0.052154701203107834,0.05534869059920311,0.05186311528086662,0.05387755483388901
321,0.027119366452097893,71.1249771118164,0.0652666985988617,0.027896642684936523,73.05453491210938,0.0675756111741066,0.05124707147479057,0.056735362857580185,0.05208500847220421,0.0538511648774147
322,0.02710578218102455,70.66442108154297,0.06502999365329742,0.027298657223582268,71.79562377929688,0.0669274628162384,0.051699139177799225,0.05493089184165001,0.05154998600482941,0.05375882610678673
323,0.027103131636977196,71.10501098632812,0.06525710225105286,0.027458205819129944,71.67509460449219,0.0668652206659317,0.051117461174726486,0.05521775409579277,0.05227173492312431,0.05367397144436836
324,0.027216659858822823,71.08641052246094,0.06524709612131119,0.027440639212727547,71.84721374511719,0.06695400923490524,0.05129624530673027,0.055304791778326035,0.05150207504630089,0.054371241480112076
325,0.02713332325220108,70.94219207763672,0.0651727095246315,0.02735557034611702,72.8227767944336,0.06746146827936172,0.05274496600031853,0.05537605285644531,0.0519949272274971,0.05372024327516556
326,0.027056485414505005,70.63099670410156,0.06501549482345581,0.027248606085777283,71.34837341308594,0.06669727712869644,0.05131825804710388,0.05474158376455307,0.05172596871852875,0.05361822247505188
327,0.027171241119503975,71.33777618408203,0.06537619233131409,0.027409808710217476,71.407470703125,0.06672661751508713,0.051022302359342575,0.055004894733428955,0.05191095918416977,0.05439373105764389
328,0.02706981636583805,70.51910400390625,0.06495753675699234,0.027027593925595284,70.95128631591797,0.06649230420589447,0.051607996225357056,0.054117944091558456,0.051576126366853714,0.05361975356936455
329,0.027166498824954033,71.06941986083984,0.06523996591567993,0.02741115167737007,72.57731628417969,0.06733658909797668,0.05207043141126633,0.05568676441907883,0.05196133628487587,0.05395887419581413
330,0.027020473033189774,70.52568054199219,0.06496348232030869,0.027349352836608887,71.95813751220703,0.06701690703630447,0.05161583051085472,0.0553029365837574,0.051662687212228775,0.05360659956932068
331,0.027038568630814552,70.88894653320312,0.0651511400938034,0.027803640812635422,72.76698303222656,0.06743458658456802,0.051141075789928436,0.056620873510837555,0.05207379162311554,0.0537143237888813
332,0.027050714939832687,70.5006103515625,0.06495171040296555,0.027598435059189796,72.2154312133789,0.06714989244937897,0.05119389295578003,0.055933285504579544,0.05136595666408539,0.05388585850596428
333,0.02707058936357498,71.08657836914062,0.06525113433599472,0.027325114235281944,71.43806457519531,0.06674934178590775,0.05111861228942871,0.055086228996515274,0.05225261673331261,0.0538124218583107
334,0.027150502428412437,70.65573120117188,0.065030038356781,0.02690955623984337,70.26686096191406,0.06613453477621078,0.05094100907444954,0.05397903546690941,0.0513540543615818,0.05407332628965378
335,0.0269913412630558,70.49177551269531,0.0649472028017044,0.027241215109825134,70.8414535522461,0.06643522530794144,0.05097421258687973,0.05447174981236458,0.05151945352554321,0.05375424399971962
336,0.026988886296749115,70.5735092163086,0.06498992443084717,0.02709387242794037,70.5423812866211,0.0662808045744896,0.05091695860028267,0.05422293022274971,0.05172853171825409,0.053683798760175705
337,0.027078451588749886,70.73361206054688,0.06507264077663422,0.026953833177685738,70.73060607910156,0.0663827657699585,0.05151334032416344,0.054052114486694336,0.05160640552639961,0.054004911333322525
338,0.02705768682062626,70.84880828857422,0.0651334598660469,0.027331983670592308,71.47058868408203,0.06676863878965378,0.05108732730150223,0.0552152581512928,0.05213882029056549,0.053645059466362
339,0.026949802413582802,70.10050201416016,0.06474944949150085,0.027017435058951378,70.37210083007812,0.06619390100240707,0.05088312551379204,0.05410873517394066,0.051213450729846954,0.05361023172736168
340,0.0270102359354496,70.84380340576172,0.06512793898582458,0.027172891423106194,70.66524505615234,0.06634777784347534,0.05088565871119499,0.0544128492474556,0.051798805594444275,0.054028138518333435
341,0.02697005309164524,70.19048309326172,0.06479613482952118,0.026902124285697937,70.49549865722656,0.06626306474208832,0.051373399794101715,0.05396098643541336,0.05138595402240753,0.053575217723846436
342,0.02712397277355194,71.09147644042969,0.06525938212871552,0.027322035282850266,71.42822265625,0.06674912571907043,0.05102738365530968,0.05526748672127724,0.05221959576010704,0.053914621472358704
343,0.026896553114056587,69.93121337890625,0.06466476619243622,0.027138814330101013,70.6298599243164,0.06633182615041733,0.05085597559809685,0.054452985525131226,0.05116482824087143,0.05349970981478691
344,0.026978405192494392,70.73603057861328,0.06507592648267746,0.027142580598592758,70.53876495361328,0.06628415733575821,0.050855644047260284,0.05433407053351402,0.051799021661281586,0.05395939201116562
345,0.02698346972465515,70.22882080078125,0.0648181289434433,0.026900798082351685,70.53059387207031,0.06628422439098358,0.05142038315534592,0.05399525538086891,0.05141356587409973,0.0536450631916523
346,0.027028409764170647,70.77482604980469,0.06509892642498016,0.02744654193520546,72.20747375488281,0.0671570748090744,0.05143412947654724,0.05596497654914856,0.05204430967569351,0.05375831201672554
347,0.02688121236860752,69.886962890625,0.06464453786611557,0.027117187157273293,70.61808776855469,0.06632911413908005,0.05086693540215492,0.054489295929670334,0.051173269748687744,0.05349671095609665
348,0.0269724503159523,70.61009979248047,0.06501550227403641,0.027141021564602852,70.459228515625,0.06624380499124527,0.050915155559778214,0.05422160029411316,0.05157224088907242,0.05407337099313736
349,0.026884637773036957,69.9449691772461,0.06467464566230774,0.02693769335746765,70.19049072265625,0.06610707193613052,0.05086077004671097,0.05405231565237045,0.05133591592311859,0.053422391414642334
350,0.026992779225111008,70.29741668701172,0.06485512852668762,0.027051957324147224,70.3856201171875,0.06620898097753525,0.05081859603524208,0.054284870624542236,0.05115706846117973,0.05405072867870331
351,0.026994068175554276,70.78304290771484,0.0651032105088234,0.027344146743416786,70.92263793945312,0.06648893654346466,0.05081871151924133,0.054859329015016556,0.05237175151705742,0.05349327623844147
352,0.02691987156867981,69.95243072509766,0.06468012183904648,0.02685851976275444,70.0151596069336,0.06601662188768387,0.05084327608346939,0.05391857028007507,0.05120483413338661,0.053587112575769424
353,0.026928042992949486,70.2046890258789,0.06481034308671951,0.027225637808442116,70.63081359863281,0.06633546203374863,0.051097434014081955,0.05429219827055931,0.05129307508468628,0.05385204404592514
354,0.026873305439949036,70.14039611816406,0.0647779181599617,0.026928413659334183,70.04017639160156,0.06603077799081802,0.0507337749004364,0.05402267351746559,0.05164865404367447,0.053440213203430176
355,0.02696632780134678,70.2652816772461,0.06484221667051315,0.02696102485060692,70.74627685546875,0.06640370935201645,0.05146271735429764,0.05429813638329506,0.05127037689089775,0.053970083594322205
356,0.02692295052111149,70.35041046142578,0.06488876044750214,0.027271581813693047,70.95010375976562,0.06650899350643158,0.05077587813138962,0.055045392364263535,0.05195751413702965,0.053428925573825836
357,0.026868432760238647,69.76911163330078,0.06458892673254013,0.026864098384976387,69.85501098632812,0.06593281030654907,0.05078565701842308,0.05381245166063309,0.05098355934023857,0.05364044010639191
358,0.02688223496079445,70.35723876953125,0.06488920003175735,0.027046745643019676,70.193603515625,0.06611306965351105,0.05067873373627663,0.0542474165558815,0.051638245582580566,0.053788069635629654
359,0.026917750015854836,69.93733215332031,0.06467578560113907,0.02685183472931385,70.38198852539062,0.0662161186337471,0.05142318829894066,0.05396592989563942,0.051256805658340454,0.053598154336214066
360,0.026931751519441605,70.37382507324219,0.06490244716405869,0.027463020756840706,71.73381042480469,0.06691955775022507,0.050930194556713104,0.05593588948249817,0.0518953911960125,0.053564492613077164
361,0.026812609285116196,69.54193115234375,0.06447374820709229,0.026997342705726624,70.09351348876953,0.06606247276067734,0.05066009610891342,0.05419376865029335,0.0509592704474926,0.053426723927259445
362,0.0269088763743639,70.34223937988281,0.06488257646560669,0.027096327394247055,70.17143249511719,0.06610220670700073,0.0506620891392231,0.05424335226416588,0.051446665078401566,0.054010797291994095
363,0.026829654350876808,69.61636352539062,0.06451211869716644,0.026829559355974197,69.90199279785156,0.06596481055021286,0.05084499716758728,0.0538959801197052,0.05110296234488487,0.05338975787162781
364,0.02701600268483162,70.7044448852539,0.06506837159395218,0.027094559744000435,70.8488998413086,0.06646257638931274,0.05108948424458504,0.054796840995550156,0.05201967433094978,0.05388054624199867
365,0.02677423320710659,69.39400482177734,0.06439878791570663,0.027093639597296715,70.21941375732422,0.06612981855869293,0.05060303583741188,0.0544021800160408,0.05091051757335663,0.05331997200846672
366,0.026852352544665337,69.89637756347656,0.06465796381235123,0.02700595185160637,69.92771911621094,0.06597484648227692,0.050709668546915054,0.0539681538939476,0.05114100128412247,0.05376938730478287
367,0.026821862906217575,69.77122497558594,0.06459324061870575,0.02682432532310486,69.66887664794922,0.06584273278713226,0.050604261457920074,0.05384292080998421,0.05132587254047394,0.0534219890832901
368,0.026934761554002762,70.09429931640625,0.06475937366485596,0.026925597339868546,70.92973327636719,0.0665077343583107,0.051920436322689056,0.05427243933081627,0.05129815265536308,0.05385885387659073
369,0.026851238682866096,69.8748550415039,0.06464925408363342,0.027181362733244896,70.66873931884766,0.06636864691972733,0.0507352389395237,0.05488890781998634,0.05155831202864647,0.05334225669503212
370,0.026814859360456467,69.48471069335938,0.06444709002971649,0.026824135333299637,69.6340560913086,0.06582166254520416,0.05073680728673935,0.05371462181210518,0.05080679431557655,0.053587038069963455
371,0.026821328327059746,70.14389038085938,0.0647832453250885,0.02698904648423195,69.85918426513672,0.06594283133745193,0.050519730895757675,0.05410565808415413,0.05163838341832161,0.053653378039598465
372,0.026874393224716187,69.69759368896484,0.064556784927845,0.026838824152946472,70.01399230957031,0.06602752953767776,0.0509880967438221,0.053985465317964554,0.05112883821129799,0.05354665592312813
373,0.026804959401488304,69.43733978271484,0.06442335247993469,0.027013350278139114,70.69788360595703,0.066386379301548,0.05130762979388237,0.054532475769519806,0.05090765282511711,0.053448475897312164
374,0.026833927258849144,70.04021453857422,0.06473470479249954,0.027484247460961342,71.02259063720703,0.06655242294073105,0.05051739886403084,0.05546862632036209,0.05183190479874611,0.05337177962064743
375,0.026808829978108406,69.36979675292969,0.06438836455345154,0.026678873226046562,69.34016418457031,0.06567030400037766,0.05048379674553871,0.0537416972219944,0.050775643438100815,0.05351516604423523
376,0.02685309201478958,70.1865234375,0.06480337679386139,0.027002615854144096,69.81568145751953,0.06592060625553131,0.05046878382563591,0.05412611737847328,0.051362454891204834,0.054017163813114166
377,0.026765121147036552,69.30574798583984,0.0643552616238594,0.026815686374902725,69.90193939208984,0.06597035378217697,0.05095534399151802,0.0539267361164093,0.050946108996868134,0.05328339338302612
378,0.026894569396972656,70.13890075683594,0.06478693336248398,0.027257515117526054,70.78821563720703,0.06643294543027878,0.05060149356722832,0.055223047733306885,0.05176528915762901,0.053558673709630966
379,0.026724953204393387,69.11388397216797,0.06425713002681732,0.026923028752207756,69.58094024658203,0.06579693406820297,0.05043727159500122,0.05391523614525795,0.050686102360486984,0.05331647768616676
380,0.026808392256498337,69.91415405273438,0.06466726958751678,0.027013912796974182,69.76075744628906,0.06589184701442719,0.05042874068021774,0.05411805585026741,0.0512545183300972,0.05382223054766655
381,0.026755863800644875,69.2388687133789,0.06432124972343445,0.026790279895067215,69.54419708251953,0.065780870616436,0.05059187486767769,0.053825847804546356,0.05083276331424713,0.05334367975592613
382,0.02686256170272827,69.8985824584961,0.06466324627399445,0.027513694018125534,70.92943572998047,0.06649906933307648,0.051457710564136505,0.054496414959430695,0.051359012722969055,0.05369794741272926
383,0.026746323332190514,69.3121109008789,0.06436002254486084,0.026828188449144363,69.45337677001953,0.06573211401700974,0.050419311970472336,0.053850479423999786,0.05105830356478691,0.05323316529393196
384,0.0267872866243124,69.45687103271484,0.06443384289741516,0.026949943974614143,69.57062530517578,0.06579171121120453,0.050388164818286896,0.05396738648414612,0.05076584964990616,0.053725406527519226
385,0.02673880197107792,69.54524230957031,0.06447956711053848,0.027072081342339516,69.81446838378906,0.06592065095901489,0.05039118975400925,0.05423841252923012,0.051419299095869064,0.05321697145700455
386,0.026872696354985237,69.58964538574219,0.06450192630290985,0.026624226942658424,69.13689422607422,0.06556558609008789,0.050390176475048065,0.05368096008896828,0.05090755224227905,0.053747083991765976
387,0.026730937883257866,69.39096069335938,0.06440050899982452,0.027149543166160583,69.97395324707031,0.06600205600261688,0.05060311034321785,0.05422607436776161,0.051037777215242386,0.05340008810162544
388,0.02672860398888588,69.3807601928711,0.06439550220966339,0.026731029152870178,69.2013931274414,0.06559969484806061,0.05035577341914177,0.053673435002565384,0.05113987624645233,0.05330401659011841
389,0.026762330904603004,69.35554504394531,0.06438171118497849,0.026862841099500656,69.59259796142578,0.06580633670091629,0.05048755928874016,0.053997281938791275,0.05072120204567909,0.05367971211671829
390,0.026807602494955063,69.705322265625,0.06456362456083298,0.027460256591439247,70.71089172363281,0.06638766080141068,0.050688259303569794,0.05501597747206688,0.05153757333755493,0.053334202617406845
391,0.026716843247413635,69.12823486328125,0.06426520645618439,0.026691915467381477,69.13864135742188,0.0655670240521431,0.05037474259734154,0.0536225400865078,0.05082352086901665,0.05330437421798706
392,0.02675299346446991,69.41552734375,0.06441247463226318,0.02701788768172264,69.6397705078125,0.06582716852426529,0.05041385814547539,0.05405820161104202,0.050799667835235596,0.053712282329797745
393,0.02667972818017006,69.26901245117188,0.06433761864900589,0.026812506839632988,69.25857543945312,0.06562928855419159,0.0502866730093956,0.05379413440823555,0.05117001757025719,0.05318014696240425
394,0.026785651221871376,69.54861450195312,0.0644824206829071,0.026780573651194572,69.8065185546875,0.06592164933681488,0.050993382930755615,0.05390928313136101,0.050974227488040924,0.053736645728349686
395,0.02671831101179123,69.4572525024414,0.0644366517663002,0.027102312073111534,70.18769073486328,0.06612002849578857,0.050452250987291336,0.054763734340667725,0.05141160264611244,0.05319734662771225
396,0.02666454203426838,68.86395263671875,0.064128577709198,0.026761595159769058,69.08724212646484,0.06553728878498077,0.050259221345186234,0.05364362150430679,0.05051196739077568,0.05331484228372574
397,0.0267132930457592,69.56514739990234,0.06448834389448166,0.026925962418317795,69.41094207763672,0.06570851057767868,0.05025702342391014,0.053985845297575,0.05112631618976593,0.053652893751859665
398,0.02668663114309311,68.99273681640625,0.0641946941614151,0.026711713522672653,69.41703033447266,0.06571588665246964,0.05071061849594116,0.053723420947790146,0.05072778835892677,0.05328226462006569
399,0.0267788115888834,69.78897094726562,0.06460771709680557,0.027213875204324722,70.44390869140625,0.06625384092330933,0.05039205029606819,0.05514783784747124,0.05165387690067291,0.05341261625289917
400,0.026614047586917877,68.68994903564453,0.06403835862874985,0.026861820369958878,69.23098754882812,0.0656130388379097,0.050226714462041855,0.053830601274967194,0.0504702553153038,0.05316794291138649
401,0.026707440614700317,69.41230010986328,0.06441003084182739,0.026934396475553513,69.35884094238281,0.06568010151386261,0.05023247003555298,0.05396080017089844,0.05089854821562767,0.05371011048555374
402,0.026633597910404205,68.8443603515625,0.06411773711442947,0.026786353439092636,69.06927490234375,0.06552796810865402,0.050199709832668304,0.0536993108689785,0.05062735080718994,0.05322917178273201
403,0.026685696095228195,69.34550476074219,0.06437629461288452,0.026649178937077522,68.9159927368164,0.06544923782348633,0.05023663118481636,0.05355961248278618,0.051144540309906006,0.05339658260345459
404,0.026771599426865578,69.47815704345703,0.06444618850946426,0.026862857863307,69.6734390258789,0.06585024297237396,0.05052454397082329,0.054184313863515854,0.05116017907857895,0.05352213606238365
405,0.02659684419631958,68.65132141113281,0.06401817500591278,0.026887061074376106,69.5627670288086,0.06579063087701797,0.05040181428194046,0.05414905026555061,0.05050541087985039,0.053122807294130325
406,0.026706641539931297,69.52521514892578,0.06447119265794754,0.027034517377614975,69.58860778808594,0.06579817086458206,0.05067521706223488,0.0538458414375782,0.051134143024683,0.053693052381277084
407,0.026620978489518166,68.80699920654297,0.06409893184900284,0.026691516861319542,69.05474090576172,0.06552314013242722,0.05032474547624588,0.05365772917866707,0.05074597895145416,0.05309945344924927
408,0.026655564084649086,68.85974884033203,0.06412571668624878,0.026803502812981606,69.13441467285156,0.06556309014558792,0.05019913241267204,0.05381456017494202,0.05043536424636841,0.05347932130098343
409,0.02663581632077694,69.34972381591797,0.06437752395868301,0.02692038007080555,69.26583862304688,0.06563161313533783,0.05017421767115593,0.053955502808094025,0.05140762776136398,0.05320010706782341
410,0.026716696098446846,69.14131927490234,0.06427256017923355,0.02671104110777378,69.14607238769531,0.06557070463895798,0.050362881273031235,0.053743958473205566,0.05076556280255318,0.05353095382452011
411,0.026581160724163055,68.7479248046875,0.06406852602958679,0.026952523738145828,69.86144256591797,0.06593962013721466,0.05149421468377113,0.053557295352220535,0.050608497112989426,0.05320864915847778
412,0.026622751727700233,69.20597076416016,0.0643046572804451,0.026796894147992134,69.03585815429688,0.065510593354702,0.05012396723031998,0.053780317306518555,0.05113622546195984,0.05328880622982979
413,0.02662002667784691,68.77867126464844,0.06408413499593735,0.02671530842781067,69.09249877929688,0.06554240733385086,0.050315260887145996,0.05373922362923622,0.05049506574869156,0.05336391180753708
414,0.026650279760360718,69.18589782714844,0.06429611146450043,0.02708841674029827,69.61760711669922,0.06581338495016098,0.050576064735651016,0.05400048941373825,0.05105409026145935,0.05337385833263397
415,0.02660997584462166,68.79889678955078,0.06409505754709244,0.02660246193408966,68.79960632324219,0.06538785994052887,0.050238244235515594,0.053506676107645035,0.050720587372779846,0.05318332090973854
416,0.026611914858222008,68.85713195800781,0.06412497162818909,0.026980796828866005,69.493896484375,0.0657474547624588,0.050734493881464005,0.05375942215323448,0.05055045709013939,0.05344269052147865
417,0.02658376656472683,69.04196166992188,0.06422027945518494,0.02665448747575283,68.75293731689453,0.06536184251308441,0.050090640783309937,0.05355265736579895,0.051130786538124084,0.05312902107834816
418,0.026615941897034645,68.8245620727539,0.06410800665616989,0.026746293529868126,69.357666015625,0.06568372994661331,0.05055487900972366,0.05389558523893356,0.05051399767398834,0.05344753712415695
419,0.02661336027085781,69.26730346679688,0.06433943659067154,0.027110561728477478,69.87018585205078,0.06595206260681152,0.050137992948293686,0.054795701056718826,0.05148793384432793,0.05308333784341812
420,0.026543516665697098,68.4735107421875,0.06392644345760345,0.02662532404065132,68.65869140625,0.06530892103910446,0.05015787109732628,0.05341816321015358,0.05030021071434021,0.05322505161166191
421,0.026590580120682716,69.04165649414062,0.06421869993209839,0.026844726875424385,69.04690551757812,0.06551550328731537,0.05006498843431473,0.05388185381889343,0.05076058954000473,0.05353284254670143
422,0.026529613882303238,68.49449920654297,0.06393655389547348,0.02672623284161091,68.75813293457031,0.06536184996366501,0.05008124187588692,0.05355488881468773,0.05042128637433052,0.053149428218603134
423,0.02658884972333908,69.0795669555664,0.06423914432525635,0.026560280472040176,68.58000946044922,0.06527085602283478,0.05007704347372055,0.05343663692474365,0.05109105631709099,0.05327598750591278
424,0.026627983897924423,68.93656158447266,0.06416644901037216,0.026775488629937172,69.5401611328125,0.06578067690134048,0.05063930153846741,0.05409244820475578,0.050794802606105804,0.053357671946287155
425,0.026532690972089767,68.58158874511719,0.06398307532072067,0.026953667402267456,70.26569366455078,0.06616247445344925,0.05097159370779991,0.054704368114471436,0.050680577754974365,0.05303818732500076
426,0.0265353973954916,68.83098602294922,0.06411473453044891,0.027494745329022408,71.01852416992188,0.0665523037314415,0.05022290721535683,0.056177590042352676,0.050983816385269165,0.05310331657528877
427,0.026523437350988388,68.54306030273438,0.06396371871232986,0.027176806703209877,70.44190216064453,0.06625249981880188,0.05048255994915962,0.05531095713376999,0.050513457506895065,0.053189653903245926
428,0.02655196376144886,68.9400863647461,0.06417117267847061,0.027275364845991135,70.21768188476562,0.06613310426473618,0.05011269077658653,0.05528851971030235,0.05085667222738266,0.0534113384783268
429,0.02655823342502117,68.46265411376953,0.06392030417919159,0.026453405618667603,68.42559814453125,0.06518945842981339,0.050090741366147995,0.05335863679647446,0.05035385861992836,0.05322350934147835
430,0.02657807618379593,68.97611236572266,0.06418488919734955,0.02684999816119671,68.96138000488281,0.06546879559755325,0.05005074664950371,0.053830306977033615,0.05071385204792023,0.053559016436338425
431,0.026479095220565796,68.39469909667969,0.06388493627309799,0.02664176933467388,68.5785140991211,0.06526785343885422,0.04998279735445976,0.053510457277297974,0.05051165819168091,0.05300747603178024
432,0.026551343500614166,68.8436050415039,0.06411771476268768,0.02649122104048729,68.49308776855469,0.06522563099861145,0.05014688894152641,0.053361039608716965,0.050796788185834885,0.05333342030644417
433,0.026602240279316902,69.0752944946289,0.06423957645893097,0.026783501729369164,69.12577056884766,0.06556016951799393,0.050124216824769974,0.05404546111822128,0.05113666132092476,0.05327291786670685
434,0.026437122374773026,68.12989044189453,0.06374764442443848,0.026735734194517136,68.76766204833984,0.06536788493394852,0.04997848719358444,0.05373237282037735,0.0502086766064167,0.05297800153493881
435,0.026523901149630547,68.85662841796875,0.06412383168935776,0.026770399883389473,68.76292419433594,0.06536433100700378,0.049981098622083664,0.05370533838868141,0.050779711455106735,0.05340072512626648
436,0.026491113007068634,68.38816833496094,0.06388185173273087,0.02654118463397026,68.63372039794922,0.06530003249645233,0.05024043843150139,0.05344676598906517,0.050419215112924576,0.05312410742044449
437,0.026551710441708565,68.87496948242188,0.06413503736257553,0.02726931683719158,71.12264251708984,0.06659528613090515,0.053254809230566025,0.053594861179590225,0.05086667835712433,0.05333442986011505
438,0.026470715180039406,68.52276611328125,0.06395269185304642,0.026680463925004005,68.59955596923828,0.0652787834405899,0.04993746057152748,0.05359534174203873,0.050767868757247925,0.05295873060822487
439,0.0264873169362545,68.38726043701172,0.06388134509325027,0.02665591612458229,68.56334686279297,0.06525938212871552,0.04994150251150131,0.05356321856379509,0.050248514860868454,0.05331552028656006
440,0.026473630219697952,68.62407684326172,0.06400404870510101,0.02675234153866768,68.68635559082031,0.06532388180494308,0.049948956817388535,0.05367330461740494,0.05078761652112007,0.05312040075659752
441,0.02651992067694664,68.55921936035156,0.06397136300802231,0.026497304439544678,68.62196350097656,0.06529460102319717,0.050352793186903,0.053386565297842026,0.05052288621664047,0.05328559875488281
442,0.026522256433963776,68.92029571533203,0.0641578808426857,0.02696348913013935,69.7825927734375,0.06590790301561356,0.05035874620079994,0.0547153614461422,0.05121102184057236,0.053085993975400925
443,0.026399344205856323,68.00167083740234,0.06368134170770645,0.026653343811631203,68.498046875,0.06522443145513535,0.049903206527233124,0.05353773757815361,0.05014919862151146,0.05294279754161835
444,0.02649255096912384,68.68290710449219,0.06403373926877975,0.026748374104499817,68.65596008300781,0.06530718505382538,0.04991984739899635,0.05368218943476677,0.05055561661720276,0.05345682427287102
445,0.026419037953019142,68.18534851074219,0.06377629935741425,0.026607448235154152,68.38042449951172,0.06516159325838089,0.04989209026098251,0.05343053862452507,0.050336867570877075,0.05301564559340477
446,0.02647191658616066,68.64617156982422,0.06401538848876953,0.02646021731197834,68.24861907958984,0.06509461998939514,0.04995560273528099,0.0533023364841938,0.05081266909837723,0.05317151919007301
447,0.026531759649515152,68.77025604248047,0.06408114731311798,0.026706812903285027,69.09742736816406,0.06554637104272842,0.050315387547016144,0.05397070571780205,0.05086122453212738,0.05326128378510475
448,0.02638092450797558,67.97042846679688,0.06366512179374695,0.02671799249947071,68.8951644897461,0.0654374212026596,0.05011830851435661,0.05388142541050911,0.050193071365356445,0.05289506912231445
449,0.026503367349505424,68.88973999023438,0.06414373219013214,0.026797309517860413,68.8319091796875,0.06539756804704666,0.05033927783370018,0.053537510335445404,0.0508376844227314,0.05351157858967781
450,0.026388226076960564,68.07744598388672,0.06372081488370895,0.026575740426778793,68.47686004638672,0.06521572917699814,0.050009604543447495,0.05350172892212868,0.050381552428007126,0.052860625088214874
451,0.02643132582306862,68.162353515625,0.06376463174819946,0.026634512469172478,68.3871841430664,0.06516380608081818,0.04991809278726578,0.05342898517847061,0.050117217004299164,0.053239189088344574
452,0.02641507238149643,68.70378875732422,0.06404391676187515,0.026558374986052513,68.2786865234375,0.06510906666517258,0.049845486879348755,0.05340481176972389,0.051135726273059845,0.05297621339559555
453,0.026462741196155548,68.35604095458984,0.0638662576675415,0.0266242865473032,68.78192901611328,0.06537842005491257,0.05021223798394203,0.05371783301234245,0.05038489028811455,0.05323874205350876
454,0.026396166533231735,68.13578796386719,0.06375205516815186,0.026835262775421143,70.42316436767578,0.06624678522348404,0.05170959234237671,0.054476331919431686,0.05040767416357994,0.052952397614717484
455,0.026397455483675003,68.37493896484375,0.06387808173894882,0.026929611340165138,69.09514617919922,0.06554161757230759,0.04988056421279907,0.054307132959365845,0.05084649845957756,0.05286475270986557
456,0.02648194506764412,68.5641098022461,0.06397504359483719,0.02658253349363804,68.69841003417969,0.06532537937164307,0.05067359283566475,0.05323777720332146,0.050223566591739655,0.05371619760990143
457,0.026341311633586884,68.18009185791016,0.06377401202917099,0.02671648934483528,68.55976104736328,0.06525739282369614,0.04984700679779053,0.05372046306729317,0.050587378442287445,0.05285663902759552
458,0.0263751819729805,68.06886291503906,0.06371653825044632,0.026643289253115654,68.41023254394531,0.06517478078603745,0.05007777363061905,0.05335471034049988,0.05024772882461548,0.053054843097925186
459,0.026414161548018456,68.49407196044922,0.06393735110759735,0.026424456387758255,68.0782241821289,0.06500349193811417,0.04985692724585533,0.05325381085276604,0.05081905797123909,0.05305882543325424
460,0.026411568745970726,68.19505310058594,0.06378239393234253,0.026625266298651695,69.15664672851562,0.0655786544084549,0.05071183294057846,0.05381297692656517,0.05032530054450035,0.053143423050642014
461,0.026382822543382645,68.39143371582031,0.06388752907514572,0.02700848877429962,69.47777557373047,0.06574488431215286,0.04994618892669678,0.05477764829993248,0.05093832686543465,0.052822962403297424
462,0.026362406089901924,67.92732238769531,0.0636434406042099,0.02638806775212288,68.11829376220703,0.0650206133723259,0.05004953220486641,0.05321699380874634,0.050022926181554794,0.05311988666653633
463,0.026394257321953773,68.60382080078125,0.06399094313383102,0.02666700817644596,68.4081802368164,0.06517616659402847,0.049798138439655304,0.05361583083868027,0.05073452368378639,0.05332155153155327
464,0.026331989094614983,67.84835815429688,0.06360137462615967,0.026514938101172447,68.39653778076172,0.06517332047224045,0.050058335065841675,0.053466614335775375,0.05014582723379135,0.05289962887763977
465,0.026435861364006996,68.591064453125,0.0639900416135788,0.026906505227088928,69.0976333618164,0.06553653627634048,0.05069951340556145,0.05359485745429993,0.050786059349775314,0.053276047110557556
466,0.026323169469833374,67.90812683105469,0.06363362073898315,0.026493147015571594,68.15116119384766,0.06504165381193161,0.04983740299940109,0.053358644247055054,0.05031764134764671,0.05282241106033325
467,0.026362353935837746,68.03569793701172,0.06369941681623459,0.026640132069587708,68.34800720214844,0.06514136493206024,0.049991823732852936,0.05339346453547478,0.050112586468458176,0.053206004202365875
468,0.026337042450904846,68.3150405883789,0.06384426355361938,0.02645016275346279,68.01544952392578,0.06496910750865936,0.04977188631892204,0.05327507480978966,0.05082821100950241,0.052888739854097366
469,0.026380043476819992,68.13766479492188,0.06375311315059662,0.02657080627977848,68.87200927734375,0.06542748212814331,0.0505165234208107,0.053687285631895065,0.05027628690004349,0.05318700149655342
470,0.026340292766690254,68.30036926269531,0.06384054571390152,0.02696448564529419,69.35425567626953,0.06567986309528351,0.04990990087389946,0.05472012981772423,0.050916992127895355,0.05279364436864853
471,0.02630786783993244,67.74844360351562,0.06355053186416626,0.02637159638106823,67.91574096679688,0.06491287797689438,0.04987344145774841,0.05314125493168831,0.04996220022439957,0.053011417388916016
472,0.026358790695667267,68.4491958618164,0.0639118105173111,0.026628529652953148,68.28343963623047,0.06510960310697556,0.049747925251722336,0.05356665328145027,0.05061216652393341,0.053308699280023575
473,0.02628784067928791,67.71282196044922,0.06353103369474411,0.026474256068468094,68.19561767578125,0.06506574898958206,0.049937937408685684,0.05338001996278763,0.05007084459066391,0.05286327749490738
474,0.026401882991194725,68.40509033203125,0.06389284878969193,0.02678699605166912,68.58695983886719,0.06526803225278854,0.04996490851044655,0.05369840934872627,0.05071461573243141,0.053152285516262054
475,0.026312202215194702,67.88729858398438,0.06362289935350418,0.026373976841568947,68.03594970703125,0.06498177349567413,0.049984682351350784,0.05320022255182266,0.05028174817562103,0.05290166288614273
476,0.02632790245115757,68.01661682128906,0.0636909157037735,0.026712115854024887,69.07242584228516,0.06552183628082275,0.051166702061891556,0.05330420657992363,0.05024028941988945,0.05312545225024223
477,0.026290617883205414,68.13529968261719,0.06375207006931305,0.026489799842238426,68.01206970214844,0.06496632844209671,0.049717895686626434,0.053340405225753784,0.05068007484078407,0.05285301059484482
478,0.026302313432097435,67.81819152832031,0.06358665972948074,0.02649143896996975,68.08634185791016,0.06500624120235443,0.049797456711530685,0.053372811526060104,0.0500083789229393,0.05309974029660225
479,0.026325341314077377,68.1780776977539,0.06377428770065308,0.026669321581721306,68.29509735107422,0.06511443108320236,0.049772460013628006,0.05357660725712776,0.05066566541790962,0.05294603481888771
480,0.0263212863355875,67.96633911132812,0.06366479396820068,0.026376280933618546,68.10150909423828,0.06501691788434982,0.05008458346128464,0.053220946341753006,0.05026417225599289,0.05306043103337288
481,0.026254378259181976,67.57553100585938,0.06346001476049423,0.026519587263464928,68.07534790039062,0.06499974429607391,0.049754709005355835,0.05339832231402397,0.04990638047456741,0.052896831184625626
482,0.026315685361623764,68.62751770019531,0.06400234997272491,0.02654942497611046,68.05940246582031,0.06499060243368149,0.049697648733854294,0.05341187119483948,0.051198020577430725,0.05304482951760292
483,0.02628680318593979,67.75940704345703,0.06355663388967514,0.026428256183862686,67.96490478515625,0.06494184583425522,0.0497700534760952,0.05329814553260803,0.05011358484625816,0.05294622853398323
484,0.026261096820235252,67.71295166015625,0.06353233009576797,0.026573915034532547,68.29932403564453,0.06511344760656357,0.050275228917598724,0.05320901796221733,0.050023723393678665,0.05299486219882965
485,0.026274144649505615,68.14097595214844,0.06375463306903839,0.026447180658578873,67.8913803100586,0.06490173190832138,0.04967756196856499,0.05328355357050896,0.050701748579740524,0.05290348455309868
486,0.026279538869857788,67.76280975341797,0.06355847418308258,0.026471102610230446,68.3619613647461,0.0651552677154541,0.05018385499715805,0.05345446243882179,0.05006728321313858,0.05302290990948677
487,0.026286635547876358,68.27714538574219,0.0638294592499733,0.026949111372232437,69.14176940917969,0.06556650251150131,0.04973894730210304,0.054693806916475296,0.05103343352675438,0.052768029272556305
488,0.0262269489467144,67.4903564453125,0.06341660022735596,0.026325585320591927,67.6836166381836,0.06478854268789291,0.049742020666599274,0.05305931344628334,0.049866724759340286,0.05288621783256531
489,0.026293519884347916,68.12352752685547,0.06374435871839523,0.026572255417704582,68.07406616210938,0.06499730795621872,0.04965917393565178,0.05349118635058403,0.050340380519628525,0.05326414480805397
490,0.026213422417640686,67.49887084960938,0.06342009454965591,0.026484649628400803,67.85604095458984,0.0648796409368515,0.0497160367667675,0.053207747638225555,0.04996483400464058,0.05280834808945656
491,0.02627071551978588,68.13229370117188,0.0637500062584877,0.026359081268310547,67.72152709960938,0.06481141597032547,0.04965832456946373,0.05315977334976196,0.050684958696365356,0.05295591428875923
492,0.026286747306585312,67.85985565185547,0.06360971927642822,0.02649986930191517,68.62591552734375,0.06529651582241058,0.05041787400841713,0.053614865988492966,0.05025792866945267,0.052999649196863174
493,0.02624201774597168,67.87982940673828,0.06362207233905792,0.026937376707792282,69.52253723144531,0.06576899439096451,0.050111088901758194,0.054938606917858124,0.050603777170181274,0.052711036056280136
494,0.02619173377752304,67.43174743652344,0.06338679790496826,0.026628533378243446,68.5345458984375,0.06524554640054703,0.04995429888367653,0.05386791005730629,0.05004383251070976,0.052684199064970016
495,0.026324059814214706,68.38941192626953,0.06388721615076065,0.026940153911709785,68.96891021728516,0.06547120958566666,0.049678586423397064,0.05454692617058754,0.05064241215586662,0.05339584872126579
496,0.026181334629654884,67.36676025390625,0.0633516013622284,0.026381846517324448,67.73613739013672,0.06481855362653732,0.04965253919363022,0.05319427326321602,0.049919553101062775,0.052720170468091965
497,0.026253346353769302,67.79303741455078,0.06357454508543015,0.02657085284590721,68.01717376708984,0.06496395170688629,0.049819838255643845,0.05330570787191391,0.05009078606963158,0.053125955164432526
498,0.026210078969597816,67.73363494873047,0.06354349851608276,0.026323378086090088,67.62389373779297,0.06475905328989029,0.04964575916528702,0.05309996381402016,0.050388630479574203,0.052763860672712326
499,0.026233956217765808,67.61181640625,0.06347952038049698,0.026438340544700623,67.80726623535156,0.06485580652952194,0.04965478554368019,0.053268034011125565,0.04990021511912346,0.053076278418302536
500,0.026240546256303787,67.96517944335938,0.06366375088691711,0.026611728593707085,68.07079315185547,0.06499476730823517,0.04963426664471626,0.05355072394013405,0.050772566348314285,0.052700161933898926
501,0.02626725472509861,67.83755493164062,0.0635991096496582,0.026351507753133774,67.87312316894531,0.06489329040050507,0.04989108070731163,0.05320648476481438,0.050130512565374374,0.0531613752245903
502,0.026178091764450073,67.54154205322266,0.06344415992498398,0.026602571830153465,69.28728485107422,0.06563343852758408,0.05197989195585251,0.05306966230273247,0.05015955865383148,0.05276581272482872
503,0.026208939030766487,67.89244079589844,0.06362656503915787,0.026481350883841515,67.81397247314453,0.0648588091135025,0.04958590492606163,0.05333442613482475,0.05055323988199234,0.052826154977083206
504,0.026188675314188004,67.4209976196289,0.06338038295507431,0.026390034705400467,67.68234252929688,0.06478913873434067,0.04961743205785751,0.05319083109498024,0.049850065261125565,0.05290786549448967
505,0.026224739849567413,67.8487777709961,0.06360361725091934,0.026532579213380814,67.86329650878906,0.06488379091024399,0.049604952335357666,0.0533660463988781,0.050444137305021286,0.0529094822704792
506,0.026206474751234055,67.56326293945312,0.06345539540052414,0.026288075372576714,67.83151245117188,0.06487249583005905,0.05004190281033516,0.053087521344423294,0.05007201433181763,0.05289598926901817
507,0.02623644843697548,68.1271743774414,0.06375134736299515,0.02681705914437771,68.89820098876953,0.06543855369091034,0.04980941861867905,0.054483812302351,0.0509270578622818,0.05280935391783714
508,0.026123207062482834,67.13435363769531,0.06323105841875076,0.026393847540020943,67.58699798583984,0.06473676860332489,0.04956096038222313,0.05313530191779137,0.04976474866271019,0.05264726281166077
509,0.02623334527015686,67.85672760009766,0.06360698491334915,0.02650778368115425,67.800537109375,0.06485013663768768,0.04956572502851486,0.053349729627370834,0.05018231272697449,0.05319967120885849
510,0.026145190000534058,67.30399322509766,0.06331923604011536,0.02642781101167202,67.63549041748047,0.0647609755396843,0.049629393965005875,0.05312631279230118,0.04992758110165596,0.052721548825502396
511,0.026195622980594635,67.83740997314453,0.06359779834747314,0.02628575824201107,67.4762954711914,0.06467986851930618,0.04957996681332588,0.053049203008413315,0.05051528289914131,0.05286644399166107
512,0.026209715753793716,67.64500427246094,0.06349871307611465,0.02645699307322502,68.55152130126953,0.0652572512626648,0.05053013563156128,0.05354204773902893,0.0501943863928318,0.052915215492248535
513,0.026157936081290245,67.58113098144531,0.06346748769283295,0.02684224769473076,69.0708236694336,0.06552956998348236,0.04993211850523949,0.054644644260406494,0.050459276884794235,0.05259358882904053
514,0.026130100712180138,67.29109191894531,0.06331489980220795,0.026820601895451546,69.16216278076172,0.06557814031839371,0.050119370222091675,0.05461868643760681,0.05007678642868996,0.05260106548666954
515,0.02620410919189453,67.81378173828125,0.06358949840068817,0.02672751061618328,68.33995819091797,0.06513851881027222,0.049578819423913956,0.054000526666641235,0.050230972468853,0.05317738652229309
516,0.026162954047322273,67.32785034179688,0.06333277374505997,0.026260940358042717,67.34982299804688,0.06461041420698166,0.04951968789100647,0.052975933998823166,0.04977268725633621,0.05294322595000267
517,0.026172060519456863,67.75086212158203,0.06355249881744385,0.0264788419008255,67.70158386230469,0.06479770690202713,0.049531251192092896,0.053307920694351196,0.050460945814847946,0.05284370854496956
518,0.026156598702073097,67.35891723632812,0.06334909051656723,0.026280894875526428,67.75374603271484,0.06483040750026703,0.050006162375211716,0.0530783012509346,0.04994837939739227,0.05282289907336235
519,0.02619774453341961,68.00627136230469,0.06368988007307053,0.026790449395775795,68.70683288574219,0.06533609330654144,0.04967084527015686,0.054427601397037506,0.0509144552052021,0.052737511694431305
520,0.02608942799270153,67.0180892944336,0.06317085772752762,0.026318486779928207,67.37957000732422,0.06462491303682327,0.04953158646821976,0.05299234017729759,0.049701888114213943,0.05263280123472214
521,0.026191340759396553,67.72257995605469,0.0635375902056694,0.026473913341760635,67.66757202148438,0.06477884203195572,0.0495089627802372,0.0533035509288311,0.05013655126094818,0.053144387900829315
522,0.026107970625162125,67.16466522216797,0.06324700266122818,0.02641276642680168,67.54936981201172,0.06471379101276398,0.04964607581496239,0.05306342616677284,0.04986146464943886,0.05267825722694397
523,0.026154886931180954,67.69676971435547,0.06352511048316956,0.0262733306735754,67.36421203613281,0.0646190345287323,0.04951765015721321,0.053020525723695755,0.05045952647924423,0.052810024470090866
524,0.026158206164836884,67.41210174560547,0.06337752193212509,0.02639572136104107,68.3205337524414,0.06513376533985138,0.05046052113175392,0.05338882654905319,0.05001695081591606,0.05285871773958206
525,0.026131074875593185,67.55631256103516,0.06345589458942413,0.026825904846191406,68.76305389404297,0.06536485999822617,0.04965978115797043,0.05454092472791672,0.05055663362145424,0.05253869295120239
526,0.026094883680343628,67.03607177734375,0.0631805881857872,0.026173310354351997,67.15200805664062,0.06450469046831131,0.04946510121226311,0.05288303643465042,0.04973035678267479,0.05266739800572395
527,0.026205390691757202,67.99942779541016,0.06367835402488708,0.02643183432519436,67.56324768066406,0.06472303718328476,0.04948076233267784,0.053239982575178146,0.050361305475234985,0.053329337388277054
528,0.02606866881251335,67.01493072509766,0.06316862255334854,0.02636065147817135,67.8292007446289,0.06486951559782028,0.04992079734802246,0.05326231196522713,0.04984746873378754,0.052529241889715195
529,0.02616962417960167,67.85364532470703,0.06361104547977448,0.026813792064785957,68.83467864990234,0.0654035210609436,0.049688395112752914,0.05464550480246544,0.05081097036600113,0.052700817584991455
530,0.026059919968247414,66.91385650634766,0.06311661750078201,0.026253368705511093,67.22416687011719,0.06454102694988251,0.04951385408639908,0.052893318235874176,0.04965975880622864,0.052600257098674774
531,0.026172233745455742,67.72457885742188,0.06353794783353806,0.02643907442688942,67.5491714477539,0.06471507996320724,0.04946254938840866,0.05325489118695259,0.05015960708260536,0.05318637564778328
532,0.026062149554491043,66.95478820800781,0.06313687562942505,0.026363911107182503,67.3606185913086,0.06461358815431595,0.0494692400097847,0.05305209755897522,0.04973217099905014,0.05258474126458168
533,0.02612871676683426,67.62984466552734,0.06348984688520432,0.026296822354197502,67.30773162841797,0.06458745896816254,0.049455735832452774,0.053032997995615005,0.05045328661799431,0.052790842950344086
534,0.026136357337236404,67.3652572631836,0.06335346400737762,0.026343783363699913,68.0401840209961,0.0649835392832756,0.05024786666035652,0.053284548223018646,0.0500478632748127,0.05282546579837799
535,0.02609984017908573,67.41259765625,0.06338034570217133,0.026843620464205742,69.04710388183594,0.06551604717969894,0.04990076646208763,0.0547737181186676,0.05042717605829239,0.05253857374191284
536,0.02604914829134941,66.92276000976562,0.06312191486358643,0.026471862569451332,67.88506317138672,0.06489770114421844,0.04971075430512428,0.053512491285800934,0.04981379210948944,0.05249984562397003
537,0.026118140667676926,67.37100982666016,0.06335809081792831,0.026521798223257065,68.40100860595703,0.06517474353313446,0.05014895647764206,0.05380436033010483,0.05024413764476776,0.0526726171374321
538,0.02615114115178585,67.7994155883789,0.06358125805854797,0.026507336646318436,67.6452865600586,0.06476622074842453,0.04944610595703125,0.053398095071315765,0.05034114047884941,0.05319489166140556
539,0.02604685351252556,66.88449096679688,0.06310021132230759,0.026308182626962662,67.24333953857422,0.06454967707395554,0.04946921393275261,0.05295666307210922,0.04964955896139145,0.052617769688367844
540,0.026115380227565765,67.48042297363281,0.06341173499822617,0.02641718089580536,67.44747161865234,0.06465991586446762,0.049428172409534454,0.053206782788038254,0.050174374133348465,0.052905771881341934
541,0.026058005169034004,66.9770736694336,0.06314890086650848,0.026305632665753365,67.22919464111328,0.06454174220561981,0.049475181847810745,0.0529446043074131,0.049745507538318634,0.052658237516880035
542,0.02609369158744812,67.4773941040039,0.0634104460477829,0.026227056980133057,67.1650619506836,0.0645107701420784,0.04943985864520073,0.05293995887041092,0.05037863180041313,0.05271488428115845
543,0.02610921487212181,67.30863189697266,0.06332385540008545,0.026358580216765404,68.1620101928711,0.0650482103228569,0.05040999874472618,0.05333622917532921,0.05004622042179108,0.052809085696935654
544,0.026060130447149277,67.24549865722656,0.06329291313886642,0.026770804077386856,68.75816345214844,0.06536190956830978,0.049826283007860184,0.054523762315511703,0.05032921954989433,0.05246865376830101
545,0.026029342785477638,66.9177017211914,0.0631198137998581,0.02665468491613865,68.54795837402344,0.06525056809186935,0.049965523183345795,0.05416354164481163,0.04990642890334129,0.05246061086654663
546,0.026125384494662285,67.5442123413086,0.06344935297966003,0.02659958228468895,67.89359283447266,0.06489799171686172,0.04942988604307175,0.05375336855649948,0.05014340952038765,0.05309009552001953
547,0.026045184582471848,66.93720245361328,0.06312839686870575,0.026189668104052544,67.07437133789062,0.06446121633052826,0.04944203048944473,0.0528644397854805,0.0496533028781414,0.05273529142141342
548,0.026097292080521584,67.41121673583984,0.0633760318160057,0.026411810889840126,67.3880386352539,0.06462682783603668,0.04940991476178169,0.053184039890766144,0.050274644047021866,0.05276196449995041
549,0.02604612149298191,67.00091552734375,0.06316185742616653,0.026180339977145195,67.29974365234375,0.0645846426486969,0.0497763492166996,0.05288546159863472,0.04980827122926712,0.05267907679080963
550,0.0261111781001091,67.67186737060547,0.06351202726364136,0.026649190112948418,69.22022247314453,0.06561040878295898,0.05091642588376999,0.05422592535614967,0.05065218731760979,0.05274335294961929
551,0.02598516270518303,66.68174743652344,0.06299486756324768,0.02633766643702984,67.25030517578125,0.06455419212579727,0.04938473924994469,0.05308356508612633,0.049642935395240784,0.05243011191487312
552,0.02610144019126892,67.31658935546875,0.06332680583000183,0.026381397619843483,67.29320526123047,0.06457476317882538,0.04940899461507797,0.053091783076524734,0.04995327070355415,0.052973758429288864
553,0.026018304750323296,66.90291595458984,0.06310989707708359,0.026270663365721703,67.09333801269531,0.06446882337331772,0.04936952516436577,0.05293441563844681,0.04983113333582878,0.05254865437746048
554,0.02606051228940487,67.23686981201172,0.06328485161066055,0.026193393394351006,67.02740478515625,0.06443546712398529,0.04939843341708183,0.05286870151758194,0.0501476489007473,0.052693381905555725
555,0.02609223686158657,67.42223358154297,0.06338302046060562,0.026298345997929573,68.04075622558594,0.06498359143733978,0.050487224012613297,0.05319083482027054,0.05026952177286148,0.05281585454940796
556,0.025987612083554268,66.81517028808594,0.06306552141904831,0.02652333676815033,68.08470153808594,0.06500334292650223,0.04988925904035568,0.05370543152093887,0.04988287389278412,0.052401792258024216
557,0.026044489815831184,67.33788299560547,0.06334245204925537,0.02729533053934574,70.0082778930664,0.06601785123348236,0.04960104823112488,0.056312594562768936,0.050444163382053375,0.052569013088941574
558,0.02598973736166954,66.72212219238281,0.06301610171794891,0.026436101645231247,67.52535247802734,0.06470142304897308,0.04944586753845215,0.05338655784726143,0.04962857440114021,0.052545808255672455
559,0.026120444759726524,67.48114776611328,0.0634138360619545,0.026335334405303,67.21317291259766,0.06452984362840652,0.04945879802107811,0.052989792078733444,0.04998461902141571,0.053215719759464264
560,0.025972889736294746,66.71366882324219,0.06301005184650421,0.0263011883944273,67.2969741821289,0.06458012759685516,0.04957731440663338,0.05303863063454628,0.04977500066161156,0.052388954907655716
561,0.02608172409236431,67.31934356689453,0.06333033740520477,0.026497509330511093,68.10742950439453,0.06500449776649475,0.05049366503953934,0.0531521812081337,0.050193991512060165,0.05280061811208725
562,0.025985701009631157,66.90697479248047,0.06311292201280594,0.026149330660700798,66.93684387207031,0.0643867701292038,0.049405407160520554,0.052804578095674515,0.04999455064535141,0.052440691739320755
563,0.026034347712993622,66.88433074951172,0.06309980899095535,0.02630842663347721,67.12040710449219,0.06448058784008026,0.04938434809446335,0.052970387041568756,0.04959319531917572,0.052804864943027496
564,0.026002565398812294,67.23763275146484,0.06328462064266205,0.026211008429527283,66.97215270996094,0.06440429389476776,0.0493290014564991,0.05288877710700035,0.0504174642264843,0.052489668130874634
565,0.026024209335446358,67.0296401977539,0.06317733228206635,0.026297224685549736,67.7056884765625,0.0648014023900032,0.05007331445813179,0.05316795036196709,0.04985236003994942,0.05276467278599739
566,0.02599678561091423,67.1524658203125,0.06324434280395508,0.026764169335365295,68.52201080322266,0.06523359566926956,0.04958066716790199,0.05454641208052635,0.05039968714118004,0.05240949988365173
567,0.02595444954931736,66.55022430419922,0.0629250705242157,0.026156436651945114,66.86103057861328,0.06434448063373566,0.04933125525712967,0.0527908094227314,0.04956799000501633,0.052421730011701584
568,0.02609819732606411,67.48502349853516,0.0634111687541008,0.02632245235145092,67.12195587158203,0.0644819438457489,0.04930993542075157,0.05305352807044983,0.05005539581179619,0.053185414522886276
569,0.02593814581632614,66.56108856201172,0.06292955577373505,0.02626645565032959,67.32825469970703,0.06459680199623108,0.049703773111104965,0.05303115397691727,0.04964780434966087,0.052364327013492584
570,0.026036906987428665,67.56652069091797,0.06346052139997482,0.026646265760064125,68.08027648925781,0.06499796360731125,0.04939741641283035,0.05416223779320717,0.050819043070077896,0.05255850404500961
571,0.025935538113117218,66.48006439208984,0.06288803368806839,0.026149656623601913,66.80005645751953,0.0643087700009346,0.04934284836053848,0.05272160843014717,0.0494842492043972,0.05243293568491936
572,0.026041900739073753,67.17146301269531,0.06324899196624756,0.026333408430218697,67.11359405517578,0.06447698920965195,0.049293749034404755,0.05307348445057869,0.0498771145939827,0.05296845734119415
573,0.025957372039556503,66.63306427001953,0.06296765059232712,0.026280377060174942,67.08570098876953,0.06445931643247604,0.049561161547899246,0.05282530188560486,0.04966031387448311,0.0524706095457077
574,0.025993745774030685,67.1329574584961,0.0632297471165657,0.02617933228611946,66.88111877441406,0.06435411423444748,0.04930903762578964,0.05284683033823967,0.05022506043314934,0.05259133502840996
575,0.02598422020673752,66.79714965820312,0.06305453926324844,0.026244353502988815,67.62311553955078,0.06475628167390823,0.05016552656888962,0.05304761976003647,0.049709662795066833,0.052650533616542816
576,0.025984566658735275,67.11579132080078,0.06322504580020905,0.02669769711792469,68.11357116699219,0.06501349061727524,0.04936179891228676,0.05425148084759712,0.050462428480386734,0.05234483629465103
577,0.025949014350771904,66.55160522460938,0.06292553246021271,0.026007002219557762,66.69364166259766,0.06425168365240097,0.04935575649142265,0.052728425711393356,0.04948275163769722,0.052567679435014725
578,0.02602592296898365,67.33321380615234,0.06333092600107193,0.02629946358501911,67.04045104980469,0.06443749368190765,0.04927050694823265,0.05304001644253731,0.05014535039663315,0.05295714735984802
579,0.025918738916516304,66.49573516845703,0.0628950446844101,0.02621435932815075,67.24188995361328,0.06454982608556747,0.049735963344573975,0.05296090617775917,0.04961072653532028,0.052369777113199234
580,0.02600426971912384,67.37726593017578,0.06336214393377304,0.02670995332300663,68.28539276123047,0.06510557234287262,0.04938792809844017,0.054490167647600174,0.05067860335111618,0.052505090832710266
581,0.025908539071679115,66.38164520263672,0.06283590197563171,0.02611524984240532,66.68170928955078,0.0642440915107727,0.04929352551698685,0.05267367884516716,0.04945005476474762,0.05239243060350418
582,0.026025405153632164,67.1611099243164,0.06324270367622375,0.02630257047712803,67.00995635986328,0.06442013382911682,0.04925749450922012,0.05302688851952553,0.04989128187298775,0.05299808830022812
583,0.025916146114468575,66.44744110107422,0.06286928802728653,0.026243383064866066,66.87275695800781,0.06434467434883118,0.04934462904930115,0.05280321463942528,0.04954669624567032,0.052387870848178864
584,0.02597348764538765,67.1103515625,0.06321714073419571,0.026145558804273605,66.76233673095703,0.0642888993024826,0.04926583915948868,0.052788667380809784,0.05027831345796585,0.05256730318069458
585,0.025964537635445595,66.79290771484375,0.06305240094661713,0.026240438222885132,67.5688705444336,0.0647260770201683,0.05009322986006737,0.05308960750699043,0.04979672655463219,0.05261501297354698
586,0.025946393609046936,66.91358184814453,0.0631185844540596,0.02674778364598751,68.4656982421875,0.06520093232393265,0.049551013857126236,0.05461616441607475,0.05026979744434357,0.05232847109436989
587,0.025900131091475487,66.40609741210938,0.06284931302070618,0.02642943523824215,67.60115051269531,0.06474001705646515,0.04958129674196243,0.05352940037846565,0.04961935430765152,0.05229528620839119
588,0.026046374812722206,67.30906677246094,0.06332414597272873,0.026423191651701927,67.3908920288086,0.06462343782186508,0.04923897236585617,0.05353117361664772,0.05014406889677048,0.05300642177462578
589,0.02588559314608574,66.4295883178711,0.06286019831895828,0.026102151721715927,66.7564468383789,0.06428629904985428,0.04938579350709915,0.05272521451115608,0.049546994268894196,0.0524078905582428
590,0.025988861918449402,66.8870620727539,0.06310205906629562,0.026295483112335205,67.12777709960938,0.06447901576757431,0.049577224999666214,0.052917253226041794,0.04984809085726738,0.052723273634910583
591,0.025905217975378036,66.6327896118164,0.06296750158071518,0.02609851583838463,66.7059326171875,0.06425872445106506,0.04934936761856079,0.05270134657621384,0.04985985904932022,0.052378855645656586
592,0.025961196050047874,66.70874786376953,0.06300777196884155,0.026300689205527306,67.45085906982422,0.06465038657188416,0.050101060420274734,0.052873242646455765,0.04964388906955719,0.052693650126457214
593,0.02590717002749443,66.91278076171875,0.06311409175395966,0.026089515537023544,66.61212158203125,0.06420723348855972,0.049230244010686874,0.052691783756017685,0.05029682815074921,0.05232760310173035
594,0.02593250945210457,66.60861206054688,0.06295463442802429,0.02624380588531494,67.18739318847656,0.06451815366744995,0.049674201756715775,0.05299168452620506,0.04954167455434799,0.05266933515667915
595,0.025924744084477425,67.1198959350586,0.06322651356458664,0.026609227061271667,67.8569564819336,0.06487487256526947,0.04927618056535721,0.05411124229431152,0.050610482692718506,0.05231868103146553
596,0.0258858073502779,66.31771850585938,0.06280189007520676,0.02601548843085766,66.50824737548828,0.06414856016635895,0.04926994815468788,0.05259744077920914,0.04939780756831169,0.0524417869746685
597,0.02596501260995865,66.9021224975586,0.0631069540977478,0.0262743066996336,66.88489532470703,0.06435085833072662,0.0492086224257946,0.052985191345214844,0.04980131611227989,0.05282241106033325
598,0.025894014164805412,66.40158081054688,0.06284502893686295,0.02620542235672474,66.86161804199219,0.0643351599574089,0.04951312765479088,0.05271342769265175,0.049571312963962555,0.05238721892237663
599,0.025925859808921814,66.91584014892578,0.0631151795387268,0.02607397548854351,66.58341979980469,0.06419079750776291,0.04923814907670021,0.052679240703582764,0.050180938094854355,0.052482686936855316
600,0.025916092097759247,66.61561584472656,0.06295846402645111,0.026245739310979843,67.57550811767578,0.06472758203744888,0.05018818750977516,0.05307725444436073,0.04969624802470207,0.05256274342536926
601,0.02590174973011017,66.76546478271484,0.06304032355546951,0.0266757570207119,68.06591796875,0.06498490273952484,0.04936588183045387,0.054330866783857346,0.05024437978863716,0.0522368960082531
602,0.025861162692308426,66.27468872070312,0.06277929246425629,0.026351867243647575,67.42510223388672,0.06464412063360214,0.04963072016835213,0.05335291475057602,0.049592457711696625,0.05222686380147934
603,0.026015665382146835,67.20037078857422,0.06326596438884735,0.026287464424967766,66.98833465576172,0.06440522521734238,0.049183547496795654,0.053163234144449234,0.05003980174660683,0.05304215848445892
604,0.025837553665041924,66.27503204345703,0.06277785450220108,0.02612033113837242,66.7746810913086,0.06429405510425568,0.04945388063788414,0.05274290218949318,0.049511779099702835,0.05231810361146927
605,0.025953372940421104,66.8412857055664,0.0630781427025795,0.026229841634631157,67.24845123291016,0.0645400807261467,0.049971792846918106,0.05280875414609909,0.04990915209054947,0.05269242450594902
606,0.02585248276591301,66.4461898803711,0.06286881119012833,0.02611200325191021,66.6324462890625,0.06421635299921036,0.04929951950907707,0.05270099267363548,0.04979027435183525,0.0522758848965168
607,0.025913607329130173,66.49514770507812,0.06289426982402802,0.026184748858213425,66.92596435546875,0.06436748057603836,0.04962468147277832,0.05273375287652016,0.0494939461350441,0.0526367723941803
608,0.025874078273773193,66.81098937988281,0.06305935978889465,0.026081500574946404,66.51251220703125,0.06415064632892609,0.049181967973709106,0.05266669765114784,0.05027689039707184,0.05229508504271507
609,0.025889959186315536,66.50652313232422,0.06290047615766525,0.026216311380267143,67.19197082519531,0.06451896578073502,0.04980751499533653,0.052959684282541275,0.04956667497754097,0.05259397625923157
610,0.02587757632136345,66.82630157470703,0.06307213008403778,0.026636317372322083,67.92023468017578,0.06490572541952133,0.04927956685423851,0.05426784232258797,0.050376467406749725,0.05224223807454109
611,0.025844592601060867,66.15815734863281,0.06271674484014511,0.025965174660086632,66.32522583007812,0.0640479251742363,0.049168191850185394,0.05253675952553749,0.049357928335666656,0.05234644562005997
612,0.025950606912374496,66.94462585449219,0.06312702596187592,0.026221245527267456,66.7176742553711,0.0642581433057785,0.04915445297956467,0.05289959907531738,0.04987303167581558,0.05289055034518242
613,0.025826388970017433,66.13096618652344,0.06270088255405426,0.026143623515963554,66.67638397216797,0.0642382949590683,0.049340832978487015,0.05273903161287308,0.049426302313804626,0.05224579572677612
614,0.025973215699195862,66.92604064941406,0.06312045454978943,0.02628861553966999,66.84248352050781,0.06432369351387024,0.04917839542031288,0.053015802055597305,0.050244610756635666,0.05250094085931778
615,0.025851421058177948,66.46404266357422,0.06287779659032822,0.02605859562754631,66.6995620727539,0.06425302475690842,0.049564335495233536,0.05262674763798714,0.04968339204788208,0.052464719861745834
616,0.02583598531782627,66.14104461669922,0.06270667165517807,0.026136064901947975,66.491455078125,0.0641353502869606,0.04914303869009018,0.05267336964607239,0.04931868985295296,0.05237976461648941
617,0.025903724133968353,67.06380462646484,0.06318813562393188,0.026178430765867233,66.60908508300781,0.06419937312602997,0.04912902042269707,0.052821774035692215,0.0504593625664711,0.052502986043691635
618,0.02583414316177368,66.28668975830078,0.06278379261493683,0.026084814220666885,66.65667724609375,0.06422831863164902,0.0494050495326519,0.0527096726000309,0.049546487629413605,0.05236678943037987
619,0.02586742863059044,66.34146118164062,0.06281331181526184,0.02612057700753212,67.33558654785156,0.06458359211683273,0.050530362874269485,0.05255454406142235,0.04947653412818909,0.05251593887805939
620,0.02586236037313938,66.78213500976562,0.06304279714822769,0.026166213676333427,66.5660629272461,0.06417590379714966,0.049124155193567276,0.052791476249694824,0.050249096006155014,0.05233536288142204
621,0.02584131620824337,66.25740051269531,0.06276805698871613,0.026123175397515297,66.7209243774414,0.06426206976175308,0.04945237562060356,0.052746981382369995,0.04944998398423195,0.052436716854572296
622,0.025890788063406944,66.64772033691406,0.06297490000724792,0.026139268651604652,68.61983489990234,0.06526615470647812,0.052429210394620895,0.05254744738340378,0.04989137500524521,0.052546530961990356
623,0.02583101950585842,66.48577880859375,0.06288884580135345,0.02618219144642353,66.56880950927734,0.0641767680644989,0.04912131652235985,0.05280349403619766,0.04995781183242798,0.052237458527088165
624,0.025843162089586258,66.20732879638672,0.06274116784334183,0.026115868240594864,66.51624298095703,0.06414932757616043,0.04923633858561516,0.05267731472849846,0.04935923591256142,0.05247173458337784
625,0.025908570736646652,66.6705093383789,0.06298583000898361,0.026217669248580933,66.62630462646484,0.06420531868934631,0.049129314720630646,0.052853334695100784,0.050036270171403885,0.05243347957730293
626,0.02582508698105812,66.28916931152344,0.06278479099273682,0.026068495586514473,66.77651977539062,0.0642930418252945,0.04974561929702759,0.052608899772167206,0.04959481209516525,0.05237266793847084
627,0.025848863646388054,66.78248596191406,0.0630476251244545,0.026691632345318794,68.08621215820312,0.06499220430850983,0.04944697767496109,0.05441771820187569,0.050316452980041504,0.05233728513121605
628,0.025782804936170578,65.91691589355469,0.06258828938007355,0.026153670623898506,66.49447631835938,0.06413593143224716,0.049123670905828476,0.05274464562535286,0.04932532086968422,0.05213969945907593
629,0.025934049859642982,66.7600326538086,0.06303048133850098,0.026193995028734207,66.5480728149414,0.06416235864162445,0.049093686044216156,0.052809830754995346,0.04975651577115059,0.052847202867269516
630,0.025788741186261177,65.99893951416016,0.0626300796866417,0.026124637573957443,66.48902893066406,0.06413321197032928,0.049228060990571976,0.05267111584544182,0.049401771277189255,0.05218227952718735
631,0.025905774906277657,66.68622589111328,0.062993124127388,0.026218218728899956,66.61605834960938,0.06419850140810013,0.04910389706492424,0.052888669073581696,0.050096284598112106,0.05242444947361946
632,0.025816792622208595,66.40336608886719,0.06284497678279877,0.026035068556666374,66.6731185913086,0.06423617154359818,0.049677371978759766,0.05257433280348778,0.0497065931558609,0.05245430767536163
633,0.025800801813602448,66.31619262695312,0.06279995292425156,0.026654064655303955,68.6967544555664,0.06531946361064911,0.05072144418954849,0.05411061272025108,0.04981473460793495,0.05223311856389046
634,0.025806423276662827,66.24835205078125,0.06276552379131317,0.026621179655194283,67.69210815429688,0.06477820128202438,0.04928210750222206,0.05407857522368431,0.04981105774641037,0.05215015634894371
635,0.025881899520754814,66.60649871826172,0.06295452266931534,0.027131494134664536,69.49190521240234,0.06573117524385452,0.049273815006017685,0.05641951784491539,0.04987902194261551,0.05257882922887802
636,0.025772780179977417,66.01078796386719,0.06263706088066101,0.026108726859092712,66.54583740234375,0.0641636922955513,0.04930685833096504,0.05271271988749504,0.04938703775405884,0.052257224917411804
637,0.02588243968784809,66.53687286376953,0.06291572004556656,0.026110466569662094,66.91886901855469,0.06435604393482208,0.0498761348426342,0.0526464469730854,0.04964961111545563,0.05270780250430107
638,0.025776509195566177,66.21184539794922,0.06274288892745972,0.026086336001753807,66.37984466552734,0.06407278031110764,0.049162786453962326,0.05263266712427139,0.04978746920824051,0.0521305613219738
639,0.025826627388596535,66.13081359863281,0.06269948929548264,0.026086311787366867,66.28944396972656,0.06402093917131424,0.04906446486711502,0.052591945976018906,0.049290042370557785,0.0525142066180706
640,0.025822190567851067,66.58643341064453,0.06293856352567673,0.02608836628496647,66.32758331298828,0.06404303014278412,0.049060918390750885,0.052652157843112946,0.05025447532534599,0.05218447744846344
641,0.025806168094277382,66.34768676757812,0.06281524896621704,0.02612677402794361,66.77345275878906,0.06428711861371994,0.049560852348804474,0.05280357971787453,0.04961652681231499,0.0525071807205677
642,0.025791777297854424,66.31338500976562,0.06279799342155457,0.02661997266113758,68.39744567871094,0.0651569813489914,0.05013582110404968,0.05432423949241638,0.04993065819144249,0.05215807259082794
643,0.025773698464035988,66.00534057617188,0.0626353770494461,0.026507338508963585,67.47801971435547,0.06466235965490341,0.04936864972114563,0.05379760265350342,0.04957858473062515,0.05209356173872948
644,0.025883670896291733,66.61180114746094,0.0629570335149765,0.026552647352218628,67.6515121459961,0.06475136429071426,0.04906649515032768,0.054290104657411575,0.04986204206943512,0.052650630474090576
645,0.02574899047613144,65.94023132324219,0.06259854137897491,0.02594427578151226,66.22771453857422,0.06399073451757431,0.04927580803632736,0.05244297534227371,0.04937077686190605,0.05222345516085625
646,0.025866826996207237,66.44837188720703,0.06286776810884476,0.026140199974179268,66.57648468017578,0.06417100131511688,0.04932081699371338,0.052719779312610626,0.04967328533530235,0.0526006706058979
647,0.02575874701142311,66.06410217285156,0.06266381591558456,0.02603786624968052,66.275634765625,0.06401481479406357,0.04918943718075752,0.052533719688653946,0.049628712236881256,0.05213749781250954
648,0.02582682855427265,66.23979187011719,0.06275732815265656,0.026105372235178947,67.08084869384766,0.06443984806537628,0.05013623088598251,0.052666809409856796,0.0495036281645298,0.05250093713402748
649,0.025759775191545486,66.37576293945312,0.06282801926136017,0.025972092524170876,66.1082992553711,0.06392358988523483,0.04905610531568527,0.05246734246611595,0.05009172484278679,0.05210241302847862
650,0.025793636217713356,66.1286392211914,0.06269790232181549,0.026174530386924744,66.80267333984375,0.06430021673440933,0.04961618036031723,0.05280371382832527,0.049379102885723114,0.052481796592473984
651,0.02576787956058979,66.49276733398438,0.06289353966712952,0.026494022458791733,67.36852264404297,0.064601369202137,0.04909290745854378,0.053935881704092026,0.0503016896545887,0.05208095163106918
652,0.025756575167179108,65.84121704101562,0.06254617124795914,0.025857243686914444,65.99197387695312,0.06385823339223862,0.049075234681367874,0.05240190401673317,0.04921616241335869,0.052270349115133286
653,0.025837894529104233,66.47171783447266,0.06287601590156555,0.026145579293370247,66.3698501586914,0.0640614926815033,0.04902905970811844,0.052755869925022125,0.04969441518187523,0.05264285206794739
654,0.025740813463926315,65.78459930419922,0.06251439452171326,0.02604820393025875,66.15119934082031,0.06394364684820175,0.04904526472091675,0.052510686218738556,0.049268171191215515,0.05214282125234604
655,0.0258267130702734,66.48847961425781,0.06288550049066544,0.026078691706061363,66.22904205322266,0.06398557871580124,0.04901612922549248,0.052620917558670044,0.05010378733277321,0.05227106809616089
656,0.025769760832190514,66.31210327148438,0.06279513239860535,0.02607371285557747,66.58292388916016,0.0641808956861496,0.04947160556912422,0.05271283537149429,0.0496995635330677,0.052454691380262375
657,0.025732073932886124,65.87760925292969,0.06256549060344696,0.02642715908586979,67.78589630126953,0.0648275762796402,0.05019349232316017,0.05355456471443176,0.04950304701924324,0.05205802619457245
658,0.025806842371821404,66.28907012939453,0.06278551369905472,0.026711435988545418,67.8014907836914,0.0648287981748581,0.04907432198524475,0.05449634790420532,0.049956053495407104,0.05217164382338524
659,0.025729138404130936,65.83881378173828,0.06254437565803528,0.0262275543063879,66.98725128173828,0.0643976479768753,0.04965311288833618,0.053047843277454376,0.04946865141391754,0.05205651745200157
660,0.025894517078995705,66.67520141601562,0.06298867613077164,0.02637641131877899,67.29639434814453,0.06455600261688232,0.048978377133607864,0.05401822179555893,0.04987062141299248,0.05280119925737381
661,0.02568480372428894,65.75275421142578,0.0624973438680172,0.02598952315747738,66.2048568725586,0.06397392600774765,0.04925185814499855,0.05246271938085556,0.0493331253528595,0.05208909511566162
662,0.025797443464398384,66.19711303710938,0.06273376196622849,0.026036320254206657,66.89572143554688,0.06433714926242828,0.0501028373837471,0.052534643560647964,0.04950346425175667,0.0525178499519825
663,0.025725875049829483,66.13077545166016,0.06269747763872147,0.02601599134504795,66.10517883300781,0.0639178603887558,0.049040038138628006,0.05250454321503639,0.04986261948943138,0.05206814035773277
664,0.025757815688848495,65.94104766845703,0.0625968724489212,0.026094485074281693,66.43355560302734,0.06409670412540436,0.049411576241254807,0.052583228796720505,0.04926328733563423,0.052411675453186035
665,0.025748401880264282,66.63079071044922,0.06296313554048538,0.026366248726844788,66.95856475830078,0.0643782913684845,0.049008067697286606,0.053554367274045944,0.05054469406604767,0.052084945142269135
666,0.025720873847603798,65.68756103515625,0.06246325001120567,0.025896338745951653,65.89848327636719,0.06380326300859451,0.04901930317282677,0.05232596397399902,0.04916103929281235,0.05218004062771797
667,0.025798853486776352,66.16439819335938,0.06271354109048843,0.02613951824605465,66.25331115722656,0.06399433314800262,0.04898197203874588,0.05269705876708031,0.049459900707006454,0.05252419784665108
668,0.025753220543265343,65.89872741699219,0.06257413327693939,0.026033984497189522,66.22612762451172,0.0639767199754715,0.04922448843717575,0.052479811012744904,0.04946883022785187,0.05216814950108528
669,0.02575422078371048,66.1456527709961,0.06270435452461243,0.025931891053915024,66.00516510009766,0.06386321038007736,0.04910397529602051,0.05238751322031021,0.04977298527956009,0.05220842733979225
670,0.025751736015081406,66.1540298461914,0.06270977854728699,0.026215700432658195,67.48847961425781,0.06466716527938843,0.05054691806435585,0.05294525623321533,0.0496588759124279,0.052344825118780136
671,0.02571065165102482,65.92485809326172,0.0625903308391571,0.026420772075653076,67.14573669433594,0.06447762995958328,0.049283139407634735,0.05357835441827774,0.04976135119795799,0.05193464457988739
672,0.025773286819458008,66.1629867553711,0.06271674484014511,0.027242494747042656,69.93175506591797,0.06595484912395477,0.04941803961992264,0.057066660374403,0.049808043986558914,0.05222289264202118
673,0.025715071707963943,65.7938232421875,0.06251881271600723,0.026166370138525963,66.4483871459961,0.06410061568021774,0.04915260151028633,0.05284169688820839,0.049285322427749634,0.05224236473441124
674,0.02580990269780159,66.24983215332031,0.06276039034128189,0.02597084268927574,66.45878601074219,0.06409891694784164,0.04965903237462044,0.052435893565416336,0.04948526993393898,0.05266465246677399
675,0.025695372372865677,65.85620880126953,0.06255039572715759,0.02606072835624218,66.14261627197266,0.0639348179101944,0.049075331538915634,0.05254834145307541,0.04964790865778923,0.051963239908218384
676,0.025744883343577385,65.80691528320312,0.06252402067184448,0.02602376416325569,66.07746124267578,0.06389915198087692,0.049118198454380035,0.052445344626903534,0.049175478518009186,0.05236699432134628
677,0.025796253234148026,66.40751647949219,0.06284061819314957,0.02613626979291439,66.2447509765625,0.06398716568946838,0.04894273728132248,0.052753519266843796,0.05026416480541229,0.05209788680076599
678,0.025693576782941818,65.8663101196289,0.06255622953176498,0.02596847154200077,66.08382415771484,0.06390400975942612,0.04919862002134323,0.05242116376757622,0.0493711493909359,0.052281636744737625
679,0.025728577747941017,65.81975555419922,0.06253163516521454,0.0259046982973814,66.61904907226562,0.06418421119451523,0.05006897822022438,0.052333980798721313,0.04933226481080055,0.05225241184234619
680,0.02572217583656311,66.16547393798828,0.06271287053823471,0.026017848402261734,66.00955200195312,0.06386076658964157,0.048954691737890244,0.052508603781461716,0.0499378927052021,0.05211218073964119
681,0.02570522390305996,65.81155395507812,0.06252653896808624,0.026069575920701027,66.49556732177734,0.06412719190120697,0.04960375279188156,0.05257394164800644,0.049324095249176025,0.05226045474410057
682,0.025719312950968742,66.25350952148438,0.06276395171880722,0.02655709721148014,67.48220825195312,0.06465382874011993,0.04904486984014511,0.054269563406705856,0.0501701682806015,0.05203285813331604
683,0.02567267417907715,65.48031616210938,0.06235071271657944,0.025917666032910347,65.79612731933594,0.06374441832304001,0.04893751069903374,0.05231130123138428,0.04914847016334534,0.05198729410767555
684,0.025818035006523132,66.34234619140625,0.06280340999364853,0.026071935892105103,66.06948852539062,0.06389006972312927,0.04892277345061302,0.052594155073165894,0.04954962059855461,0.052751362323760986
685,0.02566409669816494,65.49393463134766,0.062356188893318176,0.02604782208800316,66.07263946533203,0.06389408558607101,0.049109239131212234,0.05246945098042488,0.04920676723122597,0.05195498466491699
686,0.02580060437321663,66.29656219482422,0.06278182566165924,0.026121238246560097,66.1903305053711,0.06395433843135834,0.04892668128013611,0.05273275822401047,0.05006204545497894,0.052189942449331284
687,0.025679372251033783,65.92469024658203,0.06258590519428253,0.02595296874642372,66.07923889160156,0.063899926841259,0.049301374703645706,0.05236513167619705,0.04949526861310005,0.052285805344581604
688,0.02567104995250702,65.49906158447266,0.06235935166478157,0.02609335444867611,66.10176849365234,0.06390891969203949,0.04908745363354683,0.05251622200012207,0.04911112040281296,0.0520680770277977
689,0.025793561711907387,66.41573333740234,0.06284199655056,0.026059860363602638,66.03248596191406,0.06386907398700714,0.048901449888944626,0.0525844506919384,0.05015987530350685,0.05226999893784523
690,0.025655729696154594,65.65528106689453,0.06244214251637459,0.02597665786743164,66.0357894897461,0.06387469172477722,0.049189116805791855,0.05240534991025925,0.04932999238371849,0.052085623145103455
691,0.025705715641379356,65.65033721923828,0.062439415603876114,0.025903169065713882,66.02239990234375,0.06385990232229233,0.049285538494586945,0.05229952931404114,0.04912593588232994,0.05227389559149742
692,0.02571847476065159,66.2423095703125,0.06274963170289993,0.02600395865738392,65.92231750488281,0.06380961090326309,0.048897769302129745,0.05248803645372391,0.0501108318567276,0.05209559202194214
693,0.025671547278761864,65.71842193603516,0.06247543543577194,0.025997336953878403,66.20169067382812,0.06396440416574478,0.04934417083859444,0.05249158665537834,0.04933557286858559,0.05217679217457771
694,0.025700842961668968,66.00883483886719,0.06263069063425064,0.026551207527518272,68.21635437011719,0.06504785269498825,0.05029517784714699,0.054196152836084366,0.04983951151371002,0.05208007991313934
695,0.02567419223487377,65.57078552246094,0.06239868327975273,0.026444341987371445,67.01007843017578,0.06439653784036636,0.04912877455353737,0.05362677574157715,0.04940000921487808,0.05191551521420479
696,0.02578207291662693,66.21272277832031,0.0627402514219284,0.026614060625433922,67.80547332763672,0.06481903046369553,0.0489017479121685,0.054899029433727264,0.049764953553676605,0.05244581773877144
697,0.025632496923208237,65.4540023803711,0.06233401596546173,0.025904253125190735,65.82901000976562,0.06375976651906967,0.04906078055500984,0.05230433866381645,0.04918431118130684,0.05198699235916138
698,0.025751573964953423,65.92327117919922,0.06258322298526764,0.0260058231651783,66.23384857177734,0.06397095322608948,0.04935547336935997,0.05247528478503227,0.049342162907123566,0.05245848372578621
699,0.02566249668598175,65.79312133789062,0.06251352280378342,0.025940027087926865,65.80831909179688,0.0637471154332161,0.04896804690361023,0.05234081298112869,0.04971173778176308,0.051925141364336014
700,0.02569599635899067,65.79029846191406,0.0625125914812088,0.026115285232663155,66.8647689819336,0.06432264298200607,0.05020374804735184,0.05256813392043114,0.04931924492120743,0.05231984332203865
701,0.025665204972028732,65.91594696044922,0.06258144229650497,0.02635924145579338,66.67899322509766,0.06421630829572678,0.04896026849746704,0.05336609110236168,0.04998649284243584,0.05182989314198494
702,0.025708159431815147,65.6955795288086,0.06246272847056389,0.025729920715093613,65.8992919921875,0.06379152834415436,0.049370888620615005,0.05223381891846657,0.049099426716566086,0.05242041125893593
703,0.025690238922834396,65.95269775390625,0.06259580701589584,0.02606201358139515,65.96916961669922,0.06383118778467178,0.04888375476002693,0.05257558077573776,0.04975074157118797,0.05211205407977104
704,0.025650236755609512,65.47589111328125,0.06234428659081459,0.025975069031119347,66.09273529052734,0.06390198320150375,0.04938090965151787,0.052360497415065765,0.049171607941389084,0.05205267667770386
705,0.02568950317800045,66.30449676513672,0.06278689205646515,0.026378950104117393,66.93601989746094,0.06435426324605942,0.04891064390540123,0.05379537120461464,0.050329193472862244,0.052041035145521164
706,0.02563762478530407,65.31224060058594,0.06225791573524475,0.0258412454277277,65.57762908935547,0.06361793726682663,0.04888230189681053,0.052180998027324677,0.0490402989089489,0.051965076476335526
707,0.025745229795575142,65.9725112915039,0.06260562688112259,0.026057465001940727,65.9242935180664,0.06380486488342285,0.0488651804625988,0.05254305526614189,0.04940269887447357,0.05250021815299988
708,0.02565513551235199,65.42184448242188,0.06231464445590973,0.025944864377379417,65.8426284790039,0.06375788897275925,0.049055080860853195,0.052302949130535126,0.04919719323515892,0.051965054124593735
709,0.025691429153084755,65.99964904785156,0.06262052059173584,0.025840524584054947,65.62654876708984,0.06364607065916061,0.04892148822546005,0.05222508683800697,0.04988648742437363,0.052072037011384964
710,0.025662530213594437,65.77508544921875,0.06250320374965668,0.02607959508895874,66.52880859375,0.0641372948884964,0.04962419718503952,0.05270799994468689,0.049457795917987823,0.05220521613955498
711,0.02564455196261406,65.68025970458984,0.06245461106300354,0.026425808668136597,67.35157775878906,0.06457781046628952,0.049432434141635895,0.05392041057348251,0.04968935251235962,0.051853276789188385
712,0.025688670575618744,65.6613998413086,0.06244514510035515,0.026806076988577843,68.35088348388672,0.06510747224092484,0.04917661473155022,0.0554310642182827,0.04947526752948761,0.05204246565699577
713,0.0256512351334095,65.58871459960938,0.06240498647093773,0.02622039243578911,66.69508361816406,0.06422347575426102,0.04929638281464577,0.053203098475933075,0.04940713569521904,0.05202418193221092
714,0.02566167525947094,65.7046127319336,0.06246552616357803,0.02569049596786499,65.46666717529297,0.06355997920036316,0.0489128902554512,0.052152011543512344,0.04947811737656593,0.052110910415649414
715,0.02572900429368019,66.00918579101562,0.06262366473674774,0.026033466681838036,65.8413314819336,0.0637572631239891,0.04883275553584099,0.05249330401420593,0.04943319410085678,0.05256025493144989
716,0.025617970153689384,65.25765228271484,0.06222563236951828,0.025993067771196365,65.72199249267578,0.06369157135486603,0.04883861169219017,0.0523519292473793,0.04908526688814163,0.05188515782356262
717,0.025700313970446587,65.95325469970703,0.06259410828351974,0.02595582976937294,65.71332550048828,0.06368861347436905,0.048840757459402084,0.0523676835000515,0.049841687083244324,0.05208461731672287
718,0.025638438761234283,65.69314575195312,0.062458187341690063,0.0259852297604084,66.28107452392578,0.06400131434202194,0.04959231987595558,0.052469562739133835,0.04944296181201935,0.05214731767773628
719,0.025636261329054832,65.63774871826172,0.06243044137954712,0.02648307755589485,67.54661560058594,0.0646805539727211,0.049655068665742874,0.05399319529533386,0.04964466392993927,0.05187166854739189
720,0.025663428008556366,65.54871368408203,0.06238377466797829,0.026674920693039894,67.79052734375,0.06480668485164642,0.04913914203643799,0.05474920943379402,0.0494535006582737,0.051941145211458206
721,0.025663094595074654,65.63280487060547,0.062427863478660583,0.0264421533793211,67.2773666381836,0.06453243643045425,0.04916264861822128,0.05409969761967659,0.04947159066796303,0.05205363407731056
722,0.025638222694396973,65.48906707763672,0.0623503178358078,0.026311779394745827,67.08590698242188,0.06443112343549728,0.04938514158129692,0.05368078127503395,0.04944216087460518,0.051887787878513336
723,0.025707323104143143,65.78746032714844,0.06250952184200287,0.02618282474577427,66.54685974121094,0.06413871794939041,0.04910146817564964,0.053222574293613434,0.049301277846097946,0.05244544520974159
724,0.025612710043787956,65.7747802734375,0.06250105798244476,0.02595129981637001,66.15023040771484,0.0639282763004303,0.04938703775405884,0.05251791328191757,0.04959379881620407,0.05214725062251091
725,0.025612812489271164,65.21408081054688,0.062202323228120804,0.025839820504188538,65.62333679199219,0.06363491714000702,0.049067120999097824,0.05212199687957764,0.049007438123226166,0.05193992704153061
726,0.025709260255098343,66.12934875488281,0.06268196552991867,0.025992287322878838,65.740234375,0.06369952112436295,0.048794377595186234,0.05244975909590721,0.049906305968761444,0.05228898674249649
727,0.025592375546693802,65.27386474609375,0.06223268061876297,0.025925399735569954,65.89718627929688,0.06378887593746185,0.04922657087445259,0.052339162677526474,0.049165450036525726,0.05187777429819107
728,0.025656824931502342,65.79216003417969,0.06251013278961182,0.026374107226729393,67.97377014160156,0.06490982323884964,0.05075572058558464,0.053623996675014496,0.049670130014419556,0.0520949512720108
729,0.025620143860578537,65.34986877441406,0.062275610864162445,0.026338964700698853,66.60686492919922,0.06416923552751541,0.04902508854866028,0.05333701893687248,0.049397941678762436,0.051751598715782166
730,0.02569776028394699,65.86483764648438,0.06254962831735611,0.027240252122282982,69.8533935546875,0.06589560955762863,0.04915041849017143,0.057486094534397125,0.04976343363523483,0.052105389535427094
731,0.025609090924263,65.28103637695312,0.06223654747009277,0.026008056476712227,65.78128051757812,0.06372134387493134,0.048863835632801056,0.05247092992067337,0.04903120547533035,0.05203701928257942
732,0.025701606646180153,65.66947174072266,0.062442585825920105,0.02592458389699459,65.68962860107422,0.06366711109876633,0.048914242535829544,0.052304916083812714,0.04925285279750824,0.05234319344162941
733,0.025617534294724464,65.4201889038086,0.06230918690562248,0.025887327268719673,65.56319427490234,0.0636037141084671,0.048907700926065445,0.05220336467027664,0.0494430772960186,0.05182114616036415
734,0.025654595345258713,65.6598129272461,0.06243763118982315,0.02609303779900074,67.23054504394531,0.0645119771361351,0.05105284973978996,0.05240161344408989,0.049363382160663605,0.05223991721868515
735,0.02559470199048519,65.55580139160156,0.062384068965911865,0.026196543127298355,66.1148910522461,0.06390171498060226,0.04887368157505989,0.052854713052511215,0.049745772033929825,0.05171441659331322
736,0.025682995095849037,65.60801696777344,0.06241053342819214,0.02574990689754486,65.6652603149414,0.06365270912647247,0.04920521378517151,0.05210652947425842,0.04915086552500725,0.05238838121294975
737,0.025606779381632805,65.42196655273438,0.06230956315994263,0.025996258482336998,65.70450592041016,0.0636785700917244,0.048868026584386826,0.052386071532964706,0.0494706891477108,0.051807887852191925
738,0.025629010051488876,65.29244995117188,0.062240540981292725,0.025879234075546265,65.50025177001953,0.06356751918792725,0.04888105392456055,0.05216262489557266,0.04899875447154045,0.052106671035289764
739,0.02568880468606949,65.89266204833984,0.06255827844142914,0.0260178130120039,65.7479248046875,0.06369981169700623,0.048752058297395706,0.05252526327967644,0.0500372052192688,0.051885008811950684
740,0.02558634802699089,65.48524475097656,0.06234393268823624,0.02586938813328743,65.6446762084961,0.06364812701940536,0.04907034710049629,0.05220538005232811,0.04927022382616997,0.05212920531630516
741,0.02559310384094715,65.10249328613281,0.06213906779885292,0.025912102311849594,65.46488952636719,0.06354565173387527,0.04875946417450905,0.052203718572854996,0.04893140122294426,0.05192219838500023
742,0.025679992511868477,65.94940185546875,0.06258585304021835,0.02592991106212139,65.55784606933594,0.06359653174877167,0.048745691776275635,0.05233198404312134,0.049965593963861465,0.052048590034246445
743,0.02557947300374508,65.3734359741211,0.06228356808423996,0.025873303413391113,65.72840881347656,0.06369335204362869,0.04915742203593254,0.05225193500518799,0.049276284873485565,0.051973503082990646
744,0.025595802813768387,65.22919464111328,0.062207162380218506,0.02613748051226139,66.55326843261719,0.06414071470499039,0.04981860890984535,0.0526626892387867,0.04912108555436134,0.05192353203892708
745,0.02567007578909397,65.7724838256836,0.06249833106994629,0.02642146684229374,66.79622650146484,0.0642644464969635,0.04876761883497238,0.05386734753847122,0.04995083063840866,0.05183340236544609
746,0.025577165186405182,65.11734008789062,0.06214658170938492,0.025690404698252678,65.21597290039062,0.06341179460287094,0.04875980690121651,0.05204472690820694,0.04898223280906677,0.05192514508962631
747,0.025689931586384773,65.83019256591797,0.06252195686101913,0.025952262803912163,65.58204650878906,0.06360764056444168,0.04874685779213905,0.052369922399520874,0.04944325610995293,0.05243105813860893
748,0.025559119880199432,65.11618041992188,0.062144968658685684,0.02597484365105629,66.2027816772461,0.06395082920789719,0.04982224479317665,0.05225818604230881,0.04914351552724838,0.05177006870508194
749,0.025595402345061302,65.66239166259766,0.062438398599624634,0.026291709393262863,66.4661865234375,0.06408747285604477,0.04883686080574989,0.053412578999996185,0.04990890622138977,0.05175658315420151
750,0.025580991059541702,65.07455444335938,0.062123529613018036,0.02567802369594574,65.20960235595703,0.06340675801038742,0.04874775558710098,0.05207742378115654,0.04897278547286987,0.0518849715590477
751,0.025704292580485344,66.0260238647461,0.06262092292308807,0.025921110063791275,65.51068115234375,0.06356752663850784,0.04872048273682594,0.05232110247015953,0.04960723966360092,0.052546627819538116
752,0.025542262941598892,65.07362365722656,0.06212145462632179,0.02597622014582157,66.07052612304688,0.06387675553560257,0.04949691891670227,0.05239376798272133,0.04917403683066368,0.05169430002570152
753,0.02558811381459236,65.5466537475586,0.06237657740712166,0.026256997138261795,66.68472290039062,0.06420604884624481,0.049043845385313034,0.05358362942934036,0.049745019525289536,0.051781270653009415
754,0.025603624060750008,65.18428802490234,0.062183309346437454,0.026665745303034782,68.12681579589844,0.06497728079557419,0.049324147403240204,0.05523086339235306,0.049247514456510544,0.05177541822195053
755,0.025632543489336967,65.46629333496094,0.062333088368177414,0.026167036965489388,66.11717987060547,0.06389659643173218,0.0488835908472538,0.05294632166624069,0.04933103919029236,0.05209390074014664
756,0.025621384382247925,65.33377838134766,0.06226008012890816,0.02576841227710247,65.22035217285156,0.063408263027668,0.04870874434709549,0.05204582214355469,0.04890599846839905,0.05233004316687584
757,0.02563871629536152,65.60869598388672,0.062404535710811615,0.02599874697625637,65.56713104248047,0.06359616667032242,0.04870903864502907,0.05239242687821388,0.04974951967597008,0.0518566370010376
758,0.02557239681482315,65.15043640136719,0.062161702662706375,0.025890031829476357,65.84872436523438,0.06375496089458466,0.04945152997970581,0.05219171196222305,0.049123797565698624,0.05187126621603966
759,0.025608675554394722,65.69769287109375,0.062456466257572174,0.02642388828098774,67.01237487792969,0.06437975913286209,0.04897201061248779,0.0540657564997673,0.049898676574230194,0.051856838166713715
760,0.025553084909915924,64.8816909790039,0.06201871111989021,0.025888219475746155,65.37953186035156,0.06349495053291321,0.04874485358595848,0.052185434848070145,0.048935260623693466,0.051688052713871
761,0.02571125328540802,65.77877044677734,0.06249232590198517,0.025952549651265144,65.4764633178711,0.06354500353336334,0.048692334443330765,0.05231344327330589,0.04936622455716133,0.05247873067855835
762,0.02554471231997013,64.97566223144531,0.06206709146499634,0.02597375400364399,65.93807983398438,0.06380164623260498,0.04949302226305008,0.052245523780584335,0.04907352477312088,0.051693711429834366
763,0.02558385208249092,65.64382934570312,0.06242633983492851,0.026302825659513474,66.49242401123047,0.06409747153520584,0.048800744116306305,0.05353684350848198,0.04993094503879547,0.051763784140348434
764,0.025562305003404617,64.93407440185547,0.06204590946435928,0.025671305134892464,65.10810852050781,0.06334638595581055,0.048711590468883514,0.05200161412358284,0.04890454187989235,0.05180935934185982
765,0.025680916383862495,65.8393325805664,0.06252095848321915,0.025908218696713448,65.42046356201172,0.06351418793201447,0.04868755862116814,0.05228200927376747,0.04948906973004341,0.05246312543749809
766,0.025531433522701263,65.00157928466797,0.06208042800426483,0.02594715543091297,66.08722686767578,0.06388238817453384,0.04967411607503891,0.052314069122076035,0.04915234073996544,0.051669470965862274
767,0.02557285502552986,65.4242935180664,0.06230895593762398,0.026253437623381615,66.515380859375,0.0641096755862236,0.0489334873855114,0.053494781255722046,0.049698300659656525,0.0517071858048439
768,0.025611763820052147,65.2629623413086,0.06222297623753548,0.026842782273888588,68.92826080322266,0.0653979629278183,0.049295563250780106,0.05639777332544327,0.04931727051734924,0.051870327442884445
769,0.02557424269616604,65.17146301269531,0.06217245012521744,0.026028577238321304,65.83830261230469,0.0637425109744072,0.048957742750644684,0.052601881325244904,0.0491475835442543,0.051922280341386795
770,0.025631433352828026,65.3245620727539,0.062252894043922424,0.025729279965162277,65.46636962890625,0.06353401392698288,0.04917016997933388,0.051985614001750946,0.04892395809292793,0.05234852060675621
771,0.02558484487235546,65.45753479003906,0.06232075393199921,0.025940682739019394,65.42190551757812,0.06351356953382492,0.04868326708674431,0.05229905992746353,0.0497230589389801,0.0517260916531086
772,0.025566857308149338,65.09093475341797,0.06212737038731575,0.025876471772789955,65.7940444946289,0.06372090429067612,0.04944463446736336,0.05217612907290459,0.049072980880737305,0.05188906937837601
773,0.025591863319277763,65.5672607421875,0.06238459423184395,0.026400713250041008,66.88729095458984,0.06430767476558685,0.0488840714097023,0.05403415486216545,0.04985470697283745,0.051770489662885666
774,0.025538897141814232,64.79198455810547,0.06196797266602516,0.02582033909857273,65.2028579711914,0.06339452415704727,0.048699378967285156,0.052064333111047745,0.04889463260769844,0.051655855029821396
775,0.025693494826555252,65.68844604492188,0.06244146451354027,0.02592204324901104,65.36658477783203,0.0634809136390686,0.04865304008126259,0.052259497344493866,0.04931384325027466,0.052458684891462326
776,0.025526773184537888,64.86884307861328,0.062007226049900055,0.025944432243704796,65.8528823852539,0.06375116854906082,0.049495868384838104,0.05218658968806267,0.049029238522052765,0.0516415610909462
777,0.025565512478351593,65.53618621826172,0.062365997582674026,0.02624320052564144,66.26675415039062,0.06397102773189545,0.048752207309007645,0.05333671718835831,0.04988802596926689,0.05170818418264389
778,0.025569872930645943,64.95603942871094,0.06205511838197708,0.025602417066693306,65.20100402832031,0.06339158117771149,0.048887163400650024,0.05206574127078056,0.04885703697800636,0.05194214731454849
779,0.02562781423330307,65.589111328125,0.06238707900047302,0.02590668760240078,65.35456085205078,0.06347402930259705,0.04865517094731331,0.052269697189331055,0.04949329048395157,0.0521702766418457
780,0.025526052340865135,64.9239730834961,0.06203632056713104,0.02590412274003029,65.89637756347656,0.06377429515123367,0.04957094043493271,0.05221359059214592,0.04907359555363655,0.05169043317437172
781,0.025568515062332153,65.41067504882812,0.06229942664504051,0.026338832452893257,66.76898193359375,0.06424152851104736,0.04889089986681938,0.05391988158226013,0.04974086210131645,0.051697179675102234
782,0.025569362565875053,65.00241088867188,0.06208086758852005,0.02655768021941185,67.74710845947266,0.06476545333862305,0.049164291471242905,0.054996948689222336,0.04914248362183571,0.05173593387007713
783,0.025586780160665512,65.22904968261719,0.06220151111483574,0.02612982504069805,66.0688705444336,0.06386197358369827,0.04885578528046608,0.053032249212265015,0.04927278682589531,0.05192989110946655
784,0.025581520050764084,65.1861801147461,0.062176138162612915,0.02569199539721012,65.02137756347656,0.06329237669706345,0.04868604615330696,0.051930420100688934,0.04889872670173645,0.05224154144525528
785,0.02561204880475998,65.41340637207031,0.06229574605822563,0.025954049080610275,65.3558349609375,0.06347204744815826,0.04862695932388306,0.05228518322110176,0.04959398880600929,0.051849111914634705
786,0.02553158812224865,64.85255432128906,0.06199678033590317,0.025895699858665466,65.55448150634766,0.06358463317155838,0.049158867448568344,0.052139975130558014,0.048959992825984955,0.051722683012485504
787,0.025584068149328232,65.67213439941406,0.0624370239675045,0.026315677911043167,66.61599731445312,0.06415752321481705,0.048825573176145554,0.05378833785653114,0.049985095858573914,0.0518372505903244
788,0.025520337745547295,64.67164611816406,0.061900679022073746,0.025767365470528603,65.02919006347656,0.06329409033060074,0.04861552640795708,0.05196046829223633,0.048806123435497284,0.05162801593542099
789,0.025652730837464333,65.4406509399414,0.0623079314827919,0.025910401716828346,65.28836822509766,0.06343396008014679,0.0486220046877861,0.052233241498470306,0.04919750615954399,0.052289336919784546
790,0.025526583194732666,64.74531555175781,0.06193794310092926,0.025838689878582954,65.13121795654297,0.06334877014160156,0.048639945685863495,0.052050258964300156,0.04888883978128433,0.05165461450815201
791,0.02561982534825802,65.42776489257812,0.06230133771896362,0.025840964168310165,65.17520141601562,0.06337299197912216,0.04861820116639137,0.05212464556097984,0.04970310628414154,0.051774974912405014
792,0.02553081139922142,65.33935546875,0.06225666403770447,0.025864044204354286,65.46256256103516,0.06353292614221573,0.04896870627999306,0.052219782024621964,0.04933639615774155,0.05205734074115753
793,0.025514647364616394,64.73013305664062,0.061930857598781586,0.0260591059923172,65.92488861083984,0.06378363817930222,0.049275558441877365,0.052498914301395416,0.04891975596547127,0.05161310359835625
794,0.025608401745557785,65.5135269165039,0.06235230341553688,0.026401039212942123,66.88685607910156,0.06429785490036011,0.0486229844391346,0.05435028672218323,0.04985008388757706,0.051769547164440155
795,0.025505870580673218,64.69911193847656,0.061913736164569855,0.025708232074975967,64.93920135498047,0.06324443966150284,0.04863310605287552,0.05188838019967079,0.04883471503853798,0.05167074128985405
796,0.025634394958615303,65.40184783935547,0.062285926192998886,0.025892013683915138,65.23188781738281,0.06340096890926361,0.04860275238752365,0.05220178887248039,0.04914341866970062,0.052319761365652084
797,0.025521840900182724,64.73452758789062,0.06193089485168457,0.025807078927755356,65.09749603271484,0.06332633644342422,0.04862043261528015,0.052035849541425705,0.04894810914993286,0.05160635709762573
798,0.02558145299553871,65.39041137695312,0.06228075921535492,0.02561311610043049,64.92739868164062,0.06323982775211334,0.048740021884441376,0.051850270479917526,0.04970930889248848,0.05175229161977768
799,0.02553354948759079,65.22339630126953,0.062193386256694794,0.02593519724905491,65.6449966430664,0.06362976133823395,0.049017515033483505,0.05241870880126953,0.04922587424516678,0.05202064290642738
800,0.025503870099782944,64.87889099121094,0.06200990080833435,0.026070555672049522,66.36356353759766,0.06402077525854111,0.049597326666116714,0.052851077169179916,0.049192532896995544,0.05158255994319916
801,0.025579674169421196,65.16230773925781,0.062163662165403366,0.026565147563815117,67.50794982910156,0.06462971121072769,0.04876234009861946,0.05509175732731819,0.04947952926158905,0.05167975276708603
802,0.02552182972431183,64.84207916259766,0.06199002265930176,0.026037165895104408,65.93939208984375,0.06378714740276337,0.04898145794868469,0.05284413322806358,0.04903111979365349,0.051703039556741714
803,0.02553197368979454,65.06930541992188,0.06211110204458237,0.025549085810780525,64.84093475341797,0.06319259107112885,0.04868605360388756,0.05184348672628403,0.04941421002149582,0.051630306988954544
804,0.025626517832279205,65.48145294189453,0.06232495605945587,0.02585252746939659,65.14512634277344,0.06335139274597168,0.048582494258880615,0.05214235186576843,0.04900537431240082,0.0525967963039875
805,0.025493521243333817,64.57316589355469,0.06184271723031998,0.025917207822203636,65.19178009033203,0.06337658315896988,0.04862120747566223,0.052155911922454834,0.048812415450811386,0.05154259130358696
806,0.025604961439967155,65.3535385131836,0.062258996069431305,0.025853155180811882,65.1231460571289,0.06333910673856735,0.048567768186330795,0.052132051438093185,0.04968170076608658,0.0517481192946434
807,0.025511611253023148,65.0396499633789,0.06209329143166542,0.025830883532762527,65.41272735595703,0.06350155919790268,0.049095626920461655,0.05209764838218689,0.049154795706272125,0.05187216401100159
808,0.025515511631965637,64.83369445800781,0.06198388338088989,0.026191534474492073,66.58989715576172,0.06414075195789337,0.04990966245532036,0.05283406749367714,0.049084533005952835,0.05164976790547371
809,0.025585312396287918,65.16514587402344,0.06216338649392128,0.02641373872756958,66.7126693725586,0.06419918686151505,0.048640280961990356,0.05412798374891281,0.04954131692647934,0.05163908377289772
810,0.02549588866531849,64.69092559814453,0.06190674379467964,0.025846270844340324,65.4571304321289,0.06352438777685165,0.04904887452721596,0.05220751091837883,0.048995692282915115,0.05155228078365326
811,0.02564901113510132,65.50491333007812,0.06234103441238403,0.025674762204289436,65.24859619140625,0.06340162456035614,0.049044203013181686,0.051926929503679276,0.049110643565654755,0.052555907517671585
812,0.025493912398815155,64.768310546875,0.06194636598229408,0.02596847340464592,65.33851623535156,0.06345585733652115,0.04873185232281685,0.05226331576704979,0.04916040599346161,0.05149296671152115
813,0.025527730584144592,64.68602752685547,0.061901841312646866,0.025698231533169746,64.84708404541016,0.06318558752536774,0.04853708669543266,0.05187990888953209,0.04875234514474869,0.051789622753858566
814,0.025573883205652237,65.43096160888672,0.06229585409164429,0.025738833472132683,64.93865203857422,0.06323733925819397,0.04855170473456383,0.051977891474962234,0.04989486187696457,0.05166124179959297
815,0.025498041883111,64.97738647460938,0.0620584674179554,0.02580331638455391,65.21365356445312,0.06338921189308167,0.04882683977484703,0.052100129425525665,0.049063630402088165,0.051900751888751984
816,0.025501253083348274,64.67070770263672,0.06189430132508278,0.025957027450203896,65.83687591552734,0.06372985243797302,0.049489766359329224,0.05229288712143898,0.0488809198141098,0.05165059491991997
817,0.025577547028660774,65.29720306396484,0.06223186105489731,0.026335543021559715,66.53909301757812,0.06410326808691025,0.04858708381652832,0.05398857593536377,0.049785565584897995,0.05160512775182724
818,0.02548101544380188,64.55474853515625,0.06183171272277832,0.025670452043414116,64.81903839111328,0.06317215412855148,0.04862590879201889,0.05181824415922165,0.04880896583199501,0.05157444253563881
819,0.025623030960559845,65.40019989013672,0.06227915361523628,0.025826072320342064,65.04637145996094,0.06329244375228882,0.04853678122162819,0.05210159346461296,0.0491468571126461,0.052392829209566116
820,0.025470981374382973,64.57697296142578,0.06184213235974312,0.02590869553387165,65.73963928222656,0.0636763945221901,0.04962078854441643,0.0520610436797142,0.04892415925860405,0.051497116684913635
821,0.025502901524305344,65.18388366699219,0.062168609350919724,0.026103219017386436,65.69287872314453,0.06364541500806808,0.04860847815871239,0.05285394936800003,0.049740616232156754,0.051519617438316345
822,0.0255852323025465,65.00086212158203,0.06207026541233063,0.02555106021463871,65.00386047363281,0.06326622515916824,0.04897421598434448,0.05177855119109154,0.04883180931210518,0.05217846855521202
823,0.025505607947707176,64.84138488769531,0.06198287010192871,0.025895550847053528,65.17039489746094,0.0633600577712059,0.04862632602453232,0.05218888074159622,0.04919985681772232,0.051589492708444595
824,0.025513816624879837,64.62489318847656,0.06186683103442192,0.02572726644575596,64.8439712524414,0.06318152695894241,0.04857170581817627,0.05187423899769783,0.04874006658792496,0.051753606647253036
825,0.02558692917227745,65.30220794677734,0.0622270368039608,0.025820139795541763,65.02371978759766,0.06327874213457108,0.0485091470181942,0.052115149796009064,0.04976079985499382,0.05165771394968033
826,0.025479892268776894,64.96180725097656,0.0620480552315712,0.025761255994439125,65.1196517944336,0.06333484500646591,0.04885045811533928,0.05200199410319328,0.04911768063902855,0.05187121778726578
827,0.025486355647444725,64.5479736328125,0.06182611361145973,0.0259699709713459,65.61093139648438,0.06360215693712234,0.04920613393187523,0.052264656871557236,0.048801492899656296,0.05159376189112663
828,0.025562170892953873,65.30663299560547,0.06223474442958832,0.026246443390846252,66.35965728759766,0.06400275230407715,0.048530351370573044,0.05385913699865341,0.04982339218258858,0.05162378400564194
829,0.02547423541545868,64.50096130371094,0.06180056929588318,0.02560175582766533,64.65059661865234,0.06307537853717804,0.048508692532777786,0.05175696685910225,0.04872642457485199,0.051619160920381546
830,0.025583647191524506,65.1619644165039,0.06215100735425949,0.025829846039414406,65.01508331298828,0.06327193975448608,0.04853283241391182,0.05209796503186226,0.049078866839408875,0.05217374488711357
831,0.02547612600028515,64.49462890625,0.06179538369178772,0.025798307731747627,65.16841125488281,0.06335939466953278,0.04901895299553871,0.05191141739487648,0.04879993572831154,0.05153738334774971
832,0.025492096319794655,65.40225982666016,0.062282491475343704,0.026001473888754845,65.5106430053711,0.06354307383298874,0.048525989055633545,0.052746742963790894,0.04998323321342468,0.051617443561553955
833,0.025517916306853294,64.61016845703125,0.061858635395765305,0.02560184895992279,64.6961441040039,0.06309602409601212,0.048563189804553986,0.051749031990766525,0.04869306460022926,0.0518086776137352
834,0.025547202676534653,64.91190338134766,0.06201784685254097,0.025854066014289856,65.03234100341797,0.0632801279425621,0.048541124910116196,0.05211872234940529,0.049095429480075836,0.05182196572422981
835,0.02550462819635868,64.55387115478516,0.061826352030038834,0.025685757398605347,64.7707748413086,0.06313510239124298,0.048518385738134384,0.05184151604771614,0.048772942274808884,0.051656339317560196
836,0.025539152324199677,65.13673400878906,0.06213671341538429,0.025630822405219078,64.72502136230469,0.06311459839344025,0.04857519641518593,0.051793355494737625,0.049635980278253555,0.05159496143460274
837,0.025492755696177483,64.96980285644531,0.062050070613622665,0.025853926315903664,65.34381103515625,0.0634530559182167,0.048896897584199905,0.0522589348256588,0.04913480579853058,0.05188863351941109
838,0.02546742558479309,64.59236907958984,0.06184845417737961,0.02600696310400963,66.09423065185547,0.06386224925518036,0.04954399913549423,0.05266294255852699,0.04901789501309395,0.05148424953222275
839,0.025558238849043846,65.00345611572266,0.06207120046019554,0.026475828140974045,67.14313507080078,0.06442052870988846,0.048593033105134964,0.05489059165120125,0.049442108720541,0.05161996930837631
840,0.02546241320669651,64.50629425048828,0.06180158257484436,0.02580912783741951,65.23258209228516,0.06339070200920105,0.04884668439626694,0.052181221544742584,0.048866331577301025,0.05152658745646477
841,0.02559300884604454,65.14537811279297,0.062143076211214066,0.025631476193666458,65.20388793945312,0.06336657702922821,0.049204252660274506,0.05181321129202843,0.04892728477716446,0.052341848611831665
842,0.025475069880485535,64.72337341308594,0.061915814876556396,0.025860482826828957,65.03673553466797,0.06328065693378448,0.048582371324300766,0.05211395025253296,0.04925386235117912,0.05143258720636368
843,0.025492124259471893,64.67799377441406,0.061892226338386536,0.025891441851854324,66.02471923828125,0.0638251006603241,0.05012192204594612,0.05206212028861046,0.04893910884857178,0.051700036972761154
844,0.02550259232521057,64.91413879394531,0.06202111393213272,0.02632276713848114,66.17159271240234,0.06389643996953964,0.0486392080783844,0.05349865183234215,0.04955488443374634,0.05139512941241264
845,0.025526827201247215,64.75941467285156,0.06193787232041359,0.026700874790549278,68.2898178100586,0.06503356993198395,0.04909563064575195,0.05600767582654953,0.04912430793046951,0.051630958914756775
846,0.025475215166807175,64.65281677246094,0.06187930703163147,0.025847120210528374,65.2509994506836,0.0633978396654129,0.0487779937684536,0.05226605758070946,0.04893336817622185,0.051688842475414276
847,0.025530928745865822,64.79610443115234,0.06195436418056488,0.025650888681411743,64.73736572265625,0.06311143189668655,0.048563964664936066,0.051790498197078705,0.04866595193743706,0.0521426759660244
848,0.025507161393761635,64.97660064697266,0.06204841658473015,0.025796663016080856,64.8862533569336,0.06319557130336761,0.048472169786691666,0.052041225135326385,0.04952806979417801,0.05152358114719391
849,0.02547229453921318,64.6719970703125,0.06188763305544853,0.025784341618418694,65.46147155761719,0.06351519376039505,0.04940197244286537,0.052023980766534805,0.04900110885500908,0.05165180191397667
850,0.02548728697001934,64.83009338378906,0.06197456270456314,0.02630925364792347,66.64471435546875,0.0641530379652977,0.0491415336728096,0.05375584587454796,0.04936332628130913,0.05150450021028519
851,0.02549842558801174,64.59046173095703,0.06184606999158859,0.02638263814151287,66.86674499511719,0.06426960974931717,0.04886263608932495,0.05431957170367241,0.04902871325612068,0.05150775611400604
852,0.025508221238851547,64.75708770751953,0.06193520501255989,0.02611721120774746,66.15042114257812,0.06388241797685623,0.04870989918708801,0.05353818088769913,0.049112167209386826,0.05166890099644661
853,0.02546645514667034,64.55391693115234,0.061823952943086624,0.025516865774989128,64.82470703125,0.0631679967045784,0.04898221418261528,0.051691990345716476,0.04902816191315651,0.05147169157862663
854,0.025582319125533104,65.09026336669922,0.06210785359144211,0.02575404942035675,64.78073120117188,0.06313399970531464,0.04842294380068779,0.051956407725811005,0.04880410060286522,0.05241653695702553
855,0.02546176314353943,64.52651977539062,0.061807721853256226,0.025774972513318062,64.81360626220703,0.0631512850522995,0.04842943698167801,0.05198698863387108,0.04904063045978546,0.051421791315078735
856,0.025497347116470337,64.67559814453125,0.061887335032224655,0.025698687881231308,64.701171875,0.0630931407213211,0.048552580177783966,0.05179557949304581,0.049100298434495926,0.05156902223825455
857,0.025493882596492767,65.21094512939453,0.06217384338378906,0.025861090049147606,65.37200927734375,0.06346297264099121,0.04904575273394585,0.05221331864595413,0.04959014803171158,0.05183807387948036
858,0.025433242321014404,64.23575592041016,0.06165182217955589,0.02583642303943634,64.93669128417969,0.0632205531001091,0.04855189472436905,0.05206305533647537,0.04867357388138771,0.051386985927820206
859,0.025558331981301308,64.8511734008789,0.06198125332593918,0.025695089250802994,64.7715835571289,0.0631256103515625,0.048501960933208466,0.05189542844891548,0.04899264872074127,0.05192418396472931
860,0.025468768551945686,64.51514434814453,0.06180037558078766,0.02574017643928528,64.90726470947266,0.06320643424987793,0.048839982599020004,0.051816076040267944,0.04901598021388054,0.051441121846437454
861,0.025488756597042084,65.14093017578125,0.06213783100247383,0.025988101959228516,65.49069213867188,0.06352341175079346,0.0486341193318367,0.05272795632481575,0.04961374029517174,0.051720570772886276
862,0.025440774857997894,64.2038345336914,0.06163369491696358,0.02567269280552864,64.5875015258789,0.06302721798419952,0.04841342940926552,0.05178385227918625,0.04860443249344826,0.05142251029610634
863,0.025570400059223175,64.98240661621094,0.06204822286963463,0.025782886892557144,64.78797149658203,0.06313543021678925,0.04841575771570206,0.05199452117085457,0.04911666363477707,0.051984965801239014
864,0.025440288707613945,64.47189331054688,0.06177663058042526,0.025819940492510796,65.7398910522461,0.06366296112537384,0.04990420117974281,0.05196266621351242,0.048973873257637024,0.05144789069890976
865,0.02546456828713417,64.72200775146484,0.06191333010792732,0.026147108525037766,65.81908416748047,0.06369923055171967,0.048693958669900894,0.053089115768671036,0.04935242608189583,0.051403872668743134
866,0.025547530502080917,64.9083480834961,0.06201322004199028,0.026606034487485886,67.99150848388672,0.0648653656244278,0.04869705066084862,0.056065600365400314,0.049224499613046646,0.05180211737751961
867,0.025424255058169365,64.30286407470703,0.061685774475336075,0.025733033195137978,64.82503509521484,0.0631568506360054,0.04858255386352539,0.051955778151750565,0.048701610416173935,0.05149304121732712
868,0.025532066822052002,64.70963287353516,0.06190336123108864,0.025646565482020378,64.87176513671875,0.06317584216594696,0.04877853021025658,0.0518113411962986,0.04879479110240936,0.051954276859760284
869,0.025464443489909172,64.6622543334961,0.06187703087925911,0.025682585313916206,64.67446899414062,0.06307409703731537,0.048541925847530365,0.051811542361974716,0.0492839440703392,0.051402196288108826
870,0.025475865229964256,64.8520736694336,0.06198007985949516,0.02590048313140869,65.60771179199219,0.0635867714881897,0.049308307468891144,0.052325036376714706,0.049214303493499756,0.051754772663116455
871,0.025432903319597244,64.31307983398438,0.06169132888317108,0.025963621214032173,65.51905059814453,0.0635359063744545,0.04898981377482414,0.052476346492767334,0.04887117072939873,0.05134087800979614
872,0.025548139587044716,65.02578735351562,0.06207595020532608,0.02662293054163456,67.72826385498047,0.06472193449735641,0.04851865768432617,0.05585157498717308,0.04947414621710777,0.05172799527645111
873,0.02542213164269924,64.21985626220703,0.06163982301950455,0.025719311088323593,64.71285247802734,0.06309238821268082,0.04846978560090065,0.051918089389801025,0.0486324168741703,0.051460638642311096
874,0.025538474321365356,64.72247314453125,0.061908360570669174,0.025715427473187447,64.68291473388672,0.06307153403759003,0.048420585691928864,0.05187808722257614,0.04883052036166191,0.05194937437772751
875,0.025461548939347267,64.4638900756836,0.06176929920911789,0.025696562603116035,64.65250396728516,0.06305957585573196,0.04854298382997513,0.05178721994161606,0.049042411148548126,0.05138731002807617
876,0.025489719584584236,65.14942932128906,0.06213716045022011,0.025850992649793625,65.28275299072266,0.06340702623128891,0.04892433434724808,0.052259910851716995,0.049576450139284134,0.051820263266563416
877,0.025413954630494118,64.10110473632812,0.061575163155794144,0.025798359885811806,64.79876708984375,0.0631379559636116,0.04847763106226921,0.05200425907969475,0.04861043766140938,0.05132060497999191
878,0.02554074116051197,64.73052978515625,0.06191233545541763,0.025682436302304268,64.6372299194336,0.06304533779621124,0.04841381311416626,0.05184483528137207,0.04892600327730179,0.05188016965985298
879,0.025451602414250374,64.38434600830078,0.061725914478302,0.02571309730410576,64.77454376220703,0.0631265714764595,0.048755448311567307,0.05176874250173569,0.04893528297543526,0.05139743536710739
880,0.025469763204455376,65.06604766845703,0.06209368258714676,0.025929316878318787,65.29075622558594,0.0634075328707695,0.04853290691971779,0.05261535570025444,0.04962214082479477,0.051666270941495895
881,0.025423534214496613,64.093017578125,0.06156992167234421,0.02563055232167244,64.44770812988281,0.06294349581003189,0.048351846635341644,0.0517098605632782,0.04854746535420418,0.0513831228017807
882,0.025545591488480568,64.82917022705078,0.06196235865354538,0.0257542934268713,64.67218017578125,0.06306519359350204,0.048368487507104874,0.0519389882683754,0.04902595654129982,0.051922716200351715
883,0.025425249710679054,64.33234405517578,0.061697542667388916,0.025788694620132446,65.65896606445312,0.06361231952905655,0.049931954592466354,0.051886819303035736,0.04887747764587402,0.05140580236911774
884,0.025451742112636566,64.65855407714844,0.06187508627772331,0.026113459840416908,65.62454223632812,0.06358606368303299,0.04856141656637192,0.05300000682473183,0.04938454180955887,0.051337312906980515
885,0.02549542859196663,64.58905792236328,0.061837948858737946,0.02676127664744854,68.670654296875,0.06522201001644135,0.049091704189777374,0.056670863181352615,0.049107879400253296,0.051531415432691574
886,0.025438373908400536,64.39167022705078,0.06173015385866165,0.025782983750104904,64.90445709228516,0.06319311261177063,0.048554904758930206,0.05211952328681946,0.04876355454325676,0.051615867763757706
887,0.02550000138580799,64.54448699951172,0.061810653656721115,0.02558193728327751,64.58771514892578,0.06301417201757431,0.04859206825494766,0.05167602747678757,0.04860933870077133,0.051971931010484695
888,0.025460414588451385,64.6569595336914,0.06186924874782562,0.025699375197291374,64.59809875488281,0.06302408874034882,0.04840680584311485,0.05185595899820328,0.049345605075359344,0.051386814564466476
889,0.025443805381655693,64.60484313964844,0.06184331327676773,0.02579478546977043,65.3431625366211,0.06343618780374527,0.04926547780632973,0.0520876869559288,0.04906277731060982,0.05162207409739494
890,0.025427330285310745,64.3124771118164,0.06168728321790695,0.026042690500617027,65.80381774902344,0.06368453055620193,0.04915649816393852,0.05275020748376846,0.0489325225353241,0.05133635550737381
891,0.02553221955895424,64.77194213867188,0.06193612143397331,0.026270169764757156,66.58499145507812,0.06410086154937744,0.04840656742453575,0.05450761318206787,0.04926216974854469,0.0516410768032074
892,0.025401126593351364,64.146484375,0.06159621477127075,0.025578990578651428,64.48505401611328,0.06296302378177643,0.04854029044508934,0.05166575685143471,0.04864071309566498,0.05141177028417587
893,0.025533005595207214,64.72418975830078,0.0619051456451416,0.02570357918739319,64.6136474609375,0.06302683800458908,0.048365551978349686,0.05187788978219032,0.048861537128686905,0.05197799205780029
894,0.02542618289589882,64.28081512451172,0.061667025089263916,0.025698503479361534,64.5926513671875,0.06302004307508469,0.04852955788373947,0.05176122859120369,0.048919323831796646,0.05131769925355911
895,0.02547159418463707,65.08887481689453,0.06210026890039444,0.025858307257294655,65.23750305175781,0.06337569653987885,0.048905376344919205,0.052261773496866226,0.04961252585053444,0.05175798013806343
896,0.025396179407835007,63.981014251708984,0.06150646507740021,0.025765109807252884,64.6553726196289,0.06305227428674698,0.048392705619335175,0.05194038897752762,0.04855247959494591,0.051267605274915695
897,0.025515800341963768,64.55284881591797,0.06181284412741661,0.025657493621110916,64.5018539428711,0.06296441704034805,0.04834258556365967,0.05178077146410942,0.04878900572657585,0.05182623118162155
898,0.025445636361837387,64.32373809814453,0.06168922781944275,0.025692522525787354,64.57310485839844,0.06300796568393707,0.04852040484547615,0.051754552870988846,0.048940740525722504,0.051361627876758575
899,0.025463201105594635,65.02747344970703,0.06206761300563812,0.025858739390969276,65.1211929321289,0.06330982595682144,0.04867895320057869,0.05231982842087746,0.04959249496459961,0.05170321464538574
900,0.025396937504410744,63.954803466796875,0.061491452157497406,0.025737885385751724,64.58821868896484,0.06301400065422058,0.048366282135248184,0.051892299205064774,0.04852680116891861,0.05126713588833809
901,0.025523047894239426,64.58816528320312,0.061830680817365646,0.02568940445780754,64.49491882324219,0.062959685921669,0.0482974648475647,0.0518140010535717,0.04883579909801483,0.05183675140142441
902,0.025432176887989044,64.20433807373047,0.06162404268980026,0.025687674060463905,64.53240966796875,0.062983937561512,0.04849205166101456,0.05173533409833908,0.048793189227581024,0.051357027143239975
903,0.025464922189712524,64.47016906738281,0.06176801770925522,0.025920649990439415,66.76609802246094,0.06420926004648209,0.05163373425602913,0.05178204923868179,0.04882608726620674,0.05170537903904915
904,0.025404563173651695,64.69291687011719,0.0618879534304142,0.025849882513284683,64.74658966064453,0.06309916824102402,0.04832388088107109,0.05210274085402489,0.04960201680660248,0.05123236030340195
905,0.025465471670031548,64.31784057617188,0.06168533116579056,0.025597523897886276,64.32464599609375,0.06286585330963135,0.04827411100268364,0.05166548117995262,0.04854078218340874,0.05178025737404823
906,0.025474678725004196,64.4368667602539,0.061748214066028595,0.025726046413183212,64.53902435302734,0.06298462301492691,0.04834187030792236,0.051856569945812225,0.049005068838596344,0.051473140716552734
907,0.02542681060731411,64.37208557128906,0.061714429408311844,0.02581600472331047,65.78777313232422,0.06367557495832443,0.0502869188785553,0.05176999047398567,0.0488830991089344,0.05153190344572067
908,0.02542078122496605,64.4808578491211,0.061775125563144684,0.02611096017062664,65.48392486572266,0.0635012611746788,0.048512160778045654,0.05290883779525757,0.049290359020233154,0.05125690624117851
909,0.02542147785425186,64.1519546508789,0.061596959829330444,0.02594064362347126,65.58065032958984,0.06355659663677216,0.049010563641786575,0.05267231911420822,0.048867546021938324,0.051227740943431854
910,0.025514036417007446,64.80706787109375,0.06194867193698883,0.02571285143494606,64.63700866699219,0.0630362406373024,0.04829096049070358,0.052049312740564346,0.04901810362935066,0.05200378969311714
911,0.025389570742845535,64.16758728027344,0.061603300273418427,0.025657614693045616,64.72489929199219,0.06308892369270325,0.04879755899310112,0.0517696738243103,0.04867926239967346,0.05146040394902229
912,0.025442590937018394,64.5062484741211,0.06178689002990723,0.02616901695728302,66.94779968261719,0.06429959833621979,0.050511229783296585,0.05309917777776718,0.04906576871871948,0.05154692381620407
913,0.025426603853702545,64.2365951538086,0.06164282187819481,0.0260631013661623,65.48806762695312,0.06350117176771164,0.048502981662750244,0.05296308547258377,0.049013618379831314,0.051207371056079865
914,0.02544540725648403,64.33364868164062,0.06169453263282776,0.026321539655327797,67.0704345703125,0.06435851752758026,0.048951391130685806,0.054765261709690094,0.04908936470746994,0.05127687379717827
915,0.025454049929976463,64.40467834472656,0.06173211336135864,0.02583503909409046,64.95660400390625,0.06321046501398087,0.048436131328344345,0.05235609784722328,0.04871775209903717,0.05176956579089165
916,0.02544267103075981,64.32259368896484,0.061685703694820404,0.025613488629460335,64.42356872558594,0.06291940063238144,0.048479799181222916,0.05166804790496826,0.04849646985530853,0.05186813324689865
917,0.02549964375793934,64.67635345458984,0.061874840408563614,0.025734413415193558,64.49897003173828,0.06295765191316605,0.04825449734926224,0.05187787860631943,0.04939224198460579,0.05144345015287399
918,0.025394802913069725,64.18366241455078,0.06161068007349968,0.025788439437747,64.91622161865234,0.06319162994623184,0.048921626061201096,0.0518723800778389,0.04879246652126312,0.051389120519161224
919,0.025422824546694756,64.38298797607422,0.06171933561563492,0.02620656229555607,66.1894302368164,0.06388523429632187,0.04956766590476036,0.052912045270204544,0.048999086022377014,0.05146137624979019
920,0.025446612387895584,64.29122161865234,0.06167149543762207,0.02636321261525154,66.51315307617188,0.06405450403690338,0.04861944913864136,0.05424538254737854,0.0490398183465004,0.05127815529704094
921,0.025426214560866356,64.21031951904297,0.06162680312991142,0.02603020891547203,65.8640365600586,0.0637039989233017,0.0486878827214241,0.05338933691382408,0.04886894300580025,0.05135276913642883
922,0.025474486872553825,64.44680786132812,0.06175456941127777,0.026156144216656685,66.49459838867188,0.06404216587543488,0.048422787338495255,0.05451061949133873,0.04893046244978905,0.0516265332698822
923,0.0253915973007679,64.17499542236328,0.0616057813167572,0.02544999122619629,64.44193267822266,0.0629332959651947,0.04883100837469101,0.051496658474206924,0.048740923404693604,0.05144977197051048
924,0.025476383045315742,64.42623138427734,0.06173979118466377,0.025599274784326553,64.45674133300781,0.06292978674173355,0.04845346137881279,0.051684554666280746,0.04859715700149536,0.05192447826266289
925,0.02541499026119709,64.36848449707031,0.061708010733127594,0.025662919506430626,64.41204071044922,0.06290964782238007,0.04833567515015602,0.05176552012562752,0.04914456605911255,0.05130283907055855
926,0.025411847978830338,64.44013977050781,0.061747655272483826,0.025792289525270462,65.34774017333984,0.06342707574367523,0.04940888285636902,0.05205697566270828,0.04903297871351242,0.05153287202119827
927,0.025391262024641037,64.06095886230469,0.061544470489025116,0.025914957746863365,65.27405548095703,0.06338316202163696,0.04887153580784798,0.052411969751119614,0.04878627881407738,0.051237642765045166
928,0.025491833686828613,64.64289855957031,0.06185952574014664,0.02660936303436756,67.63217163085938,0.06465201079845428,0.04848084598779678,0.055923014879226685,0.04929424822330475,0.051538314670324326
929,0.025381237268447876,63.92011642456055,0.06146711856126785,0.02564648725092411,64.42227935791016,0.06291387230157852,0.048339683562517166,0.05179976671934128,0.048498861491680145,0.051338016986846924
930,0.025494694709777832,64.42414855957031,0.06173693761229515,0.025640025734901428,64.35916137695312,0.06287442147731781,0.04827111214399338,0.051723625510931015,0.04868953302502632,0.05183833837509155
931,0.025412840768694878,64.13927459716797,0.061583492904901505,0.025638388469815254,64.3915786743164,0.06289752572774887,0.04846000298857689,0.05165828391909599,0.04888514429330826,0.05125536769628525
932,0.025434201583266258,64.81336975097656,0.06194740906357765,0.02579518035054207,64.88758087158203,0.06317071616649628,0.048516374081373215,0.052251897752285004,0.04947091266512871,0.051622167229652405
933,0.025373298674821854,63.77909851074219,0.06139012798666954,0.025668101385235786,64.35845184326172,0.06287694722414017,0.04827316850423813,0.05176384374499321,0.048430655151605606,0.05121118947863579
934,0.025500928983092308,64.43769073486328,0.061743319034576416,0.025673018768429756,64.32933807373047,0.06285811960697174,0.0482010580599308,0.051757484674453735,0.04880925640463829,0.05174495652318001
935,0.025398945435881615,63.9833869934082,0.061498723924160004,0.025655146688222885,64.52348327636719,0.06297003477811813,0.04869643598794937,0.051632072776556015,0.04864531010389328,0.05129172280430794
936,0.02541407383978367,64.76341247558594,0.06192072480916977,0.025836389511823654,64.88868713378906,0.06316792219877243,0.04827700927853584,0.052456293255090714,0.049599241465330124,0.051426444202661514
937,0.02539799176156521,63.87528991699219,0.061441440135240555,0.025491630658507347,64.04094696044922,0.06270040571689606,0.04819566011428833,0.05147350952029228,0.04839492589235306,0.05139405280351639
938,0.02547450363636017,64.41565704345703,0.061729803681373596,0.025678256526589394,64.36859893798828,0.06288015842437744,0.048250552266836166,0.05179537460207939,0.048850953578948975,0.05168995261192322
939,0.025391578674316406,64.10237121582031,0.061563003808259964,0.025737358257174492,65.69205474853516,0.06361304968595505,0.05022576451301575,0.05181580036878586,0.04880891740322113,0.05131354182958603
940,0.025403741747140884,64.25322723388672,0.06164638325572014,0.025978585705161095,65.14212799072266,0.0633045881986618,0.04843933507800102,0.052626993507146835,0.04913777858018875,0.05117709934711456
941,0.025401150807738304,63.96597671508789,0.06148994341492653,0.025472206994891167,64.17514038085938,0.06277788430452347,0.04845358058810234,0.05148591473698616,0.04863756522536278,0.051286064088344574
942,0.025544099509716034,64.9246597290039,0.061996832489967346,0.025608045980334282,64.22761535644531,0.06280101835727692,0.04818631336092949,0.051681630313396454,0.049061354249715805,0.05217956379055977
943,0.025341374799609184,63.873565673828125,0.06143839284777641,0.025774789974093437,64.97370910644531,0.06321478635072708,0.048928551375865936,0.052022624760866165,0.048699747771024704,0.05111444368958473
944,0.02538851648569107,64.24250030517578,0.06163954734802246,0.02595418691635132,65.49528503417969,0.06349819898605347,0.04876961559057236,0.05286774784326553,0.04908830299973488,0.05124057084321976
945,0.025392230600118637,63.8959846496582,0.06145232543349266,0.025879429653286934,65.28873443603516,0.06338457763195038,0.048713427037000656,0.05265619978308678,0.048721130937337875,0.05111372843384743
946,0.025501424446702003,64.58802795410156,0.061824508011341095,0.025657163932919502,64.48810577392578,0.06294279545545578,0.04819285869598389,0.05204331874847412,0.04894063249230385,0.051866114139556885
947,0.025364380329847336,64.00444793701172,0.061508797109127045,0.025569763034582138,64.461181640625,0.06293285638093948,0.04867755249142647,0.05163702741265297,0.04859447479248047,0.05141693726181984
948,0.025412242859601974,64.23377990722656,0.06163368374109268,0.02600925788283348,66.61151885986328,0.06410745531320572,0.05050603672862053,0.05278459191322327,0.04888230934739113,0.05144679173827171
949,0.0254066102206707,64.09516906738281,0.06156003847718239,0.0259818397462368,65.1679458618164,0.06331479549407959,0.04835614189505577,0.052761856466531754,0.049018703401088715,0.05109836533665657
950,0.02543039433658123,64.0653076171875,0.0615416094660759,0.025344248861074448,63.90711212158203,0.06262751668691635,0.04815567657351494,0.051508139818906784,0.04853503778576851,0.05155625939369202
951,0.02546585537493229,64.64187622070312,0.06184583902359009,0.025631023570895195,64.24173736572266,0.06280624121427536,0.048176806420087814,0.051725320518016815,0.049058448523283005,0.051841653883457184
952,0.025355296209454536,63.896148681640625,0.06144920736551285,0.025720346719026566,65.03620910644531,0.06324759125709534,0.049153897911310196,0.05194991081953049,0.04870767891407013,0.05116003006696701
953,0.02539283037185669,64.19140625,0.061610814183950424,0.025980079546570778,65.51798248291016,0.06350740045309067,0.048727404326200485,0.05295157805085182,0.049044348299503326,0.05123206228017807
954,0.02544133923947811,64.18086242675781,0.06160584092140198,0.026494784280657768,67.46508026123047,0.06455580145120621,0.04868974909186363,0.055618204176425934,0.048916541039943695,0.05134467035531998
955,0.02538391575217247,63.946327209472656,0.06147735193371773,0.025662194937467575,64.5842514038086,0.06299600750207901,0.04847988113760948,0.05196676030755043,0.04862027242779732,0.05132583901286125
956,0.025468939915299416,64.27730560302734,0.06165417283773422,0.025510074570775032,64.31346130371094,0.06284043937921524,0.04857877269387245,0.051481809467077255,0.048481445759534836,0.05191856622695923
957,0.025402706116437912,64.22145080566406,0.06162251532077789,0.02564546838402748,64.2680435180664,0.06282000243663788,0.04823891073465347,0.05172809958457947,0.0490969717502594,0.05122469738125801
958,0.025398768484592438,64.20561218261719,0.06161569431424141,0.025739839300513268,65.1705551147461,0.06332045793533325,0.049327552318573,0.05198432132601738,0.04891097918152809,0.05140606313943863
959,0.0253780297935009,63.91757583618164,0.06146147474646568,0.025896897539496422,65.18419647216797,0.06332435458898544,0.0488443486392498,0.05239799618721008,0.04872665926814079,0.051179975271224976
960,0.02548881620168686,64.50731658935547,0.061781175434589386,0.026419391855597496,66.94898223876953,0.064274862408638,0.048292290419340134,0.05527316406369209,0.04918874055147171,0.05153651162981987
961,0.025350920855998993,63.71794128417969,0.06135202571749687,0.02557988464832306,64.20698547363281,0.06278610229492188,0.0482746884226799,0.051660653203725815,0.048414841294288635,0.05122596397995949
962,0.025466250255703926,64.21563720703125,0.06161930039525032,0.025598058477044106,64.22653198242188,0.06279123574495316,0.04825231060385704,0.0516359880566597,0.04859297350049019,0.05173119157552719
963,0.025391973555088043,64.03813171386719,0.06152352690696716,0.02557598613202572,64.20885467529297,0.06278790533542633,0.0484064519405365,0.05155246704816818,0.04890346899628639,0.051181621849536896
964,0.02540593408048153,64.52484893798828,0.061787448823451996,0.025771457701921463,64.80132293701172,0.06311383098363876,0.04850334674119949,0.05223061889410019,0.049244705587625504,0.05153346434235573
965,0.02535603567957878,63.6330680847168,0.06130560487508774,0.025622481480240822,64.21389770507812,0.0627884790301323,0.04824904352426529,0.05168110132217407,0.04836662486195564,0.05115516856312752
966,0.025489792227745056,64.35661315917969,0.06169421598315239,0.02564210630953312,64.16609191894531,0.06275864690542221,0.04811415448784828,0.05168862268328667,0.04884174466133118,0.05168341472744942
967,0.025369485840201378,63.93417739868164,0.06146734580397606,0.02569783851504326,65.03013610839844,0.06324217468500137,0.049513764679431915,0.05163596197962761,0.04875079542398453,0.05121077597141266
968,0.025389879941940308,64.20962524414062,0.0616183802485466,0.02605372667312622,65.37068176269531,0.06342208385467529,0.04855438694357872,0.05289296433329582,0.04907335340976715,0.05126551538705826
969,0.025379186496138573,63.83009719848633,0.06141309440135956,0.026028035208582878,65.77510070800781,0.06364306062459946,0.04891693592071533,0.053170084953308105,0.04871927946805954,0.05109032616019249
970,0.02545844577252865,64.28443908691406,0.06165872514247894,0.025759587064385414,64.70758056640625,0.06305589526891708,0.04816167801618576,0.05241086333990097,0.048846304416656494,0.05160549283027649
971,0.02537406235933304,63.968387603759766,0.061485618352890015,0.02552511729300022,64.22086334228516,0.0627932995557785,0.04852320998907089,0.05151372030377388,0.04846668243408203,0.0515579916536808
972,0.0254331286996603,64.21379089355469,0.06161856651306152,0.025437666103243828,65.03273010253906,0.06322992593050003,0.04978282004594803,0.0514078363776207,0.04889658838510513,0.051468685269355774
973,0.02536908909678459,64.0075912475586,0.061506643891334534,0.025616003200411797,64.1797103881836,0.06276781857013702,0.0482405386865139,0.051655616611242294,0.04885989427566528,0.05121149867773056
974,0.02539157308638096,64.02604675292969,0.06151651218533516,0.025794830173254013,65.24126434326172,0.06335459649562836,0.049453575164079666,0.051971640437841415,0.048680420964956284,0.05142674222588539
975,0.02538389526307583,64.06100463867188,0.0615377239882946,0.026110442355275154,65.65666198730469,0.06357547640800476,0.048542313277721405,0.053322192281484604,0.049045659601688385,0.051099564880132675
976,0.025404950603842735,63.90624237060547,0.06145383045077324,0.026233091950416565,66.510986328125,0.0640375018119812,0.048671476542949677,0.05441433936357498,0.04875395819544792,0.051179442554712296
977,0.025405824184417725,64.01907348632812,0.06151435896754265,0.02580207772552967,64.97594451904297,0.06320296972990036,0.04838278889656067,0.052615903317928314,0.04871133342385292,0.05139540508389473
978,0.02540411427617073,64.14950561523438,0.06158241629600525,0.025468984618782997,63.960044860839844,0.06264661252498627,0.04824303835630417,0.05143881216645241,0.04847998172044754,0.05181451514363289
979,0.02543364092707634,64.168701171875,0.06159196048974991,0.025649067014455795,64.10892486572266,0.062724269926548,0.048084430396556854,0.051663052290678024,0.04893995448946953,0.05136268213391304
980,0.025369007140398026,63.754703521728516,0.061368219554424286,0.025749387219548225,64.78242492675781,0.063100166618824,0.049003757536411285,0.05176724120974541,0.04852081835269928,0.05121668428182602
981,0.025396279990673065,64.28158569335938,0.061655670404434204,0.02608182653784752,65.47866821289062,0.06347602605819702,0.048311032354831696,0.053298722952604294,0.04928773641586304,0.05118044838309288
982,0.02536321058869362,63.610130310058594,0.06129081919789314,0.025408213958144188,63.768436431884766,0.06253989040851593,0.04809701442718506,0.05134376510977745,0.048347681760787964,0.05118731036782265
983,0.02548413909971714,64.48646545410156,0.061757609248161316,0.025578079745173454,64.046630859375,0.06269009411334991,0.04810332879424095,0.051611918956041336,0.048816658556461334,0.05193698778748512
984,0.025339849293231964,63.912776947021484,0.06145317479968071,0.025662865489721298,64.93623352050781,0.06318572908639908,0.049230579286813736,0.051835738122463226,0.04889118671417236,0.05108412355184555
985,0.02535899542272091,63.79257583618164,0.06138959527015686,0.02573666162788868,64.65376281738281,0.06302697211503983,0.04861147329211235,0.05198042467236519,0.04859237000346184,0.051208656281232834
986,0.02539633959531784,64.083984375,0.061548057943582535,0.026254279538989067,66.80856323242188,0.06420044600963593,0.04969988390803337,0.053870294243097305,0.04895169287919998,0.051261089742183685
987,0.025413483381271362,63.92804718017578,0.06146427243947983,0.026014087721705437,65.27400207519531,0.06336124241352081,0.04825183376669884,0.053094636648893356,0.04873974621295929,0.05124703794717789
988,0.025380585342645645,63.78549575805664,0.061384767293930054,0.025379667058587074,63.88560104370117,0.06260623782873154,0.04834572598338127,0.05133330821990967,0.048521652817726135,0.05127697065472603
989,0.025478051975369453,64.45915222167969,0.06174347922205925,0.025593722239136696,64.02547454833984,0.06267639249563217,0.04806861653923988,0.05161208659410477,0.048826877027750015,0.05190405249595642
990,0.02533191442489624,63.731536865234375,0.06135446950793266,0.025755537673830986,65.0749740600586,0.06325917690992355,0.049299005419015884,0.05193602666258812,0.04867054522037506,0.05106649175286293
991,0.025359032675623894,63.94615173339844,0.06147269904613495,0.02590722218155861,65.10317993164062,0.06327061355113983,0.04854262247681618,0.05264144018292427,0.04891892522573471,0.051112741231918335
992,0.025374948978424072,63.765586853027344,0.06137510761618614,0.02602328546345234,65.84457397460938,0.06367460638284683,0.04884478822350502,0.053405892103910446,0.04873775318264961,0.05103692412376404
993,0.0254370030015707,64.1590576171875,0.061587508767843246,0.02571546658873558,64.44439697265625,0.06290574371814728,0.048112690448760986,0.0521443746984005,0.04871710389852524,0.051625680178403854
994,0.025369340553879738,63.84963607788086,0.06141803041100502,0.025542210787534714,64.21526336669922,0.06278424710035324,0.04854976385831833,0.051519833505153656,0.04838970676064491,0.05152484402060509
995,0.02542380802333355,64.48125457763672,0.06175773963332176,0.026047440245747566,65.66694641113281,0.0635785162448883,0.04880763962864876,0.05316544696688652,0.04942448437213898,0.05135652422904968
996,0.025332564488053322,63.43779373168945,0.061195384711027145,0.025594433769583702,64.01274108886719,0.06266839802265167,0.04807969182729721,0.05161641910672188,0.048287730664014816,0.05103948339819908
997,0.025448566302657127,63.9738655090332,0.0614832267165184,0.025597525760531425,63.96864700317383,0.06264178454875946,0.04803066328167915,0.05157652497291565,0.048433974385261536,0.0516362264752388
998,0.025388622656464577,63.81767272949219,0.06139921396970749,0.025609422475099564,63.997432708740234,0.06265876442193985,0.0480562187731266,0.05160313472151756,0.048703890293836594,0.05115789920091629
999,0.025391612201929092,63.82964324951172,0.06140569597482681,0.025524798780679703,64.21167755126953,0.06278275698423386,0.04872776195406914,0.05136946588754654,0.048548731952905655,0.05134168267250061
